package_external_id,package_name,product_external_id,product_name,product_required,sku_external_id,sku_manufacturer_id,sku_description,sku_hcpcs,attr1_name,attr1_value,attr2_name,attr2_value,attr3_name,attr3_value,attr4_name,attr4_value,attr5_name,attr5_value,attr6_name,attr6_value,attr7_name,attr7_value,attr8_name,attr8_value,attr9_name,attr9_value,attr10_name,attr10_value
02B-DMP-R4PNV-J6,Nasal Mask with Headgear,gFLfVji5gY8ISYbS,Nasal Mask to Fit,TRUE,tKCZM95qAK7fhi5x,,"Nasal Mask to Fit [Pkg], 1 per 3 months",A7034,Frequency,1 per 3 months,,,,,,,,,,,,,,,,,,
083VI-7J96C-5CY9,CPAP and BiLevel Resupply Package (With F2F Documentation),1I13-9IS-A2VU-SG,PAP Resupply,TRUE,7T-S53UV-SF-SJ7L,,"PAP Resupply, Nasal",RSPLY,Mask Frame,Nasal,,,,,,,,,,,,,,,,,,
083VI-7J96C-5CY9,CPAP and BiLevel Resupply Package (With F2F Documentation),1I13-9IS-A2VU-SG,PAP Resupply,TRUE,SDHYH-Y2DQ8-DRVT,,"PAP Resupply, Full Face",RSPLY,Mask Frame,Full Face,,,,,,,,,,,,,,,,,,
083VI-7J96C-5CY9,CPAP and BiLevel Resupply Package (With F2F Documentation),1P3-CS4E-VFQ-8EA,Non-Disposable PAP Filter,FALSE,IQFK-CA82-M0-4E1,,"Non-Disposable PAP Filter, 1 per 6 months",A7039,,,,,,,,,,,,,,,Non-Disposable PAP Filter,Included,,,,
083VI-7J96C-5CY9,CPAP and BiLevel Resupply Package (With F2F Documentation),6B-G8YD-QX5-Q0LA,PAP Mask Interface Cushion,FALSE,1M7F-B3-GJU-FNQH,,"PAP Mask Interface Cushion, Nasal, 2 per 1 month",A7032,,,,,,,,,Mask Frame,Nasal,,,,,,,,,,
083VI-7J96C-5CY9,CPAP and BiLevel Resupply Package (With F2F Documentation),6B-G8YD-QX5-Q0LA,PAP Mask Interface Cushion,FALSE,29X1-MA-FT-JY-CT,,"PAP Mask Interface Cushion, Nasal Pillow, 2 per 1 month",A7033,,,,,,,,,,,,,,,,,,,Mask Frame,Nasal Pillow
083VI-7J96C-5CY9,CPAP and BiLevel Resupply Package (With F2F Documentation),6B-G8YD-QX5-Q0LA,PAP Mask Interface Cushion,FALSE,98VR5-ACDY-CMQAT,,"PAP Mask Interface Cushion, Oral / Nasal Hybrid, 2 per 1 month",A7028,,,,,,,,,,,,,,,Mask Frame,Oral / Nasal Hybrid,,,,
083VI-7J96C-5CY9,CPAP and BiLevel Resupply Package (With F2F Documentation),6B-G8YD-QX5-Q0LA,PAP Mask Interface Cushion,FALSE,JE28-YGS3R-VM-9C,,"PAP Mask Interface Cushion, Full Face, 1 per 1 month",A7031,Mask Frame,Full Face,,,,,,,,,,,,,,,,,,
083VI-7J96C-5CY9,CPAP and BiLevel Resupply Package (With F2F Documentation),6B-G8YD-QX5-Q0LA,PAP Mask Interface Cushion,FALSE,PDCBV-TAB-ESL-15,,"PAP Mask Interface Cushion, Oral, 2 per 1 month",A7028,,,,,Mask Frame,Oral,,,,,,,,,,,,,,
083VI-7J96C-5CY9,CPAP and BiLevel Resupply Package (With F2F Documentation),6B-G8YD-QX5-Q0LA,PAP Mask Interface Cushion,FALSE,TNI-C7UN-6ZI-SU5,,"PAP Mask Interface Cushion, Fit to Comfort",IFC,,,,,,,,,,,,,,,,,,,Mask Frame,Fit to Comfort
083VI-7J96C-5CY9,CPAP and BiLevel Resupply Package (With F2F Documentation),6I-CU-K6-MNT4-BF,PAP Machine Tubing,FALSE,10RK-4K8S2-T6-EV,,"PAP Machine Tubing, Heated, 1 per 3 months",A4604,,,,,,,,,,,Tubing Type,Heated,,,,,,,,
083VI-7J96C-5CY9,CPAP and BiLevel Resupply Package (With F2F Documentation),6I-CU-K6-MNT4-BF,PAP Machine Tubing,FALSE,31JB8-VF7-2K-L04,,"Climate Line Air Pap Machine Tubing, Heated, 1 per 3 months",A4604,,,,,,,,,Tubing Type,Climate Line Air Heated,,,,,,,,,,
083VI-7J96C-5CY9,CPAP and BiLevel Resupply Package (With F2F Documentation),6I-CU-K6-MNT4-BF,PAP Machine Tubing,FALSE,CGHB-27DG6-SY-PQ,,"SlimLine PAP Machine Tubing, Non-Heated, 1 per 3 months",A7037,,,,,,,Tubing Type,SlimLine Non-Heated,,,,,,,,,,,,
083VI-7J96C-5CY9,CPAP and BiLevel Resupply Package (With F2F Documentation),6I-CU-K6-MNT4-BF,PAP Machine Tubing,FALSE,L238-KQMY-KDT-2Q,,"PAP Machine Tubing, Fit to Comfort",A7037/A4604,,,,,,,,,,,,,,,,,,,Tubing Type,Patient Preference
083VI-7J96C-5CY9,CPAP and BiLevel Resupply Package (With F2F Documentation),A4DJ-QS-NZK-EJ6I,PAP Sanitizer with Mask Wipes and Filter,FALSE,LJG9F-8Y-CAVB-Y4,,SoClean 2 Setup with Mask Wipes and Filter,X9999,,,,,,,,,PAP Sanitizer Brand,SoClean 2,,,,,,,,,,
083VI-7J96C-5CY9,CPAP and BiLevel Resupply Package (With F2F Documentation),B29-DBQ-BC3PJ-VA,PAP Mask,FALSE,03AY8-G8Q64-B54P,,"PAP Mask, Full Face, Resmed Quattro Air, Large, 1 per 3 months",A7030,,,,,,,,,,,,,,,Mask Brand,Resmed Quattro Air,,,,
083VI-7J96C-5CY9,CPAP and BiLevel Resupply Package (With F2F Documentation),B29-DBQ-BC3PJ-VA,PAP Mask,FALSE,04CT6-ZI-PDIP-4X,,"PAP Mask, Nasal, Resmed Airfit N20 for Her, Small, 1 per 3 months",A7034,,,,,,,,,,,,,,,,,Mask Brand,Resmed Airfit N20 for Her,,
083VI-7J96C-5CY9,CPAP and BiLevel Resupply Package (With F2F Documentation),B29-DBQ-BC3PJ-VA,PAP Mask,FALSE,14V-6RTC4-JVU-BU,,"PAP Mask, Oral / Nasal Hybrid, Fit Upon Setup, N/A, 1 per 3 months",A7027,,,,,,,,,,,,,,,Mask Brand,Fit Upon Setup,,,,
083VI-7J96C-5CY9,CPAP and BiLevel Resupply Package (With F2F Documentation),B29-DBQ-BC3PJ-VA,PAP Mask,FALSE,1N0R-K7HQ-GV-RNC,,"PAP Mask, Full Face, Dreamwear, Small (SM Frame), 1 per 3 months",A7030,,,,,,,,,Mask Brand,Dreamwear,,,,,,,,,,
083VI-7J96C-5CY9,CPAP and BiLevel Resupply Package (With F2F Documentation),B29-DBQ-BC3PJ-VA,PAP Mask,FALSE,21AIQ-8RX7-13-NZ,,"PAP Mask, Nasal, Respironics Wisp Fabric, Complete, 1 per 3 months",A7034,,,,,,,,,,,,,,,Mask Brand,Respironics Wisp Fabric,,,,
083VI-7J96C-5CY9,CPAP and BiLevel Resupply Package (With F2F Documentation),B29-DBQ-BC3PJ-VA,PAP Mask,FALSE,2LK4L-DAJH-D74N7,,"PAP Mask, Fit to Comfort, Oral, 1 per 3 months",A7044,,,,,,,,,,,,,,,Mask Brand,Fit Upon Setup,,,,
083VI-7J96C-5CY9,CPAP and BiLevel Resupply Package (With F2F Documentation),B29-DBQ-BC3PJ-VA,PAP Mask,FALSE,2N-JGUA-Y4E-ZHXZ,,"PAP Mask, Nasal Pillow, Dreamwear, Large (SM Frame), 1 per 3 months",A7034,,,,,,,,,Mask Brand,Dreamwear,,,,,,,,,,
083VI-7J96C-5CY9,CPAP and BiLevel Resupply Package (With F2F Documentation),B29-DBQ-BC3PJ-VA,PAP Mask,FALSE,2R-K5-6G-TCEF-UB,,"PAP Mask, Full Face, Fisher & Paykel Vitera, Small, 1 per 3 months",A7030,,,,,,,,,,,Mask Brand,Fisher & Paykel Vitera,,,,,,,,
083VI-7J96C-5CY9,CPAP and BiLevel Resupply Package (With F2F Documentation),B29-DBQ-BC3PJ-VA,PAP Mask,FALSE,31BTL-1HJ6Y-3S58,,"PAP Mask, Nasal Pillow, Nuance Gel, Fit Upon Setup, 1 per 3 month",A7033,Mask Brand,Nuance,,,,,,,,,,,,,,,,,,
083VI-7J96C-5CY9,CPAP and BiLevel Resupply Package (With F2F Documentation),B29-DBQ-BC3PJ-VA,PAP Mask,FALSE,37LEV-4U6B-92HSG,,"PAP Mask, Nasal Pillow, Airfit P10, Fit Upon Setup, 2 per 1 month",A7033,,,,,,,,,,,,,,,Mask Brand,AirFit P10,,,,
083VI-7J96C-5CY9,CPAP and BiLevel Resupply Package (With F2F Documentation),B29-DBQ-BC3PJ-VA,PAP Mask,FALSE,3BUPB-0E-RPZ-NZ0,,"PAP Mask, Nasal, Resmed Airfit N20, Medium, 1 per 3 months",A7034,,,,,,,,,,,,,Mask Brand,Resmed Airfit N20,,,,,,
083VI-7J96C-5CY9,CPAP and BiLevel Resupply Package (With F2F Documentation),B29-DBQ-BC3PJ-VA,PAP Mask,FALSE,3GL5B-MI95P-CL3M,,"PAP Mask, Nasal Pillow, Resmed Airfit P10 for Her, Complete, 1 per 3 months",A7034,,,,,,,,,,,,,Mask Brand,Resmed Airfit P10 for Her,,,,,,
083VI-7J96C-5CY9,CPAP and BiLevel Resupply Package (With F2F Documentation),B29-DBQ-BC3PJ-VA,PAP Mask,FALSE,3J3-GC-SI2-JE-YB,,"PAP Mask, Nasal, Fisher & Paykel Eson, Large, 1 per 3 months",A7034,,,Mask Brand,Fisher & Paykel Eson,,,,,,,,,,,,,,,,
083VI-7J96C-5CY9,CPAP and BiLevel Resupply Package (With F2F Documentation),B29-DBQ-BC3PJ-VA,PAP Mask,FALSE,3U-RT-X6JI-46TIQ,,"PAP Mask, Nasal, Fisher & Paykel Eson, Small, 1 per 3 months",A7034,,,,,,,,,,,,,,,,,Mask Brand,Fisher & Paykel Eson,,
083VI-7J96C-5CY9,CPAP and BiLevel Resupply Package (With F2F Documentation),B29-DBQ-BC3PJ-VA,PAP Mask,FALSE,3ZN0-9M-U9X-CDE6,,"PAP Mask, Nasal, Dreamwisp Fit, Fit Upon Setup, 1 per 3 months",A7034,,,,,,,,,,,Mask Brand,Dreamwisp Fit,,,,,,,,
083VI-7J96C-5CY9,CPAP and BiLevel Resupply Package (With F2F Documentation),B29-DBQ-BC3PJ-VA,PAP Mask,FALSE,43NX-0X9I-ZMS-6T,,"PAP Mask, Nasal, Fisher & Paykel Eson 2, Large, 1 per 3 months",A7034,,,,,Mask Brand,Fisher & Paykel Eson 2,,,,,,,,,,,,,,
083VI-7J96C-5CY9,CPAP and BiLevel Resupply Package (With F2F Documentation),B29-DBQ-BC3PJ-VA,PAP Mask,FALSE,4E-24V3-7BA-U8KN,,"PAP Mask, Nasal, Fisher & Paykel Eson 2, Medium, 1 per 3 months",A7034,,,,,,,,,,,,,,,Mask Brand,Fisher & Paykel Eson 2,,,,
083VI-7J96C-5CY9,CPAP and BiLevel Resupply Package (With F2F Documentation),B29-DBQ-BC3PJ-VA,PAP Mask,FALSE,4F-KCB3-1ACK9-MB,,"PAP Mask, Full Face, Resmed Airfit F20, Small, 1 per 3 months",A7030,,,,,Mask Brand,Resmed Airfit F20,,,,,,,,,,,,,,
083VI-7J96C-5CY9,CPAP and BiLevel Resupply Package (With F2F Documentation),B29-DBQ-BC3PJ-VA,PAP Mask,FALSE,4HR-AU9G-UMQ-Y2D,,"PAP Mask, Nasal, Resmed Mirage FX, Complete, 1 per 3 months",A7034,Mask Brand,Resmed Mirage FX,,,,,,,,,,,,,,,,,,
083VI-7J96C-5CY9,CPAP and BiLevel Resupply Package (With F2F Documentation),B29-DBQ-BC3PJ-VA,PAP Mask,FALSE,4N-DI-94P-BQ9-HE,,"PAP Mask, Nasal, Airfit N30I, Fit Upon Setup, 1 per 3 months",A7034,,,,,,,,,,,,,,,Mask Brand,Airfit N30I,,,,
083VI-7J96C-5CY9,CPAP and BiLevel Resupply Package (With F2F Documentation),B29-DBQ-BC3PJ-VA,PAP Mask,FALSE,4Y-GY-U4A9-R8NGI,,"PAP Mask, Nasal, Dreamwear, Medium Wide (MD Frame), 1 per 3 months",A7034,,,Mask Brand,Dreamwear,,,,,,,,,,,,,,,,
083VI-7J96C-5CY9,CPAP and BiLevel Resupply Package (With F2F Documentation),B29-DBQ-BC3PJ-VA,PAP Mask,FALSE,51M-9D5QM-ST4-CG,,"PAP Mask, Nasal Cushion, Fisher & Paykel Eson 2",A7034,,,,,,,,,,,,,,,Mask Brand,Fisher & Paykel Eson 2,,,,
083VI-7J96C-5CY9,CPAP and BiLevel Resupply Package (With F2F Documentation),B29-DBQ-BC3PJ-VA,PAP Mask,FALSE,57-E8D6-QM5T1-3C,,"PAP Mask, Nasal, Dreamwear, Medium (SM Frame), 1 per 3 months",A7034,,,,,,,,,,,Mask Brand,Dreamwear,,,,,,,,
083VI-7J96C-5CY9,CPAP and BiLevel Resupply Package (With F2F Documentation),B29-DBQ-BC3PJ-VA,PAP Mask,FALSE,5AC-L3-DI-7D-4T8,,"PAP Mask, Full Face, Dreamwear, Small (LG Frame), 1 per 3 months",A7030,,,,,,,Mask Brand,Dreamwear,,,,,,,,,,,,
083VI-7J96C-5CY9,CPAP and BiLevel Resupply Package (With F2F Documentation),B29-DBQ-BC3PJ-VA,PAP Mask,FALSE,5D-3X-H8-86-71HZ,,"PAP Mask, Nasal Pillow, Airfit P10, Medium, 2 per 1 month",A7033,,,,,,,,,,,,,,,,,,,Mask Brand,AirFit P10
083VI-7J96C-5CY9,CPAP and BiLevel Resupply Package (With F2F Documentation),B29-DBQ-BC3PJ-VA,PAP Mask,FALSE,5RHC-MYA9I-0K-5D,,"PAP Mask, Nasal Cushion, Respironics Wisp Fabric",A7034,Mask Brand,Respironics Wisp Fabric,,,,,,,,,,,,,,,,,,
083VI-7J96C-5CY9,CPAP and BiLevel Resupply Package (With F2F Documentation),B29-DBQ-BC3PJ-VA,PAP Mask,FALSE,5S-KABP-7Q8CR-F8,,"PAP Mask, Full Face, Resmed Airfit F10, Large, 1 per 3 months",A7030,,,,,,,,,,,,,,,,,Mask Brand,Resmed Airfit F10,,
083VI-7J96C-5CY9,CPAP and BiLevel Resupply Package (With F2F Documentation),B29-DBQ-BC3PJ-VA,PAP Mask,FALSE,5S-V2J3-S7I8-TX1,,"PAP Mask, Full Face, Amara Gel, Medium, 1 per 3 months",A7030,,,,,Mask Brand,Amara Gel,,,,,,,,,,,,,,
083VI-7J96C-5CY9,CPAP and BiLevel Resupply Package (With F2F Documentation),B29-DBQ-BC3PJ-VA,PAP Mask,FALSE,5U-0PF4M-EK-VD5S,,"PAP Mask, Nasal, Resmed Airfit N10, Complete, 1 per 3 months",A7034,,,,,,,,,,,,,,,,,Mask Brand,Resmed Airfit N10,,
083VI-7J96C-5CY9,CPAP and BiLevel Resupply Package (With F2F Documentation),B29-DBQ-BC3PJ-VA,PAP Mask,FALSE,6I-N0-S4Y-TVN-MD,,"PAP Mask, Nasal Pillow, Swift FX, X-Small, 2 per 1 month",A7033,,,,,,,,,Mask Brand,Swift FX,,,,,,,,,,
083VI-7J96C-5CY9,CPAP and BiLevel Resupply Package (With F2F Documentation),B29-DBQ-BC3PJ-VA,PAP Mask,FALSE,6N5-3Z2-CMQDH-ZF,,"PAP Mask, Full Face, Resmed Quattro FX, Large, 1 per 3 months",A7030,,,,,,,,,Mask Brand,Resmed Quattro FX,,,,,,,,,,
083VI-7J96C-5CY9,CPAP and BiLevel Resupply Package (With F2F Documentation),B29-DBQ-BC3PJ-VA,PAP Mask,FALSE,6U-CNQ-P2LUT-S32,,"PAP Mask, Full Face, Respironics Amara View, Fit Upon Setup, 1 per 3 months",A7030,,,Mask Brand,Respironics Amara View,,,,,,,,,,,,,,,,
083VI-7J96C-5CY9,CPAP and BiLevel Resupply Package (With F2F Documentation),B29-DBQ-BC3PJ-VA,PAP Mask,FALSE,6YL-IBI8-0PK-6S6,,"PAP Mask, Nasal Pillow, Airfit P30I, Standard, 1 per 3 months",A7034,,,,,,,,,Mask Brand,Airfit P30I,,,,,,,,,,
083VI-7J96C-5CY9,CPAP and BiLevel Resupply Package (With F2F Documentation),B29-DBQ-BC3PJ-VA,PAP Mask,FALSE,71K-Y6E93-CG-Z5E,,"PAP Mask, Nasal Pillow, Resmed Airfit P10, Large, 1 per 3 months",A7034,,,,,,,,,,,,,Mask Brand,Resmed Airfit P10,,,,,,
083VI-7J96C-5CY9,CPAP and BiLevel Resupply Package (With F2F Documentation),B29-DBQ-BC3PJ-VA,PAP Mask,FALSE,7D8-CFD-9EYN-KBX,,"PAP Mask, Nasal, Fisher & Paykel Eson, Fit Upon Setup, 1 per 3 months",A7034,Mask Brand,Fisher & Paykel Eson,,,,,,,,,,,,,,,,,,
083VI-7J96C-5CY9,CPAP and BiLevel Resupply Package (With F2F Documentation),B29-DBQ-BC3PJ-VA,PAP Mask,FALSE,7ZG-CNK-CSPMT-29,,"PAP Mask, Nasal Pillow, Resmed P30i",A7034,,,,,,,Mask Brand,Resmed P30i,,,,,,,,,,,,
083VI-7J96C-5CY9,CPAP and BiLevel Resupply Package (With F2F Documentation),B29-DBQ-BC3PJ-VA,PAP Mask,FALSE,8L8-Z9-SYZN-5DLA,,"PAP Mask, Nasal Pillow, Airfit P30I, Large, 2 per 1 month",A7033,,,,,,,,,,,,,,,,,Mask Brand,Airfit P30I,,
083VI-7J96C-5CY9,CPAP and BiLevel Resupply Package (With F2F Documentation),B29-DBQ-BC3PJ-VA,PAP Mask,FALSE,8SV6-Q6P3C-Q4-VM,,"PAP Mask, Nasal, Fisher & Paykel Eson, Medium, 1 per 3 months",A7034,,,,,,,,,,,,,,,,,,,Mask Brand,Fisher & Paykel Eson
083VI-7J96C-5CY9,CPAP and BiLevel Resupply Package (With F2F Documentation),B29-DBQ-BC3PJ-VA,PAP Mask,FALSE,8ZS-M5D-HQKFM-2E,,"PAP Mask, Fit to Comfort, Oral / Nasal Hybrid, 1 per 3 months",A7027,Mask Brand,Fit Upon Setup,,,,,,,,,,,,,,,,,,
083VI-7J96C-5CY9,CPAP and BiLevel Resupply Package (With F2F Documentation),B29-DBQ-BC3PJ-VA,PAP Mask,FALSE,980FC-YAMY-NMEPI,,"PAP Mask, Fit to Comfort, Nasal Pillow, 1 per 3 months",A7034,,,,,,,,,,,,,,,,,Mask Brand,Fit Upon Setup,,
083VI-7J96C-5CY9,CPAP and BiLevel Resupply Package (With F2F Documentation),B29-DBQ-BC3PJ-VA,PAP Mask,FALSE,9M6D-PDBMJ-XEFZ4,,"PAP Mask, Nasal Pillow, Swift FX, Small, 2 per 1 month",A7033,,,,,,,Mask Brand,Swift FX,,,,,,,,,,,,
083VI-7J96C-5CY9,CPAP and BiLevel Resupply Package (With F2F Documentation),B29-DBQ-BC3PJ-VA,PAP Mask,FALSE,9YFQ-KUZ-7B8E-XM,,"PAP Mask, Nasal Cushion, Resmed N30",A7034,,,,,,,,,,,,,,,Mask Brand,Resmed N30,,,,
083VI-7J96C-5CY9,CPAP and BiLevel Resupply Package (With F2F Documentation),B29-DBQ-BC3PJ-VA,PAP Mask,FALSE,9YZ-MV0B9-MT4-9J,,"PAP Mask, Full Face, Fisher & Paykel Vitera, Large, 1 per 3 months",A7030,,,,,,,,,,,,,,,Mask Brand,Fisher & Paykel Vitera,,,,
083VI-7J96C-5CY9,CPAP and BiLevel Resupply Package (With F2F Documentation),B29-DBQ-BC3PJ-VA,PAP Mask,FALSE,A5G-YA26-PHXU-Z7,,"PAP Mask, Nasal, Airtouch N20, Medium, 1 per 3 months",A7034,,,,,,,,,,,,,,,,,,,Mask Brand,Airtouch N20
083VI-7J96C-5CY9,CPAP and BiLevel Resupply Package (With F2F Documentation),B29-DBQ-BC3PJ-VA,PAP Mask,FALSE,AS-TN-P6IB-I03K8,,"PAP Mask, Nasal, Wisp, Fit Upon Setup, 1 per 3 months",A7034,,,,,,,,,,,,,,,Mask Brand,Wisp,,,,
083VI-7J96C-5CY9,CPAP and BiLevel Resupply Package (With F2F Documentation),B29-DBQ-BC3PJ-VA,PAP Mask,FALSE,AT4GH-86-7HL-7HP,,"PAP Mask, Full Face, Resmed Quattro, Large, 1 per 3 months",A7030,,,Mask Brand,Resmed Quattro,,,,,,,,,,,,,,,,
083VI-7J96C-5CY9,CPAP and BiLevel Resupply Package (With F2F Documentation),B29-DBQ-BC3PJ-VA,PAP Mask,FALSE,B18-YIPD-2K-4IT7,,"PAP Mask, Full Face, Resmed Airtouch F20 for Her, Small, 1 per 3 months",A7030,,,,,,,,,,,,,,,Mask Brand,Resmed Airtouch F20 for Her,,,,
083VI-7J96C-5CY9,CPAP and BiLevel Resupply Package (With F2F Documentation),B29-DBQ-BC3PJ-VA,PAP Mask,FALSE,BQK2-5GU-BZVZ-UT,,"PAP Mask, Nasal, Airfit N30I, Small, 1 per 3 months",A7034,,,,,,,,,,,Mask Brand,Airfit N30I,,,,,,,,
083VI-7J96C-5CY9,CPAP and BiLevel Resupply Package (With F2F Documentation),B29-DBQ-BC3PJ-VA,PAP Mask,FALSE,BX1-7H3N-GU-UE80,,"PAP Mask, Full Face, Resmed Quattro, Small, 1 per 3 months",A7030,,,,,,,,,,,,,,,Mask Brand,Resmed Quattro,,,,
083VI-7J96C-5CY9,CPAP and BiLevel Resupply Package (With F2F Documentation),B29-DBQ-BC3PJ-VA,PAP Mask,FALSE,CD0J-GK-UH-GTGEV,,"PAP Mask, Nasal, Resmed Airfit N20, Small, 1 per 3 months",A7034,,,,,,,,,,,Mask Brand,Resmed Airfit N20,,,,,,,,
083VI-7J96C-5CY9,CPAP and BiLevel Resupply Package (With F2F Documentation),B29-DBQ-BC3PJ-VA,PAP Mask,FALSE,CH-GS-TLH-DS1-N6,,"PAP Mask, Nasal Pillow, Dreamwear Pillows, Fit Upon Setup, 1 per 3 months",A7033,,,,,Mask Brand,Dreamwear Pillows,,,,,,,,,,,,,,
083VI-7J96C-5CY9,CPAP and BiLevel Resupply Package (With F2F Documentation),B29-DBQ-BC3PJ-VA,PAP Mask,FALSE,CI3G-GN-B35P-9I9,,"PAP Mask, Oral, Fit Upon Setup, N/A, 1 per 3 months",A7044,,,,,,,Mask Brand,Fit Upon Setup,,,,,,,,,,,,
083VI-7J96C-5CY9,CPAP and BiLevel Resupply Package (With F2F Documentation),B29-DBQ-BC3PJ-VA,PAP Mask,FALSE,CKH-454CH-CKB-SC,,"PAP Mask, Nasal, Airfit N30I, Medium, 1 per 3 months",A7034,,,,,,,Mask Brand,Airfit N30I,,,,,,,,,,,,
083VI-7J96C-5CY9,CPAP and BiLevel Resupply Package (With F2F Documentation),B29-DBQ-BC3PJ-VA,PAP Mask,FALSE,D38D2-HMJT-QN-YA,,"PAP Mask, Full Face, Airfit F30I, Fit Upon Setup, 1 per 3 months",A7030,,,,,,,,,Mask Brand,Airfit F30I,,,,,,,,,,
083VI-7J96C-5CY9,CPAP and BiLevel Resupply Package (With F2F Documentation),B29-DBQ-BC3PJ-VA,PAP Mask,FALSE,D9-UT-TQ-6CT-3NI,,"PAP Mask, Full Face, Amara Gel, Small, 1 per 3 months",A7030,,,,,,,,,,,,,Mask Brand,Amara Gel,,,,,,
083VI-7J96C-5CY9,CPAP and BiLevel Resupply Package (With F2F Documentation),B29-DBQ-BC3PJ-VA,PAP Mask,FALSE,DFH-ZLE-U3F-VNYF,,"PAP Mask, Nasal, Respironics ComfortGel Blue, Large, 1 per 3 months",A7034,Mask Brand,Respironics ComfortGel Blue,,,,,,,,,,,,,,,,,,
083VI-7J96C-5CY9,CPAP and BiLevel Resupply Package (With F2F Documentation),B29-DBQ-BC3PJ-VA,PAP Mask,FALSE,DJ6X-CTVUL-3Y-ED,,"PAP Mask, Nasal Pillow, Swift FX, Large, 2 per 1 month",A7033,,,,,Mask Brand,Swift FX,,,,,,,,,,,,,,
083VI-7J96C-5CY9,CPAP and BiLevel Resupply Package (With F2F Documentation),B29-DBQ-BC3PJ-VA,PAP Mask,FALSE,DK626-NDJ3-F1-XF,,"PAP Mask, Nasal, Dreamwear, Large (MD Frame), 1 per 3 months",A7034,,,,,,,,,,,Mask Brand,Dreamwear,,,,,,,,
083VI-7J96C-5CY9,CPAP and BiLevel Resupply Package (With F2F Documentation),B29-DBQ-BC3PJ-VA,PAP Mask,FALSE,DXP45-Z2D-LRN-7C,,"PAP Mask, Nasal, Dreamwear, Medium (LG Frame), 1 per 3 months",A7034,,,,,,,,,,,,,,,,,Mask Brand,Dreamwear,,
083VI-7J96C-5CY9,CPAP and BiLevel Resupply Package (With F2F Documentation),B29-DBQ-BC3PJ-VA,PAP Mask,FALSE,E1NP-5NXZ1-7LIN3,,"PAP Mask, Full Face, Dreamwear, Large (MD Frame), 1 per 3 months",A7030,,,,,,,,,,,Mask Brand,Dreamwear,,,,,,,,
083VI-7J96C-5CY9,CPAP and BiLevel Resupply Package (With F2F Documentation),B29-DBQ-BC3PJ-VA,PAP Mask,FALSE,E7Q-NXQ5-FCIK-1J,,"PAP Mask, Nasal Cushion, Respironics Dreamwear",A7034,,,Mask Brand,Respironics Dreamwear,,,,,,,,,,,,,,,,
083VI-7J96C-5CY9,CPAP and BiLevel Resupply Package (With F2F Documentation),B29-DBQ-BC3PJ-VA,PAP Mask,FALSE,EGF0-Z2-IDS7V-6D,,"PAP Mask, Nasal Pillow, Respironics Dreamwear Silicone",A7034,,,,,Mask Brand,Respironics Dreamwear Silicone,,,,,,,,,,,,,,
083VI-7J96C-5CY9,CPAP and BiLevel Resupply Package (With F2F Documentation),B29-DBQ-BC3PJ-VA,PAP Mask,FALSE,EP-NV-7J5YJ-1QPJ,,"PAP Mask, Fit to Comfort, 1 per 3 months.",MASK,,,Mask Brand,Fit Upon Setup,,,,,,,,,,,,,,,,
083VI-7J96C-5CY9,CPAP and BiLevel Resupply Package (With F2F Documentation),B29-DBQ-BC3PJ-VA,PAP Mask,FALSE,EXSTH-FIJ-GJ9-UC,,"PAP Mask, Nasal Cushion, Resmed N30i",A7034,,,,,,,Mask Brand,Resmed N30i,,,,,,,,,,,,
083VI-7J96C-5CY9,CPAP and BiLevel Resupply Package (With F2F Documentation),B29-DBQ-BC3PJ-VA,PAP Mask,FALSE,F84P-X7-ME89-8P1,,"PAP Mask, Nasal Pillow, Fisher & Paykel Brevida",A7034,Mask Brand,Fisher & Paykel Brevida,,,,,,,,,,,,,,,,,,
083VI-7J96C-5CY9,CPAP and BiLevel Resupply Package (With F2F Documentation),B29-DBQ-BC3PJ-VA,PAP Mask,FALSE,GAHB0-EZ-37-LEKL,,"PAP Mask, Nasal Pillow, Airfit P10, Large, 2 per 1 month",A7033,,,,,,,,,,,,,,,,,,,Mask Brand,AirFit P10
083VI-7J96C-5CY9,CPAP and BiLevel Resupply Package (With F2F Documentation),B29-DBQ-BC3PJ-VA,PAP Mask,FALSE,GX7-8IJ3-UPB2-2P,,"PAP Mask, Full Face, Fisher & Paykel Simplus, Large, 1 per 3 months",A7030,,,,,,,,,,,Mask Brand,Fisher & Paykel Simplus,,,,,,,,
083VI-7J96C-5CY9,CPAP and BiLevel Resupply Package (With F2F Documentation),B29-DBQ-BC3PJ-VA,PAP Mask,FALSE,H0GHK-A5C3-2M-F8,,"PAP Mask, Full Face, Resmed Quattro FX, Small, 1 per 3 months",A7030,,,,,Mask Brand,Resmed Quattro FX,,,,,,,,,,,,,,
083VI-7J96C-5CY9,CPAP and BiLevel Resupply Package (With F2F Documentation),B29-DBQ-BC3PJ-VA,PAP Mask,FALSE,HG7Y-INVBS-H3V3K,,"PAP Mask, Nasal, Resmed Airfit N20, Large, 1 per 3 months",A7034,Mask Brand,Resmed Airfit N20,,,,,,,,,,,,,,,,,,
083VI-7J96C-5CY9,CPAP and BiLevel Resupply Package (With F2F Documentation),B29-DBQ-BC3PJ-VA,PAP Mask,FALSE,I2PTE-Q68X3-BNDX,,"PAP Mask, Nasal Pillow, Resmed Swift FX, Complete, 1 per 3 months",A7034,,,,,,,Mask Brand,Resmed Swift FX,,,,,,,,,,,,
083VI-7J96C-5CY9,CPAP and BiLevel Resupply Package (With F2F Documentation),B29-DBQ-BC3PJ-VA,PAP Mask,FALSE,I7CMF-AE-6DXE-2J,,"PAP Mask, Full Face, Airtouch F20, Fit Upon Setup, 1 per 3 months",A7030,,,,,,,Mask Brand,Airtouch F20,,,,,,,,,,,,
083VI-7J96C-5CY9,CPAP and BiLevel Resupply Package (With F2F Documentation),B29-DBQ-BC3PJ-VA,PAP Mask,FALSE,IE-H067-PS6M-ZKC,,"PAP Mask, Nasal Pillow, Resmed Airfit P10, Complete, 1 per 3 months",A7034,,,,,,,,,,,,,Mask Brand,Resmed Airfit P10,,,,,,
083VI-7J96C-5CY9,CPAP and BiLevel Resupply Package (With F2F Documentation),B29-DBQ-BC3PJ-VA,PAP Mask,FALSE,IFVB-CYI-S6Q-7AQ,,"PAP Mask, Nasal Pillow, Airfit P10, Small, 2 per 1 month",A7033,,,,,,,,,,,,,,,,,,,Mask Brand,AirFit P10
083VI-7J96C-5CY9,CPAP and BiLevel Resupply Package (With F2F Documentation),B29-DBQ-BC3PJ-VA,PAP Mask,FALSE,IXNM-4LMG-P4-3ME,,"PAP Mask, Full Face, Resmed Quattro Air, Small, 1 per 3 months",A7030,,,Mask Brand,Resmed Quattro Air,,,,,,,,,,,,,,,,
083VI-7J96C-5CY9,CPAP and BiLevel Resupply Package (With F2F Documentation),B29-DBQ-BC3PJ-VA,PAP Mask,FALSE,J8-B6NL-3BQLY-CH,,"PAP Mask, Full Face, Resmed Airtouch F20, Large, 1 per 3 months",A7030,,,,,,,,,,,Mask Brand,Resmed Airtouch F20,,,,,,,,
083VI-7J96C-5CY9,CPAP and BiLevel Resupply Package (With F2F Documentation),B29-DBQ-BC3PJ-VA,PAP Mask,FALSE,JNAU4-X0RKE-RPJ8,,"PAP Mask, Nasal, Fit Upon Setup, N/A, 1 per 3 months",A7034,,,,,Mask Brand,Fit Upon Setup,,,,,,,,,,,,,,
083VI-7J96C-5CY9,CPAP and BiLevel Resupply Package (With F2F Documentation),B29-DBQ-BC3PJ-VA,PAP Mask,FALSE,JNPAN-2X-MS47-8B,,"PAP Mask, Nasal Pillow, Dreamwear, Small (LG Frame), 1 per 3 months",A7034,Mask Brand,Dreamwear,,,,,,,,,,,,,,,,,,
083VI-7J96C-5CY9,CPAP and BiLevel Resupply Package (With F2F Documentation),B29-DBQ-BC3PJ-VA,PAP Mask,FALSE,L06Y-BL3P-BP-L7J,,"PAP Mask, Nasal, Airfit N30, Fit Upon Setup, 1 per 3 months",A7034,,,,,,,,,,,Mask Brand,Airfit N30,,,,,,,,
083VI-7J96C-5CY9,CPAP and BiLevel Resupply Package (With F2F Documentation),B29-DBQ-BC3PJ-VA,PAP Mask,FALSE,L730-SE-A51YQ-3L,,"PAP Mask, Fit to Comfort, 1 per 3 months",MASK,,,,,,,,,,,,,Mask Brand,Fit Upon Setup,,,,,,
083VI-7J96C-5CY9,CPAP and BiLevel Resupply Package (With F2F Documentation),B29-DBQ-BC3PJ-VA,PAP Mask,FALSE,LA-M9J8-RL6C5-VU,,"PAP Mask, Full Face, Dreamwear, Medium (LG Frame), 1 per 3 months",A7030,,,,,,,,,,,,,,,,,Mask Brand,Dreamwear,,
083VI-7J96C-5CY9,CPAP and BiLevel Resupply Package (With F2F Documentation),B29-DBQ-BC3PJ-VA,PAP Mask,FALSE,LJX-YC-85PM2-TSM,,"PAP Mask, Full Face, Respironics Dreamwear",A7030,,,,,,,,,,,,,,,,,Mask Brand,Respironics Dreamwear,,
083VI-7J96C-5CY9,CPAP and BiLevel Resupply Package (With F2F Documentation),B29-DBQ-BC3PJ-VA,PAP Mask,FALSE,LNEQ-83-BDL84-53,,"PAP Mask, Nasal, Airfit N30I, Small-Wide, 1 per 3 months",A7034,,,,,,,,,,,,,,,,,Mask Brand,Airfit N30I,,
083VI-7J96C-5CY9,CPAP and BiLevel Resupply Package (With F2F Documentation),B29-DBQ-BC3PJ-VA,PAP Mask,FALSE,LXH0C-XUH6-6BKUF,,"PAP Mask, Nasal Pillow, Dreamwear, Small (MD Frame), 1 per 3 months",A7034,,,,,,,,,Mask Brand,Dreamwear,,,,,,,,,,
083VI-7J96C-5CY9,CPAP and BiLevel Resupply Package (With F2F Documentation),B29-DBQ-BC3PJ-VA,PAP Mask,FALSE,MQK-RLS5-QKG-L7K,,"PAP Mask, Nasal, Dreamwear, Small (LG Frame), 1 per 3 months",A7034,,,,,Mask Brand,Dreamwear,,,,,,,,,,,,,,
083VI-7J96C-5CY9,CPAP and BiLevel Resupply Package (With F2F Documentation),B29-DBQ-BC3PJ-VA,PAP Mask,FALSE,NH-N9P7-0SX-7B67,,"PAP Mask, Nasal, Dreamwear, Large (LG Frame), 1 per 3 months",A7034,,,,,,,,,,,Mask Brand,Dreamwear,,,,,,,,
083VI-7J96C-5CY9,CPAP and BiLevel Resupply Package (With F2F Documentation),B29-DBQ-BC3PJ-VA,PAP Mask,FALSE,NL28E-UR-L7-S09A,,"PAP Mask, Full Face, Resmed Quattro Air, Medium, 1 per 3 months",A7030,,,Mask Brand,Resmed Quattro Air,,,,,,,,,,,,,,,,
083VI-7J96C-5CY9,CPAP and BiLevel Resupply Package (With F2F Documentation),B29-DBQ-BC3PJ-VA,PAP Mask,FALSE,P2Y-AMC-90EQ-UM4,,"PAP Mask, Nasal, Dreamwear, Large (SM Frame), 1 per 3 months",A7034,,,,,,,,,,,,,,,Mask Brand,Dreamwear,,,,
083VI-7J96C-5CY9,CPAP and BiLevel Resupply Package (With F2F Documentation),B29-DBQ-BC3PJ-VA,PAP Mask,FALSE,P6PR-N9PC-GU-U5V,,"PAP Mask, Full Face, Respironics Amara View, Medium, 1 per 3 months",A7030,,,Mask Brand,Respironics Amara View,,,,,,,,,,,,,,,,
083VI-7J96C-5CY9,CPAP and BiLevel Resupply Package (With F2F Documentation),B29-DBQ-BC3PJ-VA,PAP Mask,FALSE,PB1DE-4T-G0CS-JE,,"PAP Mask, Full Face, Dreamwear, Medium (MD Frame), 1 per 3 months",A7030,,,,,,,,,,,,,,,,,Mask Brand,Dreamwear,,
083VI-7J96C-5CY9,CPAP and BiLevel Resupply Package (With F2F Documentation),B29-DBQ-BC3PJ-VA,PAP Mask,FALSE,PF-80S-59CN-9ZRF,,"PAP Mask, Full Face, Resmed Quattro, Medium, 1 per 3 months",A7030,,,,,,,Mask Brand,Resmed Quattro,,,,,,,,,,,,
083VI-7J96C-5CY9,CPAP and BiLevel Resupply Package (With F2F Documentation),B29-DBQ-BC3PJ-VA,PAP Mask,FALSE,PNGE-3RPCL-L915D,,"PAP Mask, Full Face, Resmed Airfit F10, Small, 1 per 3 months",A7030,,,,,,,,,,,,,Mask Brand,Resmed Airfit F10,,,,,,
083VI-7J96C-5CY9,CPAP and BiLevel Resupply Package (With F2F Documentation),B29-DBQ-BC3PJ-VA,PAP Mask,FALSE,Q27-HL-N879-5RS1,,"PAP Mask, Nasal Pillow, Dreamwear, Medium (SM Frame), 1 per 3 months",A7034,,,,,,,,,,,,,,,Mask Brand,Dreamwear,,,,
083VI-7J96C-5CY9,CPAP and BiLevel Resupply Package (With F2F Documentation),B29-DBQ-BC3PJ-VA,PAP Mask,FALSE,QV-3F-49P-831-76,,"PAP Mask, Nasal Pillow, Swift FX, Medium, 2 per 1 month",A7033,,,,,,,,,,,,,,,Mask Brand,Swift FX,,,,
083VI-7J96C-5CY9,CPAP and BiLevel Resupply Package (With F2F Documentation),B29-DBQ-BC3PJ-VA,PAP Mask,FALSE,RA-MT-XZF6-CY-K6,,"PAP Mask, Full Face, Airfit F30I, Large, 1 per 3 months",A7030,,,,,,,,,,,,,,,Mask Brand,Airfit F30I,,,,
083VI-7J96C-5CY9,CPAP and BiLevel Resupply Package (With F2F Documentation),B29-DBQ-BC3PJ-VA,PAP Mask,FALSE,RBM0-DLJ-MR-KVYQ,,"PAP Mask, Nasal, Dreamwear, Medium (MD Frame), 1 per 3 months",A7034,,,,,,,,,,,Mask Brand,Dreamwear,,,,,,,,
083VI-7J96C-5CY9,CPAP and BiLevel Resupply Package (With F2F Documentation),B29-DBQ-BC3PJ-VA,PAP Mask,FALSE,SI-JE2-X8-K1-VRD,,"PAP Mask, Full Face, Resmed Airfit F20, Large, 1 per 3 months",A7030,,,,,Mask Brand,Resmed Airfit F20,,,,,,,,,,,,,,
083VI-7J96C-5CY9,CPAP and BiLevel Resupply Package (With F2F Documentation),B29-DBQ-BC3PJ-VA,PAP Mask,FALSE,SK-B63H-XRD-GIQ6,,"PAP Mask, Nasal Pillow, Airfit P30I, Small, 1 per 3 months",A7034,,,,,,,,,,,,,,,Mask Brand,Airfit P30I,,,,
083VI-7J96C-5CY9,CPAP and BiLevel Resupply Package (With F2F Documentation),B29-DBQ-BC3PJ-VA,PAP Mask,FALSE,SXE3I-RC2-9EU-PL,,"PAP Mask, Full Face, Respironics Amara View, Large, 1 per 3 months",A7030,,,,,,,,,,,,,,,Mask Brand,Respironics Amara View,,,,
083VI-7J96C-5CY9,CPAP and BiLevel Resupply Package (With F2F Documentation),B29-DBQ-BC3PJ-VA,PAP Mask,FALSE,T14-NJM-PJADQ-MF,,"PAP Mask, Nasal Pillow, Dreamwear, Large (LG Frame), 1 per 3 months",A7034,,,,,,,,,,,,,Mask Brand,Dreamwear,,,,,,
083VI-7J96C-5CY9,CPAP and BiLevel Resupply Package (With F2F Documentation),B29-DBQ-BC3PJ-VA,PAP Mask,FALSE,T7KVR-JA86M-H5A9,,"PAP Mask, Nasal, Respironics Pico, S/M/L/XL (fitpack), 1 per 3 months",A7034,,,,,,,,,Mask Brand,Respironics Pico,,,,,,,,,,
083VI-7J96C-5CY9,CPAP and BiLevel Resupply Package (With F2F Documentation),B29-DBQ-BC3PJ-VA,PAP Mask,FALSE,T9Z-DF6A-VGH1-UR,,"PAP Mask, Nasal Pillow, Respironics Nuance Gel, Complete, 1 per 3 months",A7034,,,,,,,,,,,,,Mask Brand,Respironics Nuance Gel,,,,,,
083VI-7J96C-5CY9,CPAP and BiLevel Resupply Package (With F2F Documentation),B29-DBQ-BC3PJ-VA,PAP Mask,FALSE,TD-PBJFG-CA-2IY9,,"PAP Mask, Nasal, Dreamwear, Large (SM Frame), 1 per 3 months.",A7034,,,,,,,Mask Brand,Dreamwear,,,,,,,,,,,,
083VI-7J96C-5CY9,CPAP and BiLevel Resupply Package (With F2F Documentation),B29-DBQ-BC3PJ-VA,PAP Mask,FALSE,TF5R-YHY4V-B8S5G,,"PAP Mask, Full Face, Fisher & Paykel Simplus, Fit Upon Setup, 1 per 3 months",A7030,,,,,,,,,,,Mask Brand,Fisher & Paykel Simplus,,,,,,,,
083VI-7J96C-5CY9,CPAP and BiLevel Resupply Package (With F2F Documentation),B29-DBQ-BC3PJ-VA,PAP Mask,FALSE,TK-J5A4-AB7G-MN2,,"PAP Mask, Fit to Comfort, 1 per 3 months.",A7034,,,,,,,,,,,,,,,,,,,Mask Brand,Fit Upon Setup
083VI-7J96C-5CY9,CPAP and BiLevel Resupply Package (With F2F Documentation),B29-DBQ-BC3PJ-VA,PAP Mask,FALSE,TK-NS9F2-7T8D-EM,,"PAP Mask, Nasal Pillow, Airfit P30I, Fit Upon Setup, 2 per 1 month",A7033,,,Mask Brand,Airfit P30I,,,,,,,,,,,,,,,,
083VI-7J96C-5CY9,CPAP and BiLevel Resupply Package (With F2F Documentation),B29-DBQ-BC3PJ-VA,PAP Mask,FALSE,TUIC4-D813Y-YJ17,,"PAP Mask, Full Face, Dreamwear, Small (MD Frame), 1 per 3 months",A7030,Mask Brand,Dreamwear,,,,,,,,,,,,,,,,,,
083VI-7J96C-5CY9,CPAP and BiLevel Resupply Package (With F2F Documentation),B29-DBQ-BC3PJ-VA,PAP Mask,FALSE,TYSC-8M-IFR0U-NX,,"PAP Mask, Full Face, Resmed F30i",A7030,,,,,Mask Brand,Resmed F30i,,,,,,,,,,,,,,
083VI-7J96C-5CY9,CPAP and BiLevel Resupply Package (With F2F Documentation),B29-DBQ-BC3PJ-VA,PAP Mask,FALSE,UAPQ-2G-493P-F5C,,"PAP Mask, Nasal, Dreamwear, Medium Wide (LG Frame), 1 per 3 months",A7034,,,,,,,,,,,,,,,,,Mask Brand,Dreamwear,,
083VI-7J96C-5CY9,CPAP and BiLevel Resupply Package (With F2F Documentation),B29-DBQ-BC3PJ-VA,PAP Mask,FALSE,UJ59H-2I-6YC-SR6,,"PAP Mask, Nasal Cushion, Resmed Pixi Pediatric",A7034,,,,,,,,,,,,,,,Mask Brand,Resmed Pixi Pediatric,,,,
083VI-7J96C-5CY9,CPAP and BiLevel Resupply Package (With F2F Documentation),B29-DBQ-BC3PJ-VA,PAP Mask,FALSE,URE3V-ZEP-8UX-MQ,,"PAP Mask, Nasal, Respironics ComfortGel Blue, Medium, 1 per 3 months",A7034,,,,,Mask Brand,Respironics ComfortGel Blue,,,,,,,,,,,,,,
083VI-7J96C-5CY9,CPAP and BiLevel Resupply Package (With F2F Documentation),B29-DBQ-BC3PJ-VA,PAP Mask,FALSE,UX-APBHG-8PV-DCB,,"PAP Mask, Full Face, Fit Upon Setup, N/A, 1 per 3 months",A7030,,,,,,,,,,,,,,,,,,,Mask Brand,Fit Upon Setup
083VI-7J96C-5CY9,CPAP and BiLevel Resupply Package (With F2F Documentation),B29-DBQ-BC3PJ-VA,PAP Mask,FALSE,UY-KQC-BR-3Q-HG0,,"PAP Mask, Nasal Pillow, Dreamwear, Medium (MD Frame), 1 per 3 months",A7034,,,Mask Brand,Dreamwear,,,,,,,,,,,,,,,,
083VI-7J96C-5CY9,CPAP and BiLevel Resupply Package (With F2F Documentation),B29-DBQ-BC3PJ-VA,PAP Mask,FALSE,V30C-K7V-ZN79-JI,,"PAP Mask, Nasal, Respironics Wisp Clear, 1 per 3 months",A7034,,,,,,,,,,,,,,,,,,,Mask Brand,Respironics Wisp Clear
083VI-7J96C-5CY9,CPAP and BiLevel Resupply Package (With F2F Documentation),B29-DBQ-BC3PJ-VA,PAP Mask,FALSE,VDU2V-GICV-UM-P9,,"PAP Mask, Nasal Pillow, Swift FX Bella, For Her, 1 per 3 months",A7033,,,,,,,,,,,,,,,,,Mask Brand,Swift FX Bella,,
083VI-7J96C-5CY9,CPAP and BiLevel Resupply Package (With F2F Documentation),B29-DBQ-BC3PJ-VA,PAP Mask,FALSE,VY-KBIM-HDT08-73,,"PAP Mask, Nasal, Fisher & Paykel Brevida, Fit Upon Setup, 1 per 3 months",A7034,,,,,,,,,,,,,,,,,Mask Brand,Fisher & Paykel Brevida,,
083VI-7J96C-5CY9,CPAP and BiLevel Resupply Package (With F2F Documentation),B29-DBQ-BC3PJ-VA,PAP Mask,FALSE,X0T-CUI7L-A5T-L5,,"PAP Mask, Nasal Pillow, Resmed Swift FX for Her, Complete, 1 per 3 months",A7034,,,,,,,,,,,,,,,Mask Brand,Resmed Swift FX for Her,,,,
083VI-7J96C-5CY9,CPAP and BiLevel Resupply Package (With F2F Documentation),B29-DBQ-BC3PJ-VA,PAP Mask,FALSE,XTPXG-YEQ-1Y-MUC,,"PAP Mask, Nasal Cushion, Fisher & Paykel Evora",A7034,Mask Brand,Fisher & Paykel Evora Nasal,,,,,,,,,,,,,,,,,,
083VI-7J96C-5CY9,CPAP and BiLevel Resupply Package (With F2F Documentation),B29-DBQ-BC3PJ-VA,PAP Mask,FALSE,XY-KQXHV-4R-9V76,,"PAP Mask, Full Face, Airfit F30I, Standard, 1 per 3 months",A7030,,,,,,,,,,,,,,,Mask Brand,Airfit F30I,,,,
083VI-7J96C-5CY9,CPAP and BiLevel Resupply Package (With F2F Documentation),B29-DBQ-BC3PJ-VA,PAP Mask,FALSE,Y2-PHVF-AU5GS-FZ,,"PAP Mask, Full Face, Resmed Airtouch F20, Small, 1 per 3 months",A7030,,,,,Mask Brand,Resmed Airtouch F20,,,,,,,,,,,,,,
083VI-7J96C-5CY9,CPAP and BiLevel Resupply Package (With F2F Documentation),B29-DBQ-BC3PJ-VA,PAP Mask,FALSE,Z12IS-MT5P6-SPHK,,"PAP Mask, Nasal, Respironics ComfortGel Blue, Small, 1 per 3 months",A7034,,,,,Mask Brand,Respironics ComfortGel Blue,,,,,,,,,,,,,,
083VI-7J96C-5CY9,CPAP and BiLevel Resupply Package (With F2F Documentation),B29-DBQ-BC3PJ-VA,PAP Mask,FALSE,Z1R-PZ-HZQJH-1UD,,"PAP Mask, Nasal, Dreamwear, Small (MD Frame), 1 per 3 months",A7034,,,,,,,Mask Brand,Dreamwear,,,,,,,,,,,,
083VI-7J96C-5CY9,CPAP and BiLevel Resupply Package (With F2F Documentation),B29-DBQ-BC3PJ-VA,PAP Mask,FALSE,ZEZK-N73-RV0-XZP,,"PAP Mask, Full Face, Resmed Airtouch F20, Medium, 1 per 3 months",A7030,,,,,,,,,,,,,,,,,,,Mask Brand,Resmed Airtouch F20
083VI-7J96C-5CY9,CPAP and BiLevel Resupply Package (With F2F Documentation),B29-DBQ-BC3PJ-VA,PAP Mask,FALSE,ZGIJ-ASYP-8FU-ZT,,"PAP Mask, Full Face, Amara Gel, Large, 1 per 3 months",A7030,,,,,,,Mask Brand,Amara Gel,,,,,,,,,,,,
083VI-7J96C-5CY9,CPAP and BiLevel Resupply Package (With F2F Documentation),B29-DBQ-BC3PJ-VA,PAP Mask,FALSE,ZL-90J-5KH17-YMI,,"PAP Mask, Nasal Pillow, Dreamwear, Medium (LG Frame), 1 per 3 months",A7034,,,,,,,Mask Brand,Dreamwear,,,,,,,,,,,,
083VI-7J96C-5CY9,CPAP and BiLevel Resupply Package (With F2F Documentation),B29-DBQ-BC3PJ-VA,PAP Mask,FALSE,ZTQZ-17FIL-RB-18,,"PAP Mask, Nasal, Respironics ComfortGel Blue, Petite, 1 per 3 months",A7034,,,,,,,,,,,,,,,,,,,Mask Brand,Respironics ComfortGel Blue
083VI-7J96C-5CY9,CPAP and BiLevel Resupply Package (With F2F Documentation),HUPL-N9-KTS-PKHF,PAP Chinstrap,FALSE,0HI8-4VBI8-4V5F0,,"PAP Chinstrap, Fit to Comfort, 1 per 6 months",A7036,,,PAP Chinstrap Included,Fit to Comfort,,,,,,,,,,,,,,,,
083VI-7J96C-5CY9,CPAP and BiLevel Resupply Package (With F2F Documentation),HUPL-N9-KTS-PKHF,PAP Chinstrap,FALSE,18S-X7-61A0H-I2P,,No Chinstrap Included,,,,,,,,,,,,,,,,,,,,PAP Chinstrap Included,PAP Chinstrap Not Included
083VI-7J96C-5CY9,CPAP and BiLevel Resupply Package (With F2F Documentation),HUPL-N9-KTS-PKHF,PAP Chinstrap,FALSE,CB-Q76BH-A20Y-1T,,"PAP Chinstrap, 1 per 6 months",A7036,,,,,,,,,PAP Chinstrap Included,PAP Chinstrap Included,,,,,,,,,,
083VI-7J96C-5CY9,CPAP and BiLevel Resupply Package (With F2F Documentation),IH-RL-7H6N-Q2-Q6,PAP Nasal Pillows,FALSE,7RH2-J7-BY2BI-NS,,No Nasal Pillows,,,,,,Mask Frame,N/A,,,,,,,,,,,,,,
083VI-7J96C-5CY9,CPAP and BiLevel Resupply Package (With F2F Documentation),IH-RL-7H6N-Q2-Q6,PAP Nasal Pillows,FALSE,AS-KTED-K4YUZ-H3,,No Nasal Pillows Included,,,,,,,,,,,,,,,,,,,,Mask Frame,Oral
083VI-7J96C-5CY9,CPAP and BiLevel Resupply Package (With F2F Documentation),IH-RL-7H6N-Q2-Q6,PAP Nasal Pillows,FALSE,EN5N-6FXH7-PG27M,,No Nasal Pillows Included,,,,,,,,,,,,,,,,,,,,Mask Frame,Nasal
083VI-7J96C-5CY9,CPAP and BiLevel Resupply Package (With F2F Documentation),IH-RL-7H6N-Q2-Q6,PAP Nasal Pillows,FALSE,GTCDT-PUP64-T5NT,,"Nasal Pillows Included, Nasal Pillow Mask, 2 per 1 month",A7033,,,,,,,,,,,Mask Frame,Nasal Pillow,,,,,,,,
083VI-7J96C-5CY9,CPAP and BiLevel Resupply Package (With F2F Documentation),IH-RL-7H6N-Q2-Q6,PAP Nasal Pillows,FALSE,HLXQ-8E84-LMR-TP,,No Nasal Pillows Included,,,,,,,,,,Mask Frame,Oral / Nasal Hybrid,,,,,,,,,,
083VI-7J96C-5CY9,CPAP and BiLevel Resupply Package (With F2F Documentation),IH-RL-7H6N-Q2-Q6,PAP Nasal Pillows,FALSE,LKUH-84K-28FU-FA,,"Nasal Pillows, Fit to Comfort.",,,,,,,,,,,,,,,,Mask Frame,Nasal,,,,
083VI-7J96C-5CY9,CPAP and BiLevel Resupply Package (With F2F Documentation),IH-RL-7H6N-Q2-Q6,PAP Nasal Pillows,FALSE,QK4-FJCPL-YQH-NS,,No Nasal Pillows Included,,,,,,,,,,,,,,,,,,Mask Frame,Fit to Comfort,,
083VI-7J96C-5CY9,CPAP and BiLevel Resupply Package (With F2F Documentation),IH-RL-7H6N-Q2-Q6,PAP Nasal Pillows,FALSE,QSZ-AE-63LKU-5DB,,"Nasal Pillows Included, Full Face Mask, 2 per 1 month",A7033,,,,,,,Mask Frame,Full Face,,,,,,,,,,,,
083VI-7J96C-5CY9,CPAP and BiLevel Resupply Package (With F2F Documentation),IH-RL-7H6N-Q2-Q6,PAP Nasal Pillows,FALSE,S81-RJ-TB-3VM-62,,"Nasal Pillows Included, Nasal Mask, 2 per 1 month",A7033,,,,,,,,,Mask Frame,Nasal,,,,,,,,,,
083VI-7J96C-5CY9,CPAP and BiLevel Resupply Package (With F2F Documentation),IH-RL-7H6N-Q2-Q6,PAP Nasal Pillows,FALSE,T5E-ZP-SD-F2-2VK,,"Nasal Pillows, Patient Preference",,,,Mask Frame,Nasal,,,,,,,,,,,,,,,,
083VI-7J96C-5CY9,CPAP and BiLevel Resupply Package (With F2F Documentation),IH-RL-7H6N-Q2-Q6,PAP Nasal Pillows,FALSE,UACF-YIR-YG-Q2EH,,"A7029 Nasal Pillows, Fit to Comfort",A7033,,,,,Mask Frame,Patient Preference,,,,,,,,,,,,,,
083VI-7J96C-5CY9,CPAP and BiLevel Resupply Package (With F2F Documentation),IH-RL-7H6N-Q2-Q6,PAP Nasal Pillows,FALSE,YKF-0IF-XLV9-ZNU,,No Nasal Pillows Included,,,,,,,,,,,,,,,,Mask Frame,Patient Preference,,,,
083VI-7J96C-5CY9,CPAP and BiLevel Resupply Package (With F2F Documentation),IH-RL-7H6N-Q2-Q6,PAP Nasal Pillows,FALSE,YVYFS-3G-37FT-IP,,"Nasal Pillows, Fit to Comfort",A7029/A7033,,,,,,,Mask Frame,Fit to Comfort,,,,,,,,,,,,
083VI-7J96C-5CY9,CPAP and BiLevel Resupply Package (With F2F Documentation),LX6-GZH-U6JT-EYE,PAP Humidifier,FALSE,0MXJI-HV2V-NU5ZF,,"PAP Humidifier, Heated.",E0562,,,,,,,,,,,,,Humidifier Type,Heated.,,,,,,
083VI-7J96C-5CY9,CPAP and BiLevel Resupply Package (With F2F Documentation),LX6-GZH-U6JT-EYE,PAP Humidifier,FALSE,AZ-4I2-18N-EFVY9,,"PAP Humidifier, Patient Preference",E0561/E0562,,,,,,,,,,,,,,,,,Humidifier Type,Fit to Comfort,,
083VI-7J96C-5CY9,CPAP and BiLevel Resupply Package (With F2F Documentation),LX6-GZH-U6JT-EYE,PAP Humidifier,FALSE,DRXE-1DLC6-0R-FU,,"PAP Humidifier, Patient Preference",,,,,,,,,,,,,,Humidifier Type,Patient Preference,,,,,,
083VI-7J96C-5CY9,CPAP and BiLevel Resupply Package (With F2F Documentation),LX6-GZH-U6JT-EYE,PAP Humidifier,FALSE,FK2S-M4-L3-GL-CS,,"PAP Humidifier, Heated",E0562,,,,,,,Humidifier Type,Heated,,,,,,,,,,,,
083VI-7J96C-5CY9,CPAP and BiLevel Resupply Package (With F2F Documentation),LX6-GZH-U6JT-EYE,PAP Humidifier,FALSE,KZGM-EIJ80-D7-LS,,No PAP Humidifier,,,,,,,,,,,,,,Humidifier Type,N/A,,,,,,
083VI-7J96C-5CY9,CPAP and BiLevel Resupply Package (With F2F Documentation),N8-2XZT-BJRLY-G4,Disposable PAP Filter,FALSE,9P-BDPD-M46HF-L7,,"Disposable PAP Filter, 2 per 1 month",A7038,,,,,,,,,,,,,,,,,,,Disposable PAP Filter,Included
0F1-18QZM-AX7-I8,CPAP and BiLevel Resupply Package (Without F2F Documentation),1P3-CS4E-VFQ-8EA,Non-Disposable PAP Filter,FALSE,IQFK-CA82-M0-4E1,,"Non-Disposable PAP Filter, 1 per 6 months",A7039,Non-Disposable PAP Filter,Included,,,,,,,,,,,,,,,,,,
0F1-18QZM-AX7-I8,CPAP and BiLevel Resupply Package (Without F2F Documentation),6B-G8YD-QX5-Q0LA,PAP Mask Interface Cushion,FALSE,29X1-MA-FT-JY-CT,,"PAP Mask Interface Cushion, Nasal Pillow, 2 per 1 month",A7033,,,,,,,,,,,,,,,Mask Frame,Nasal Pillow,,,,
0F1-18QZM-AX7-I8,CPAP and BiLevel Resupply Package (Without F2F Documentation),6B-G8YD-QX5-Q0LA,PAP Mask Interface Cushion,FALSE,97-UIGCM-N91-NKB,,"PAP Mask Interface Cushion, Fit to Comfort.",IFC,,,,,,,,,,,Mask Frame,Patient Preference,,,,,,,,
0F1-18QZM-AX7-I8,CPAP and BiLevel Resupply Package (Without F2F Documentation),6B-G8YD-QX5-Q0LA,PAP Mask Interface Cushion,FALSE,98VR5-ACDY-CMQAT,,"PAP Mask Interface Cushion, Oral / Nasal Hybrid, 2 per 1 month",A7028,,,,,,,,,,,Mask Frame,Oral / Nasal Hybrid,,,,,,,,
0F1-18QZM-AX7-I8,CPAP and BiLevel Resupply Package (Without F2F Documentation),6B-G8YD-QX5-Q0LA,PAP Mask Interface Cushion,FALSE,JE28-YGS3R-VM-9C,,"PAP Mask Interface Cushion, Full Face, 1 per 1 month",A7031,,,,,,,,,,,,,,,,,Mask Frame,Full Face,,
0F1-18QZM-AX7-I8,CPAP and BiLevel Resupply Package (Without F2F Documentation),6B-G8YD-QX5-Q0LA,PAP Mask Interface Cushion,FALSE,PDCBV-TAB-ESL-15,,"PAP Mask Interface Cushion, Oral, 2 per 1 month",A7028,,,,,,,,,,,,,,,,,,,Mask Frame,Oral
0F1-18QZM-AX7-I8,CPAP and BiLevel Resupply Package (Without F2F Documentation),6B-G8YD-QX5-Q0LA,PAP Mask Interface Cushion,FALSE,TNI-C7UN-6ZI-SU5,,"PAP Mask Interface Cushion, Fit to Comfort",IFC,,,,,,,,,,,,,,,Mask Frame,Fit to Comfort,,,,
0F1-18QZM-AX7-I8,CPAP and BiLevel Resupply Package (Without F2F Documentation),6I-CU-K6-MNT4-BF,PAP Machine Tubing,FALSE,31JB8-VF7-2K-L04,,"Climate Line Air Pap Machine Tubing, Heated, 1 per 3 months",A4604,,,,,,,,,,,,,,,Tubing Type,Climate Line Air Heated,,,,
0F1-18QZM-AX7-I8,CPAP and BiLevel Resupply Package (Without F2F Documentation),6I-CU-K6-MNT4-BF,PAP Machine Tubing,FALSE,9JEVE-LS7S-IKST2,,"PAP Machine Tubing, Non-Heated, 1 per 3 months",A7037,,,,,Tubing Type,Non-Heated,,,,,,,,,,,,,,
0F1-18QZM-AX7-I8,CPAP and BiLevel Resupply Package (Without F2F Documentation),6I-CU-K6-MNT4-BF,PAP Machine Tubing,FALSE,CGHB-27DG6-SY-PQ,,"SlimLine PAP Machine Tubing, Non-Heated, 1 per 3 months",A7037,,,,,,,,,,,Tubing Type,SlimLine Non-Heated,,,,,,,,
0F1-18QZM-AX7-I8,CPAP and BiLevel Resupply Package (Without F2F Documentation),A4DJ-QS-NZK-EJ6I,PAP Sanitizer with Mask Wipes and Filter,FALSE,LJG9F-8Y-CAVB-Y4,,SoClean 2 Setup with Mask Wipes and Filter,X9999,,,,,,,,,,,PAP Sanitizer Brand,SoClean 2,,,,,,,,
0F1-18QZM-AX7-I8,CPAP and BiLevel Resupply Package (Without F2F Documentation),B29-DBQ-BC3PJ-VA,PAP Mask,FALSE,03AY8-G8Q64-B54P,,"PAP Mask, Full Face, Resmed Quattro Air, Large, 1 per 3 months",A7030,,,,,,,,,Mask Brand,Resmed Quattro Air,,,,,,,,,,
0F1-18QZM-AX7-I8,CPAP and BiLevel Resupply Package (Without F2F Documentation),B29-DBQ-BC3PJ-VA,PAP Mask,FALSE,0KLA9-6X71-5AHMU,,"PAP Mask, Nasal, Airtouch N20, Small, 1 per 3 months",A7034,Mask Brand,Airtouch N20,,,,,,,,,,,,,,,,,,
0F1-18QZM-AX7-I8,CPAP and BiLevel Resupply Package (Without F2F Documentation),B29-DBQ-BC3PJ-VA,PAP Mask,FALSE,0Q-6C-QUY-DZ9-JP,,"PAP Mask, Nasal Pillow, Resmed Airfit P10, Medium, 1 per 3 months",A7034,,,,,Mask Brand,Resmed Airfit P10,,,,,,,,,,,,,,
0F1-18QZM-AX7-I8,CPAP and BiLevel Resupply Package (Without F2F Documentation),B29-DBQ-BC3PJ-VA,PAP Mask,FALSE,0RNGD-U9R2-4ZLDF,,"PAP Mask, Nasal, Fisher & Paykel Zest, Fit Upon Setup",A7034,,,,,,,,,,,,,,,,,Mask Brand,Fisher & Paykel Zest,,
0F1-18QZM-AX7-I8,CPAP and BiLevel Resupply Package (Without F2F Documentation),B29-DBQ-BC3PJ-VA,PAP Mask,FALSE,13JM-6JX3N-CI-78,,"PAP Mask, Fit to Comfort, Full Face, 1 per 3 months",A7030,Mask Brand,Fit Upon Setup,,,,,,,,,,,,,,,,,,
0F1-18QZM-AX7-I8,CPAP and BiLevel Resupply Package (Without F2F Documentation),B29-DBQ-BC3PJ-VA,PAP Mask,FALSE,14V-6RTC4-JVU-BU,,"PAP Mask, Oral / Nasal Hybrid, Fit Upon Setup, N/A, 1 per 3 months",A7027,,,,,,,,,,,,,Mask Brand,Fit Upon Setup,,,,,,
0F1-18QZM-AX7-I8,CPAP and BiLevel Resupply Package (Without F2F Documentation),B29-DBQ-BC3PJ-VA,PAP Mask,FALSE,1F7-50R6A-RQ9-U1,,"PAP Mask, Nasal Pillow, Fit Upon Setup, N/A, 1 per 3 months",A7034,,,,,,,,,,,Mask Brand,Fit Upon Setup,,,,,,,,
0F1-18QZM-AX7-I8,CPAP and BiLevel Resupply Package (Without F2F Documentation),B29-DBQ-BC3PJ-VA,PAP Mask,FALSE,1N0R-K7HQ-GV-RNC,,"PAP Mask, Full Face, Dreamwear, Small (SM Frame), 1 per 3 months",A7030,,,,,,,Mask Brand,Dreamwear,,,,,,,,,,,,
0F1-18QZM-AX7-I8,CPAP and BiLevel Resupply Package (Without F2F Documentation),B29-DBQ-BC3PJ-VA,PAP Mask,FALSE,21AIQ-8RX7-13-NZ,,"PAP Mask, Nasal, Respironics Wisp Fabric, Complete, 1 per 3 months",A7034,Mask Brand,Respironics Wisp Fabric,,,,,,,,,,,,,,,,,,
0F1-18QZM-AX7-I8,CPAP and BiLevel Resupply Package (Without F2F Documentation),B29-DBQ-BC3PJ-VA,PAP Mask,FALSE,2LK4L-DAJH-D74N7,,"PAP Mask, Fit to Comfort, Oral, 1 per 3 months",A7044,,,,,,,,,Mask Brand,Fit Upon Setup,,,,,,,,,,
0F1-18QZM-AX7-I8,CPAP and BiLevel Resupply Package (Without F2F Documentation),B29-DBQ-BC3PJ-VA,PAP Mask,FALSE,2N-JGUA-Y4E-ZHXZ,,"PAP Mask, Nasal Pillow, Dreamwear, Large (SM Frame), 1 per 3 months",A7034,,,,,,,,,,,,,,,,,Mask Brand,Dreamwear,,
0F1-18QZM-AX7-I8,CPAP and BiLevel Resupply Package (Without F2F Documentation),B29-DBQ-BC3PJ-VA,PAP Mask,FALSE,2R-K5-6G-TCEF-UB,,"PAP Mask, Full Face, Fisher & Paykel Vitera, Small, 1 per 3 months",A7030,,,,,,,Mask Brand,Fisher & Paykel Vitera,,,,,,,,,,,,
0F1-18QZM-AX7-I8,CPAP and BiLevel Resupply Package (Without F2F Documentation),B29-DBQ-BC3PJ-VA,PAP Mask,FALSE,2UP8-FY-C0EQH-UD,,"PAP Mask, Nasal Pillow, Airfit P10, X-Small, 2 per 1 month",A7033,,,,,,,,,,,,,,,Mask Brand,AirFit P10,,,,
0F1-18QZM-AX7-I8,CPAP and BiLevel Resupply Package (Without F2F Documentation),B29-DBQ-BC3PJ-VA,PAP Mask,FALSE,2V-RD0T-FLT-PEMY,,"PAP Mask, Nasal, Resmed Airfit N20, Fit Upon Setup, 1 per 3 months",A7034,,,,,,,,,,,Mask Brand,Resmed Airfit N20,,,,,,,,
0F1-18QZM-AX7-I8,CPAP and BiLevel Resupply Package (Without F2F Documentation),B29-DBQ-BC3PJ-VA,PAP Mask,FALSE,362P-LN-CQ1LA-B4,,"PAP Mask, Full Face, Airfit F30I, Medium, 1 per 3 months",A7030,,,Mask Brand,Airfit F30I,,,,,,,,,,,,,,,,
0F1-18QZM-AX7-I8,CPAP and BiLevel Resupply Package (Without F2F Documentation),B29-DBQ-BC3PJ-VA,PAP Mask,FALSE,37LEV-4U6B-92HSG,,"PAP Mask, Nasal Pillow, Airfit P10, Fit Upon Setup, 2 per 1 month",A7033,,,,,,,,,Mask Brand,AirFit P10,,,,,,,,,,
0F1-18QZM-AX7-I8,CPAP and BiLevel Resupply Package (Without F2F Documentation),B29-DBQ-BC3PJ-VA,PAP Mask,FALSE,3BUPB-0E-RPZ-NZ0,,"PAP Mask, Nasal, Resmed Airfit N20, Medium, 1 per 3 months",A7034,,,,,,,Mask Brand,Resmed Airfit N20,,,,,,,,,,,,
0F1-18QZM-AX7-I8,CPAP and BiLevel Resupply Package (Without F2F Documentation),B29-DBQ-BC3PJ-VA,PAP Mask,FALSE,3GL5B-MI95P-CL3M,,"PAP Mask, Nasal Pillow, Resmed Airfit P10 for Her, Complete, 1 per 3 months",A7034,Mask Brand,Resmed Airfit P10 for Her,,,,,,,,,,,,,,,,,,
0F1-18QZM-AX7-I8,CPAP and BiLevel Resupply Package (Without F2F Documentation),B29-DBQ-BC3PJ-VA,PAP Mask,FALSE,3K3GT-R0-XAT-20T,,"PAP Mask, Full Face, Respironics Amara View, Small, 1 per 3 months",A7030,,,,,,,,,,,,,,,Mask Brand,Respironics Amara View,,,,
0F1-18QZM-AX7-I8,CPAP and BiLevel Resupply Package (Without F2F Documentation),B29-DBQ-BC3PJ-VA,PAP Mask,FALSE,3KSX-GCTP1-H8C7Q,,"PAP Mask, Nasal Pillow, Nuance Gel, Medium, 2 per 1 month",A7033,Mask Brand,Nuance Gel,,,,,,,,,,,,,,,,,,
0F1-18QZM-AX7-I8,CPAP and BiLevel Resupply Package (Without F2F Documentation),B29-DBQ-BC3PJ-VA,PAP Mask,FALSE,3Z2EG-FY1S0-PLVM,,"PAP Mask, Nasal, Fit Upon Setup, N/A, 1 per 3 months",A7034,,,,,,,,,,,,,,,,,,,Mask Brand,Fit Upon Setup
0F1-18QZM-AX7-I8,CPAP and BiLevel Resupply Package (Without F2F Documentation),B29-DBQ-BC3PJ-VA,PAP Mask,FALSE,3ZN0-9M-U9X-CDE6,,"PAP Mask, Nasal, Dreamwisp Fit, Fit Upon Setup, 1 per 3 months",A7034,,,,,,,Mask Brand,Dreamwisp Fit,,,,,,,,,,,,
0F1-18QZM-AX7-I8,CPAP and BiLevel Resupply Package (Without F2F Documentation),B29-DBQ-BC3PJ-VA,PAP Mask,FALSE,43NX-0X9I-ZMS-6T,,"PAP Mask, Nasal, Fisher & Paykel Eson 2, Large, 1 per 3 months",A7034,,,Mask Brand,Fisher & Paykel Eson 2,,,,,,,,,,,,,,,,
0F1-18QZM-AX7-I8,CPAP and BiLevel Resupply Package (Without F2F Documentation),B29-DBQ-BC3PJ-VA,PAP Mask,FALSE,48B-SZD7B-S32-YX,,"PAP Mask, Nasal, Fisher & Paykel Evora, Fit Upon Setup, 1 per 3 months",A7034,,,,,,,,,,,Mask Brand,Fisher & Paykel Evora Nasal,,,,,,,,
0F1-18QZM-AX7-I8,CPAP and BiLevel Resupply Package (Without F2F Documentation),B29-DBQ-BC3PJ-VA,PAP Mask,FALSE,49D-P3U2V-NQ4-64,,"PAP Mask, Nasal, Respironics Dreamwear, Complete, 1 per 3 months",A7034,,,,,,,,,,,,,,,,,,,Mask Brand,Respironics Dreamwear
0F1-18QZM-AX7-I8,CPAP and BiLevel Resupply Package (Without F2F Documentation),B29-DBQ-BC3PJ-VA,PAP Mask,FALSE,4E-24V3-7BA-U8KN,,"PAP Mask, Nasal, Fisher & Paykel Eson 2, Medium, 1 per 3 months",A7034,,,,,,,,,,,Mask Brand,Fisher & Paykel Eson 2,,,,,,,,
0F1-18QZM-AX7-I8,CPAP and BiLevel Resupply Package (Without F2F Documentation),B29-DBQ-BC3PJ-VA,PAP Mask,FALSE,4F-KCB3-1ACK9-MB,,"PAP Mask, Full Face, Resmed Airfit F20, Small, 1 per 3 months",A7030,Mask Brand,Resmed Airfit F20,,,,,,,,,,,,,,,,,,
0F1-18QZM-AX7-I8,CPAP and BiLevel Resupply Package (Without F2F Documentation),B29-DBQ-BC3PJ-VA,PAP Mask,FALSE,4HR-AU9G-UMQ-Y2D,,"PAP Mask, Nasal, Resmed Mirage FX, Complete, 1 per 3 months",A7034,,,,,,,,,,,,,,,,,,,Mask Brand,Resmed Mirage FX
0F1-18QZM-AX7-I8,CPAP and BiLevel Resupply Package (Without F2F Documentation),B29-DBQ-BC3PJ-VA,PAP Mask,FALSE,4N-DI-94P-BQ9-HE,,"PAP Mask, Nasal, Airfit N30I, Fit Upon Setup, 1 per 3 months",A7034,Mask Brand,Airfit N30I,,,,,,,,,,,,,,,,,,
0F1-18QZM-AX7-I8,CPAP and BiLevel Resupply Package (Without F2F Documentation),B29-DBQ-BC3PJ-VA,PAP Mask,FALSE,4Y-GY-U4A9-R8NGI,,"PAP Mask, Nasal, Dreamwear, Medium Wide (MD Frame), 1 per 3 months",A7034,,,,,,,,,,,,,,,,,Mask Brand,Dreamwear,,
0F1-18QZM-AX7-I8,CPAP and BiLevel Resupply Package (Without F2F Documentation),B29-DBQ-BC3PJ-VA,PAP Mask,FALSE,51M-9D5QM-ST4-CG,,"PAP Mask, Nasal Cushion, Fisher & Paykel Eson 2",A7034,,,,,Mask Brand,Fisher & Paykel Eson 2,,,,,,,,,,,,,,
0F1-18QZM-AX7-I8,CPAP and BiLevel Resupply Package (Without F2F Documentation),B29-DBQ-BC3PJ-VA,PAP Mask,FALSE,57-E8D6-QM5T1-3C,,"PAP Mask, Nasal, Dreamwear, Medium (SM Frame), 1 per 3 months",A7034,,,,,,,Mask Brand,Dreamwear,,,,,,,,,,,,
0F1-18QZM-AX7-I8,CPAP and BiLevel Resupply Package (Without F2F Documentation),B29-DBQ-BC3PJ-VA,PAP Mask,FALSE,5AC-L3-DI-7D-4T8,,"PAP Mask, Full Face, Dreamwear, Small (LG Frame), 1 per 3 months",A7030,,,,,Mask Brand,Dreamwear,,,,,,,,,,,,,,
0F1-18QZM-AX7-I8,CPAP and BiLevel Resupply Package (Without F2F Documentation),B29-DBQ-BC3PJ-VA,PAP Mask,FALSE,5D-3X-H8-86-71HZ,,"PAP Mask, Nasal Pillow, Airfit P10, Medium, 2 per 1 month",A7033,,,,,,,,,,,,,,,,,Mask Brand,AirFit P10,,
0F1-18QZM-AX7-I8,CPAP and BiLevel Resupply Package (Without F2F Documentation),B29-DBQ-BC3PJ-VA,PAP Mask,FALSE,5G236-JL-EV3T-3D,,"PAP Mask, Nasal Pillow, Dreamwear, Small (SM Frame), 1 per 3 months",A7034,,,,,Mask Brand,Dreamwear,,,,,,,,,,,,,,
0F1-18QZM-AX7-I8,CPAP and BiLevel Resupply Package (Without F2F Documentation),B29-DBQ-BC3PJ-VA,PAP Mask,FALSE,5RHC-MYA9I-0K-5D,,"PAP Mask, Nasal Cushion, Respironics Wisp Fabric",A7034,,,,,,,,,,,,,,,,,,,Mask Brand,Respironics Wisp Fabric
0F1-18QZM-AX7-I8,CPAP and BiLevel Resupply Package (Without F2F Documentation),B29-DBQ-BC3PJ-VA,PAP Mask,FALSE,5S-KABP-7Q8CR-F8,,"PAP Mask, Full Face, Resmed Airfit F10, Large, 1 per 3 months",A7030,,,,,,,,,,,,,Mask Brand,Resmed Airfit F10,,,,,,
0F1-18QZM-AX7-I8,CPAP and BiLevel Resupply Package (Without F2F Documentation),B29-DBQ-BC3PJ-VA,PAP Mask,FALSE,5S-V2J3-S7I8-TX1,,"PAP Mask, Full Face, Amara Gel, Medium, 1 per 3 months",A7030,,,,,,,,,,,Mask Brand,Amara Gel,,,,,,,,
0F1-18QZM-AX7-I8,CPAP and BiLevel Resupply Package (Without F2F Documentation),B29-DBQ-BC3PJ-VA,PAP Mask,FALSE,5U-0PF4M-EK-VD5S,,"PAP Mask, Nasal, Resmed Airfit N10, Complete, 1 per 3 months",A7034,,,,,,,,,,,,,,,,,,,Mask Brand,Resmed Airfit N10
0F1-18QZM-AX7-I8,CPAP and BiLevel Resupply Package (Without F2F Documentation),B29-DBQ-BC3PJ-VA,PAP Mask,FALSE,5YQ-0Y-1DS0-8NKJ,,"PAP Mask, Full Face, Resmed Airtouch F20 for Her, Medium, 1 per 3 months",A7030,,,,,,,,,,,,,,,,,Mask Brand,Resmed Airtouch F20 for Her,,
0F1-18QZM-AX7-I8,CPAP and BiLevel Resupply Package (Without F2F Documentation),B29-DBQ-BC3PJ-VA,PAP Mask,FALSE,6I-N0-S4Y-TVN-MD,,"PAP Mask, Nasal Pillow, Swift FX, X-Small, 2 per 1 month",A7033,,,,,,,Mask Brand,Swift FX,,,,,,,,,,,,
0F1-18QZM-AX7-I8,CPAP and BiLevel Resupply Package (Without F2F Documentation),B29-DBQ-BC3PJ-VA,PAP Mask,FALSE,6N5-3Z2-CMQDH-ZF,,"PAP Mask, Full Face, Resmed Quattro FX, Large, 1 per 3 months",A7030,Mask Brand,Resmed Quattro FX,,,,,,,,,,,,,,,,,,
0F1-18QZM-AX7-I8,CPAP and BiLevel Resupply Package (Without F2F Documentation),B29-DBQ-BC3PJ-VA,PAP Mask,FALSE,6YL-IBI8-0PK-6S6,,"PAP Mask, Nasal Pillow, Airfit P30I, Standard, 1 per 3 months",A7034,,,Mask Brand,Airfit P30I,,,,,,,,,,,,,,,,
0F1-18QZM-AX7-I8,CPAP and BiLevel Resupply Package (Without F2F Documentation),B29-DBQ-BC3PJ-VA,PAP Mask,FALSE,71K-Y6E93-CG-Z5E,,"PAP Mask, Nasal Pillow, Resmed Airfit P10, Large, 1 per 3 months",A7034,,,,,,,,,,,,,,,,,Mask Brand,Resmed Airfit P10,,
0F1-18QZM-AX7-I8,CPAP and BiLevel Resupply Package (Without F2F Documentation),B29-DBQ-BC3PJ-VA,PAP Mask,FALSE,7GX-5LY-Q1Y1F-0R,,"PAP Mask, Nasal Pillow, Dreamwear, Large (MD Frame), 1 per 3 months",A7034,,,,,,,,,,,,,,,,,,,Mask Brand,Dreamwear
0F1-18QZM-AX7-I8,CPAP and BiLevel Resupply Package (Without F2F Documentation),B29-DBQ-BC3PJ-VA,PAP Mask,FALSE,7ZG-CNK-CSPMT-29,,"PAP Mask, Nasal Pillow, Resmed P30i",A7034,,,,,,,,,,,,,Mask Brand,Resmed P30i,,,,,,
0F1-18QZM-AX7-I8,CPAP and BiLevel Resupply Package (Without F2F Documentation),B29-DBQ-BC3PJ-VA,PAP Mask,FALSE,8AKDZ-IFJ9-C81BK,,"PAP Mask, Full Face, Dreamwear, Large (LG Frame), 1 per 3 months",A7030,,,Mask Brand,Dreamwear,,,,,,,,,,,,,,,,
0F1-18QZM-AX7-I8,CPAP and BiLevel Resupply Package (Without F2F Documentation),B29-DBQ-BC3PJ-VA,PAP Mask,FALSE,8L8-Z9-SYZN-5DLA,,"PAP Mask, Nasal Pillow, Airfit P30I, Large, 2 per 1 month",A7033,,,,,,,,,,,,,Mask Brand,Airfit P30I,,,,,,
0F1-18QZM-AX7-I8,CPAP and BiLevel Resupply Package (Without F2F Documentation),B29-DBQ-BC3PJ-VA,PAP Mask,FALSE,8SV6-Q6P3C-Q4-VM,,"PAP Mask, Nasal, Fisher & Paykel Eson, Medium, 1 per 3 months",A7034,,,,,Mask Brand,Fisher & Paykel Eson,,,,,,,,,,,,,,
0F1-18QZM-AX7-I8,CPAP and BiLevel Resupply Package (Without F2F Documentation),B29-DBQ-BC3PJ-VA,PAP Mask,FALSE,8U-7MCZ-AU7G-9YT,,"PAP Mask, Nasal, Resmed Mirage FX, Fit Upon Setup, 1 per 3 months",A7034,,,,,,,,,,,,,,,Mask Brand,Resmed Mirage FX,,,,
0F1-18QZM-AX7-I8,CPAP and BiLevel Resupply Package (Without F2F Documentation),B29-DBQ-BC3PJ-VA,PAP Mask,FALSE,8ZS-M5D-HQKFM-2E,,"PAP Mask, Fit to Comfort, Oral / Nasal Hybrid, 1 per 3 months",A7027,,,,,,,,,,,,,Mask Brand,Fit Upon Setup,,,,,,
0F1-18QZM-AX7-I8,CPAP and BiLevel Resupply Package (Without F2F Documentation),B29-DBQ-BC3PJ-VA,PAP Mask,FALSE,95BV-4G7T0-2JUKM,,"PAP Mask, Full Face, Resmed Airfit F20 for Her, Medium, 1 per 3 months",A7030,Mask Brand,Resmed Airfit F20 for Her,,,,,,,,,,,,,,,,,,
0F1-18QZM-AX7-I8,CPAP and BiLevel Resupply Package (Without F2F Documentation),B29-DBQ-BC3PJ-VA,PAP Mask,FALSE,97J-AB4-LKG6-FEJ,,"PAP Mask, Nasal Pillow, Airfit P30I, Medium, 2 per 1 month",A7033,,,,,,,,,,,,,,,Mask Brand,Airfit P30I,,,,
0F1-18QZM-AX7-I8,CPAP and BiLevel Resupply Package (Without F2F Documentation),B29-DBQ-BC3PJ-VA,PAP Mask,FALSE,980FC-YAMY-NMEPI,,"PAP Mask, Fit to Comfort, Nasal Pillow, 1 per 3 months",A7034,,,,,,,,,,,,,Mask Brand,Fit Upon Setup,,,,,,
0F1-18QZM-AX7-I8,CPAP and BiLevel Resupply Package (Without F2F Documentation),B29-DBQ-BC3PJ-VA,PAP Mask,FALSE,9G-PF5N8-E0DE-R2,,"PAP Mask, Full Face, Resmed Airfit F10, Medium, 1 per 3 months",A7030,,,Mask Brand,Resmed Airfit F10,,,,,,,,,,,,,,,,
0F1-18QZM-AX7-I8,CPAP and BiLevel Resupply Package (Without F2F Documentation),B29-DBQ-BC3PJ-VA,PAP Mask,FALSE,9M6D-PDBMJ-XEFZ4,,"PAP Mask, Nasal Pillow, Swift FX, Small, 2 per 1 month",A7033,Mask Brand,Swift FX,,,,,,,,,,,,,,,,,,
0F1-18QZM-AX7-I8,CPAP and BiLevel Resupply Package (Without F2F Documentation),B29-DBQ-BC3PJ-VA,PAP Mask,FALSE,9YFQ-KUZ-7B8E-XM,,"PAP Mask, Nasal Cushion, Resmed N30",A7034,,,,,,,,,,,Mask Brand,Resmed N30,,,,,,,,
0F1-18QZM-AX7-I8,CPAP and BiLevel Resupply Package (Without F2F Documentation),B29-DBQ-BC3PJ-VA,PAP Mask,FALSE,9YZ-MV0B9-MT4-9J,,"PAP Mask, Full Face, Fisher & Paykel Vitera, Large, 1 per 3 months",A7030,,,,,,,,,,,,,,,,,,,Mask Brand,Fisher & Paykel Vitera
0F1-18QZM-AX7-I8,CPAP and BiLevel Resupply Package (Without F2F Documentation),B29-DBQ-BC3PJ-VA,PAP Mask,FALSE,A5G-YA26-PHXU-Z7,,"PAP Mask, Nasal, Airtouch N20, Medium, 1 per 3 months",A7034,Mask Brand,Airtouch N20,,,,,,,,,,,,,,,,,,
0F1-18QZM-AX7-I8,CPAP and BiLevel Resupply Package (Without F2F Documentation),B29-DBQ-BC3PJ-VA,PAP Mask,FALSE,AS-TN-P6IB-I03K8,,"PAP Mask, Nasal, Wisp, Fit Upon Setup, 1 per 3 months",A7034,,,Mask Brand,Wisp,,,,,,,,,,,,,,,,
0F1-18QZM-AX7-I8,CPAP and BiLevel Resupply Package (Without F2F Documentation),B29-DBQ-BC3PJ-VA,PAP Mask,FALSE,BP95-KNQ9P-QX-T5,,"PAP Mask, Nasal Pillow, Fisher & Paykel Pilairo Q, Standard, 1 per 3 months",A7034,,,,,,,,,,,,,,,,,,,Mask Brand,Fisher & Paykel Pilairo Q
0F1-18QZM-AX7-I8,CPAP and BiLevel Resupply Package (Without F2F Documentation),B29-DBQ-BC3PJ-VA,PAP Mask,FALSE,BQK2-5GU-BZVZ-UT,,"PAP Mask, Nasal, Airfit N30I, Small, 1 per 3 months",A7034,,,,,,,Mask Brand,Airfit N30I,,,,,,,,,,,,
0F1-18QZM-AX7-I8,CPAP and BiLevel Resupply Package (Without F2F Documentation),B29-DBQ-BC3PJ-VA,PAP Mask,FALSE,BX1-7H3N-GU-UE80,,"PAP Mask, Full Face, Resmed Quattro, Small, 1 per 3 months",A7030,,,,,,,,,,,Mask Brand,Resmed Quattro,,,,,,,,
0F1-18QZM-AX7-I8,CPAP and BiLevel Resupply Package (Without F2F Documentation),B29-DBQ-BC3PJ-VA,PAP Mask,FALSE,C4PX7-E6-URS-1U2,,"PAP Mask, Nasal, Other Brand, N/A, 1 per 3 months",A7034,,,Mask Brand,Other,,,,,,,,,,,,,,,,
0F1-18QZM-AX7-I8,CPAP and BiLevel Resupply Package (Without F2F Documentation),B29-DBQ-BC3PJ-VA,PAP Mask,FALSE,CD0J-GK-UH-GTGEV,,"PAP Mask, Nasal, Resmed Airfit N20, Small, 1 per 3 months",A7034,,,,,,,,,,,,,,,,,,,Mask Brand,Resmed Airfit N20
0F1-18QZM-AX7-I8,CPAP and BiLevel Resupply Package (Without F2F Documentation),B29-DBQ-BC3PJ-VA,PAP Mask,FALSE,CH-GS-TLH-DS1-N6,,"PAP Mask, Nasal Pillow, Dreamwear Pillows, Fit Upon Setup, 1 per 3 months",A7033,,,,,,,,,,,Mask Brand,Dreamwear Pillows,,,,,,,,
0F1-18QZM-AX7-I8,CPAP and BiLevel Resupply Package (Without F2F Documentation),B29-DBQ-BC3PJ-VA,PAP Mask,FALSE,CI3G-GN-B35P-9I9,,"PAP Mask, Oral, Fit Upon Setup, N/A, 1 per 3 months",A7044,,,,,,,,,,,,,Mask Brand,Fit Upon Setup,,,,,,
0F1-18QZM-AX7-I8,CPAP and BiLevel Resupply Package (Without F2F Documentation),B29-DBQ-BC3PJ-VA,PAP Mask,FALSE,CKH-454CH-CKB-SC,,"PAP Mask, Nasal, Airfit N30I, Medium, 1 per 3 months",A7034,,,,,,,,,,,Mask Brand,Airfit N30I,,,,,,,,
0F1-18QZM-AX7-I8,CPAP and BiLevel Resupply Package (Without F2F Documentation),B29-DBQ-BC3PJ-VA,PAP Mask,FALSE,D38D2-HMJT-QN-YA,,"PAP Mask, Full Face, Airfit F30I, Fit Upon Setup, 1 per 3 months",A7030,,,,,Mask Brand,Airfit F30I,,,,,,,,,,,,,,
0F1-18QZM-AX7-I8,CPAP and BiLevel Resupply Package (Without F2F Documentation),B29-DBQ-BC3PJ-VA,PAP Mask,FALSE,D9-UT-TQ-6CT-3NI,,"PAP Mask, Full Face, Amara Gel, Small, 1 per 3 months",A7030,,,,,,,,,Mask Brand,Amara Gel,,,,,,,,,,
0F1-18QZM-AX7-I8,CPAP and BiLevel Resupply Package (Without F2F Documentation),B29-DBQ-BC3PJ-VA,PAP Mask,FALSE,DFH-ZLE-U3F-VNYF,,"PAP Mask, Nasal, Respironics ComfortGel Blue, Large, 1 per 3 months",A7034,,,,,,,,,,,,,,,Mask Brand,Respironics ComfortGel Blue,,,,
0F1-18QZM-AX7-I8,CPAP and BiLevel Resupply Package (Without F2F Documentation),B29-DBQ-BC3PJ-VA,PAP Mask,FALSE,DK626-NDJ3-F1-XF,,"PAP Mask, Nasal, Dreamwear, Large (MD Frame), 1 per 3 months",A7034,,,,,,,,,,,,,,,,,Mask Brand,Dreamwear,,
0F1-18QZM-AX7-I8,CPAP and BiLevel Resupply Package (Without F2F Documentation),B29-DBQ-BC3PJ-VA,PAP Mask,FALSE,DXP45-Z2D-LRN-7C,,"PAP Mask, Nasal, Dreamwear, Medium (LG Frame), 1 per 3 months",A7034,,,Mask Brand,Dreamwear,,,,,,,,,,,,,,,,
0F1-18QZM-AX7-I8,CPAP and BiLevel Resupply Package (Without F2F Documentation),B29-DBQ-BC3PJ-VA,PAP Mask,FALSE,E1NP-5NXZ1-7LIN3,,"PAP Mask, Full Face, Dreamwear, Large (MD Frame), 1 per 3 months",A7030,Mask Brand,Dreamwear,,,,,,,,,,,,,,,,,,
0F1-18QZM-AX7-I8,CPAP and BiLevel Resupply Package (Without F2F Documentation),B29-DBQ-BC3PJ-VA,PAP Mask,FALSE,E7Q-NXQ5-FCIK-1J,,"PAP Mask, Nasal Cushion, Respironics Dreamwear",A7034,,,,,,,,,Mask Brand,Respironics Dreamwear,,,,,,,,,,
0F1-18QZM-AX7-I8,CPAP and BiLevel Resupply Package (Without F2F Documentation),B29-DBQ-BC3PJ-VA,PAP Mask,FALSE,E8M-UZA6-VAB-QFA,,"PAP Mask, Full Face, Fisher & Paykel Vitera",A7030,,,,,,,,,,,,,Mask Brand,Fisher & Paykel Vitera,,,,,,
0F1-18QZM-AX7-I8,CPAP and BiLevel Resupply Package (Without F2F Documentation),B29-DBQ-BC3PJ-VA,PAP Mask,FALSE,E9-BIY-CAR06-VX6,,"PAP Mask, Nasal Pillow, Nuance Gel, Large, 2 per 1 month",A7033,,,,,,,,,,,Mask Brand,Nuance Gel,,,,,,,,
0F1-18QZM-AX7-I8,CPAP and BiLevel Resupply Package (Without F2F Documentation),B29-DBQ-BC3PJ-VA,PAP Mask,FALSE,EGF0-Z2-IDS7V-6D,,"PAP Mask, Nasal Pillow, Respironics Dreamwear Silicone",A7034,,,,,,,,,Mask Brand,Respironics Dreamwear Silicone,,,,,,,,,,
0F1-18QZM-AX7-I8,CPAP and BiLevel Resupply Package (Without F2F Documentation),B29-DBQ-BC3PJ-VA,PAP Mask,FALSE,ENXVE-NAC-B4C-DK,,"PAP Mask, Full Face, AirFit F20, Fit Upon Setup, 1 per 3 months",A7030,,,,,Mask Brand,AirFit F20,,,,,,,,,,,,,,
0F1-18QZM-AX7-I8,CPAP and BiLevel Resupply Package (Without F2F Documentation),B29-DBQ-BC3PJ-VA,PAP Mask,FALSE,EP-NV-7J5YJ-1QPJ,,"PAP Mask, Fit to Comfort, 1 per 3 months.",MASK,Mask Brand,Fit Upon Setup,,,,,,,,,,,,,,,,,,
0F1-18QZM-AX7-I8,CPAP and BiLevel Resupply Package (Without F2F Documentation),B29-DBQ-BC3PJ-VA,PAP Mask,FALSE,EQC-U0-6RM-LN-GH,,"PAP Mask, Full Face, Airfit F30, Fit Upon Setup, 1 per 3 months",A7030,,,,,,,,,Mask Brand,Airfit F30,,,,,,,,,,
0F1-18QZM-AX7-I8,CPAP and BiLevel Resupply Package (Without F2F Documentation),B29-DBQ-BC3PJ-VA,PAP Mask,FALSE,EXSTH-FIJ-GJ9-UC,,"PAP Mask, Nasal Cushion, Resmed N30i",A7034,,,Mask Brand,Resmed N30i,,,,,,,,,,,,,,,,
0F1-18QZM-AX7-I8,CPAP and BiLevel Resupply Package (Without F2F Documentation),B29-DBQ-BC3PJ-VA,PAP Mask,FALSE,F84P-X7-ME89-8P1,,"PAP Mask, Nasal Pillow, Fisher & Paykel Brevida",A7034,,,,,,,,,,,,,,,Mask Brand,Fisher & Paykel Brevida,,,,
0F1-18QZM-AX7-I8,CPAP and BiLevel Resupply Package (Without F2F Documentation),B29-DBQ-BC3PJ-VA,PAP Mask,FALSE,G4D2B-V5Q4A-57IF,,"PAP Mask, Full Face, Other Brand, N/A, 1 per 3 months",A7030,,,,,,,,,,,,,,,,,Mask Brand,Other,,
0F1-18QZM-AX7-I8,CPAP and BiLevel Resupply Package (Without F2F Documentation),B29-DBQ-BC3PJ-VA,PAP Mask,FALSE,GAHB0-EZ-37-LEKL,,"PAP Mask, Nasal Pillow, Airfit P10, Large, 2 per 1 month",A7033,,,,,,,,,,,Mask Brand,AirFit P10,,,,,,,,
0F1-18QZM-AX7-I8,CPAP and BiLevel Resupply Package (Without F2F Documentation),B29-DBQ-BC3PJ-VA,PAP Mask,FALSE,GX7-8IJ3-UPB2-2P,,"PAP Mask, Full Face, Fisher & Paykel Simplus, Large, 1 per 3 months",A7030,,,,,,,,,,,,,,,,,,,Mask Brand,Fisher & Paykel Simplus
0F1-18QZM-AX7-I8,CPAP and BiLevel Resupply Package (Without F2F Documentation),B29-DBQ-BC3PJ-VA,PAP Mask,FALSE,GY4-NLY-148F8-46,,"PAP Mask, Nasal, Airtouch F20 for Her, 1 per 3 months",A7034,,,,,,,,,,,Mask Brand,Airtouch F20 for Her,,,,,,,,
0F1-18QZM-AX7-I8,CPAP and BiLevel Resupply Package (Without F2F Documentation),B29-DBQ-BC3PJ-VA,PAP Mask,FALSE,H0GHK-A5C3-2M-F8,,"PAP Mask, Full Face, Resmed Quattro FX, Small, 1 per 3 months",A7030,,,,,,,,,,,,,,,,,Mask Brand,Resmed Quattro FX,,
0F1-18QZM-AX7-I8,CPAP and BiLevel Resupply Package (Without F2F Documentation),B29-DBQ-BC3PJ-VA,PAP Mask,FALSE,I2PTE-Q68X3-BNDX,,"PAP Mask, Nasal Pillow, Resmed Swift FX, Complete, 1 per 3 months",A7034,,,,,,,,,,,,,Mask Brand,Resmed Swift FX,,,,,,
0F1-18QZM-AX7-I8,CPAP and BiLevel Resupply Package (Without F2F Documentation),B29-DBQ-BC3PJ-VA,PAP Mask,FALSE,I7CMF-AE-6DXE-2J,,"PAP Mask, Full Face, Airtouch F20, Fit Upon Setup, 1 per 3 months",A7030,Mask Brand,Airtouch F20,,,,,,,,,,,,,,,,,,
0F1-18QZM-AX7-I8,CPAP and BiLevel Resupply Package (Without F2F Documentation),B29-DBQ-BC3PJ-VA,PAP Mask,FALSE,IA-M932P-P0-BV4D,,"PAP Mask, Full Face, Resmed Airfit F20, Medium, 1 per 3 months",A7030,Mask Brand,Resmed Airfit F20,,,,,,,,,,,,,,,,,,
0F1-18QZM-AX7-I8,CPAP and BiLevel Resupply Package (Without F2F Documentation),B29-DBQ-BC3PJ-VA,PAP Mask,FALSE,IFVB-CYI-S6Q-7AQ,,"PAP Mask, Nasal Pillow, Airfit P10, Small, 2 per 1 month",A7033,,,,,Mask Brand,AirFit P10,,,,,,,,,,,,,,
0F1-18QZM-AX7-I8,CPAP and BiLevel Resupply Package (Without F2F Documentation),B29-DBQ-BC3PJ-VA,PAP Mask,FALSE,J8-B6NL-3BQLY-CH,,"PAP Mask, Full Face, Resmed Airtouch F20, Large, 1 per 3 months",A7030,,,,,,,Mask Brand,Resmed Airtouch F20,,,,,,,,,,,,
0F1-18QZM-AX7-I8,CPAP and BiLevel Resupply Package (Without F2F Documentation),B29-DBQ-BC3PJ-VA,PAP Mask,FALSE,JNAU4-X0RKE-RPJ8,,"PAP Mask, Nasal, Fit Upon Setup, N/A, 1 per 3 months",A7034,,,,,,,,,,,,,Mask Brand,Fit Upon Setup,,,,,,
0F1-18QZM-AX7-I8,CPAP and BiLevel Resupply Package (Without F2F Documentation),B29-DBQ-BC3PJ-VA,PAP Mask,FALSE,JNPAN-2X-MS47-8B,,"PAP Mask, Nasal Pillow, Dreamwear, Small (LG Frame), 1 per 3 months",A7034,,,,,,,,,,,,,,,,,,,Mask Brand,Dreamwear
0F1-18QZM-AX7-I8,CPAP and BiLevel Resupply Package (Without F2F Documentation),B29-DBQ-BC3PJ-VA,PAP Mask,FALSE,K15PK-QT-EN-58BK,,"PAP Mask, Full Face, Dreamwear Full, Fit Upon Setup, 1 per 3 months",A7030,,,,,,,,,,,,,,,Mask Brand,Dreamwear Full,,,,
0F1-18QZM-AX7-I8,CPAP and BiLevel Resupply Package (Without F2F Documentation),B29-DBQ-BC3PJ-VA,PAP Mask,FALSE,KRLQ5-8V-0I0J-X9,,"PAP Mask, Fit to Comfort, Nasal, 1 per 3 months",A7034,,,,,,,,,,,,,,,,,,,Mask Brand,Fit Upon Setup
0F1-18QZM-AX7-I8,CPAP and BiLevel Resupply Package (Without F2F Documentation),B29-DBQ-BC3PJ-VA,PAP Mask,FALSE,KX0E-LFRX-K42-MH,,"PAP Mask, Full Face, Amara Gel, Petite, 1 per 3 months",A7030,,,,,,,,,,,,,,,,,,,Mask Brand,Amara Gel
0F1-18QZM-AX7-I8,CPAP and BiLevel Resupply Package (Without F2F Documentation),B29-DBQ-BC3PJ-VA,PAP Mask,FALSE,KXENF-0N-8S6C-AJ,,"PAP Mask, Full Face, Airfit F30I, Small, 1 per 3 months",A7030,,,,,,,,,,,,,,,,,Mask Brand,Airfit F30I,,
0F1-18QZM-AX7-I8,CPAP and BiLevel Resupply Package (Without F2F Documentation),B29-DBQ-BC3PJ-VA,PAP Mask,FALSE,L06Y-BL3P-BP-L7J,,"PAP Mask, Nasal, Airfit N30, Fit Upon Setup, 1 per 3 months",A7034,,,,,,,Mask Brand,Airfit N30,,,,,,,,,,,,
0F1-18QZM-AX7-I8,CPAP and BiLevel Resupply Package (Without F2F Documentation),B29-DBQ-BC3PJ-VA,PAP Mask,FALSE,L730-SE-A51YQ-3L,,"PAP Mask, Fit to Comfort, 1 per 3 months",MASK,,,,,,,,,Mask Brand,Fit Upon Setup,,,,,,,,,,
0F1-18QZM-AX7-I8,CPAP and BiLevel Resupply Package (Without F2F Documentation),B29-DBQ-BC3PJ-VA,PAP Mask,FALSE,LA-M9J8-RL6C5-VU,,"PAP Mask, Full Face, Dreamwear, Medium (LG Frame), 1 per 3 months",A7030,,,,,,,,,,,Mask Brand,Dreamwear,,,,,,,,
0F1-18QZM-AX7-I8,CPAP and BiLevel Resupply Package (Without F2F Documentation),B29-DBQ-BC3PJ-VA,PAP Mask,FALSE,LCLIE-9V0IF-E03L,,"PAP Mask, Full Face, Resmed F30",A7030,,,,,,,,,,,,,,,,,,,Mask Brand,Resmed F30
0F1-18QZM-AX7-I8,CPAP and BiLevel Resupply Package (Without F2F Documentation),B29-DBQ-BC3PJ-VA,PAP Mask,FALSE,LJX-YC-85PM2-TSM,,"PAP Mask, Full Face, Respironics Dreamwear",A7030,Mask Brand,Respironics Dreamwear,,,,,,,,,,,,,,,,,,
0F1-18QZM-AX7-I8,CPAP and BiLevel Resupply Package (Without F2F Documentation),B29-DBQ-BC3PJ-VA,PAP Mask,FALSE,LNEQ-83-BDL84-53,,"PAP Mask, Nasal, Airfit N30I, Small-Wide, 1 per 3 months",A7034,,,,,,,,,,,,,,,Mask Brand,Airfit N30I,,,,
0F1-18QZM-AX7-I8,CPAP and BiLevel Resupply Package (Without F2F Documentation),B29-DBQ-BC3PJ-VA,PAP Mask,FALSE,LXI-ZY3U1-DV0-ZA,,"PAP Mask, Nasal, Dreamwear, Small (SM Frame), 1 per 3 months",A7034,Mask Brand,Dreamwear,,,,,,,,,,,,,,,,,,
0F1-18QZM-AX7-I8,CPAP and BiLevel Resupply Package (Without F2F Documentation),B29-DBQ-BC3PJ-VA,PAP Mask,FALSE,LXN3N-03Q-KN0-L8,,"PAP Mask, Full Face, Fisher & Paykel Simplus, Small, 1 per 3 months",A7030,,,Mask Brand,Fisher & Paykel Simplus,,,,,,,,,,,,,,,,
0F1-18QZM-AX7-I8,CPAP and BiLevel Resupply Package (Without F2F Documentation),B29-DBQ-BC3PJ-VA,PAP Mask,FALSE,M1LED-NKH79-7BYL,,"PAP Mask, Nasal, Airtouch N20, Large, 1 per 3 months",A7034,,,,,,,,,,,Mask Brand,Airtouch N20,,,,,,,,
0F1-18QZM-AX7-I8,CPAP and BiLevel Resupply Package (Without F2F Documentation),B29-DBQ-BC3PJ-VA,PAP Mask,FALSE,MA4-HKD8-S4IK-UC,,"PAP Mask, Nasal Pillow, Resmed Airfit P10, Small, 1 per 3 months",A7034,,,,,,,,,,,Mask Brand,Resmed Airfit P10,,,,,,,,
0F1-18QZM-AX7-I8,CPAP and BiLevel Resupply Package (Without F2F Documentation),B29-DBQ-BC3PJ-VA,PAP Mask,FALSE,MQK-RLS5-QKG-L7K,,"PAP Mask, Nasal, Dreamwear, Small (LG Frame), 1 per 3 months",A7034,,,,,,,,,,,,,,,,,,,Mask Brand,Dreamwear
0F1-18QZM-AX7-I8,CPAP and BiLevel Resupply Package (Without F2F Documentation),B29-DBQ-BC3PJ-VA,PAP Mask,FALSE,NH-N9P7-0SX-7B67,,"PAP Mask, Nasal, Dreamwear, Large (LG Frame), 1 per 3 months",A7034,,,,,,,,,Mask Brand,Dreamwear,,,,,,,,,,
0F1-18QZM-AX7-I8,CPAP and BiLevel Resupply Package (Without F2F Documentation),B29-DBQ-BC3PJ-VA,PAP Mask,FALSE,NL28E-UR-L7-S09A,,"PAP Mask, Full Face, Resmed Quattro Air, Medium, 1 per 3 months",A7030,Mask Brand,Resmed Quattro Air,,,,,,,,,,,,,,,,,,
0F1-18QZM-AX7-I8,CPAP and BiLevel Resupply Package (Without F2F Documentation),B29-DBQ-BC3PJ-VA,PAP Mask,FALSE,P0-FSF-T01K-0TD2,,"PAP Mask, Nasal Cushion, Respironics Wisp Pediatric",A7034,,,,,,,,,,,,,,,,,Mask Brand,Respironics Wisp Pediatric,,
0F1-18QZM-AX7-I8,CPAP and BiLevel Resupply Package (Without F2F Documentation),B29-DBQ-BC3PJ-VA,PAP Mask,FALSE,P6PR-N9PC-GU-U5V,,"PAP Mask, Full Face, Respironics Amara View, Medium, 1 per 3 months",A7030,,,,,,,,,,,,,,,Mask Brand,Respironics Amara View,,,,
0F1-18QZM-AX7-I8,CPAP and BiLevel Resupply Package (Without F2F Documentation),B29-DBQ-BC3PJ-VA,PAP Mask,FALSE,PB1DE-4T-G0CS-JE,,"PAP Mask, Full Face, Dreamwear, Medium (MD Frame), 1 per 3 months",A7030,,,,,,,,,,,,,,,,,,,Mask Brand,Dreamwear
0F1-18QZM-AX7-I8,CPAP and BiLevel Resupply Package (Without F2F Documentation),B29-DBQ-BC3PJ-VA,PAP Mask,FALSE,PF-80S-59CN-9ZRF,,"PAP Mask, Full Face, Resmed Quattro, Medium, 1 per 3 months",A7030,Mask Brand,Resmed Quattro,,,,,,,,,,,,,,,,,,
0F1-18QZM-AX7-I8,CPAP and BiLevel Resupply Package (Without F2F Documentation),B29-DBQ-BC3PJ-VA,PAP Mask,FALSE,PNGE-3RPCL-L915D,,"PAP Mask, Full Face, Resmed Airfit F10, Small, 1 per 3 months",A7030,,,,,,,,,,,,,,,,,Mask Brand,Resmed Airfit F10,,
0F1-18QZM-AX7-I8,CPAP and BiLevel Resupply Package (Without F2F Documentation),B29-DBQ-BC3PJ-VA,PAP Mask,FALSE,RA-MT-XZF6-CY-K6,,"PAP Mask, Full Face, Airfit F30I, Large, 1 per 3 months",A7030,,,,,,,,,,,Mask Brand,Airfit F30I,,,,,,,,
0F1-18QZM-AX7-I8,CPAP and BiLevel Resupply Package (Without F2F Documentation),B29-DBQ-BC3PJ-VA,PAP Mask,FALSE,RBM0-DLJ-MR-KVYQ,,"PAP Mask, Nasal, Dreamwear, Medium (MD Frame), 1 per 3 months",A7034,,,,,Mask Brand,Dreamwear,,,,,,,,,,,,,,
0F1-18QZM-AX7-I8,CPAP and BiLevel Resupply Package (Without F2F Documentation),B29-DBQ-BC3PJ-VA,PAP Mask,FALSE,SI-JE2-X8-K1-VRD,,"PAP Mask, Full Face, Resmed Airfit F20, Large, 1 per 3 months",A7030,Mask Brand,Resmed Airfit F20,,,,,,,,,,,,,,,,,,
0F1-18QZM-AX7-I8,CPAP and BiLevel Resupply Package (Without F2F Documentation),B29-DBQ-BC3PJ-VA,PAP Mask,FALSE,SLE-BL-A8CD-5TET,,"PAP Mask, Full Face, Fisher & Paykel Simplus, Medium, 1 per 3 months",A7030,,,,,,,,,,,Mask Brand,Fisher & Paykel Simplus,,,,,,,,
0F1-18QZM-AX7-I8,CPAP and BiLevel Resupply Package (Without F2F Documentation),B29-DBQ-BC3PJ-VA,PAP Mask,FALSE,SX-Y8PKY-LU57-U5,,"PAP Mask, Nasal, Resmed Activa, Standard, 1 per 3 months",A7034,,,,,,,,,,,,,,,,,Mask Brand,Resmed Activa,,
0F1-18QZM-AX7-I8,CPAP and BiLevel Resupply Package (Without F2F Documentation),B29-DBQ-BC3PJ-VA,PAP Mask,FALSE,SXE3I-RC2-9EU-PL,,"PAP Mask, Full Face, Respironics Amara View, Large, 1 per 3 months",A7030,,,,,,,Mask Brand,Respironics Amara View,,,,,,,,,,,,
0F1-18QZM-AX7-I8,CPAP and BiLevel Resupply Package (Without F2F Documentation),B29-DBQ-BC3PJ-VA,PAP Mask,FALSE,T14-NJM-PJADQ-MF,,"PAP Mask, Nasal Pillow, Dreamwear, Large (LG Frame), 1 per 3 months",A7034,,,,,,,,,,,,,,,,,,,Mask Brand,Dreamwear
0F1-18QZM-AX7-I8,CPAP and BiLevel Resupply Package (Without F2F Documentation),B29-DBQ-BC3PJ-VA,PAP Mask,FALSE,T7KVR-JA86M-H5A9,,"PAP Mask, Nasal, Respironics Pico, S/M/L/XL (fitpack), 1 per 3 months",A7034,,,,,,,,,,,,,Mask Brand,Respironics Pico,,,,,,
0F1-18QZM-AX7-I8,CPAP and BiLevel Resupply Package (Without F2F Documentation),B29-DBQ-BC3PJ-VA,PAP Mask,FALSE,T9Z-DF6A-VGH1-UR,,"PAP Mask, Nasal Pillow, Respironics Nuance Gel, Complete, 1 per 3 months",A7034,Mask Brand,Respironics Nuance Gel,,,,,,,,,,,,,,,,,,
0F1-18QZM-AX7-I8,CPAP and BiLevel Resupply Package (Without F2F Documentation),B29-DBQ-BC3PJ-VA,PAP Mask,FALSE,TD-PBJFG-CA-2IY9,,"PAP Mask, Nasal, Dreamwear, Large (SM Frame), 1 per 3 months.",A7034,,,Mask Brand,Dreamwear,,,,,,,,,,,,,,,,
0F1-18QZM-AX7-I8,CPAP and BiLevel Resupply Package (Without F2F Documentation),B29-DBQ-BC3PJ-VA,PAP Mask,FALSE,TF5R-YHY4V-B8S5G,,"PAP Mask, Full Face, Fisher & Paykel Simplus, Fit Upon Setup, 1 per 3 months",A7030,,,Mask Brand,Fisher & Paykel Simplus,,,,,,,,,,,,,,,,
0F1-18QZM-AX7-I8,CPAP and BiLevel Resupply Package (Without F2F Documentation),B29-DBQ-BC3PJ-VA,PAP Mask,FALSE,TH-IBM-JA-VL-840,,"PAP Mask, Nasal, Dreamwear, Fit Upon Setup, 1 per 3 months",A7034,,,,,,,,,,,,,,,,,,,Mask Brand,Dreamwear
0F1-18QZM-AX7-I8,CPAP and BiLevel Resupply Package (Without F2F Documentation),B29-DBQ-BC3PJ-VA,PAP Mask,FALSE,TK-J5A4-AB7G-MN2,,"PAP Mask, Fit to Comfort, 1 per 3 months.",A7034,,,,,,,,,,,,,,,Mask Brand,Fit Upon Setup,,,,
0F1-18QZM-AX7-I8,CPAP and BiLevel Resupply Package (Without F2F Documentation),B29-DBQ-BC3PJ-VA,PAP Mask,FALSE,TK-NS9F2-7T8D-EM,,"PAP Mask, Nasal Pillow, Airfit P30I, Fit Upon Setup, 2 per 1 month",A7033,Mask Brand,Airfit P30I,,,,,,,,,,,,,,,,,,
0F1-18QZM-AX7-I8,CPAP and BiLevel Resupply Package (Without F2F Documentation),B29-DBQ-BC3PJ-VA,PAP Mask,FALSE,TLDUT-0EP0-M90C1,,"PAP Mask, Nasal Cushion, Respironics Dreamwisp",A7034,,,,,,,,,,,,,,,,,Mask Brand,Respironics Dreamwisp,,
0F1-18QZM-AX7-I8,CPAP and BiLevel Resupply Package (Without F2F Documentation),B29-DBQ-BC3PJ-VA,PAP Mask,FALSE,TUIC4-D813Y-YJ17,,"PAP Mask, Full Face, Dreamwear, Small (MD Frame), 1 per 3 months",A7030,,,,,,,,,Mask Brand,Dreamwear,,,,,,,,,,
0F1-18QZM-AX7-I8,CPAP and BiLevel Resupply Package (Without F2F Documentation),B29-DBQ-BC3PJ-VA,PAP Mask,FALSE,TYSC-8M-IFR0U-NX,,"PAP Mask, Full Face, Resmed F30i",A7030,Mask Brand,Resmed F30i,,,,,,,,,,,,,,,,,,
0F1-18QZM-AX7-I8,CPAP and BiLevel Resupply Package (Without F2F Documentation),B29-DBQ-BC3PJ-VA,PAP Mask,FALSE,UAPQ-2G-493P-F5C,,"PAP Mask, Nasal, Dreamwear, Medium Wide (LG Frame), 1 per 3 months",A7034,,,,,,,,,,,,,,,Mask Brand,Dreamwear,,,,
0F1-18QZM-AX7-I8,CPAP and BiLevel Resupply Package (Without F2F Documentation),B29-DBQ-BC3PJ-VA,PAP Mask,FALSE,UEZM-SAJAC-J8F7L,,"PAP Mask, Full Face, Airfit F30I, Wide, 1 per 3 months",A7030,,,,,,,,,,,,,,,,,,,Mask Brand,Airfit F30I
0F1-18QZM-AX7-I8,CPAP and BiLevel Resupply Package (Without F2F Documentation),B29-DBQ-BC3PJ-VA,PAP Mask,FALSE,UJ59H-2I-6YC-SR6,,"PAP Mask, Nasal Cushion, Resmed Pixi Pediatric",A7034,,,,,Mask Brand,Resmed Pixi Pediatric,,,,,,,,,,,,,,
0F1-18QZM-AX7-I8,CPAP and BiLevel Resupply Package (Without F2F Documentation),B29-DBQ-BC3PJ-VA,PAP Mask,FALSE,URE3V-ZEP-8UX-MQ,,"PAP Mask, Nasal, Respironics ComfortGel Blue, Medium, 1 per 3 months",A7034,Mask Brand,Respironics ComfortGel Blue,,,,,,,,,,,,,,,,,,
0F1-18QZM-AX7-I8,CPAP and BiLevel Resupply Package (Without F2F Documentation),B29-DBQ-BC3PJ-VA,PAP Mask,FALSE,UTBPG-KJ-KL8-TQ0,,"PAP Mask, Full Face, Resmed Airfit F20 for Her, Small, 1 per 3 months",A7030,,,,,,,,,,,,,,,,,,,Mask Brand,Resmed Airfit F20 for Her
0F1-18QZM-AX7-I8,CPAP and BiLevel Resupply Package (Without F2F Documentation),B29-DBQ-BC3PJ-VA,PAP Mask,FALSE,UX-APBHG-8PV-DCB,,"PAP Mask, Full Face, Fit Upon Setup, N/A, 1 per 3 months",A7030,Mask Brand,Fit Upon Setup,,,,,,,,,,,,,,,,,,
0F1-18QZM-AX7-I8,CPAP and BiLevel Resupply Package (Without F2F Documentation),B29-DBQ-BC3PJ-VA,PAP Mask,FALSE,UY-KQC-BR-3Q-HG0,,"PAP Mask, Nasal Pillow, Dreamwear, Medium (MD Frame), 1 per 3 months",A7034,,,,,,,,,,,,,,,,,,,Mask Brand,Dreamwear
0F1-18QZM-AX7-I8,CPAP and BiLevel Resupply Package (Without F2F Documentation),B29-DBQ-BC3PJ-VA,PAP Mask,FALSE,V30C-K7V-ZN79-JI,,"PAP Mask, Nasal, Respironics Wisp Clear, 1 per 3 months",A7034,Mask Brand,Respironics Wisp Clear,,,,,,,,,,,,,,,,,,
0F1-18QZM-AX7-I8,CPAP and BiLevel Resupply Package (Without F2F Documentation),B29-DBQ-BC3PJ-VA,PAP Mask,FALSE,V98-9XGX-V1U-75F,,"PAP Mask, Nasal, Respironics Nuance Pro Gel, Standard, 1 per 3 months",A7034,,,,,,,,,,,,,,,Mask Brand,Respironics Nuance Pro Gel,,,,
0F1-18QZM-AX7-I8,CPAP and BiLevel Resupply Package (Without F2F Documentation),B29-DBQ-BC3PJ-VA,PAP Mask,FALSE,VDU2V-GICV-UM-P9,,"PAP Mask, Nasal Pillow, Swift FX Bella, For Her, 1 per 3 months",A7033,,,,,,,,,,,,,Mask Brand,Swift FX Bella,,,,,,
0F1-18QZM-AX7-I8,CPAP and BiLevel Resupply Package (Without F2F Documentation),B29-DBQ-BC3PJ-VA,PAP Mask,FALSE,VY-KBIM-HDT08-73,,"PAP Mask, Nasal, Fisher & Paykel Brevida, Fit Upon Setup, 1 per 3 months",A7034,,,,,,,,,,,,,Mask Brand,Fisher & Paykel Brevida,,,,,,
0F1-18QZM-AX7-I8,CPAP and BiLevel Resupply Package (Without F2F Documentation),B29-DBQ-BC3PJ-VA,PAP Mask,FALSE,X0T-CUI7L-A5T-L5,,"PAP Mask, Nasal Pillow, Resmed Swift FX for Her, Complete, 1 per 3 months",A7034,,,Mask Brand,Resmed Swift FX for Her,,,,,,,,,,,,,,,,
0F1-18QZM-AX7-I8,CPAP and BiLevel Resupply Package (Without F2F Documentation),B29-DBQ-BC3PJ-VA,PAP Mask,FALSE,XTPXG-YEQ-1Y-MUC,,"PAP Mask, Nasal Cushion, Fisher & Paykel Evora",A7034,,,,,,,,,,,,,,,,,Mask Brand,Fisher & Paykel Evora Nasal,,
0F1-18QZM-AX7-I8,CPAP and BiLevel Resupply Package (Without F2F Documentation),B29-DBQ-BC3PJ-VA,PAP Mask,FALSE,XY-KQXHV-4R-9V76,,"PAP Mask, Full Face, Airfit F30I, Standard, 1 per 3 months",A7030,,,,,,,,,,,,,Mask Brand,Airfit F30I,,,,,,
0F1-18QZM-AX7-I8,CPAP and BiLevel Resupply Package (Without F2F Documentation),B29-DBQ-BC3PJ-VA,PAP Mask,FALSE,Y2-PHVF-AU5GS-FZ,,"PAP Mask, Full Face, Resmed Airtouch F20, Small, 1 per 3 months",A7030,Mask Brand,Resmed Airtouch F20,,,,,,,,,,,,,,,,,,
0F1-18QZM-AX7-I8,CPAP and BiLevel Resupply Package (Without F2F Documentation),B29-DBQ-BC3PJ-VA,PAP Mask,FALSE,Z1R-PZ-HZQJH-1UD,,"PAP Mask, Nasal, Dreamwear, Small (MD Frame), 1 per 3 months",A7034,,,Mask Brand,Dreamwear,,,,,,,,,,,,,,,,
0F1-18QZM-AX7-I8,CPAP and BiLevel Resupply Package (Without F2F Documentation),B29-DBQ-BC3PJ-VA,PAP Mask,FALSE,ZEZK-N73-RV0-XZP,,"PAP Mask, Full Face, Resmed Airtouch F20, Medium, 1 per 3 months",A7030,,,Mask Brand,Resmed Airtouch F20,,,,,,,,,,,,,,,,
0F1-18QZM-AX7-I8,CPAP and BiLevel Resupply Package (Without F2F Documentation),B29-DBQ-BC3PJ-VA,PAP Mask,FALSE,ZGIJ-ASYP-8FU-ZT,,"PAP Mask, Full Face, Amara Gel, Large, 1 per 3 months",A7030,,,,,Mask Brand,Amara Gel,,,,,,,,,,,,,,
0F1-18QZM-AX7-I8,CPAP and BiLevel Resupply Package (Without F2F Documentation),B29-DBQ-BC3PJ-VA,PAP Mask,FALSE,ZL-90J-5KH17-YMI,,"PAP Mask, Nasal Pillow, Dreamwear, Medium (LG Frame), 1 per 3 months",A7034,,,Mask Brand,Dreamwear,,,,,,,,,,,,,,,,
0F1-18QZM-AX7-I8,CPAP and BiLevel Resupply Package (Without F2F Documentation),B29-DBQ-BC3PJ-VA,PAP Mask,FALSE,ZTQZ-17FIL-RB-18,,"PAP Mask, Nasal, Respironics ComfortGel Blue, Petite, 1 per 3 months",A7034,,,,,,,Mask Brand,Respironics ComfortGel Blue,,,,,,,,,,,,
0F1-18QZM-AX7-I8,CPAP and BiLevel Resupply Package (Without F2F Documentation),B29-DBQ-BC3PJ-VA,PAP Mask,FALSE,ZV-8PBRY-EDF9-KU,,"PAP Mask, Full Face, Resmed Quattro FX, Medium, 1 per 3 months",A7030,,,,,,,,,,,,,,,,,Mask Brand,Resmed Quattro FX,,
0F1-18QZM-AX7-I8,CPAP and BiLevel Resupply Package (Without F2F Documentation),CE-JR6N8-IGRN-ZR,CPAP and BiLevel Resupply Package,TRUE,4CBMV-8KTEG-3EQ3,,"CPAP and BiLevel Resupply Package, Nasal",RESUPPLY,Mask Frame,Nasal,,,,,,,,,,,,,,,,,,
0F1-18QZM-AX7-I8,CPAP and BiLevel Resupply Package (Without F2F Documentation),CE-JR6N8-IGRN-ZR,CPAP and BiLevel Resupply Package,TRUE,VUT-76Z-PU8PE-6S,,"CPAP and BiLevel Resupply Package, Fit to Comfort",RESUPPLY,Mask Frame,Fit to Comfort,,,,,,,,,,,,,,,,,,
0F1-18QZM-AX7-I8,CPAP and BiLevel Resupply Package (Without F2F Documentation),CE-JR6N8-IGRN-ZR,CPAP and BiLevel Resupply Package,TRUE,VZDFL-JXQ-YZL-59,,"CPAP and BiLevel Resupply Package, Patient Preference",RESUPPLY,Mask Frame,Patient Preference,,,,,,,,,,,,,,,,,,
0F1-18QZM-AX7-I8,CPAP and BiLevel Resupply Package (Without F2F Documentation),CE-JR6N8-IGRN-ZR,CPAP and BiLevel Resupply Package,TRUE,Z1I-QT8B-Q5P-JFJ,,"CPAP and BiLevel Resupply Package, Full Face",RESUPPLY,Mask Frame,Full Face,,,,,,,,,,,,,,,,,,
0F1-18QZM-AX7-I8,CPAP and BiLevel Resupply Package (Without F2F Documentation),CE-JR6N8-IGRN-ZR,CPAP and BiLevel Resupply Package,TRUE,ZH-48V-65R4I-UZL,,"CPAP and BiLevel Resupply Package, Nasal Pillow",RESUPPLY,Mask Frame,Nasal Pillow,,,,,,,,,,,,,,,,,,
0F1-18QZM-AX7-I8,CPAP and BiLevel Resupply Package (Without F2F Documentation),HUPL-N9-KTS-PKHF,PAP Chinstrap,FALSE,0HI8-4VBI8-4V5F0,,"PAP Chinstrap, Fit to Comfort, 1 per 6 months",A7036,,,,,,,,,,,,,,,,,PAP Chinstrap Included,Fit to Comfort,,
0F1-18QZM-AX7-I8,CPAP and BiLevel Resupply Package (Without F2F Documentation),IH-RL-7H6N-Q2-Q6,PAP Nasal Pillows,FALSE,7RH2-J7-BY2BI-NS,,No Nasal Pillows,,,,,,,,,,,,,,Mask Frame,N/A,,,,,,
0F1-18QZM-AX7-I8,CPAP and BiLevel Resupply Package (Without F2F Documentation),IH-RL-7H6N-Q2-Q6,PAP Nasal Pillows,FALSE,AS-KTED-K4YUZ-H3,,No Nasal Pillows Included,,,,,,,,,,Mask Frame,Oral,,,,,,,,,,
0F1-18QZM-AX7-I8,CPAP and BiLevel Resupply Package (Without F2F Documentation),IH-RL-7H6N-Q2-Q6,PAP Nasal Pillows,FALSE,CM-VD-7B-SF-B3P4,,No Nasal Pillows Included,,,,,,,,,,,,,,,,,,Mask Frame,Full Face,,
0F1-18QZM-AX7-I8,CPAP and BiLevel Resupply Package (Without F2F Documentation),IH-RL-7H6N-Q2-Q6,PAP Nasal Pillows,FALSE,EN5N-6FXH7-PG27M,,No Nasal Pillows Included,,,,,,,,,,,,Mask Frame,Nasal,,,,,,,,
0F1-18QZM-AX7-I8,CPAP and BiLevel Resupply Package (Without F2F Documentation),IH-RL-7H6N-Q2-Q6,PAP Nasal Pillows,FALSE,HLXQ-8E84-LMR-TP,,No Nasal Pillows Included,,,,,,,,,,,,Mask Frame,Oral / Nasal Hybrid,,,,,,,,
0F1-18QZM-AX7-I8,CPAP and BiLevel Resupply Package (Without F2F Documentation),IH-RL-7H6N-Q2-Q6,PAP Nasal Pillows,FALSE,I69F-RY75S-IE-KB,,"Nasal Pillows Included, Oral / Nasal Hybrid Mask, 2 per 1 month",A7029,,,,,,,,,Mask Frame,Oral / Nasal Hybrid,,,,,,,,,,
0F1-18QZM-AX7-I8,CPAP and BiLevel Resupply Package (Without F2F Documentation),IH-RL-7H6N-Q2-Q6,PAP Nasal Pillows,FALSE,LKUH-84K-28FU-FA,,"Nasal Pillows, Fit to Comfort.",,,,,,,,,,,,,,,,,,Mask Frame,Nasal,,
0F1-18QZM-AX7-I8,CPAP and BiLevel Resupply Package (Without F2F Documentation),IH-RL-7H6N-Q2-Q6,PAP Nasal Pillows,FALSE,QK4-FJCPL-YQH-NS,,No Nasal Pillows Included,,,,,,,,,,Mask Frame,Fit to Comfort,,,,,,,,,,
0F1-18QZM-AX7-I8,CPAP and BiLevel Resupply Package (Without F2F Documentation),IH-RL-7H6N-Q2-Q6,PAP Nasal Pillows,FALSE,QSZ-AE-63LKU-5DB,,"Nasal Pillows Included, Full Face Mask, 2 per 1 month",A7033,,,,,,,,,,,,,,,Mask Frame,Full Face,,,,
0F1-18QZM-AX7-I8,CPAP and BiLevel Resupply Package (Without F2F Documentation),IH-RL-7H6N-Q2-Q6,PAP Nasal Pillows,FALSE,S81-RJ-TB-3VM-62,,"Nasal Pillows Included, Nasal Mask, 2 per 1 month",A7033,,,,,,,,,,,,,,,,,Mask Frame,Nasal,,
0F1-18QZM-AX7-I8,CPAP and BiLevel Resupply Package (Without F2F Documentation),IH-RL-7H6N-Q2-Q6,PAP Nasal Pillows,FALSE,T5E-ZP-SD-F2-2VK,,"Nasal Pillows, Patient Preference",,,,,,,,,,,,,,,,,,Mask Frame,Nasal,,
0F1-18QZM-AX7-I8,CPAP and BiLevel Resupply Package (Without F2F Documentation),IH-RL-7H6N-Q2-Q6,PAP Nasal Pillows,FALSE,UACF-YIR-YG-Q2EH,,"A7029 Nasal Pillows, Fit to Comfort",A7033,,,,,,,,,,,,,,,,,Mask Frame,Patient Preference,,
0F1-18QZM-AX7-I8,CPAP and BiLevel Resupply Package (Without F2F Documentation),IH-RL-7H6N-Q2-Q6,PAP Nasal Pillows,FALSE,YKF-0IF-XLV9-ZNU,,No Nasal Pillows Included,,,,,,,,,,Mask Frame,Patient Preference,,,,,,,,,,
0F1-18QZM-AX7-I8,CPAP and BiLevel Resupply Package (Without F2F Documentation),IH-RL-7H6N-Q2-Q6,PAP Nasal Pillows,FALSE,YVYFS-3G-37FT-IP,,"Nasal Pillows, Fit to Comfort",A7029/A7033,,,,,,,,,,,,,,,Mask Frame,Fit to Comfort,,,,
0F1-18QZM-AX7-I8,CPAP and BiLevel Resupply Package (Without F2F Documentation),LX6-GZH-U6JT-EYE,PAP Humidifier,FALSE,0MXJI-HV2V-NU5ZF,,"PAP Humidifier, Heated.",E0562,,,,,,,,,,,Humidifier Type,Heated.,,,,,,,,
0F1-18QZM-AX7-I8,CPAP and BiLevel Resupply Package (Without F2F Documentation),LX6-GZH-U6JT-EYE,PAP Humidifier,FALSE,AZ-4I2-18N-EFVY9,,"PAP Humidifier, Patient Preference",E0561/E0562,,,,,,,,,,,,,,,Humidifier Type,Fit to Comfort,,,,
0F1-18QZM-AX7-I8,CPAP and BiLevel Resupply Package (Without F2F Documentation),LX6-GZH-U6JT-EYE,PAP Humidifier,FALSE,DRXE-1DLC6-0R-FU,,"PAP Humidifier, Patient Preference",,,,,,,,,,Humidifier Type,Patient Preference,,,,,,,,,,
0F1-18QZM-AX7-I8,CPAP and BiLevel Resupply Package (Without F2F Documentation),LX6-GZH-U6JT-EYE,PAP Humidifier,FALSE,KZGM-EIJ80-D7-LS,,No PAP Humidifier,,,,,,,,,,Humidifier Type,N/A,,,,,,,,,,
0F1-18QZM-AX7-I8,CPAP and BiLevel Resupply Package (Without F2F Documentation),LX6-GZH-U6JT-EYE,PAP Humidifier,FALSE,TUF2L-QT-7R4-8QN,,"PAP Humidifier, Non-Heated",E0561,,,,,,,,,,,Humidifier Type,Non-Heated,,,,,,,,
0F1-18QZM-AX7-I8,CPAP and BiLevel Resupply Package (Without F2F Documentation),N8-2XZT-BJRLY-G4,Disposable PAP Filter,FALSE,9P-BDPD-M46HF-L7,,"Disposable PAP Filter, 2 per 1 month",A7038,Disposable PAP Filter,Included,,,,,,,,,,,,,,,,,,
1S-EHS5-7G6IF-S3,BiLevel PAP Package,2UHN-BG-GJF-9JLQ,BiLevel Machine,TRUE,01-78BT-CXCN8-GX,,"BiLevel Machine, Respironics Dreamstation Auto BiPAP",E0470,PAP System,Respironics Dreamstation Auto BiPAP,,,,,,,,,,,,,,,,,,
1S-EHS5-7G6IF-S3,BiLevel PAP Package,2UHN-BG-GJF-9JLQ,BiLevel Machine,TRUE,3FG-UZB-7IHP-BAG,,"BiLevel Machine, Generic",E0470,PAP System,Generic,,,,,,,,,,,,,,,,,,
1S-EHS5-7G6IF-S3,BiLevel PAP Package,2UHN-BG-GJF-9JLQ,BiLevel Machine,TRUE,E8-MA-HKPKC-VD3C,,"BiLevel Machine, Drive Medical IntelliPAP Auto BiLevel",E0470,PAP System,Drive Medical IntelliPAP Auto BiLevel,,,,,,,,,,,,,,,,,,
1S-EHS5-7G6IF-S3,BiLevel PAP Package,2UHN-BG-GJF-9JLQ,BiLevel Machine,TRUE,EQP-EVPC-JY-A8QB,,"BiLevel Machine, Resmed S9 VPAP Auto BiLevel",E0470,PAP System,Resmed S9 VPAP Auto BiLevel,,,,,,,,,,,,,,,,,,
1S-EHS5-7G6IF-S3,BiLevel PAP Package,2UHN-BG-GJF-9JLQ,BiLevel Machine,TRUE,FI-R4-AZ68-7FHQF,,"BiLevel Machine, ReactHealth Luna II",E0470,PAP System,ReactHealth Luna II,,,,,,,,,,,,,,,,,,
1S-EHS5-7G6IF-S3,BiLevel PAP Package,2UHN-BG-GJF-9JLQ,BiLevel Machine,TRUE,HQC-0BT2-FI-UYRB,,"BiLevel Machine, Respironics",E0470,PAP System,Respironics,,,,,,,,,,,,,,,,,,
1S-EHS5-7G6IF-S3,BiLevel PAP Package,2UHN-BG-GJF-9JLQ,BiLevel Machine,TRUE,KZD93-MJ7X-9Q-QH,,"BiLevel Machine, Resmed S10 Aircurve Auto BiLevel",E0470,PAP System,Resmed S10 Aircurve Auto BiLevel,,,,,,,,,,,,,,,,,,
1S-EHS5-7G6IF-S3,BiLevel PAP Package,2UHN-BG-GJF-9JLQ,BiLevel Machine,TRUE,QPA-BVY-80TPY-PH,,"BiLevel Machine,  Resmed S9 VPAP COPD",E0470,PAP System,Resmed S9 VPAP COPD,,,,,,,,,,,,,,,,,,
1S-EHS5-7G6IF-S3,BiLevel PAP Package,2UHN-BG-GJF-9JLQ,BiLevel Machine,TRUE,QVM-ZF-4T415-KC1,,"BiLevel Machine, Resvent iBreeze",E0470,PAP System,Resvent iBreeze,,,,,,,,,,,,,,,,,,
1S-EHS5-7G6IF-S3,BiLevel PAP Package,2UHN-BG-GJF-9JLQ,BiLevel Machine,TRUE,R9QUP-2BTP-C1-TD,,"BiLevel Machine, Pediatric",E0470,PAP System,Pediatric,,,,,,,,,,,,,,,,,,
1S-EHS5-7G6IF-S3,BiLevel PAP Package,2UHN-BG-GJF-9JLQ,BiLevel Machine,TRUE,VIS-3SF2-U2E-6KH,,"BiLevel Machine, Resmed S10 Aircurve Fixed BiLevel",E0470,PAP System,Resmed S10 Aircurve Fixed BiLevel,,,,,,,,,,,,,,,,,,
1S-EHS5-7G6IF-S3,BiLevel PAP Package,2UHN-BG-GJF-9JLQ,BiLevel Machine,TRUE,Y6KD-SNYBC-AR6DG,,"BiLevel Machine, Resmed",E0470,PAP System,ResMed,,,,,,,,,,,,,,,,,,
1S-EHS5-7G6IF-S3,BiLevel PAP Package,6B-G8YD-QX5-Q0LA,PAP Mask Interface Cushion,FALSE,29X1-MA-FT-JY-CT,,"PAP Mask Interface Cushion, Nasal Pillow, 2 per 1 month",A7033,,,,,,,,,,,,,Mask Frame,Nasal Pillow,,,,,,
1S-EHS5-7G6IF-S3,BiLevel PAP Package,6B-G8YD-QX5-Q0LA,PAP Mask Interface Cushion,FALSE,97-UIGCM-N91-NKB,,"PAP Mask Interface Cushion, Fit to Comfort.",IFC,,,,,,,Mask Frame,Patient Preference,,,,,,,,,,,,
1S-EHS5-7G6IF-S3,BiLevel PAP Package,6B-G8YD-QX5-Q0LA,PAP Mask Interface Cushion,FALSE,JE28-YGS3R-VM-9C,,"PAP Mask Interface Cushion, Full Face, 1 per 1 month",A7031,,,,,,,,,Mask Frame,Full Face,,,,,,,,,,
1S-EHS5-7G6IF-S3,BiLevel PAP Package,6B-G8YD-QX5-Q0LA,PAP Mask Interface Cushion,FALSE,PDCBV-TAB-ESL-15,,"PAP Mask Interface Cushion, Oral, 2 per 1 month",A7028,,,,,,,,,,,Mask Frame,Oral,,,,,,,,
1S-EHS5-7G6IF-S3,BiLevel PAP Package,6B-G8YD-QX5-Q0LA,PAP Mask Interface Cushion,FALSE,TNI-C7UN-6ZI-SU5,,"PAP Mask Interface Cushion, Fit to Comfort",IFC,,,,,,,,,,,,,Mask Frame,Fit to Comfort,,,,,,
1S-EHS5-7G6IF-S3,BiLevel PAP Package,6I-CU-K6-MNT4-BF,PAP Machine Tubing,FALSE,31JB8-VF7-2K-L04,,"Climate Line Air Pap Machine Tubing, Heated, 1 per 3 months",A4604,,,,,,,Tubing Type,Climate Line Air Heated,,,,,,,,,,,,
1S-EHS5-7G6IF-S3,BiLevel PAP Package,6I-CU-K6-MNT4-BF,PAP Machine Tubing,FALSE,L238-KQMY-KDT-2Q,,"PAP Machine Tubing, Fit to Comfort",A7037/A4604,,,,,,,,,,,,,,,,,Tubing Type,Patient Preference,,
1S-EHS5-7G6IF-S3,BiLevel PAP Package,A4DJ-QS-NZK-EJ6I,PAP Sanitizer with Mask Wipes and Filter,FALSE,LJG9F-8Y-CAVB-Y4,,SoClean 2 Setup with Mask Wipes and Filter,X9999,,,,,,,PAP Sanitizer Brand,SoClean 2,,,,,,,,,,,,
1S-EHS5-7G6IF-S3,BiLevel PAP Package,B29-DBQ-BC3PJ-VA,PAP Mask,TRUE,04CT6-ZI-PDIP-4X,,"PAP Mask, Nasal, Resmed Airfit N20 for Her, Small, 1 per 3 months",A7034,,,,,,,,,,,,,,,Mask Brand,Resmed Airfit N20 for Her,,,,
1S-EHS5-7G6IF-S3,BiLevel PAP Package,B29-DBQ-BC3PJ-VA,PAP Mask,TRUE,0KLA9-6X71-5AHMU,,"PAP Mask, Nasal, Airtouch N20, Small, 1 per 3 months",A7034,,,,,,,Mask Brand,Airtouch N20,,,,,,,,,,,,
1S-EHS5-7G6IF-S3,BiLevel PAP Package,B29-DBQ-BC3PJ-VA,PAP Mask,TRUE,0Q-6C-QUY-DZ9-JP,,"PAP Mask, Nasal Pillow, Resmed Airfit P10, Medium, 1 per 3 months",A7034,,,Mask Brand,Resmed Airfit P10,,,,,,,,,,,,,,,,
1S-EHS5-7G6IF-S3,BiLevel PAP Package,B29-DBQ-BC3PJ-VA,PAP Mask,TRUE,13JM-6JX3N-CI-78,,"PAP Mask, Fit to Comfort, Full Face, 1 per 3 months",A7030,,,,,,,Mask Brand,Fit Upon Setup,,,,,,,,,,,,
1S-EHS5-7G6IF-S3,BiLevel PAP Package,B29-DBQ-BC3PJ-VA,PAP Mask,TRUE,14V-6RTC4-JVU-BU,,"PAP Mask, Oral / Nasal Hybrid, Fit Upon Setup, N/A, 1 per 3 months",A7027,,,Mask Brand,Fit Upon Setup,,,,,,,,,,,,,,,,
1S-EHS5-7G6IF-S3,BiLevel PAP Package,B29-DBQ-BC3PJ-VA,PAP Mask,TRUE,1F7-50R6A-RQ9-U1,,"PAP Mask, Nasal Pillow, Fit Upon Setup, N/A, 1 per 3 months",A7034,,,,,,,,,,,,,,,,,,,Mask Brand,Fit Upon Setup
1S-EHS5-7G6IF-S3,BiLevel PAP Package,B29-DBQ-BC3PJ-VA,PAP Mask,TRUE,1N0R-K7HQ-GV-RNC,,"PAP Mask, Full Face, Dreamwear, Small (SM Frame), 1 per 3 months",A7030,,,,,,,,,,,,,Mask Brand,Dreamwear,,,,,,
1S-EHS5-7G6IF-S3,BiLevel PAP Package,B29-DBQ-BC3PJ-VA,PAP Mask,TRUE,2LK4L-DAJH-D74N7,,"PAP Mask, Fit to Comfort, Oral, 1 per 3 months",A7044,,,,,,,,,,,,,,,,,,,Mask Brand,Fit Upon Setup
1S-EHS5-7G6IF-S3,BiLevel PAP Package,B29-DBQ-BC3PJ-VA,PAP Mask,TRUE,2N-JGUA-Y4E-ZHXZ,,"PAP Mask, Nasal Pillow, Dreamwear, Large (SM Frame), 1 per 3 months",A7034,,,,,,,,,,,,,Mask Brand,Dreamwear,,,,,,
1S-EHS5-7G6IF-S3,BiLevel PAP Package,B29-DBQ-BC3PJ-VA,PAP Mask,TRUE,2R-K5-6G-TCEF-UB,,"PAP Mask, Full Face, Fisher & Paykel Vitera, Small, 1 per 3 months",A7030,,,,,,,,,,,,,,,Mask Brand,Fisher & Paykel Vitera,,,,
1S-EHS5-7G6IF-S3,BiLevel PAP Package,B29-DBQ-BC3PJ-VA,PAP Mask,TRUE,2UP8-FY-C0EQH-UD,,"PAP Mask, Nasal Pillow, Airfit P10, X-Small, 2 per 1 month",A7033,,,,,,,,,Mask Brand,AirFit P10,,,,,,,,,,
1S-EHS5-7G6IF-S3,BiLevel PAP Package,B29-DBQ-BC3PJ-VA,PAP Mask,TRUE,2V-RD0T-FLT-PEMY,,"PAP Mask, Nasal, Resmed Airfit N20, Fit Upon Setup, 1 per 3 months",A7034,,,,,,,,,,,,,,,,,Mask Brand,Resmed Airfit N20,,
1S-EHS5-7G6IF-S3,BiLevel PAP Package,B29-DBQ-BC3PJ-VA,PAP Mask,TRUE,362P-LN-CQ1LA-B4,,"PAP Mask, Full Face, Airfit F30I, Medium, 1 per 3 months",A7030,,,,,,,Mask Brand,Airfit F30I,,,,,,,,,,,,
1S-EHS5-7G6IF-S3,BiLevel PAP Package,B29-DBQ-BC3PJ-VA,PAP Mask,TRUE,3BUPB-0E-RPZ-NZ0,,"PAP Mask, Nasal, Resmed Airfit N20, Medium, 1 per 3 months",A7034,Mask Brand,Resmed Airfit N20,,,,,,,,,,,,,,,,,,
1S-EHS5-7G6IF-S3,BiLevel PAP Package,B29-DBQ-BC3PJ-VA,PAP Mask,TRUE,3GL5B-MI95P-CL3M,,"PAP Mask, Nasal Pillow, Resmed Airfit P10 for Her, Complete, 1 per 3 months",A7034,,,,,Mask Brand,Resmed Airfit P10 for Her,,,,,,,,,,,,,,
1S-EHS5-7G6IF-S3,BiLevel PAP Package,B29-DBQ-BC3PJ-VA,PAP Mask,TRUE,3J3-GC-SI2-JE-YB,,"PAP Mask, Nasal, Fisher & Paykel Eson, Large, 1 per 3 months",A7034,,,,,Mask Brand,Fisher & Paykel Eson,,,,,,,,,,,,,,
1S-EHS5-7G6IF-S3,BiLevel PAP Package,B29-DBQ-BC3PJ-VA,PAP Mask,TRUE,3K3GT-R0-XAT-20T,,"PAP Mask, Full Face, Respironics Amara View, Small, 1 per 3 months",A7030,,,,,Mask Brand,Respironics Amara View,,,,,,,,,,,,,,
1S-EHS5-7G6IF-S3,BiLevel PAP Package,B29-DBQ-BC3PJ-VA,PAP Mask,TRUE,3U-RT-X6JI-46TIQ,,"PAP Mask, Nasal, Fisher & Paykel Eson, Small, 1 per 3 months",A7034,,,,,,,Mask Brand,Fisher & Paykel Eson,,,,,,,,,,,,
1S-EHS5-7G6IF-S3,BiLevel PAP Package,B29-DBQ-BC3PJ-VA,PAP Mask,TRUE,3Z2EG-FY1S0-PLVM,,"PAP Mask, Nasal, Fit Upon Setup, N/A, 1 per 3 months",A7034,,,,,Mask Brand,Fit Upon Setup,,,,,,,,,,,,,,
1S-EHS5-7G6IF-S3,BiLevel PAP Package,B29-DBQ-BC3PJ-VA,PAP Mask,TRUE,3ZN0-9M-U9X-CDE6,,"PAP Mask, Nasal, Dreamwisp Fit, Fit Upon Setup, 1 per 3 months",A7034,,,,,,,,,,,,,,,Mask Brand,Dreamwisp Fit,,,,
1S-EHS5-7G6IF-S3,BiLevel PAP Package,B29-DBQ-BC3PJ-VA,PAP Mask,TRUE,48B-SZD7B-S32-YX,,"PAP Mask, Nasal, Fisher & Paykel Evora, Fit Upon Setup, 1 per 3 months",A7034,,,,,,,,,,,,,,,,,Mask Brand,Fisher & Paykel Evora Nasal,,
1S-EHS5-7G6IF-S3,BiLevel PAP Package,B29-DBQ-BC3PJ-VA,PAP Mask,TRUE,4E-24V3-7BA-U8KN,,"PAP Mask, Nasal, Fisher & Paykel Eson 2, Medium, 1 per 3 months",A7034,,,,,,,,,,,,,,,,,,,Mask Brand,Fisher & Paykel Eson 2
1S-EHS5-7G6IF-S3,BiLevel PAP Package,B29-DBQ-BC3PJ-VA,PAP Mask,TRUE,4F-KCB3-1ACK9-MB,,"PAP Mask, Full Face, Resmed Airfit F20, Small, 1 per 3 months",A7030,,,,,,,,,Mask Brand,Resmed Airfit F20,,,,,,,,,,
1S-EHS5-7G6IF-S3,BiLevel PAP Package,B29-DBQ-BC3PJ-VA,PAP Mask,TRUE,4HR-AU9G-UMQ-Y2D,,"PAP Mask, Nasal, Resmed Mirage FX, Complete, 1 per 3 months",A7034,,,,,Mask Brand,Resmed Mirage FX,,,,,,,,,,,,,,
1S-EHS5-7G6IF-S3,BiLevel PAP Package,B29-DBQ-BC3PJ-VA,PAP Mask,TRUE,4N-DI-94P-BQ9-HE,,"PAP Mask, Nasal, Airfit N30I, Fit Upon Setup, 1 per 3 months",A7034,,,,,Mask Brand,Airfit N30I,,,,,,,,,,,,,,
1S-EHS5-7G6IF-S3,BiLevel PAP Package,B29-DBQ-BC3PJ-VA,PAP Mask,TRUE,51M-9D5QM-ST4-CG,,"PAP Mask, Nasal Cushion, Fisher & Paykel Eson 2",A7034,,,,,,,,,Mask Brand,Fisher & Paykel Eson 2,,,,,,,,,,
1S-EHS5-7G6IF-S3,BiLevel PAP Package,B29-DBQ-BC3PJ-VA,PAP Mask,TRUE,57-E8D6-QM5T1-3C,,"PAP Mask, Nasal, Dreamwear, Medium (SM Frame), 1 per 3 months",A7034,,,,,,,,,,,,,,,,,Mask Brand,Dreamwear,,
1S-EHS5-7G6IF-S3,BiLevel PAP Package,B29-DBQ-BC3PJ-VA,PAP Mask,TRUE,5AC-L3-DI-7D-4T8,,"PAP Mask, Full Face, Dreamwear, Small (LG Frame), 1 per 3 months",A7030,,,,,,,,,,,,,Mask Brand,Dreamwear,,,,,,
1S-EHS5-7G6IF-S3,BiLevel PAP Package,B29-DBQ-BC3PJ-VA,PAP Mask,TRUE,5D-3X-H8-86-71HZ,,"PAP Mask, Nasal Pillow, Airfit P10, Medium, 2 per 1 month",A7033,,,,,,,,,,,,,,,Mask Brand,AirFit P10,,,,
1S-EHS5-7G6IF-S3,BiLevel PAP Package,B29-DBQ-BC3PJ-VA,PAP Mask,TRUE,5G236-JL-EV3T-3D,,"PAP Mask, Nasal Pillow, Dreamwear, Small (SM Frame), 1 per 3 months",A7034,,,,,,,,,Mask Brand,Dreamwear,,,,,,,,,,
1S-EHS5-7G6IF-S3,BiLevel PAP Package,B29-DBQ-BC3PJ-VA,PAP Mask,TRUE,5S-KABP-7Q8CR-F8,,"PAP Mask, Full Face, Resmed Airfit F10, Large, 1 per 3 months",A7030,,,,,,,,,,,,,,,,,,,Mask Brand,Resmed Airfit F10
1S-EHS5-7G6IF-S3,BiLevel PAP Package,B29-DBQ-BC3PJ-VA,PAP Mask,TRUE,5U-0PF4M-EK-VD5S,,"PAP Mask, Nasal, Resmed Airfit N10, Complete, 1 per 3 months",A7034,,,,,Mask Brand,Resmed Airfit N10,,,,,,,,,,,,,,
1S-EHS5-7G6IF-S3,BiLevel PAP Package,B29-DBQ-BC3PJ-VA,PAP Mask,TRUE,5YQ-0Y-1DS0-8NKJ,,"PAP Mask, Full Face, Resmed Airtouch F20 for Her, Medium, 1 per 3 months",A7030,,,,,,,,,Mask Brand,Resmed Airtouch F20 for Her,,,,,,,,,,
1S-EHS5-7G6IF-S3,BiLevel PAP Package,B29-DBQ-BC3PJ-VA,PAP Mask,TRUE,65X0-MFUCL-6H-J8,,"PAP Mask, Full Face, Fisher & Paykel Vitera, Medium, 1 per 3 months",A7030,,,,,,,,,,,,,,,,,,,Mask Brand,Fisher & Paykel Vitera
1S-EHS5-7G6IF-S3,BiLevel PAP Package,B29-DBQ-BC3PJ-VA,PAP Mask,TRUE,6I-N0-S4Y-TVN-MD,,"PAP Mask, Nasal Pillow, Swift FX, X-Small, 2 per 1 month",A7033,,,,,,,,,,,,,,,,,,,Mask Brand,Swift FX
1S-EHS5-7G6IF-S3,BiLevel PAP Package,B29-DBQ-BC3PJ-VA,PAP Mask,TRUE,6N5-3Z2-CMQDH-ZF,,"PAP Mask, Full Face, Resmed Quattro FX, Large, 1 per 3 months",A7030,,,,,Mask Brand,Resmed Quattro FX,,,,,,,,,,,,,,
1S-EHS5-7G6IF-S3,BiLevel PAP Package,B29-DBQ-BC3PJ-VA,PAP Mask,TRUE,6YL-IBI8-0PK-6S6,,"PAP Mask, Nasal Pillow, Airfit P30I, Standard, 1 per 3 months",A7034,,,,,,,,,,,Mask Brand,Airfit P30I,,,,,,,,
1S-EHS5-7G6IF-S3,BiLevel PAP Package,B29-DBQ-BC3PJ-VA,PAP Mask,TRUE,7D8-CFD-9EYN-KBX,,"PAP Mask, Nasal, Fisher & Paykel Eson, Fit Upon Setup, 1 per 3 months",A7034,,,Mask Brand,Fisher & Paykel Eson,,,,,,,,,,,,,,,,
1S-EHS5-7G6IF-S3,BiLevel PAP Package,B29-DBQ-BC3PJ-VA,PAP Mask,TRUE,7NHX-4H-NMPT-EZM,,"PAP Mask, Nasal, Airfit N30I, Wide, 1 per 3 months",A7034,,,,,,,,,Mask Brand,Airfit N30I,,,,,,,,,,
1S-EHS5-7G6IF-S3,BiLevel PAP Package,B29-DBQ-BC3PJ-VA,PAP Mask,TRUE,7ZG-CNK-CSPMT-29,,"PAP Mask, Nasal Pillow, Resmed P30i",A7034,,,,,,,,,,,,,,,,,,,Mask Brand,Resmed P30i
1S-EHS5-7G6IF-S3,BiLevel PAP Package,B29-DBQ-BC3PJ-VA,PAP Mask,TRUE,8AKDZ-IFJ9-C81BK,,"PAP Mask, Full Face, Dreamwear, Large (LG Frame), 1 per 3 months",A7030,,,,,,,,,,,Mask Brand,Dreamwear,,,,,,,,
1S-EHS5-7G6IF-S3,BiLevel PAP Package,B29-DBQ-BC3PJ-VA,PAP Mask,TRUE,8L8-Z9-SYZN-5DLA,,"PAP Mask, Nasal Pillow, Airfit P30I, Large, 2 per 1 month",A7033,,,,,,,,,,,,,,,,,,,Mask Brand,Airfit P30I
1S-EHS5-7G6IF-S3,BiLevel PAP Package,B29-DBQ-BC3PJ-VA,PAP Mask,TRUE,8U-7MCZ-AU7G-9YT,,"PAP Mask, Nasal, Resmed Mirage FX, Fit Upon Setup, 1 per 3 months",A7034,,,,,,,,,,,,,Mask Brand,Resmed Mirage FX,,,,,,
1S-EHS5-7G6IF-S3,BiLevel PAP Package,B29-DBQ-BC3PJ-VA,PAP Mask,TRUE,8ZS-M5D-HQKFM-2E,,"PAP Mask, Fit to Comfort, Oral / Nasal Hybrid, 1 per 3 months",A7027,,,,,,,,,,,,,,,,,,,Mask Brand,Fit Upon Setup
1S-EHS5-7G6IF-S3,BiLevel PAP Package,B29-DBQ-BC3PJ-VA,PAP Mask,TRUE,95BV-4G7T0-2JUKM,,"PAP Mask, Full Face, Resmed Airfit F20 for Her, Medium, 1 per 3 months",A7030,,,,,,,,,,,,,,,,,,,Mask Brand,Resmed Airfit F20 for Her
1S-EHS5-7G6IF-S3,BiLevel PAP Package,B29-DBQ-BC3PJ-VA,PAP Mask,TRUE,97J-AB4-LKG6-FEJ,,"PAP Mask, Nasal Pillow, Airfit P30I, Medium, 2 per 1 month",A7033,,,,,,,,,,,,,Mask Brand,Airfit P30I,,,,,,
1S-EHS5-7G6IF-S3,BiLevel PAP Package,B29-DBQ-BC3PJ-VA,PAP Mask,TRUE,980FC-YAMY-NMEPI,,"PAP Mask, Fit to Comfort, Nasal Pillow, 1 per 3 months",A7034,,,Mask Brand,Fit Upon Setup,,,,,,,,,,,,,,,,
1S-EHS5-7G6IF-S3,BiLevel PAP Package,B29-DBQ-BC3PJ-VA,PAP Mask,TRUE,9M6D-PDBMJ-XEFZ4,,"PAP Mask, Nasal Pillow, Swift FX, Small, 2 per 1 month",A7033,,,,,,,,,,,,,,,,,,,Mask Brand,Swift FX
1S-EHS5-7G6IF-S3,BiLevel PAP Package,B29-DBQ-BC3PJ-VA,PAP Mask,TRUE,AT4GH-86-7HL-7HP,,"PAP Mask, Full Face, Resmed Quattro, Large, 1 per 3 months",A7030,,,,,,,Mask Brand,Resmed Quattro,,,,,,,,,,,,
1S-EHS5-7G6IF-S3,BiLevel PAP Package,B29-DBQ-BC3PJ-VA,PAP Mask,TRUE,B18-YIPD-2K-4IT7,,"PAP Mask, Full Face, Resmed Airtouch F20 for Her, Small, 1 per 3 months",A7030,,,,,Mask Brand,Resmed Airtouch F20 for Her,,,,,,,,,,,,,,
1S-EHS5-7G6IF-S3,BiLevel PAP Package,B29-DBQ-BC3PJ-VA,PAP Mask,TRUE,BP95-KNQ9P-QX-T5,,"PAP Mask, Nasal Pillow, Fisher & Paykel Pilairo Q, Standard, 1 per 3 months",A7034,Mask Brand,Fisher & Paykel Pilairo Q,,,,,,,,,,,,,,,,,,
1S-EHS5-7G6IF-S3,BiLevel PAP Package,B29-DBQ-BC3PJ-VA,PAP Mask,TRUE,BQK2-5GU-BZVZ-UT,,"PAP Mask, Nasal, Airfit N30I, Small, 1 per 3 months",A7034,,,,,,,,,,,,,,,Mask Brand,Airfit N30I,,,,
1S-EHS5-7G6IF-S3,BiLevel PAP Package,B29-DBQ-BC3PJ-VA,PAP Mask,TRUE,C4PX7-E6-URS-1U2,,"PAP Mask, Nasal, Other Brand, N/A, 1 per 3 months",A7034,,,,,,,,,Mask Brand,Other,,,,,,,,,,
1S-EHS5-7G6IF-S3,BiLevel PAP Package,B29-DBQ-BC3PJ-VA,PAP Mask,TRUE,CH-GS-TLH-DS1-N6,,"PAP Mask, Nasal Pillow, Dreamwear Pillows, Fit Upon Setup, 1 per 3 months",A7033,,,,,,,,,Mask Brand,Dreamwear Pillows,,,,,,,,,,
1S-EHS5-7G6IF-S3,BiLevel PAP Package,B29-DBQ-BC3PJ-VA,PAP Mask,TRUE,CI3G-GN-B35P-9I9,,"PAP Mask, Oral, Fit Upon Setup, N/A, 1 per 3 months",A7044,,,,,,,,,,,,,,,,,,,Mask Brand,Fit Upon Setup
1S-EHS5-7G6IF-S3,BiLevel PAP Package,B29-DBQ-BC3PJ-VA,PAP Mask,TRUE,CKH-454CH-CKB-SC,,"PAP Mask, Nasal, Airfit N30I, Medium, 1 per 3 months",A7034,,,,,,,,,,,,,,,,,Mask Brand,Airfit N30I,,
1S-EHS5-7G6IF-S3,BiLevel PAP Package,B29-DBQ-BC3PJ-VA,PAP Mask,TRUE,D38D2-HMJT-QN-YA,,"PAP Mask, Full Face, Airfit F30I, Fit Upon Setup, 1 per 3 months",A7030,,,,,,,,,,,,,Mask Brand,Airfit F30I,,,,,,
1S-EHS5-7G6IF-S3,BiLevel PAP Package,B29-DBQ-BC3PJ-VA,PAP Mask,TRUE,D9-UT-TQ-6CT-3NI,,"PAP Mask, Full Face, Amara Gel, Small, 1 per 3 months",A7030,,,,,,,,,,,,,,,,,,,Mask Brand,Amara Gel
1S-EHS5-7G6IF-S3,BiLevel PAP Package,B29-DBQ-BC3PJ-VA,PAP Mask,TRUE,DJ6X-CTVUL-3Y-ED,,"PAP Mask, Nasal Pillow, Swift FX, Large, 2 per 1 month",A7033,,,,,,,,,Mask Brand,Swift FX,,,,,,,,,,
1S-EHS5-7G6IF-S3,BiLevel PAP Package,B29-DBQ-BC3PJ-VA,PAP Mask,TRUE,DXP45-Z2D-LRN-7C,,"PAP Mask, Nasal, Dreamwear, Medium (LG Frame), 1 per 3 months",A7034,,,,,,,Mask Brand,Dreamwear,,,,,,,,,,,,
1S-EHS5-7G6IF-S3,BiLevel PAP Package,B29-DBQ-BC3PJ-VA,PAP Mask,TRUE,E7Q-NXQ5-FCIK-1J,,"PAP Mask, Nasal Cushion, Respironics Dreamwear",A7034,,,,,,,,,,,,,,,,,Mask Brand,Respironics Dreamwear,,
1S-EHS5-7G6IF-S3,BiLevel PAP Package,B29-DBQ-BC3PJ-VA,PAP Mask,TRUE,E8M-UZA6-VAB-QFA,,"PAP Mask, Full Face, Fisher & Paykel Vitera",A7030,,,,,,,,,,,,,,,,,,,Mask Brand,Fisher & Paykel Vitera
1S-EHS5-7G6IF-S3,BiLevel PAP Package,B29-DBQ-BC3PJ-VA,PAP Mask,TRUE,EGF0-Z2-IDS7V-6D,,"PAP Mask, Nasal Pillow, Respironics Dreamwear Silicone",A7034,,,,,,,,,,,,,,,,,Mask Brand,Respironics Dreamwear Silicone,,
1S-EHS5-7G6IF-S3,BiLevel PAP Package,B29-DBQ-BC3PJ-VA,PAP Mask,TRUE,EQC-U0-6RM-LN-GH,,"PAP Mask, Full Face, Airfit F30, Fit Upon Setup, 1 per 3 months",A7030,,,,,,,,,,,,,Mask Brand,Airfit F30,,,,,,
1S-EHS5-7G6IF-S3,BiLevel PAP Package,B29-DBQ-BC3PJ-VA,PAP Mask,TRUE,EXSTH-FIJ-GJ9-UC,,"PAP Mask, Nasal Cushion, Resmed N30i",A7034,,,,,,,,,Mask Brand,Resmed N30i,,,,,,,,,,
1S-EHS5-7G6IF-S3,BiLevel PAP Package,B29-DBQ-BC3PJ-VA,PAP Mask,TRUE,F84P-X7-ME89-8P1,,"PAP Mask, Nasal Pillow, Fisher & Paykel Brevida",A7034,,,,,,,,,,,Mask Brand,Fisher & Paykel Brevida,,,,,,,,
1S-EHS5-7G6IF-S3,BiLevel PAP Package,B29-DBQ-BC3PJ-VA,PAP Mask,TRUE,GAHB0-EZ-37-LEKL,,"PAP Mask, Nasal Pillow, Airfit P10, Large, 2 per 1 month",A7033,,,,,Mask Brand,AirFit P10,,,,,,,,,,,,,,
1S-EHS5-7G6IF-S3,BiLevel PAP Package,B29-DBQ-BC3PJ-VA,PAP Mask,TRUE,GX7-8IJ3-UPB2-2P,,"PAP Mask, Full Face, Fisher & Paykel Simplus, Large, 1 per 3 months",A7030,,,,,,,,,,,,,,,Mask Brand,Fisher & Paykel Simplus,,,,
1S-EHS5-7G6IF-S3,BiLevel PAP Package,B29-DBQ-BC3PJ-VA,PAP Mask,TRUE,GY4-NLY-148F8-46,,"PAP Mask, Nasal, Airtouch F20 for Her, 1 per 3 months",A7034,,,,,,,Mask Brand,Airtouch F20 for Her,,,,,,,,,,,,
1S-EHS5-7G6IF-S3,BiLevel PAP Package,B29-DBQ-BC3PJ-VA,PAP Mask,TRUE,HG7Y-INVBS-H3V3K,,"PAP Mask, Nasal, Resmed Airfit N20, Large, 1 per 3 months",A7034,,,,,,,,,,,,,,,Mask Brand,Resmed Airfit N20,,,,
1S-EHS5-7G6IF-S3,BiLevel PAP Package,B29-DBQ-BC3PJ-VA,PAP Mask,TRUE,HYGN-BAX-PMA8-HI,,"PAP Mask, Nasal, Fisher & Paykel Eson 2, Small, 1 per 3 months",A7034,,,,,Mask Brand,Fisher & Paykel Eson 2,,,,,,,,,,,,,,
1S-EHS5-7G6IF-S3,BiLevel PAP Package,B29-DBQ-BC3PJ-VA,PAP Mask,TRUE,I2PTE-Q68X3-BNDX,,"PAP Mask, Nasal Pillow, Resmed Swift FX, Complete, 1 per 3 months",A7034,,,,,,,,,,,Mask Brand,Resmed Swift FX,,,,,,,,
1S-EHS5-7G6IF-S3,BiLevel PAP Package,B29-DBQ-BC3PJ-VA,PAP Mask,TRUE,IA-M932P-P0-BV4D,,"PAP Mask, Full Face, Resmed Airfit F20, Medium, 1 per 3 months",A7030,,,,,,,,,,,Mask Brand,Resmed Airfit F20,,,,,,,,
1S-EHS5-7G6IF-S3,BiLevel PAP Package,B29-DBQ-BC3PJ-VA,PAP Mask,TRUE,IE-H067-PS6M-ZKC,,"PAP Mask, Nasal Pillow, Resmed Airfit P10, Complete, 1 per 3 months",A7034,,,,,,,,,,,,,,,Mask Brand,Resmed Airfit P10,,,,
1S-EHS5-7G6IF-S3,BiLevel PAP Package,B29-DBQ-BC3PJ-VA,PAP Mask,TRUE,IFVB-CYI-S6Q-7AQ,,"PAP Mask, Nasal Pillow, Airfit P10, Small, 2 per 1 month",A7033,,,,,,,,,,,Mask Brand,AirFit P10,,,,,,,,
1S-EHS5-7G6IF-S3,BiLevel PAP Package,B29-DBQ-BC3PJ-VA,PAP Mask,TRUE,IXNM-4LMG-P4-3ME,,"PAP Mask, Full Face, Resmed Quattro Air, Small, 1 per 3 months",A7030,,,,,,,Mask Brand,Resmed Quattro Air,,,,,,,,,,,,
1S-EHS5-7G6IF-S3,BiLevel PAP Package,B29-DBQ-BC3PJ-VA,PAP Mask,TRUE,K15PK-QT-EN-58BK,,"PAP Mask, Full Face, Dreamwear Full, Fit Upon Setup, 1 per 3 months",A7030,,,,,,,,,,,,,,,,,Mask Brand,Dreamwear Full,,
1S-EHS5-7G6IF-S3,BiLevel PAP Package,B29-DBQ-BC3PJ-VA,PAP Mask,TRUE,KRLQ5-8V-0I0J-X9,,"PAP Mask, Fit to Comfort, Nasal, 1 per 3 months",A7034,,,,,,,,,,,,,,,,,Mask Brand,Fit Upon Setup,,
1S-EHS5-7G6IF-S3,BiLevel PAP Package,B29-DBQ-BC3PJ-VA,PAP Mask,TRUE,KX0E-LFRX-K42-MH,,"PAP Mask, Full Face, Amara Gel, Petite, 1 per 3 months",A7030,,,,,,,Mask Brand,Amara Gel,,,,,,,,,,,,
1S-EHS5-7G6IF-S3,BiLevel PAP Package,B29-DBQ-BC3PJ-VA,PAP Mask,TRUE,KXENF-0N-8S6C-AJ,,"PAP Mask, Full Face, Airfit F30I, Small, 1 per 3 months",A7030,,,,,,,,,,,,,,,Mask Brand,Airfit F30I,,,,
1S-EHS5-7G6IF-S3,BiLevel PAP Package,B29-DBQ-BC3PJ-VA,PAP Mask,TRUE,L06Y-BL3P-BP-L7J,,"PAP Mask, Nasal, Airfit N30, Fit Upon Setup, 1 per 3 months",A7034,,,,,,,,,,,,,,,Mask Brand,Airfit N30,,,,
1S-EHS5-7G6IF-S3,BiLevel PAP Package,B29-DBQ-BC3PJ-VA,PAP Mask,TRUE,L730-SE-A51YQ-3L,,"PAP Mask, Fit to Comfort, 1 per 3 months",MASK,,,,,,,,,,,,,,,Mask Brand,Fit Upon Setup,,,,
1S-EHS5-7G6IF-S3,BiLevel PAP Package,B29-DBQ-BC3PJ-VA,PAP Mask,TRUE,LA-M9J8-RL6C5-VU,,"PAP Mask, Full Face, Dreamwear, Medium (LG Frame), 1 per 3 months",A7030,,,,,,,,,,,,,,,,,,,Mask Brand,Dreamwear
1S-EHS5-7G6IF-S3,BiLevel PAP Package,B29-DBQ-BC3PJ-VA,PAP Mask,TRUE,LCLIE-9V0IF-E03L,,"PAP Mask, Full Face, Resmed F30",A7030,,,,,,,,,,,,,,,,,Mask Brand,Resmed F30,,
1S-EHS5-7G6IF-S3,BiLevel PAP Package,B29-DBQ-BC3PJ-VA,PAP Mask,TRUE,LJX-YC-85PM2-TSM,,"PAP Mask, Full Face, Respironics Dreamwear",A7030,,,,,,,,,,,,,,,,,,,Mask Brand,Respironics Dreamwear
1S-EHS5-7G6IF-S3,BiLevel PAP Package,B29-DBQ-BC3PJ-VA,PAP Mask,TRUE,LNEQ-83-BDL84-53,,"PAP Mask, Nasal, Airfit N30I, Small-Wide, 1 per 3 months",A7034,,,,,,,,,,,Mask Brand,Airfit N30I,,,,,,,,
1S-EHS5-7G6IF-S3,BiLevel PAP Package,B29-DBQ-BC3PJ-VA,PAP Mask,TRUE,LXH0C-XUH6-6BKUF,,"PAP Mask, Nasal Pillow, Dreamwear, Small (MD Frame), 1 per 3 months",A7034,,,,,Mask Brand,Dreamwear,,,,,,,,,,,,,,
1S-EHS5-7G6IF-S3,BiLevel PAP Package,B29-DBQ-BC3PJ-VA,PAP Mask,TRUE,LXI-ZY3U1-DV0-ZA,,"PAP Mask, Nasal, Dreamwear, Small (SM Frame), 1 per 3 months",A7034,,,,,,,,,,,,,,,,,,,Mask Brand,Dreamwear
1S-EHS5-7G6IF-S3,BiLevel PAP Package,B29-DBQ-BC3PJ-VA,PAP Mask,TRUE,LXN3N-03Q-KN0-L8,,"PAP Mask, Full Face, Fisher & Paykel Simplus, Small, 1 per 3 months",A7030,,,,,,,Mask Brand,Fisher & Paykel Simplus,,,,,,,,,,,,
1S-EHS5-7G6IF-S3,BiLevel PAP Package,B29-DBQ-BC3PJ-VA,PAP Mask,TRUE,MA4-HKD8-S4IK-UC,,"PAP Mask, Nasal Pillow, Resmed Airfit P10, Small, 1 per 3 months",A7034,,,,,,,,,Mask Brand,Resmed Airfit P10,,,,,,,,,,
1S-EHS5-7G6IF-S3,BiLevel PAP Package,B29-DBQ-BC3PJ-VA,PAP Mask,TRUE,MQK-RLS5-QKG-L7K,,"PAP Mask, Nasal, Dreamwear, Small (LG Frame), 1 per 3 months",A7034,,,,,,,,,Mask Brand,Dreamwear,,,,,,,,,,
1S-EHS5-7G6IF-S3,BiLevel PAP Package,B29-DBQ-BC3PJ-VA,PAP Mask,TRUE,NH-N9P7-0SX-7B67,,"PAP Mask, Nasal, Dreamwear, Large (LG Frame), 1 per 3 months",A7034,,,,,,,,,,,,,,,,,Mask Brand,Dreamwear,,
1S-EHS5-7G6IF-S3,BiLevel PAP Package,B29-DBQ-BC3PJ-VA,PAP Mask,TRUE,P2Y-AMC-90EQ-UM4,,"PAP Mask, Nasal, Dreamwear, Large (SM Frame), 1 per 3 months",A7034,,,,,,,,,,,Mask Brand,Dreamwear,,,,,,,,
1S-EHS5-7G6IF-S3,BiLevel PAP Package,B29-DBQ-BC3PJ-VA,PAP Mask,TRUE,P6PR-N9PC-GU-U5V,,"PAP Mask, Full Face, Respironics Amara View, Medium, 1 per 3 months",A7030,,,,,,,,,,,,,,,,,,,Mask Brand,Respironics Amara View
1S-EHS5-7G6IF-S3,BiLevel PAP Package,B29-DBQ-BC3PJ-VA,PAP Mask,TRUE,PB1DE-4T-G0CS-JE,,"PAP Mask, Full Face, Dreamwear, Medium (MD Frame), 1 per 3 months",A7030,,,,,,,,,,,,,Mask Brand,Dreamwear,,,,,,
1S-EHS5-7G6IF-S3,BiLevel PAP Package,B29-DBQ-BC3PJ-VA,PAP Mask,TRUE,PF-80S-59CN-9ZRF,,"PAP Mask, Full Face, Resmed Quattro, Medium, 1 per 3 months",A7030,,,,,,,,,,,Mask Brand,Resmed Quattro,,,,,,,,
1S-EHS5-7G6IF-S3,BiLevel PAP Package,B29-DBQ-BC3PJ-VA,PAP Mask,TRUE,PNGE-3RPCL-L915D,,"PAP Mask, Full Face, Resmed Airfit F10, Small, 1 per 3 months",A7030,,,,,Mask Brand,Resmed Airfit F10,,,,,,,,,,,,,,
1S-EHS5-7G6IF-S3,BiLevel PAP Package,B29-DBQ-BC3PJ-VA,PAP Mask,TRUE,Q27-HL-N879-5RS1,,"PAP Mask, Nasal Pillow, Dreamwear, Medium (SM Frame), 1 per 3 months",A7034,,,,,,,,,,,,,,,,,,,Mask Brand,Dreamwear
1S-EHS5-7G6IF-S3,BiLevel PAP Package,B29-DBQ-BC3PJ-VA,PAP Mask,TRUE,QV-3F-49P-831-76,,"PAP Mask, Nasal Pillow, Swift FX, Medium, 2 per 1 month",A7033,,,,,Mask Brand,Swift FX,,,,,,,,,,,,,,
1S-EHS5-7G6IF-S3,BiLevel PAP Package,B29-DBQ-BC3PJ-VA,PAP Mask,TRUE,RA-MT-XZF6-CY-K6,,"PAP Mask, Full Face, Airfit F30I, Large, 1 per 3 months",A7030,,,,,,,,,,,,,,,,,,,Mask Brand,Airfit F30I
1S-EHS5-7G6IF-S3,BiLevel PAP Package,B29-DBQ-BC3PJ-VA,PAP Mask,TRUE,SK-B63H-XRD-GIQ6,,"PAP Mask, Nasal Pillow, Airfit P30I, Small, 1 per 3 months",A7034,,,,,Mask Brand,Airfit P30I,,,,,,,,,,,,,,
1S-EHS5-7G6IF-S3,BiLevel PAP Package,B29-DBQ-BC3PJ-VA,PAP Mask,TRUE,SLE-BL-A8CD-5TET,,"PAP Mask, Full Face, Fisher & Paykel Simplus, Medium, 1 per 3 months",A7030,Mask Brand,Fisher & Paykel Simplus,,,,,,,,,,,,,,,,,,
1S-EHS5-7G6IF-S3,BiLevel PAP Package,B29-DBQ-BC3PJ-VA,PAP Mask,TRUE,SX-Y8PKY-LU57-U5,,"PAP Mask, Nasal, Resmed Activa, Standard, 1 per 3 months",A7034,,,,,,,,,,,,,Mask Brand,Resmed Activa,,,,,,
1S-EHS5-7G6IF-S3,BiLevel PAP Package,B29-DBQ-BC3PJ-VA,PAP Mask,TRUE,SXE3I-RC2-9EU-PL,,"PAP Mask, Full Face, Respironics Amara View, Large, 1 per 3 months",A7030,,,,,,,,,,,,,,,,,Mask Brand,Respironics Amara View,,
1S-EHS5-7G6IF-S3,BiLevel PAP Package,B29-DBQ-BC3PJ-VA,PAP Mask,TRUE,T7KVR-JA86M-H5A9,,"PAP Mask, Nasal, Respironics Pico, S/M/L/XL (fitpack), 1 per 3 months",A7034,,,,,,,,,,,Mask Brand,Respironics Pico,,,,,,,,
1S-EHS5-7G6IF-S3,BiLevel PAP Package,B29-DBQ-BC3PJ-VA,PAP Mask,TRUE,T9Z-DF6A-VGH1-UR,,"PAP Mask, Nasal Pillow, Respironics Nuance Gel, Complete, 1 per 3 months",A7034,,,,,,,Mask Brand,Respironics Nuance Gel,,,,,,,,,,,,
1S-EHS5-7G6IF-S3,BiLevel PAP Package,B29-DBQ-BC3PJ-VA,PAP Mask,TRUE,TF5R-YHY4V-B8S5G,,"PAP Mask, Full Face, Fisher & Paykel Simplus, Fit Upon Setup, 1 per 3 months",A7030,,,,,,,Mask Brand,Fisher & Paykel Simplus,,,,,,,,,,,,
1S-EHS5-7G6IF-S3,BiLevel PAP Package,B29-DBQ-BC3PJ-VA,PAP Mask,TRUE,TH-IBM-JA-VL-840,,"PAP Mask, Nasal, Dreamwear, Fit Upon Setup, 1 per 3 months",A7034,,,,,,,,,Mask Brand,Dreamwear,,,,,,,,,,
1S-EHS5-7G6IF-S3,BiLevel PAP Package,B29-DBQ-BC3PJ-VA,PAP Mask,TRUE,TK-NS9F2-7T8D-EM,,"PAP Mask, Nasal Pillow, Airfit P30I, Fit Upon Setup, 2 per 1 month",A7033,,,,,,,Mask Brand,Airfit P30I,,,,,,,,,,,,
1S-EHS5-7G6IF-S3,BiLevel PAP Package,B29-DBQ-BC3PJ-VA,PAP Mask,TRUE,TLDUT-0EP0-M90C1,,"PAP Mask, Nasal Cushion, Respironics Dreamwisp",A7034,,,,,,,,,,,,,Mask Brand,Respironics Dreamwisp,,,,,,
1S-EHS5-7G6IF-S3,BiLevel PAP Package,B29-DBQ-BC3PJ-VA,PAP Mask,TRUE,TYSC-8M-IFR0U-NX,,"PAP Mask, Full Face, Resmed F30i",A7030,,,,,,,,,,,,,,,Mask Brand,Resmed F30i,,,,
1S-EHS5-7G6IF-S3,BiLevel PAP Package,B29-DBQ-BC3PJ-VA,PAP Mask,TRUE,UAPQ-2G-493P-F5C,,"PAP Mask, Nasal, Dreamwear, Medium Wide (LG Frame), 1 per 3 months",A7034,,,,,Mask Brand,Dreamwear,,,,,,,,,,,,,,
1S-EHS5-7G6IF-S3,BiLevel PAP Package,B29-DBQ-BC3PJ-VA,PAP Mask,TRUE,UJ59H-2I-6YC-SR6,,"PAP Mask, Nasal Cushion, Resmed Pixi Pediatric",A7034,,,,,,,,,,,Mask Brand,Resmed Pixi Pediatric,,,,,,,,
1S-EHS5-7G6IF-S3,BiLevel PAP Package,B29-DBQ-BC3PJ-VA,PAP Mask,TRUE,UTBPG-KJ-KL8-TQ0,,"PAP Mask, Full Face, Resmed Airfit F20 for Her, Small, 1 per 3 months",A7030,,,Mask Brand,Resmed Airfit F20 for Her,,,,,,,,,,,,,,,,
1S-EHS5-7G6IF-S3,BiLevel PAP Package,B29-DBQ-BC3PJ-VA,PAP Mask,TRUE,UX-APBHG-8PV-DCB,,"PAP Mask, Full Face, Fit Upon Setup, N/A, 1 per 3 months",A7030,,,,,,,Mask Brand,Fit Upon Setup,,,,,,,,,,,,
1S-EHS5-7G6IF-S3,BiLevel PAP Package,B29-DBQ-BC3PJ-VA,PAP Mask,TRUE,V30C-K7V-ZN79-JI,,"PAP Mask, Nasal, Respironics Wisp Clear, 1 per 3 months",A7034,,,,,,,Mask Brand,Respironics Wisp Clear,,,,,,,,,,,,
1S-EHS5-7G6IF-S3,BiLevel PAP Package,B29-DBQ-BC3PJ-VA,PAP Mask,TRUE,X0T-CUI7L-A5T-L5,,"PAP Mask, Nasal Pillow, Resmed Swift FX for Her, Complete, 1 per 3 months",A7034,,,,,,,,,Mask Brand,Resmed Swift FX for Her,,,,,,,,,,
1S-EHS5-7G6IF-S3,BiLevel PAP Package,B29-DBQ-BC3PJ-VA,PAP Mask,TRUE,Z1R-PZ-HZQJH-1UD,,"PAP Mask, Nasal, Dreamwear, Small (MD Frame), 1 per 3 months",A7034,,,,,,,,,,,,,,,,,Mask Brand,Dreamwear,,
1S-EHS5-7G6IF-S3,BiLevel PAP Package,B29-DBQ-BC3PJ-VA,PAP Mask,TRUE,ZEZK-N73-RV0-XZP,,"PAP Mask, Full Face, Resmed Airtouch F20, Medium, 1 per 3 months",A7030,,,,,,,,,Mask Brand,Resmed Airtouch F20,,,,,,,,,,
1S-EHS5-7G6IF-S3,BiLevel PAP Package,B29-DBQ-BC3PJ-VA,PAP Mask,TRUE,ZTQZ-17FIL-RB-18,,"PAP Mask, Nasal, Respironics ComfortGel Blue, Petite, 1 per 3 months",A7034,,,,,,,,,,,,,Mask Brand,Respironics ComfortGel Blue,,,,,,
1S-EHS5-7G6IF-S3,BiLevel PAP Package,B29-DBQ-BC3PJ-VA,PAP Mask,TRUE,ZV-8PBRY-EDF9-KU,,"PAP Mask, Full Face, Resmed Quattro FX, Medium, 1 per 3 months",A7030,,,,,,,,,,,,,Mask Brand,Resmed Quattro FX,,,,,,
1S-EHS5-7G6IF-S3,BiLevel PAP Package,HUPL-N9-KTS-PKHF,PAP Chinstrap,FALSE,0HI8-4VBI8-4V5F0,,"PAP Chinstrap, Fit to Comfort, 1 per 6 months",A7036,,,,,,,,,,,,,,,,,,,PAP Chinstrap Included,Fit to Comfort
1S-EHS5-7G6IF-S3,BiLevel PAP Package,HUPL-N9-KTS-PKHF,PAP Chinstrap,FALSE,18S-X7-61A0H-I2P,,No Chinstrap Included,,,,,,,,,,PAP Chinstrap Included,PAP Chinstrap Not Included,,,,,,,,,,
1S-EHS5-7G6IF-S3,BiLevel PAP Package,HUPL-N9-KTS-PKHF,PAP Chinstrap,FALSE,CB-Q76BH-A20Y-1T,,"PAP Chinstrap, 1 per 6 months",A7036,PAP Chinstrap Included,PAP Chinstrap Included,,,,,,,,,,,,,,,,,,
1S-EHS5-7G6IF-S3,BiLevel PAP Package,IH-RL-7H6N-Q2-Q6,PAP Nasal Pillows,FALSE,7RH2-J7-BY2BI-NS,,No Nasal Pillows,,,,,,,,,,,,,,,,Mask Frame,N/A,,,,
1S-EHS5-7G6IF-S3,BiLevel PAP Package,IH-RL-7H6N-Q2-Q6,PAP Nasal Pillows,FALSE,AS-KTED-K4YUZ-H3,,No Nasal Pillows Included,,,,,,,,,,,,Mask Frame,Oral,,,,,,,,
1S-EHS5-7G6IF-S3,BiLevel PAP Package,IH-RL-7H6N-Q2-Q6,PAP Nasal Pillows,FALSE,CM-VD-7B-SF-B3P4,,No Nasal Pillows Included,,,,,,,,,,,,,,,,,,,,Mask Frame,Full Face
1S-EHS5-7G6IF-S3,BiLevel PAP Package,IH-RL-7H6N-Q2-Q6,PAP Nasal Pillows,FALSE,EN5N-6FXH7-PG27M,,No Nasal Pillows Included,,,,,,,,,,,,,,Mask Frame,Nasal,,,,,,
1S-EHS5-7G6IF-S3,BiLevel PAP Package,IH-RL-7H6N-Q2-Q6,PAP Nasal Pillows,FALSE,GTCDT-PUP64-T5NT,,"Nasal Pillows Included, Nasal Pillow Mask, 2 per 1 month",A7033,,,,,,,,,,,,,,,,,,,Mask Frame,Nasal Pillow
1S-EHS5-7G6IF-S3,BiLevel PAP Package,IH-RL-7H6N-Q2-Q6,PAP Nasal Pillows,FALSE,HLXQ-8E84-LMR-TP,,No Nasal Pillows Included,,,,,,,,,,,,,,,,Mask Frame,Oral / Nasal Hybrid,,,,
1S-EHS5-7G6IF-S3,BiLevel PAP Package,IH-RL-7H6N-Q2-Q6,PAP Nasal Pillows,FALSE,I69F-RY75S-IE-KB,,"Nasal Pillows Included, Oral / Nasal Hybrid Mask, 2 per 1 month",A7029,,,,,,,,,,,Mask Frame,Oral / Nasal Hybrid,,,,,,,,
1S-EHS5-7G6IF-S3,BiLevel PAP Package,IH-RL-7H6N-Q2-Q6,PAP Nasal Pillows,FALSE,QSZ-AE-63LKU-5DB,,"Nasal Pillows Included, Full Face Mask, 2 per 1 month",A7033,,,,,,,,,,,,,,,,,Mask Frame,Full Face,,
1S-EHS5-7G6IF-S3,BiLevel PAP Package,IH-RL-7H6N-Q2-Q6,PAP Nasal Pillows,FALSE,S81-RJ-TB-3VM-62,,"Nasal Pillows Included, Nasal Mask, 2 per 1 month",A7033,,,,,,,,,,,Mask Frame,Nasal,,,,,,,,
1S-EHS5-7G6IF-S3,BiLevel PAP Package,IH-RL-7H6N-Q2-Q6,PAP Nasal Pillows,FALSE,T5E-ZP-SD-F2-2VK,,"Nasal Pillows, Patient Preference",,,,,,,,,,,,Mask Frame,Nasal,,,,,,,,
1S-EHS5-7G6IF-S3,BiLevel PAP Package,IH-RL-7H6N-Q2-Q6,PAP Nasal Pillows,FALSE,UACF-YIR-YG-Q2EH,,"A7029 Nasal Pillows, Fit to Comfort",A7033,,,,,,,,,,,,,,,Mask Frame,Patient Preference,,,,
1S-EHS5-7G6IF-S3,BiLevel PAP Package,IH-RL-7H6N-Q2-Q6,PAP Nasal Pillows,FALSE,YKF-0IF-XLV9-ZNU,,No Nasal Pillows Included,,,,,,,,,,,,Mask Frame,Patient Preference,,,,,,,,
1S-EHS5-7G6IF-S3,BiLevel PAP Package,LX6-GZH-U6JT-EYE,PAP Humidifier,TRUE,0MXJI-HV2V-NU5ZF,,"PAP Humidifier, Heated.",E0562,,,,,,,,,,,,,,,Humidifier Type,Heated.,,,,
1S-EHS5-7G6IF-S3,BiLevel PAP Package,LX6-GZH-U6JT-EYE,PAP Humidifier,TRUE,DRXE-1DLC6-0R-FU,,"PAP Humidifier, Patient Preference",,Humidifier Type,Patient Preference,,,,,,,,,,,,,,,,,,
1S-EHS5-7G6IF-S3,BiLevel PAP Package,LX6-GZH-U6JT-EYE,PAP Humidifier,TRUE,FK2S-M4-L3-GL-CS,,"PAP Humidifier, Heated",E0562,,,,,,,,,,,Humidifier Type,Heated,,,,,,,,
1S-EHS5-7G6IF-S3,BiLevel PAP Package,LX6-GZH-U6JT-EYE,PAP Humidifier,TRUE,KZGM-EIJ80-D7-LS,,No PAP Humidifier,,,,,,,,,,,,,,,,,,Humidifier Type,N/A,,
1S-EHS5-7G6IF-S3,BiLevel PAP Package,Y87V-2N-NCDL-09V,PAP Monitoring,FALSE,01-LR1F-6CNTQ-XZ,,"PAP Monitoring, Per device availability",A9279,,,,,,,PAP Monitor Type,Per device availability,,,,,,,,,PAP System,Resmed S10 Fixed CPAP,,
1S-EHS5-7G6IF-S3,BiLevel PAP Package,Y87V-2N-NCDL-09V,PAP Monitoring,FALSE,07H-H6PQ-PGM-SR6,,"PAP Monitoring, Per device availability",A9279,,,,,,,PAP Monitor Type,Per device availability,,,,,PAP System,ResMed Auto,,,,,,
1S-EHS5-7G6IF-S3,BiLevel PAP Package,Y87V-2N-NCDL-09V,PAP Monitoring,FALSE,0A2Z-X51ZH-MK-N0,,"PAP Monitoring, Per device availability",A9279,,,PAP Monitor Type,Per device availability,,,,,,,,,,,,,,,PAP System,Fisher & Paykel (F&P) Icon Premium
1S-EHS5-7G6IF-S3,BiLevel PAP Package,Y87V-2N-NCDL-09V,PAP Monitoring,FALSE,0K-VH-XI-BRH-P1D,,"PAP Monitoring, SD Card (aka Card to Cloud)",A9279,,,,,,,,,PAP Monitor Type,SD Card (aka Card to Cloud),PAP System,Resmed S10 Aircurve Fixed Bilevel ASV C2C,,,,,,,,
1S-EHS5-7G6IF-S3,BiLevel PAP Package,Y87V-2N-NCDL-09V,PAP Monitoring,FALSE,0X9V-YVQ9B-7L-GU,,"PAP Monitoring, Per device availability",A9279,,,,,PAP Monitor Type,Per device availability,,,,,,,,,,,,,PAP System,S9 Standard
1S-EHS5-7G6IF-S3,BiLevel PAP Package,Y87V-2N-NCDL-09V,PAP Monitoring,FALSE,134GP-70H-KL-UNI,,"PAP Monitoring, Per device availability",A9279,,,,,,,,,PAP Monitor Type,Per device availability,,,,,,,,,PAP System,Respironics Dreamstation Auto BiPAP
1S-EHS5-7G6IF-S3,BiLevel PAP Package,Y87V-2N-NCDL-09V,PAP Monitoring,FALSE,1KM-CT4-MLN-27QX,,"PAP Monitoring, Per device availability",A9279,,,,,PAP Monitor Type,Per device availability,,,,,,,,,,,PAP System,System to Fit,,
1S-EHS5-7G6IF-S3,BiLevel PAP Package,Y87V-2N-NCDL-09V,PAP Monitoring,FALSE,1PL-NBFCS-2MX-I9,,"PAP Monitoring, Per device availability",A9279,,,,,,,PAP Monitor Type,Per device availability,,,,,,,,,,,PAP System,Resmed S10
1S-EHS5-7G6IF-S3,BiLevel PAP Package,Y87V-2N-NCDL-09V,PAP Monitoring,FALSE,2B-INUES-UV2I-18,,"PAP Monitoring, Cellular Modem",A9279,,,PAP Monitor Type,Cellular Modem,,,,,,,,,PAP System,Resmed S10 Aircurve ASV,,,,,,
1S-EHS5-7G6IF-S3,BiLevel PAP Package,Y87V-2N-NCDL-09V,PAP Monitoring,FALSE,2HL-B38G-135D-BX,,"PAP Monitoring, Cellular Modem",A9279,,,,,,,,,PAP Monitor Type,Cellular Modem,,,,,,,,,PAP System,Generic
1S-EHS5-7G6IF-S3,BiLevel PAP Package,Y87V-2N-NCDL-09V,PAP Monitoring,FALSE,2S-ZY7-MFM5N-Z32,,"PAP Monitoring, Cellular Modem",A9279,,,,,,,PAP Monitor Type,Cellular Modem,,,,,,,,,PAP System,Respironics Ruby Topaz,,
1S-EHS5-7G6IF-S3,BiLevel PAP Package,Y87V-2N-NCDL-09V,PAP Monitoring,FALSE,2STR-6I9L-2E-9S5,,"PAP Monitoring, Per device availability",A9279,,,PAP Monitor Type,Per device availability,,,,,,,,,PAP System,S9/S10,,,,,,
1S-EHS5-7G6IF-S3,BiLevel PAP Package,Y87V-2N-NCDL-09V,PAP Monitoring,FALSE,37BV-A8-04FTU-38,,"PAP Monitoring, Per device availability",A9279,PAP Monitor Type,Per device availability,,,,,,,,,PAP System,Drive Medical Auto-CPAP,,,,,,,,
1S-EHS5-7G6IF-S3,BiLevel PAP Package,Y87V-2N-NCDL-09V,PAP Monitoring,FALSE,3V3KP-27MNJ-HRD3,,"PAP Monitoring, Per device availability",A9279,,,,,,,PAP Monitor Type,Per device availability,,,,,,,,,,,PAP System,Resmed Airsense 11
1S-EHS5-7G6IF-S3,BiLevel PAP Package,Y87V-2N-NCDL-09V,PAP Monitoring,FALSE,4P1PC-S01B-9EGUE,,"PAP Monitoring, Per device availability",A9279,,,,,,,PAP Monitor Type,Per device availability,,,,,,,,,PAP System,Respironics Dreamstation 2,,
1S-EHS5-7G6IF-S3,BiLevel PAP Package,Y87V-2N-NCDL-09V,PAP Monitoring,FALSE,4RPN-UQ-1SFCR-9K,,"PAP Monitoring, Cellular Modem",A9279,,,PAP Monitor Type,Cellular Modem,,,,,,,,,PAP System,Airsense / Aircurve 10,,,,,,
1S-EHS5-7G6IF-S3,BiLevel PAP Package,Y87V-2N-NCDL-09V,PAP Monitoring,FALSE,4SR-NY2I-3I-UV1Q,,"PAP Monitoring, Cellular Modem",A9279,,,,,,,,,PAP Monitor Type,Cellular Modem,,,,,,,,,PAP System,Resmed S10 Aircurve BiLevel ST
1S-EHS5-7G6IF-S3,BiLevel PAP Package,Y87V-2N-NCDL-09V,PAP Monitoring,FALSE,5C-PB01-AE-BD-Y9,,"PAP Monitoring, Per device availability",A9279,PAP Monitor Type,Per device availability,,,,,,,,,,,PAP System,ResMed Climate Line,,,,,,
1S-EHS5-7G6IF-S3,BiLevel PAP Package,Y87V-2N-NCDL-09V,PAP Monitoring,FALSE,5HT-3JT-J2QB-ELF,,"PAP Monitoring, Per device availability",A9279,,,,,PAP Monitor Type,Per device availability,,,,,PAP System,Fit Upon Setup,,,,,,,,
1S-EHS5-7G6IF-S3,BiLevel PAP Package,Y87V-2N-NCDL-09V,PAP Monitoring,FALSE,5MY-J1P-6YH9F-16,,"PAP Monitoring, Cellular Modem",A9279,PAP Monitor Type,Cellular Modem,,,,,,,,,PAP System,Pediatric,,,,,,,,
1S-EHS5-7G6IF-S3,BiLevel PAP Package,Y87V-2N-NCDL-09V,PAP Monitoring,FALSE,5X-J24V-2T1S-B7P,,"PAP Monitoring, Per device availability",A9279,,,PAP Monitor Type,Per device availability,,,,,,,,,,,PAP System,3B Medical Luna II,,,,
1S-EHS5-7G6IF-S3,BiLevel PAP Package,Y87V-2N-NCDL-09V,PAP Monitoring,FALSE,62K-GS-2X-G86-92,,"PAP Monitoring, Cellular Modem",A9279,,,,,PAP Monitor Type,Cellular Modem,,,,,,,,,PAP System,"Automatic, 5-20 cm",,,,
1S-EHS5-7G6IF-S3,BiLevel PAP Package,Y87V-2N-NCDL-09V,PAP Monitoring,FALSE,6M-0ZN-ATF-2HRCM,,"PAP Monitoring, Cellular Modem",A9279,,,,,,,,,PAP Monitor Type,Cellular Modem,,,,,,,,,PAP System,Respironics System One
1S-EHS5-7G6IF-S3,BiLevel PAP Package,Y87V-2N-NCDL-09V,PAP Monitoring,FALSE,6RE6-U1M-GES8-MA,,"PAP Monitoring, Cellular Modem",A9279,PAP Monitor Type,Cellular Modem,,,,,,,,,,,,,PAP System,Drive Medical IntelliPAP Auto-CPAP,,,,
1S-EHS5-7G6IF-S3,BiLevel PAP Package,Y87V-2N-NCDL-09V,PAP Monitoring,FALSE,6V-5152T-E0B9-5F,,"PAP Monitoring, Cellular Modem",A9279,,,,,PAP Monitor Type,Cellular Modem,,,,,,,,,PAP System,Fit Upon Setup,,,,
1S-EHS5-7G6IF-S3,BiLevel PAP Package,Y87V-2N-NCDL-09V,PAP Monitoring,FALSE,6V1I-LUCS2-KNUA8,,"PAP Monitoring, Per device availability",A9279,,,,,PAP Monitor Type,Per device availability,,,,,,,PAP System,Icon,,,,,,
1S-EHS5-7G6IF-S3,BiLevel PAP Package,Y87V-2N-NCDL-09V,PAP Monitoring,FALSE,74DG-AF4B-AH8-VI,,"PAP Monitoring, Cellular Modem",A9279,,,PAP Monitor Type,Cellular Modem,,,,,,,,,PAP System,Resmed Airsense 11 Auto,,,,,,
1S-EHS5-7G6IF-S3,BiLevel PAP Package,Y87V-2N-NCDL-09V,PAP Monitoring,FALSE,7AI3-35-NHQ-VRMT,,"PAP Monitoring, Cellular Modem",A9279,,,PAP Monitor Type,Cellular Modem,,,,,,,,,PAP System,Resmed Airsense 11,,,,,,
1S-EHS5-7G6IF-S3,BiLevel PAP Package,Y87V-2N-NCDL-09V,PAP Monitoring,FALSE,7AU8U-81L-BQZ-54,,"PAP Monitoring, Cellular Modem",A9279,PAP Monitor Type,Cellular Modem,,,,,,,,,PAP System,Resmed S10 Aircurve Fixed BiLevel,,,,,,,,
1S-EHS5-7G6IF-S3,BiLevel PAP Package,Y87V-2N-NCDL-09V,PAP Monitoring,FALSE,7B-FAZ4N-5T2R-83,,"PAP Monitoring, Cellular Modem",A9279,,,,,,,PAP Monitor Type,Cellular Modem,,,,,,,,,,,PAP System,ResMed Climate Line
1S-EHS5-7G6IF-S3,BiLevel PAP Package,Y87V-2N-NCDL-09V,PAP Monitoring,FALSE,7GE-0K3NV-R4-32E,,"PAP Monitoring, Cellular Modem",A9279,PAP Monitor Type,Cellular Modem,,,,,,,,,PAP System,Generic ASV,,,,,,,,
1S-EHS5-7G6IF-S3,BiLevel PAP Package,Y87V-2N-NCDL-09V,PAP Monitoring,FALSE,7IN-RI4-HJMCY-A9,,"PAP Monitoring, Per device availability",A9279,,,,,PAP Monitor Type,Per device availability,,,,,,,,,PAP System,ResMed AirMini Portable,,,,
1S-EHS5-7G6IF-S3,BiLevel PAP Package,Y87V-2N-NCDL-09V,PAP Monitoring,FALSE,7JC-29H4-R51U-JY,,"PAP Monitoring, Per device availability",A9279,,,PAP Monitor Type,Per device availability,,,,,,,,,PAP System,Respironics Dreamstation 2 Auto-CPAP,,,,,,
1S-EHS5-7G6IF-S3,BiLevel PAP Package,Y87V-2N-NCDL-09V,PAP Monitoring,FALSE,7LB89-0G7C-4R17P,,"PAP Monitoring, Per device availability",A9279,,,PAP Monitor Type,Per device availability,,,,,,,,,PAP System,Generic,,,,,,
1S-EHS5-7G6IF-S3,BiLevel PAP Package,Y87V-2N-NCDL-09V,PAP Monitoring,FALSE,87R6-H2-ET7VD-PS,,"PAP Monitoring, Cellular Modem",A9279,,,PAP Monitor Type,Cellular Modem,,,,,,,,,PAP System,Resvent iBreeze,,,,,,
1S-EHS5-7G6IF-S3,BiLevel PAP Package,Y87V-2N-NCDL-09V,PAP Monitoring,FALSE,8FM1J-SYU-6A-4KN,,"PAP Monitoring, Cellular Modem",A9279,,,,,,,,,PAP Monitor Type,Cellular Modem,,,,,,,,,PAP System,Respironics
1S-EHS5-7G6IF-S3,BiLevel PAP Package,Y87V-2N-NCDL-09V,PAP Monitoring,FALSE,8PSY-NP-AI-FVT18,,"PAP Monitoring, Cellular Modem",A9279,,,,,,,PAP Monitor Type,Cellular Modem,,,,,,,,,PAP System,Resmed S10 Aircurve Fixed BiLevel ASV,,
1S-EHS5-7G6IF-S3,BiLevel PAP Package,Y87V-2N-NCDL-09V,PAP Monitoring,FALSE,8QFA-HM-FLI-F1R8,,"PAP Monitoring, Per device availability",A9279,,,,,,,PAP Monitor Type,Per device availability,,,,,,,,,,,PAP System,Airsense / Aircurve 10
1S-EHS5-7G6IF-S3,BiLevel PAP Package,Y87V-2N-NCDL-09V,PAP Monitoring,FALSE,8Y-QAD6-0GY97-DN,,"PAP Monitoring, SD Card (aka Card to Cloud)",A9279,,,,,PAP Monitor Type,SD Card (aka Card to Cloud),,,,,,,,,,,PAP System,Resmed S10 Aircurve Bilevel ST C2C,,
1S-EHS5-7G6IF-S3,BiLevel PAP Package,Y87V-2N-NCDL-09V,PAP Monitoring,FALSE,91AVC-5X-21X-B86,,"PAP Monitoring, Per device availability",A9279,,,,,,,,,PAP Monitor Type,Per device availability,PAP System,Resmed S10 Aircurve Fixed BiLevel,,,,,,,,
1S-EHS5-7G6IF-S3,BiLevel PAP Package,Y87V-2N-NCDL-09V,PAP Monitoring,FALSE,9HE-J5P2-TZX-KYN,,"PAP Monitoring, Cellular Modem",A9279,,,,,,,,,PAP Monitor Type,Cellular Modem,,,,,,,,,PAP System,ResMed S10 for Her
1S-EHS5-7G6IF-S3,BiLevel PAP Package,Y87V-2N-NCDL-09V,PAP Monitoring,FALSE,9KT-YFS-QC-PR-SV,,"PAP Monitoring, Per device availability",A9279,,,,,,,PAP Monitor Type,Per device availability,,,,,,,,,,,PAP System,Generic ASV
1S-EHS5-7G6IF-S3,BiLevel PAP Package,Y87V-2N-NCDL-09V,PAP Monitoring,FALSE,9MD-7AD-U8ZR7-6C,,"PAP Monitoring, Per device availability",A9279,PAP Monitor Type,Per device availability,,,,,,,,,,,,,,,PAP System,"Automatic, 5-20 cm",,
1S-EHS5-7G6IF-S3,BiLevel PAP Package,Y87V-2N-NCDL-09V,PAP Monitoring,FALSE,9Y2-JXZQ-QAP-MJP,,"PAP Monitoring, Per device availability",A9279,,,,,,,,,PAP Monitor Type,Per device availability,,,,,PAP System,Resmed S10 Aircurve Fixed BiLevel ASV,,,,
1S-EHS5-7G6IF-S3,BiLevel PAP Package,Y87V-2N-NCDL-09V,PAP Monitoring,FALSE,AFJ-MK-CTGV-8IZK,,"PAP Monitoring, Cellular Modem",A9279,,,PAP Monitor Type,Cellular Modem,,,,,,,,,PAP System,Resmed S10 Aircurve BiLevel ASV,,,,,,
1S-EHS5-7G6IF-S3,BiLevel PAP Package,Y87V-2N-NCDL-09V,PAP Monitoring,FALSE,AH-Y1EZ-BI8P-4MK,,"PAP Monitoring, Per device availability",A9279,,,,,,,PAP Monitor Type,Per device availability,,,,,,,,,PAP System,Respironics Ruby Topaz,,
1S-EHS5-7G6IF-S3,BiLevel PAP Package,Y87V-2N-NCDL-09V,PAP Monitoring,FALSE,B2-3HPD3-QRE-YCA,,"PAP Monitoring, Cellular Modem",A9279,,,PAP Monitor Type,Cellular Modem,,,,,,,,,PAP System,"CPAP Machine, Respironics Dreamstation Auto-CPAP",,,,,,
1S-EHS5-7G6IF-S3,BiLevel PAP Package,Y87V-2N-NCDL-09V,PAP Monitoring,FALSE,BM-GE3ZG-A6AR-YQ,,"PAP Monitoring, Per device availability",A9279,,,,,,,PAP Monitor Type,Per device availability,,,,,,,,,PAP System,Devilbiss,,
1S-EHS5-7G6IF-S3,BiLevel PAP Package,Y87V-2N-NCDL-09V,PAP Monitoring,FALSE,BR-4CUB-AVN-K72P,,"PAP Monitoring, Per device availability",A9279,,,,,,,,,PAP Monitor Type,Per device availability,,,,,,,,,PAP System,Respironics Dreamstation BiPAP ASV
1S-EHS5-7G6IF-S3,BiLevel PAP Package,Y87V-2N-NCDL-09V,PAP Monitoring,FALSE,BRZ7S-8QX-9SE-BM,,"PAP Monitoring, Cellular Modem",A9279,,,,,,,,,PAP Monitor Type,Cellular Modem,PAP System,Drive Medical Auto-CPAP,,,,,,,,
1S-EHS5-7G6IF-S3,BiLevel PAP Package,Y87V-2N-NCDL-09V,PAP Monitoring,FALSE,C5-AQMG-HZQ8-R3J,,"PAP Monitoring, Per device availability",A9279,,,,,PAP Monitor Type,Per device availability,,,,,,,,,,,PAP System,Resmed AirSense 10 Elite Auto-CPAP,,
1S-EHS5-7G6IF-S3,BiLevel PAP Package,Y87V-2N-NCDL-09V,PAP Monitoring,FALSE,CD5-FT-AK7J-JIQJ,,"PAP Monitoring, Cellular Modem",A9279,,,PAP Monitor Type,Cellular Modem,,,,,,,,,PAP System,Resmed S9 VPAP COPD,,,,,,
1S-EHS5-7G6IF-S3,BiLevel PAP Package,Y87V-2N-NCDL-09V,PAP Monitoring,FALSE,CHMJ-ZC-GFT-4X6F,,"PAP Monitoring, Cellular Modem",A9279,,,PAP Monitor Type,Cellular Modem,,,,,,,PAP System,Sleepstyle 600,,,,,,,,
1S-EHS5-7G6IF-S3,BiLevel PAP Package,Y87V-2N-NCDL-09V,PAP Monitoring,FALSE,CIKH-87-04TGA-C4,,"PAP Monitoring, Cellular Modem",A9279,,,,,,,,,PAP Monitor Type,Cellular Modem,,,,,PAP System,S9 Standard,,,,
1S-EHS5-7G6IF-S3,BiLevel PAP Package,Y87V-2N-NCDL-09V,PAP Monitoring,FALSE,CLZD7-12-HX-5DQK,,"PAP Monitoring, Cellular Modem",A9279,,,,,,,,,PAP Monitor Type,Cellular Modem,,,,,,,,,PAP System,Resmed S10 Aircurve BiLevel ST-A
1S-EHS5-7G6IF-S3,BiLevel PAP Package,Y87V-2N-NCDL-09V,PAP Monitoring,FALSE,D1CJ8-X4-5JN-I89,,"PAP Monitoring, Per device availability",A9279,PAP Monitor Type,Per device availability,,,,,,,,,PAP System,Drive Medical,,,,,,,,
1S-EHS5-7G6IF-S3,BiLevel PAP Package,Y87V-2N-NCDL-09V,PAP Monitoring,FALSE,D7PE-Y0YD-83-DAM,,"PAP Monitoring, Per device availability",A9279,,,,,,,PAP Monitor Type,Per device availability,,,,,,,,,PAP System,Drive Medical IntelliPAP Auto BiLevel,,
1S-EHS5-7G6IF-S3,BiLevel PAP Package,Y87V-2N-NCDL-09V,PAP Monitoring,FALSE,DCUGS-Z5N-TYM-4B,,"PAP Monitoring, Cellular Modem",A9279,,,,,PAP Monitor Type,Cellular Modem,,,,,,,,,PAP System,ResMed,,,,
1S-EHS5-7G6IF-S3,BiLevel PAP Package,Y87V-2N-NCDL-09V,PAP Monitoring,FALSE,DGUT-AGR-QYJ-EFU,,"PAP Monitoring, Cellular Modem",A9279,,,,,,,PAP Monitor Type,Cellular Modem,,,,,,,,,PAP System,Resmed S10 Aircurve ST,,
1S-EHS5-7G6IF-S3,BiLevel PAP Package,Y87V-2N-NCDL-09V,PAP Monitoring,FALSE,DX-ELU3L-ATRI-7U,,"PAP Monitoring, Per device availability",A9279,,,,,,,,,PAP Monitor Type,Per device availability,,,,,,,,,PAP System,ResMed AirMini
1S-EHS5-7G6IF-S3,BiLevel PAP Package,Y87V-2N-NCDL-09V,PAP Monitoring,FALSE,DYHB-PZ7-9D-7ML2,,"PAP Monitoring, Per device availability",A9279,,,PAP Monitor Type,Per device availability,,,,,,,,,PAP System,Resmed S10 Auto-CPAP,,,,,,
1S-EHS5-7G6IF-S3,BiLevel PAP Package,Y87V-2N-NCDL-09V,PAP Monitoring,FALSE,E2542-6LJC1-JDMB,,"PAP Monitoring, SD Card (aka Card to Cloud)",A9279,,,,,PAP Monitor Type,SD Card (aka Card to Cloud),,,,,,,,,,,,,PAP System,Resmed S10 Aircurve Bilevel ST-A C2C
1S-EHS5-7G6IF-S3,BiLevel PAP Package,Y87V-2N-NCDL-09V,PAP Monitoring,FALSE,EJ-7KBM-0IURV-6D,,"PAP Monitoring, Cellular Modem",A9279,,,PAP Monitor Type,Cellular Modem,,,,,,,,,PAP System,Resmed AirSense 10 Elite Auto-CPAP,,,,,,
1S-EHS5-7G6IF-S3,BiLevel PAP Package,Y87V-2N-NCDL-09V,PAP Monitoring,FALSE,F2S-DH4-Q8ZV2-F0,,"PAP Monitoring, Per device availability",A9279,,,,,,,PAP Monitor Type,Per device availability,,,,,PAP System,Respironics Dreamstation Auto-CPAP,,,,,,
1S-EHS5-7G6IF-S3,BiLevel PAP Package,Y87V-2N-NCDL-09V,PAP Monitoring,FALSE,FB94M-0X-GC6D-6M,,"PAP Monitoring, Per device availability",A9279,,,,,PAP Monitor Type,Per device availability,,,,,,,,,PAP System,ResMed S10 for Her,,,,
1S-EHS5-7G6IF-S3,BiLevel PAP Package,Y87V-2N-NCDL-09V,PAP Monitoring,FALSE,FI-2K-HI-AF-RNHB,,"PAP Monitoring, Per device availability",A9279,,,,,,,,,PAP Monitor Type,Per device availability,,,,,,,,,PAP System,Resmed AirSense 10 Elite
1S-EHS5-7G6IF-S3,BiLevel PAP Package,Y87V-2N-NCDL-09V,PAP Monitoring,FALSE,G17Y2-10ASD-NILA,,"PAP Monitoring, Per device availability",A9279,,,,,PAP Monitor Type,Per device availability,,,,,PAP System,ResMed Fixed,,,,,,,,
1S-EHS5-7G6IF-S3,BiLevel PAP Package,Y87V-2N-NCDL-09V,PAP Monitoring,FALSE,G1S-2CH-9XLV-2TB,,"PAP Monitoring, Cellular Modem",A9279,,,,,,,,,PAP Monitor Type,Cellular Modem,,,,,,,,,PAP System,S9/S10
1S-EHS5-7G6IF-S3,BiLevel PAP Package,Y87V-2N-NCDL-09V,PAP Monitoring,FALSE,G9U-XD4-HSAU7-E4,,"PAP Monitoring, Per device availability",A9279,,,,,,,PAP Monitor Type,Per device availability,,,,,,,,,PAP System,Resmed S10 Aircurve Auto BiLevel,,
1S-EHS5-7G6IF-S3,BiLevel PAP Package,Y87V-2N-NCDL-09V,PAP Monitoring,FALSE,GP8-QU-LZ8-IB9VH,,"PAP Monitoring, Per device availability",A9279,PAP Monitor Type,Per device availability,,,,,,,,,,,,,PAP System,Resmed Auto for Her,,,,
1S-EHS5-7G6IF-S3,BiLevel PAP Package,Y87V-2N-NCDL-09V,PAP Monitoring,FALSE,GPTRZ-ZX-D0JC-0C,,"PAP Monitoring, Cellular Modem",A9279,,,,,,,,,PAP Monitor Type,Cellular Modem,,,PAP System,Fisher & Paykel (F&P) Icon Auto-CPAP Premium,,,,,,
1S-EHS5-7G6IF-S3,BiLevel PAP Package,Y87V-2N-NCDL-09V,PAP Monitoring,FALSE,GR3-Z5A9-614H-ZX,,"PAP Monitoring, Cellular Modem",A9279,,,,,,,,,PAP Monitor Type,Cellular Modem,,,,,,,,,PAP System,S10
1S-EHS5-7G6IF-S3,BiLevel PAP Package,Y87V-2N-NCDL-09V,PAP Monitoring,FALSE,GT-BU-IY-DXD-JYP,,"PAP Monitoring, Cellular Modem",A9279,,,,,,,,,PAP Monitor Type,Cellular Modem,,,,,,,,,PAP System,Drive Medical IntelliPAP
1S-EHS5-7G6IF-S3,BiLevel PAP Package,Y87V-2N-NCDL-09V,PAP Monitoring,FALSE,H02-PB-12IC-R176,,"PAP Monitoring, Per device availability",A9279,,,PAP Monitor Type,Per device availability,,,,,,,,,PAP System,ResMed,,,,,,
1S-EHS5-7G6IF-S3,BiLevel PAP Package,Y87V-2N-NCDL-09V,PAP Monitoring,FALSE,H5B1M-RJT-2M1-B7,,"PAP Monitoring, Per device availability",A9279,,,,,,,,,PAP Monitor Type,Per device availability,,,,,,,PAP System,Resmed S10 Aircurve BiLevel ST,,
1S-EHS5-7G6IF-S3,BiLevel PAP Package,Y87V-2N-NCDL-09V,PAP Monitoring,FALSE,H5FU-65H90-67-X3,,"PAP Monitoring, SD Card (aka Card to Cloud)",A9279,,,PAP Monitor Type,SD Card (aka Card to Cloud),,,,,,,PAP System,Resmed S10 Aircurve Auto Bilevel ASV C2C,,,,,,,,
1S-EHS5-7G6IF-S3,BiLevel PAP Package,Y87V-2N-NCDL-09V,PAP Monitoring,FALSE,H95P-RZY-HKU-I70,,"PAP Monitoring, Cellular Modem",A9279,,,,,,,PAP Monitor Type,Cellular Modem,,,,,,,,,PAP System,Fisher & Paykel (F&P) Icon Auto-CPAP,,
1S-EHS5-7G6IF-S3,BiLevel PAP Package,Y87V-2N-NCDL-09V,PAP Monitoring,FALSE,HC7-U7-7P-PHL-T7,,"PAP Monitoring, Per device availability",A9279,,,PAP Monitor Type,Per device availability,,,,,,,,,PAP System,Resmed S10 BiPAP ASV,,,,,,
1S-EHS5-7G6IF-S3,BiLevel PAP Package,Y87V-2N-NCDL-09V,PAP Monitoring,FALSE,HX2B-Z2-9GIRE-VU,,"PAP Monitoring, Cellular Modem",A9279,,,,,,,,,PAP Monitor Type,Cellular Modem,,,,,,,,,PAP System,Automatic
1S-EHS5-7G6IF-S3,BiLevel PAP Package,Y87V-2N-NCDL-09V,PAP Monitoring,FALSE,I2-TMZ7-N81-IEVT,,"PAP Monitoring, Per device availability",A9279,,,PAP Monitor Type,Per device availability,,,,,,,,,,,,,,,PAP System,Sleepstyle 600
1S-EHS5-7G6IF-S3,BiLevel PAP Package,Y87V-2N-NCDL-09V,PAP Monitoring,FALSE,IL6M1-F9GRE-9B2Q,,"PAP Monitoring, Per device availability",A9279,,,,,PAP Monitor Type,Per device availability,,,,,PAP System,Not Specified,,,,,,,,
1S-EHS5-7G6IF-S3,BiLevel PAP Package,Y87V-2N-NCDL-09V,PAP Monitoring,FALSE,ILFD-HDKTI-D8-90,,"PAP Monitoring, SD Card (aka Card to Cloud)",A9279,,,,,,,,,PAP Monitor Type,SD Card (aka Card to Cloud),,,,,,,,,PAP System,Resmed S10 Aircurve Fixed Bilevel C2C
1S-EHS5-7G6IF-S3,BiLevel PAP Package,Y87V-2N-NCDL-09V,PAP Monitoring,FALSE,IM7-3I0N-LU-BS2L,,"PAP Monitoring, Per device availability",A9279,,,PAP Monitor Type,Per device availability,,,,,,,,,PAP System,Resmed S10 Aircurve ASV,,,,,,
1S-EHS5-7G6IF-S3,BiLevel PAP Package,Y87V-2N-NCDL-09V,PAP Monitoring,FALSE,IT-MKQF9-7X2-18S,,"PAP Monitoring, Cellular Modem",A9279,,,,,,,PAP Monitor Type,Cellular Modem,,,,,,,,,PAP System,ResMed S10 Auto-CPAP for Her,,
1S-EHS5-7G6IF-S3,BiLevel PAP Package,Y87V-2N-NCDL-09V,PAP Monitoring,FALSE,IV3-XM-KZF9-YRQ5,,"PAP Monitoring, Cellular Modem",A9279,,,,,,,,,PAP Monitor Type,Cellular Modem,,,,,,,,,PAP System,Resmed S10 Auto-CPAP
1S-EHS5-7G6IF-S3,BiLevel PAP Package,Y87V-2N-NCDL-09V,PAP Monitoring,FALSE,JH-CSRT-BE-32-YP,,"PAP Monitoring, Cellular Modem",A9279,,,PAP Monitor Type,Cellular Modem,,,,,,,,,,,,,PAP System,Resmed S9 VPAP Auto BiLevel,,
1S-EHS5-7G6IF-S3,BiLevel PAP Package,Y87V-2N-NCDL-09V,PAP Monitoring,FALSE,JI9L-P2Q7-ZN-Q2N,,"PAP Monitoring, Cellular Modem",A9279,,,,,,,,,PAP Monitor Type,Cellular Modem,,,,,,,PAP System,System to Fit,,
1S-EHS5-7G6IF-S3,BiLevel PAP Package,Y87V-2N-NCDL-09V,PAP Monitoring,FALSE,K0GC-GY2TF-IR8UQ,,"PAP Monitoring, Per device availability",A9279,,,,,,,PAP Monitor Type,Per device availability,,,,,,,,,PAP System,S8,,
1S-EHS5-7G6IF-S3,BiLevel PAP Package,Y87V-2N-NCDL-09V,PAP Monitoring,FALSE,K6VBK-SR5-M8L-3G,,"PAP Monitoring, Per device availability",A9279,,,,,,,,,PAP Monitor Type,Per device availability,PAP System,Resmed S10 Aircurve BiLevel ST-A,,,,,,,,
1S-EHS5-7G6IF-S3,BiLevel PAP Package,Y87V-2N-NCDL-09V,PAP Monitoring,FALSE,KPM-XB-G4-QAB-VL,,"PAP Monitoring, Cellular Modem",A9279,,,,,,,PAP Monitor Type,Cellular Modem,,,,,,,,,PAP System,ResMed Fixed,,
1S-EHS5-7G6IF-S3,BiLevel PAP Package,Y87V-2N-NCDL-09V,PAP Monitoring,FALSE,L89-2K3H-PZ6-34J,,"PAP Monitoring, Per device availability",A9279,,,PAP Monitor Type,Per device availability,,,,,,,,,PAP System,Resmed Airsense 11 Auto,,,,,,
1S-EHS5-7G6IF-S3,BiLevel PAP Package,Y87V-2N-NCDL-09V,PAP Monitoring,FALSE,LI-MZ-B6ME-1S5ZX,,"PAP Monitoring, Per device availability",A9279,,,,,,,,,PAP Monitor Type,Per device availability,,,,,,,,,PAP System,Resmed S10 Aircurve BiLevel ASV
1S-EHS5-7G6IF-S3,BiLevel PAP Package,Y87V-2N-NCDL-09V,PAP Monitoring,FALSE,LP-853-N2N-PY-19,,"PAP Monitoring, Per device availability",A9279,,,PAP Monitor Type,Per device availability,,,,,,,,,PAP System,Respironics System One,,,,,,
1S-EHS5-7G6IF-S3,BiLevel PAP Package,Y87V-2N-NCDL-09V,PAP Monitoring,FALSE,M3X-M1-C1J29-6Q5,,"PAP Monitoring, Cellular Modem",A9279,,,,,,,PAP Monitor Type,Cellular Modem,,,,,,,,,PAP System,Icon,,
1S-EHS5-7G6IF-S3,BiLevel PAP Package,Y87V-2N-NCDL-09V,PAP Monitoring,FALSE,M7A-LF-V9ZLC-HJH,,"PAP Monitoring, Per device availability",A9279,PAP Monitor Type,Per device availability,,,,,,,,,,,,,,,,,PAP System,Pediatric
1S-EHS5-7G6IF-S3,BiLevel PAP Package,Y87V-2N-NCDL-09V,PAP Monitoring,FALSE,MC3F-NG-0LRQ-SKQ,,"PAP Monitoring, Cellular Modem",A9279,,,,,,,PAP Monitor Type,Cellular Modem,,,,,,,,,PAP System,Respironics Dreamstation 2,,
1S-EHS5-7G6IF-S3,BiLevel PAP Package,Y87V-2N-NCDL-09V,PAP Monitoring,FALSE,MEV-T8-47JM-PHBS,,"PAP Monitoring, Per device availability",A9279,PAP Monitor Type,Per device availability,,,,,,,,,,,PAP System,S9,,,,,,
1S-EHS5-7G6IF-S3,BiLevel PAP Package,Y87V-2N-NCDL-09V,PAP Monitoring,FALSE,MI75U-FM-8UI-H8H,,"PAP Monitoring, Per device availability",A9279,,,,,,,PAP Monitor Type,Per device availability,,,,,,,,,PAP System,Respironics Dreamstation BiPAP AVAPS,,
1S-EHS5-7G6IF-S3,BiLevel PAP Package,Y87V-2N-NCDL-09V,PAP Monitoring,FALSE,MTJ-VMCS-A8-ITSK,,"PAP Monitoring, Cellular Modem",A9279,,,PAP Monitor Type,Cellular Modem,,,,,,,,,PAP System,Drive Medical,,,,,,
1S-EHS5-7G6IF-S3,BiLevel PAP Package,Y87V-2N-NCDL-09V,PAP Monitoring,FALSE,N5D-Z69-GSAYT-KM,,"PAP Monitoring, Per device availability",A9279,,,,,,,,,PAP Monitor Type,Per device availability,PAP System,Resmed S10 Aircurve BiLevel,,,,,,,,
1S-EHS5-7G6IF-S3,BiLevel PAP Package,Y87V-2N-NCDL-09V,PAP Monitoring,FALSE,ND5CU-8MDM-S8-P7,,"PAP Monitoring, Per device availability",A9279,PAP Monitor Type,Per device availability,,,,,,,,,PAP System,Resmed S10 Aircurve Auto BiLevel ASV,,,,,,,,
1S-EHS5-7G6IF-S3,BiLevel PAP Package,Y87V-2N-NCDL-09V,PAP Monitoring,FALSE,NE-91U4-HX-9I-18,,"PAP Monitoring, Cellular Modem",A9279,,,,,PAP Monitor Type,Cellular Modem,,,,,,,,,PAP System,ResMed Auto,,,,
1S-EHS5-7G6IF-S3,BiLevel PAP Package,Y87V-2N-NCDL-09V,PAP Monitoring,FALSE,NT-NB-0QTIG-RZR6,,"PAP Monitoring, SD Card (aka Card to Cloud)",A9279,,,,,,,PAP Monitor Type,SD Card (aka Card to Cloud),,,,,,,,,,,PAP System,Resmed S10 Aircurve Auto Bilevel C2C
1S-EHS5-7G6IF-S3,BiLevel PAP Package,Y87V-2N-NCDL-09V,PAP Monitoring,FALSE,NU-KC-ILAS-EC-6Y,,"PAP Monitoring, Per device availability",A9279,,,,,,,,,PAP Monitor Type,Per device availability,,,PAP System,Drive Medical IntelliPAP,,,,,,
1S-EHS5-7G6IF-S3,BiLevel PAP Package,Y87V-2N-NCDL-09V,PAP Monitoring,FALSE,NUQ1-2JUD8-9ASY6,,"PAP Monitoring, Cellular Modem",A9279,PAP Monitor Type,Cellular Modem,,,,,,,,,PAP System,Resmed Airsense 11 Fixed,,,,,,,,
1S-EHS5-7G6IF-S3,BiLevel PAP Package,Y87V-2N-NCDL-09V,PAP Monitoring,FALSE,P5SVU-SVSEM-J15L,,"PAP Monitoring, Cellular Modem",A9279,,,,,,,PAP Monitor Type,Cellular Modem,,,,,,,,,PAP System,Devilbiss,,
1S-EHS5-7G6IF-S3,BiLevel PAP Package,Y87V-2N-NCDL-09V,PAP Monitoring,FALSE,PHP-A3EF-0C-BGJQ,,"PAP Monitoring, Per device availability",A9279,,,,,,,,,PAP Monitor Type,Per device availability,,,,,,,,,PAP System,Fisher & Paykel (F&P) Icon
1S-EHS5-7G6IF-S3,BiLevel PAP Package,Y87V-2N-NCDL-09V,PAP Monitoring,FALSE,PKI3-P5-0YHDF-AI,,"PAP Monitoring, Per device availability",A9279,,,,,,,,,PAP Monitor Type,Per device availability,,,,,,,,,PAP System,Fisher & Paykel (F&P) Icon Auto-CPAP Premium
1S-EHS5-7G6IF-S3,BiLevel PAP Package,Y87V-2N-NCDL-09V,PAP Monitoring,FALSE,PQSKN-6I-MSAX-7N,,"PAP Monitoring, Cellular Modem",A9279,,,,,,,PAP Monitor Type,Cellular Modem,,,,,,,PAP System,Resmed S10 Aircurve Auto BiLevel,,,,
1S-EHS5-7G6IF-S3,BiLevel PAP Package,Y87V-2N-NCDL-09V,PAP Monitoring,FALSE,PSDTL-IK-JF6P-86,,"PAP Monitoring, Per device availability",A9279,,,,,PAP Monitor Type,Per device availability,,,,,,,,,PAP System,Generic AVAPS,,,,
1S-EHS5-7G6IF-S3,BiLevel PAP Package,Y87V-2N-NCDL-09V,PAP Monitoring,FALSE,Q75T-FB-GXTM3-E0,,"PAP Monitoring, Cellular Modem",A9279,,,,,,,PAP Monitor Type,Cellular Modem,,,,,,,,,PAP System,Resmed S10 Auto-BiPAP,,
1S-EHS5-7G6IF-S3,BiLevel PAP Package,Y87V-2N-NCDL-09V,PAP Monitoring,FALSE,QB-75-PC-FVCY-8V,,"PAP Monitoring, Cellular Modem",A9279,,,,,PAP Monitor Type,Cellular Modem,,,,,,,PAP System,Respironics Dreamstation Auto BiPAP,,,,,,
1S-EHS5-7G6IF-S3,BiLevel PAP Package,Y87V-2N-NCDL-09V,PAP Monitoring,FALSE,QBED-NY-36-G6-U1,,"PAP Monitoring, Cellular Modem",A9279,PAP Monitor Type,Cellular Modem,,,,,,,,,,,PAP System,Fisher & Paykel (F&P) Icon,,,,,,
1S-EHS5-7G6IF-S3,BiLevel PAP Package,Y87V-2N-NCDL-09V,PAP Monitoring,FALSE,QG-NMD0-VAXUE-32,,"PAP Monitoring, Per device availability",A9279,,,PAP Monitor Type,Per device availability,,,,,,,,,PAP System,Drive Medical IntelliPAP BiLevel,,,,,,
1S-EHS5-7G6IF-S3,BiLevel PAP Package,Y87V-2N-NCDL-09V,PAP Monitoring,FALSE,QIC-VSZ-1Y6-0YSZ,,"PAP Monitoring, Cellular Modem",A9279,,,,,,,,,PAP Monitor Type,Cellular Modem,,,,,,,PAP System,Resmed S10 Fixed CPAP,,
1S-EHS5-7G6IF-S3,BiLevel PAP Package,Y87V-2N-NCDL-09V,PAP Monitoring,FALSE,QJ-G9I-FHVI4-453,,"PAP Monitoring, Cellular Modem",A9279,PAP Monitor Type,Cellular Modem,,,,,,,,,PAP System,Custom,,,,,,,,
1S-EHS5-7G6IF-S3,BiLevel PAP Package,Y87V-2N-NCDL-09V,PAP Monitoring,FALSE,QY-XZ3-M7J-Y3B1E,,"PAP Monitoring, Cellular Modem",A9279,,,,,PAP Monitor Type,Cellular Modem,,,,,PAP System,Resmed S10 BiPAP ASV,,,,,,,,
1S-EHS5-7G6IF-S3,BiLevel PAP Package,Y87V-2N-NCDL-09V,PAP Monitoring,FALSE,R6-V7AF-62TZ6-3D,,"PAP Monitoring, Cellular Modem",A9279,,,,,,,PAP Monitor Type,Cellular Modem,,,,,,,,,PAP System,Drive Medical IntelliPAP BiLevel,,
1S-EHS5-7G6IF-S3,BiLevel PAP Package,Y87V-2N-NCDL-09V,PAP Monitoring,FALSE,RY-RC9C-CF-TA8J4,,"PAP Monitoring, Cellular Modem",A9279,,,,,,,PAP Monitor Type,Cellular Modem,,,,,,,PAP System,Respironics Dreamstation BiPAP ASV,,,,
1S-EHS5-7G6IF-S3,BiLevel PAP Package,Y87V-2N-NCDL-09V,PAP Monitoring,FALSE,S3F9Y-HDQT-RL-AV,,"PAP Monitoring, Per device availability",A9279,,,,,,,PAP Monitor Type,Per device availability,,,,,,,,,PAP System,Drive Medical IntelliPAP Auto-CPAP,,
1S-EHS5-7G6IF-S3,BiLevel PAP Package,Y87V-2N-NCDL-09V,PAP Monitoring,FALSE,SC-0Z69R-4ETG-53,,"PAP Monitoring, Cellular Modem",A9279,,,PAP Monitor Type,Cellular Modem,,,,,,,,,,,,,PAP System,Resmed AirSense 10 Elite,,
1S-EHS5-7G6IF-S3,BiLevel PAP Package,Y87V-2N-NCDL-09V,PAP Monitoring,FALSE,SN-NMUAR-QJX5-GT,,"PAP Monitoring, Cellular Modem",A9279,PAP Monitor Type,Cellular Modem,,,,,,,,,PAP System,Resmed S10 Aircurve BiLevel,,,,,,,,
1S-EHS5-7G6IF-S3,BiLevel PAP Package,Y87V-2N-NCDL-09V,PAP Monitoring,FALSE,T1AR5-ZIFK0-3G60,,"PAP Monitoring, Per device availability",A9279,,,,,,,PAP Monitor Type,Per device availability,,,,,,,,,PAP System,Custom,,
1S-EHS5-7G6IF-S3,BiLevel PAP Package,Y87V-2N-NCDL-09V,PAP Monitoring,FALSE,T82JU-8LKLX-XK4P,,"PAP Monitoring, Per device availability",A9279,PAP Monitor Type,Per device availability,,,,,,,,,,,PAP System,Fisher & Paykel (F&P) Icon Auto-CPAP,,,,,,
1S-EHS5-7G6IF-S3,BiLevel PAP Package,Y87V-2N-NCDL-09V,PAP Monitoring,FALSE,TM7-6C-9SUJ-25GF,,"PAP Monitoring, Per device availability",A9279,,,,,,,,,PAP Monitor Type,Per device availability,,,,,,,,,PAP System,Resvent iBreeze
1S-EHS5-7G6IF-S3,BiLevel PAP Package,Y87V-2N-NCDL-09V,PAP Monitoring,FALSE,TSFYP-RM2Z9-KHJH,,"PAP Monitoring, Cellular Modem",A9279,,,,,,,PAP Monitor Type,Cellular Modem,,,,,PAP System,Resmed S10,,,,,,
1S-EHS5-7G6IF-S3,BiLevel PAP Package,Y87V-2N-NCDL-09V,PAP Monitoring,FALSE,TVU1Z-PBP4V-9K35,,"PAP Monitoring, Cellular Modem",A9279,,,,,PAP Monitor Type,Cellular Modem,,,,,,,,,,,PAP System,3B Medical Luna II,,
1S-EHS5-7G6IF-S3,BiLevel PAP Package,Y87V-2N-NCDL-09V,PAP Monitoring,FALSE,U1K83-QA-VLE9-9C,,"PAP Monitoring, Cellular Modem",A9279,,,,,,,,,PAP Monitor Type,Cellular Modem,,,,,PAP System,ResMed AirMini,,,,
1S-EHS5-7G6IF-S3,BiLevel PAP Package,Y87V-2N-NCDL-09V,PAP Monitoring,FALSE,U3BCX-86M-P9-5JI,,"PAP Monitoring, Per device availability",A9279,PAP Monitor Type,Per device availability,,,,,,,,,,,,,PAP System,Drive Medical IntelliPAP BiLevel ST,,,,
1S-EHS5-7G6IF-S3,BiLevel PAP Package,Y87V-2N-NCDL-09V,PAP Monitoring,FALSE,UBPI5-YG-RQZL-1U,,"PAP Monitoring, Per device availability",A9279,,,,,,,,,PAP Monitor Type,Per device availability,,,,,,,,,PAP System,ResMed S10 Auto-CPAP for Her
1S-EHS5-7G6IF-S3,BiLevel PAP Package,Y87V-2N-NCDL-09V,PAP Monitoring,FALSE,UCJM-4VKQ-3X-G01,,"PAP Monitoring, Cellular Modem",A9279,,,PAP Monitor Type,Cellular Modem,,,,,,,,,PAP System,S8,,,,,,
1S-EHS5-7G6IF-S3,BiLevel PAP Package,Y87V-2N-NCDL-09V,PAP Monitoring,FALSE,UMDFE-6K8B-0G-JC,,"PAP Monitoring, Cellular Modem",A9279,,,,,,,,,PAP Monitor Type,Cellular Modem,PAP System,Not Specified,,,,,,,,
1S-EHS5-7G6IF-S3,BiLevel PAP Package,Y87V-2N-NCDL-09V,PAP Monitoring,FALSE,UQK7-4GYI-JBV-V9,,"PAP Monitoring, Cellular Modem",A9279,,,,,PAP Monitor Type,Cellular Modem,,,,,,,,,PAP System,Drive Medical IntelliPAP Auto BiLevel,,,,
1S-EHS5-7G6IF-S3,BiLevel PAP Package,Y87V-2N-NCDL-09V,PAP Monitoring,FALSE,UTA-QZ-9T-J23-M1,,"PAP Monitoring, Per device availability",A9279,,,,,PAP Monitor Type,Per device availability,,,,,,,,,PAP System,Resmed S10 Auto-BiPAP,,,,
1S-EHS5-7G6IF-S3,BiLevel PAP Package,Y87V-2N-NCDL-09V,PAP Monitoring,FALSE,UV-2ST4V-9Q-Y2KZ,,"PAP Monitoring, Cellular Modem",A9279,,,PAP Monitor Type,Cellular Modem,,,,,,,PAP System,Fixed,,,,,,,,
1S-EHS5-7G6IF-S3,BiLevel PAP Package,Y87V-2N-NCDL-09V,PAP Monitoring,FALSE,V73-G7A-RAL-QP8C,,"PAP Monitoring, Per device availability",A9279,,,,,,,,,PAP Monitor Type,Per device availability,PAP System,Resmed Airsense 11 Fixed,,,,,,,,
1S-EHS5-7G6IF-S3,BiLevel PAP Package,Y87V-2N-NCDL-09V,PAP Monitoring,FALSE,VDIU-H809-ULU-Z3,,"PAP Monitoring, Cellular Modem",A9279,,,,,,,,,PAP Monitor Type,Cellular Modem,,,,,,,,,PAP System,Respironics Deluxe
1S-EHS5-7G6IF-S3,BiLevel PAP Package,Y87V-2N-NCDL-09V,PAP Monitoring,FALSE,VDQA-5USX9-4R-9I,,"PAP Monitoring, Cellular Modem",A9279,,,,,PAP Monitor Type,Cellular Modem,,,,,,,,,PAP System,Drive Medical IntelliPAP BiLevel ST,,,,
1S-EHS5-7G6IF-S3,BiLevel PAP Package,Y87V-2N-NCDL-09V,PAP Monitoring,FALSE,VG2S-LM-3YHAL-ZM,,"PAP Monitoring, Per device availability",A9279,,,,,PAP Monitor Type,Per device availability,,,,,,,PAP System,"CPAP Machine, Respironics Dreamstation Auto-CPAP",,,,,,
1S-EHS5-7G6IF-S3,BiLevel PAP Package,Y87V-2N-NCDL-09V,PAP Monitoring,FALSE,VK-76-5DZXN-ACP0,,"PAP Monitoring, Cellular Modem",A9279,,,PAP Monitor Type,Cellular Modem,,,,,,,,,PAP System,Resmed AirSense 10 AutoSet,,,,,,
1S-EHS5-7G6IF-S3,BiLevel PAP Package,Y87V-2N-NCDL-09V,PAP Monitoring,FALSE,VQ-CE8Q-AXH71-8G,,"PAP Monitoring, Cellular Modem",A9279,,,,,,,PAP Monitor Type,Cellular Modem,,,,,,,,,PAP System,Respironics Dreamstation BiPAP AVAPS,,
1S-EHS5-7G6IF-S3,BiLevel PAP Package,Y87V-2N-NCDL-09V,PAP Monitoring,FALSE,VUSP-RQ80T-9FCN7,,"PAP Monitoring, Per device availability",A9279,,,,,,,,,PAP Monitor Type,Per device availability,,,,,,,,,PAP System,Resmed S9 VPAP Auto BiLevel
1S-EHS5-7G6IF-S3,BiLevel PAP Package,Y87V-2N-NCDL-09V,PAP Monitoring,FALSE,X2-9TEI0-VDYI-MR,,"PAP Monitoring, Per device availability",A9279,,,,,,,PAP Monitor Type,Per device availability,,,,,,,,,PAP System,Resmed S9 VPAP COPD,,
1S-EHS5-7G6IF-S3,BiLevel PAP Package,Y87V-2N-NCDL-09V,PAP Monitoring,FALSE,X8L-N5IA-8F-LT7V,,"PAP Monitoring, Per device availability",A9279,,,PAP Monitor Type,Per device availability,,,,,,,,,PAP System,Respironics Premium,,,,,,
1S-EHS5-7G6IF-S3,BiLevel PAP Package,Y87V-2N-NCDL-09V,PAP Monitoring,FALSE,XDZHK-QD6-6U5-CF,,"PAP Monitoring, Cellular Modem",A9279,,,,,,,PAP Monitor Type,Cellular Modem,,,,,,,,,PAP System,Respironics Premium,,
1S-EHS5-7G6IF-S3,BiLevel PAP Package,Y87V-2N-NCDL-09V,PAP Monitoring,FALSE,XG41Q-95K4-FS-4Q,,"PAP Monitoring, Per device availability",A9279,,,,,,,PAP Monitor Type,Per device availability,,,,,,,,,PAP System,Fixed,,
1S-EHS5-7G6IF-S3,BiLevel PAP Package,Y87V-2N-NCDL-09V,PAP Monitoring,FALSE,XKG-S5-JQ-IJ-I6Q,,"PAP Monitoring, ReactHealth",A9279,,,,,,,,,PAP Monitor Type,Per device availability,,,,,,,,,PAP System,ReactHealth
1S-EHS5-7G6IF-S3,BiLevel PAP Package,Y87V-2N-NCDL-09V,PAP Monitoring,FALSE,XTL79-SK5I-GQTXY,,"PAP Monitoring, Cellular Modem",A9279,,,,,,,,,PAP Monitor Type,Cellular Modem,,,,,,,PAP System,Respironics Dreamstation Auto-CPAP,,
1S-EHS5-7G6IF-S3,BiLevel PAP Package,Y87V-2N-NCDL-09V,PAP Monitoring,FALSE,XZJ-1JYUS-BF-6HB,,"PAP Monitoring, Per device availability",A9279,,,,,PAP Monitor Type,Per device availability,,,,,,,,,,,,,PAP System,S9 Cleanable
1S-EHS5-7G6IF-S3,BiLevel PAP Package,Y87V-2N-NCDL-09V,PAP Monitoring,FALSE,Y35V-8I8JT-5T27Q,,"PAP Monitoring, Per device availability",A9279,,,,,PAP Monitor Type,Per device availability,,,,,,,,,PAP System,Respironics Deluxe,,,,
1S-EHS5-7G6IF-S3,BiLevel PAP Package,Y87V-2N-NCDL-09V,PAP Monitoring,FALSE,Y5M9M-3Z9-MF2-18,,"PAP Monitoring, Cellular Modem",A9279,,,PAP Monitor Type,Cellular Modem,,,,,,,,,,,,,PAP System,Respironics Dreamstation 2 Auto-CPAP,,
1S-EHS5-7G6IF-S3,BiLevel PAP Package,Y87V-2N-NCDL-09V,PAP Monitoring,FALSE,YBIE-YT-8I7K5-Y8,,"PAP Monitoring, Cellular Modem",A9279,,,PAP Monitor Type,Cellular Modem,,,,,,,,,PAP System,Fisher & Paykel (F&P) Icon Premium,,,,,,
1S-EHS5-7G6IF-S3,BiLevel PAP Package,Y87V-2N-NCDL-09V,PAP Monitoring,FALSE,YD-H3S1-A0DE-XFJ,,"PAP Monitoring, Per device availability",A9279,PAP Monitor Type,Per device availability,,,,,,,,,PAP System,Automatic,,,,,,,,
1S-EHS5-7G6IF-S3,BiLevel PAP Package,Y87V-2N-NCDL-09V,PAP Monitoring,FALSE,YHI-T1XT-AQB-1UJ,,"PAP Monitoring, Cellular Modem",A9279,PAP Monitor Type,Cellular Modem,,,,,,,,,PAP System,Resmed Auto for Her,,,,,,,,
1S-EHS5-7G6IF-S3,BiLevel PAP Package,Y87V-2N-NCDL-09V,PAP Monitoring,FALSE,YS58-EPR3D-CB5Y0,,"PAP Monitoring, Per device availability",A9279,,,,,PAP Monitor Type,Per device availability,,,,,,,,,PAP System,Respironics,,,,
1S-EHS5-7G6IF-S3,BiLevel PAP Package,Y87V-2N-NCDL-09V,PAP Monitoring,FALSE,YTM-FGQFX-MK-L6F,,"PAP Monitoring, Per device availability",A9279,,,,,,,,,PAP Monitor Type,Per device availability,,,,,,,PAP System,Resmed S10 Aircurve ST,,
1S-EHS5-7G6IF-S3,BiLevel PAP Package,Y87V-2N-NCDL-09V,PAP Monitoring,FALSE,Z67T-N8-8D6-NJEB,,"PAP Monitoring, Per device availability",A9279,,,,,,,,,PAP Monitor Type,Per device availability,,,,,,,,,PAP System,Respironics Dreamstation
1S-EHS5-7G6IF-S3,BiLevel PAP Package,Y87V-2N-NCDL-09V,PAP Monitoring,FALSE,Z6MT-G6F-XQM8-LZ,,"PAP Monitoring, Cellular Modem",A9279,,,,,,,,,PAP Monitor Type,Cellular Modem,,,PAP System,S9,,,,,,
1S-EHS5-7G6IF-S3,BiLevel PAP Package,Y87V-2N-NCDL-09V,PAP Monitoring,FALSE,Z8P-THDHU-2GL-RY,,"PAP Monitoring, Cellular Modem",A9279,,,,,,,,,PAP Monitor Type,Cellular Modem,,,,,,,,,PAP System,ResMed AirMini Portable
1S-EHS5-7G6IF-S3,BiLevel PAP Package,Y87V-2N-NCDL-09V,PAP Monitoring,FALSE,ZB-B2X5T-Z7ZL-9V,,"PAP Monitoring, Per device availability",A9279,,,,,,,,,PAP Monitor Type,Per device availability,,,,,,,,,PAP System,S10
1S-EHS5-7G6IF-S3,BiLevel PAP Package,Y87V-2N-NCDL-09V,PAP Monitoring,FALSE,ZMA1-JQ-N6NK-1I2,,"PAP Monitoring, Cellular Modem",A9279,,,,,,,,,PAP Monitor Type,Cellular Modem,,,,,,,,,PAP System,Resmed S10 Aircurve Auto BiLevel ASV
1S-EHS5-7G6IF-S3,BiLevel PAP Package,Y87V-2N-NCDL-09V,PAP Monitoring,FALSE,ZN-VPDK-LQ-9TFTN,,"PAP Monitoring, Cellular Modem",A9279,,,,,,,,,PAP Monitor Type,Cellular Modem,PAP System,S9 Cleanable,,,,,,,,
1S-EHS5-7G6IF-S3,BiLevel PAP Package,Y87V-2N-NCDL-09V,PAP Monitoring,FALSE,ZQC1-RJS6-4H-BIP,,"PAP Monitoring, Cellular Modem",A9279,,,PAP Monitor Type,Cellular Modem,,,,,,,,,,,,,PAP System,Respironics Dreamstation,,
1S-EHS5-7G6IF-S3,BiLevel PAP Package,Y87V-2N-NCDL-09V,PAP Monitoring,FALSE,ZUK1Z-VKTK-0B5VA,,"PAP Monitoring, Cellular Modem",A9279,,,,,,,,,PAP Monitor Type,Cellular Modem,,,,,,,,,PAP System,Generic AVAPS
3R-J8MF-K5S-4TB9,Mask Refit,6B-G8YD-QX5-Q0LA,PAP Mask Interface Cushion,FALSE,1M7F-B3-GJU-FNQH,,"PAP Mask Interface Cushion, Nasal, 2 per 1 month",A7032,,,,,,,,,,,,,,,,,Mask Frame,Nasal,,
3R-J8MF-K5S-4TB9,Mask Refit,6B-G8YD-QX5-Q0LA,PAP Mask Interface Cushion,FALSE,29X1-MA-FT-JY-CT,,"PAP Mask Interface Cushion, Nasal Pillow, 2 per 1 month",A7033,,,,,,,,,,,,,,,,,Mask Frame,Nasal Pillow,,
3R-J8MF-K5S-4TB9,Mask Refit,6B-G8YD-QX5-Q0LA,PAP Mask Interface Cushion,FALSE,97-UIGCM-N91-NKB,,"PAP Mask Interface Cushion, Fit to Comfort.",IFC,,,Mask Frame,Patient Preference,,,,,,,,,,,,,,,,
3R-J8MF-K5S-4TB9,Mask Refit,6B-G8YD-QX5-Q0LA,PAP Mask Interface Cushion,FALSE,JE28-YGS3R-VM-9C,,"PAP Mask Interface Cushion, Full Face, 1 per 1 month",A7031,,,,,,,,,,,,,,,,,,,Mask Frame,Full Face
3R-J8MF-K5S-4TB9,Mask Refit,6B-G8YD-QX5-Q0LA,PAP Mask Interface Cushion,FALSE,PDCBV-TAB-ESL-15,,"PAP Mask Interface Cushion, Oral, 2 per 1 month",A7028,,,Mask Frame,Oral,,,,,,,,,,,,,,,,
3R-J8MF-K5S-4TB9,Mask Refit,6B-G8YD-QX5-Q0LA,PAP Mask Interface Cushion,FALSE,TNI-C7UN-6ZI-SU5,,"PAP Mask Interface Cushion, Fit to Comfort",IFC,Mask Frame,Fit to Comfort,,,,,,,,,,,,,,,,,,
3R-J8MF-K5S-4TB9,Mask Refit,B29-DBQ-BC3PJ-VA,PAP Mask,TRUE,03AY8-G8Q64-B54P,,"PAP Mask, Full Face, Resmed Quattro Air, Large, 1 per 3 months",A7030,,,,,,,,,,,,,,,,,Mask Brand,Resmed Quattro Air,,
3R-J8MF-K5S-4TB9,Mask Refit,B29-DBQ-BC3PJ-VA,PAP Mask,TRUE,04CT6-ZI-PDIP-4X,,"PAP Mask, Nasal, Resmed Airfit N20 for Her, Small, 1 per 3 months",A7034,,,,,,,,,,,,,Mask Brand,Resmed Airfit N20 for Her,,,,,,
3R-J8MF-K5S-4TB9,Mask Refit,B29-DBQ-BC3PJ-VA,PAP Mask,TRUE,0KLA9-6X71-5AHMU,,"PAP Mask, Nasal, Airtouch N20, Small, 1 per 3 months",A7034,,,,,,,,,,,,,,,,,,,Mask Brand,Airtouch N20
3R-J8MF-K5S-4TB9,Mask Refit,B29-DBQ-BC3PJ-VA,PAP Mask,TRUE,0Q-6C-QUY-DZ9-JP,,"PAP Mask, Nasal Pillow, Resmed Airfit P10, Medium, 1 per 3 months",A7034,,,,,,,,,,,Mask Brand,Resmed Airfit P10,,,,,,,,
3R-J8MF-K5S-4TB9,Mask Refit,B29-DBQ-BC3PJ-VA,PAP Mask,TRUE,0RNGD-U9R2-4ZLDF,,"PAP Mask, Nasal, Fisher & Paykel Zest, Fit Upon Setup",A7034,,,,,,,Mask Brand,Fisher & Paykel Zest,,,,,,,,,,,,
3R-J8MF-K5S-4TB9,Mask Refit,B29-DBQ-BC3PJ-VA,PAP Mask,TRUE,13JM-6JX3N-CI-78,,"PAP Mask, Fit to Comfort, Full Face, 1 per 3 months",A7030,,,,,,,,,,,,,,,,,,,Mask Brand,Fit Upon Setup
3R-J8MF-K5S-4TB9,Mask Refit,B29-DBQ-BC3PJ-VA,PAP Mask,TRUE,14V-6RTC4-JVU-BU,,"PAP Mask, Oral / Nasal Hybrid, Fit Upon Setup, N/A, 1 per 3 months",A7027,,,,,,,,,,,,,,,,,Mask Brand,Fit Upon Setup,,
3R-J8MF-K5S-4TB9,Mask Refit,B29-DBQ-BC3PJ-VA,PAP Mask,TRUE,1N0R-K7HQ-GV-RNC,,"PAP Mask, Full Face, Dreamwear, Small (SM Frame), 1 per 3 months",A7030,,,,,,,,,,,Mask Brand,Dreamwear,,,,,,,,
3R-J8MF-K5S-4TB9,Mask Refit,B29-DBQ-BC3PJ-VA,PAP Mask,TRUE,21AIQ-8RX7-13-NZ,,"PAP Mask, Nasal, Respironics Wisp Fabric, Complete, 1 per 3 months",A7034,,,,,,,,,,,,,,,,,Mask Brand,Respironics Wisp Fabric,,
3R-J8MF-K5S-4TB9,Mask Refit,B29-DBQ-BC3PJ-VA,PAP Mask,TRUE,2N-JGUA-Y4E-ZHXZ,,"PAP Mask, Nasal Pillow, Dreamwear, Large (SM Frame), 1 per 3 months",A7034,,,,,Mask Brand,Dreamwear,,,,,,,,,,,,,,
3R-J8MF-K5S-4TB9,Mask Refit,B29-DBQ-BC3PJ-VA,PAP Mask,TRUE,2R-K5-6G-TCEF-UB,,"PAP Mask, Full Face, Fisher & Paykel Vitera, Small, 1 per 3 months",A7030,,,,,Mask Brand,Fisher & Paykel Vitera,,,,,,,,,,,,,,
3R-J8MF-K5S-4TB9,Mask Refit,B29-DBQ-BC3PJ-VA,PAP Mask,TRUE,31BTL-1HJ6Y-3S58,,"PAP Mask, Nasal Pillow, Nuance Gel, Fit Upon Setup, 1 per 3 month",A7033,,,Mask Brand,Nuance,,,,,,,,,,,,,,,,
3R-J8MF-K5S-4TB9,Mask Refit,B29-DBQ-BC3PJ-VA,PAP Mask,TRUE,37LEV-4U6B-92HSG,,"PAP Mask, Nasal Pillow, Airfit P10, Fit Upon Setup, 2 per 1 month",A7033,,,,,,,,,,,,,,,,,Mask Brand,AirFit P10,,
3R-J8MF-K5S-4TB9,Mask Refit,B29-DBQ-BC3PJ-VA,PAP Mask,TRUE,3BUPB-0E-RPZ-NZ0,,"PAP Mask, Nasal, Resmed Airfit N20, Medium, 1 per 3 months",A7034,,,,,,,,,,,,,,,Mask Brand,Resmed Airfit N20,,,,
3R-J8MF-K5S-4TB9,Mask Refit,B29-DBQ-BC3PJ-VA,PAP Mask,TRUE,3GL5B-MI95P-CL3M,,"PAP Mask, Nasal Pillow, Resmed Airfit P10 for Her, Complete, 1 per 3 months",A7034,,,,,,,,,,,,,,,Mask Brand,Resmed Airfit P10 for Her,,,,
3R-J8MF-K5S-4TB9,Mask Refit,B29-DBQ-BC3PJ-VA,PAP Mask,TRUE,3J3-GC-SI2-JE-YB,,"PAP Mask, Nasal, Fisher & Paykel Eson, Large, 1 per 3 months",A7034,,,,,,,,,,,,,,,,,Mask Brand,Fisher & Paykel Eson,,
3R-J8MF-K5S-4TB9,Mask Refit,B29-DBQ-BC3PJ-VA,PAP Mask,TRUE,3KSX-GCTP1-H8C7Q,,"PAP Mask, Nasal Pillow, Nuance Gel, Medium, 2 per 1 month",A7033,,,,,,,,,,,Mask Brand,Nuance Gel,,,,,,,,
3R-J8MF-K5S-4TB9,Mask Refit,B29-DBQ-BC3PJ-VA,PAP Mask,TRUE,3U-RT-X6JI-46TIQ,,"PAP Mask, Nasal, Fisher & Paykel Eson, Small, 1 per 3 months",A7034,,,,,,,,,,,,,,,,,,,Mask Brand,Fisher & Paykel Eson
3R-J8MF-K5S-4TB9,Mask Refit,B29-DBQ-BC3PJ-VA,PAP Mask,TRUE,3Z2EG-FY1S0-PLVM,,"PAP Mask, Nasal, Fit Upon Setup, N/A, 1 per 3 months",A7034,,,,,,,,,,,Mask Brand,Fit Upon Setup,,,,,,,,
3R-J8MF-K5S-4TB9,Mask Refit,B29-DBQ-BC3PJ-VA,PAP Mask,TRUE,3ZN0-9M-U9X-CDE6,,"PAP Mask, Nasal, Dreamwisp Fit, Fit Upon Setup, 1 per 3 months",A7034,,,Mask Brand,Dreamwisp Fit,,,,,,,,,,,,,,,,
3R-J8MF-K5S-4TB9,Mask Refit,B29-DBQ-BC3PJ-VA,PAP Mask,TRUE,43NX-0X9I-ZMS-6T,,"PAP Mask, Nasal, Fisher & Paykel Eson 2, Large, 1 per 3 months",A7034,,,,,,,Mask Brand,Fisher & Paykel Eson 2,,,,,,,,,,,,
3R-J8MF-K5S-4TB9,Mask Refit,B29-DBQ-BC3PJ-VA,PAP Mask,TRUE,49D-P3U2V-NQ4-64,,"PAP Mask, Nasal, Respironics Dreamwear, Complete, 1 per 3 months",A7034,,,Mask Brand,Respironics Dreamwear,,,,,,,,,,,,,,,,
3R-J8MF-K5S-4TB9,Mask Refit,B29-DBQ-BC3PJ-VA,PAP Mask,TRUE,4E-24V3-7BA-U8KN,,"PAP Mask, Nasal, Fisher & Paykel Eson 2, Medium, 1 per 3 months",A7034,,,,,,,,,,,,,,,,,Mask Brand,Fisher & Paykel Eson 2,,
3R-J8MF-K5S-4TB9,Mask Refit,B29-DBQ-BC3PJ-VA,PAP Mask,TRUE,4F-KCB3-1ACK9-MB,,"PAP Mask, Full Face, Resmed Airfit F20, Small, 1 per 3 months",A7030,,,,,,,Mask Brand,Resmed Airfit F20,,,,,,,,,,,,
3R-J8MF-K5S-4TB9,Mask Refit,B29-DBQ-BC3PJ-VA,PAP Mask,TRUE,4HR-AU9G-UMQ-Y2D,,"PAP Mask, Nasal, Resmed Mirage FX, Complete, 1 per 3 months",A7034,,,,,,,,,,,Mask Brand,Resmed Mirage FX,,,,,,,,
3R-J8MF-K5S-4TB9,Mask Refit,B29-DBQ-BC3PJ-VA,PAP Mask,TRUE,4N-DI-94P-BQ9-HE,,"PAP Mask, Nasal, Airfit N30I, Fit Upon Setup, 1 per 3 months",A7034,,,,,,,,,Mask Brand,Airfit N30I,,,,,,,,,,
3R-J8MF-K5S-4TB9,Mask Refit,B29-DBQ-BC3PJ-VA,PAP Mask,TRUE,51M-9D5QM-ST4-CG,,"PAP Mask, Nasal Cushion, Fisher & Paykel Eson 2",A7034,,,,,,,,,,,,,,,,,Mask Brand,Fisher & Paykel Eson 2,,
3R-J8MF-K5S-4TB9,Mask Refit,B29-DBQ-BC3PJ-VA,PAP Mask,TRUE,57-E8D6-QM5T1-3C,,"PAP Mask, Nasal, Dreamwear, Medium (SM Frame), 1 per 3 months",A7034,,,,,,,,,,,,,Mask Brand,Dreamwear,,,,,,
3R-J8MF-K5S-4TB9,Mask Refit,B29-DBQ-BC3PJ-VA,PAP Mask,TRUE,5S-KABP-7Q8CR-F8,,"PAP Mask, Full Face, Resmed Airfit F10, Large, 1 per 3 months",A7030,,,,,,,,,Mask Brand,Resmed Airfit F10,,,,,,,,,,
3R-J8MF-K5S-4TB9,Mask Refit,B29-DBQ-BC3PJ-VA,PAP Mask,TRUE,5U-0PF4M-EK-VD5S,,"PAP Mask, Nasal, Resmed Airfit N10, Complete, 1 per 3 months",A7034,,,Mask Brand,Resmed Airfit N10,,,,,,,,,,,,,,,,
3R-J8MF-K5S-4TB9,Mask Refit,B29-DBQ-BC3PJ-VA,PAP Mask,TRUE,6I-N0-S4Y-TVN-MD,,"PAP Mask, Nasal Pillow, Swift FX, X-Small, 2 per 1 month",A7033,,,,,,,,,,,Mask Brand,Swift FX,,,,,,,,
3R-J8MF-K5S-4TB9,Mask Refit,B29-DBQ-BC3PJ-VA,PAP Mask,TRUE,6N5-3Z2-CMQDH-ZF,,"PAP Mask, Full Face, Resmed Quattro FX, Large, 1 per 3 months",A7030,,,,,,,,,,,Mask Brand,Resmed Quattro FX,,,,,,,,
3R-J8MF-K5S-4TB9,Mask Refit,B29-DBQ-BC3PJ-VA,PAP Mask,TRUE,6U-CNQ-P2LUT-S32,,"PAP Mask, Full Face, Respironics Amara View, Fit Upon Setup, 1 per 3 months",A7030,,,,,Mask Brand,Respironics Amara View,,,,,,,,,,,,,,
3R-J8MF-K5S-4TB9,Mask Refit,B29-DBQ-BC3PJ-VA,PAP Mask,TRUE,6YL-IBI8-0PK-6S6,,"PAP Mask, Nasal Pillow, Airfit P30I, Standard, 1 per 3 months",A7034,,,,,,,,,,,,,,,,,Mask Brand,Airfit P30I,,
3R-J8MF-K5S-4TB9,Mask Refit,B29-DBQ-BC3PJ-VA,PAP Mask,TRUE,7D8-CFD-9EYN-KBX,,"PAP Mask, Nasal, Fisher & Paykel Eson, Fit Upon Setup, 1 per 3 months",A7034,,,,,,,,,,,,,,,,,Mask Brand,Fisher & Paykel Eson,,
3R-J8MF-K5S-4TB9,Mask Refit,B29-DBQ-BC3PJ-VA,PAP Mask,TRUE,7GX-5LY-Q1Y1F-0R,,"PAP Mask, Nasal Pillow, Dreamwear, Large (MD Frame), 1 per 3 months",A7034,,,,,,,Mask Brand,Dreamwear,,,,,,,,,,,,
3R-J8MF-K5S-4TB9,Mask Refit,B29-DBQ-BC3PJ-VA,PAP Mask,TRUE,7NHX-4H-NMPT-EZM,,"PAP Mask, Nasal, Airfit N30I, Wide, 1 per 3 months",A7034,,,,,,,Mask Brand,Airfit N30I,,,,,,,,,,,,
3R-J8MF-K5S-4TB9,Mask Refit,B29-DBQ-BC3PJ-VA,PAP Mask,TRUE,7ZG-CNK-CSPMT-29,,"PAP Mask, Nasal Pillow, Resmed P30i",A7034,,,,,,,,,,,,,,,,,Mask Brand,Resmed P30i,,
3R-J8MF-K5S-4TB9,Mask Refit,B29-DBQ-BC3PJ-VA,PAP Mask,TRUE,8AKDZ-IFJ9-C81BK,,"PAP Mask, Full Face, Dreamwear, Large (LG Frame), 1 per 3 months",A7030,,,,,,,Mask Brand,Dreamwear,,,,,,,,,,,,
3R-J8MF-K5S-4TB9,Mask Refit,B29-DBQ-BC3PJ-VA,PAP Mask,TRUE,8L8-Z9-SYZN-5DLA,,"PAP Mask, Nasal Pillow, Airfit P30I, Large, 2 per 1 month",A7033,,,,,,,,,Mask Brand,Airfit P30I,,,,,,,,,,
3R-J8MF-K5S-4TB9,Mask Refit,B29-DBQ-BC3PJ-VA,PAP Mask,TRUE,8U-7MCZ-AU7G-9YT,,"PAP Mask, Nasal, Resmed Mirage FX, Fit Upon Setup, 1 per 3 months",A7034,,,,,Mask Brand,Resmed Mirage FX,,,,,,,,,,,,,,
3R-J8MF-K5S-4TB9,Mask Refit,B29-DBQ-BC3PJ-VA,PAP Mask,TRUE,8ZS-M5D-HQKFM-2E,,"PAP Mask, Fit to Comfort, Oral / Nasal Hybrid, 1 per 3 months",A7027,,,,,,,,,Mask Brand,Fit Upon Setup,,,,,,,,,,
3R-J8MF-K5S-4TB9,Mask Refit,B29-DBQ-BC3PJ-VA,PAP Mask,TRUE,95BV-4G7T0-2JUKM,,"PAP Mask, Full Face, Resmed Airfit F20 for Her, Medium, 1 per 3 months",A7030,,,,,,,,,Mask Brand,Resmed Airfit F20 for Her,,,,,,,,,,
3R-J8MF-K5S-4TB9,Mask Refit,B29-DBQ-BC3PJ-VA,PAP Mask,TRUE,980FC-YAMY-NMEPI,,"PAP Mask, Fit to Comfort, Nasal Pillow, 1 per 3 months",A7034,,,,,,,,,,,,,,,,,,,Mask Brand,Fit Upon Setup
3R-J8MF-K5S-4TB9,Mask Refit,B29-DBQ-BC3PJ-VA,PAP Mask,TRUE,9G-PF5N8-E0DE-R2,,"PAP Mask, Full Face, Resmed Airfit F10, Medium, 1 per 3 months",A7030,,,,,,,Mask Brand,Resmed Airfit F10,,,,,,,,,,,,
3R-J8MF-K5S-4TB9,Mask Refit,B29-DBQ-BC3PJ-VA,PAP Mask,TRUE,9M6D-PDBMJ-XEFZ4,,"PAP Mask, Nasal Pillow, Swift FX, Small, 2 per 1 month",A7033,,,,,,,,,Mask Brand,Swift FX,,,,,,,,,,
3R-J8MF-K5S-4TB9,Mask Refit,B29-DBQ-BC3PJ-VA,PAP Mask,TRUE,9YFQ-KUZ-7B8E-XM,,"PAP Mask, Nasal Cushion, Resmed N30",A7034,,,,,,,,,,,,,,,,,Mask Brand,Resmed N30,,
3R-J8MF-K5S-4TB9,Mask Refit,B29-DBQ-BC3PJ-VA,PAP Mask,TRUE,AS-TN-P6IB-I03K8,,"PAP Mask, Nasal, Wisp, Fit Upon Setup, 1 per 3 months",A7034,,,,,,,,,,,,,,,,,Mask Brand,Wisp,,
3R-J8MF-K5S-4TB9,Mask Refit,B29-DBQ-BC3PJ-VA,PAP Mask,TRUE,AT4GH-86-7HL-7HP,,"PAP Mask, Full Face, Resmed Quattro, Large, 1 per 3 months",A7030,,,,,Mask Brand,Resmed Quattro,,,,,,,,,,,,,,
3R-J8MF-K5S-4TB9,Mask Refit,B29-DBQ-BC3PJ-VA,PAP Mask,TRUE,B18-YIPD-2K-4IT7,,"PAP Mask, Full Face, Resmed Airtouch F20 for Her, Small, 1 per 3 months",A7030,,,,,,,,,,,,,,,,,Mask Brand,Resmed Airtouch F20 for Her,,
3R-J8MF-K5S-4TB9,Mask Refit,B29-DBQ-BC3PJ-VA,PAP Mask,TRUE,BP95-KNQ9P-QX-T5,,"PAP Mask, Nasal Pillow, Fisher & Paykel Pilairo Q, Standard, 1 per 3 months",A7034,,,,,,,,,Mask Brand,Fisher & Paykel Pilairo Q,,,,,,,,,,
3R-J8MF-K5S-4TB9,Mask Refit,B29-DBQ-BC3PJ-VA,PAP Mask,TRUE,BQK2-5GU-BZVZ-UT,,"PAP Mask, Nasal, Airfit N30I, Small, 1 per 3 months",A7034,,,,,,,,,,,,,Mask Brand,Airfit N30I,,,,,,
3R-J8MF-K5S-4TB9,Mask Refit,B29-DBQ-BC3PJ-VA,PAP Mask,TRUE,BX1-7H3N-GU-UE80,,"PAP Mask, Full Face, Resmed Quattro, Small, 1 per 3 months",A7030,,,,,,,,,,,,,,,,,Mask Brand,Resmed Quattro,,
3R-J8MF-K5S-4TB9,Mask Refit,B29-DBQ-BC3PJ-VA,PAP Mask,TRUE,C4PX7-E6-URS-1U2,,"PAP Mask, Nasal, Other Brand, N/A, 1 per 3 months",A7034,,,,,,,,,,,,,,,Mask Brand,Other,,,,
3R-J8MF-K5S-4TB9,Mask Refit,B29-DBQ-BC3PJ-VA,PAP Mask,TRUE,CD0J-GK-UH-GTGEV,,"PAP Mask, Nasal, Resmed Airfit N20, Small, 1 per 3 months",A7034,,,Mask Brand,Resmed Airfit N20,,,,,,,,,,,,,,,,
3R-J8MF-K5S-4TB9,Mask Refit,B29-DBQ-BC3PJ-VA,PAP Mask,TRUE,CH-GS-TLH-DS1-N6,,"PAP Mask, Nasal Pillow, Dreamwear Pillows, Fit Upon Setup, 1 per 3 months",A7033,,,,,,,Mask Brand,Dreamwear Pillows,,,,,,,,,,,,
3R-J8MF-K5S-4TB9,Mask Refit,B29-DBQ-BC3PJ-VA,PAP Mask,TRUE,CI3G-GN-B35P-9I9,,"PAP Mask, Oral, Fit Upon Setup, N/A, 1 per 3 months",A7044,,,,,,,,,Mask Brand,Fit Upon Setup,,,,,,,,,,
3R-J8MF-K5S-4TB9,Mask Refit,B29-DBQ-BC3PJ-VA,PAP Mask,TRUE,CKH-454CH-CKB-SC,,"PAP Mask, Nasal, Airfit N30I, Medium, 1 per 3 months",A7034,,,,,,,,,Mask Brand,Airfit N30I,,,,,,,,,,
3R-J8MF-K5S-4TB9,Mask Refit,B29-DBQ-BC3PJ-VA,PAP Mask,TRUE,D38D2-HMJT-QN-YA,,"PAP Mask, Full Face, Airfit F30I, Fit Upon Setup, 1 per 3 months",A7030,,,,,,,,,,,Mask Brand,Airfit F30I,,,,,,,,
3R-J8MF-K5S-4TB9,Mask Refit,B29-DBQ-BC3PJ-VA,PAP Mask,TRUE,D9-UT-TQ-6CT-3NI,,"PAP Mask, Full Face, Amara Gel, Small, 1 per 3 months",A7030,,,,,,,,,,,,,,,Mask Brand,Amara Gel,,,,
3R-J8MF-K5S-4TB9,Mask Refit,B29-DBQ-BC3PJ-VA,PAP Mask,TRUE,DFH-ZLE-U3F-VNYF,,"PAP Mask, Nasal, Respironics ComfortGel Blue, Large, 1 per 3 months",A7034,,,,,,,,,,,,,,,,,,,Mask Brand,Respironics ComfortGel Blue
3R-J8MF-K5S-4TB9,Mask Refit,B29-DBQ-BC3PJ-VA,PAP Mask,TRUE,DJ6X-CTVUL-3Y-ED,,"PAP Mask, Nasal Pillow, Swift FX, Large, 2 per 1 month",A7033,,,,,,,Mask Brand,Swift FX,,,,,,,,,,,,
3R-J8MF-K5S-4TB9,Mask Refit,B29-DBQ-BC3PJ-VA,PAP Mask,TRUE,DXP45-Z2D-LRN-7C,,"PAP Mask, Nasal, Dreamwear, Medium (LG Frame), 1 per 3 months",A7034,,,,,,,,,,,,,,,,,,,Mask Brand,Dreamwear
3R-J8MF-K5S-4TB9,Mask Refit,B29-DBQ-BC3PJ-VA,PAP Mask,TRUE,E7Q-NXQ5-FCIK-1J,,"PAP Mask, Nasal Cushion, Respironics Dreamwear",A7034,,,,,,,,,,,,,Mask Brand,Respironics Dreamwear,,,,,,
3R-J8MF-K5S-4TB9,Mask Refit,B29-DBQ-BC3PJ-VA,PAP Mask,TRUE,E9-BIY-CAR06-VX6,,"PAP Mask, Nasal Pillow, Nuance Gel, Large, 2 per 1 month",A7033,,,,,Mask Brand,Nuance Gel,,,,,,,,,,,,,,
3R-J8MF-K5S-4TB9,Mask Refit,B29-DBQ-BC3PJ-VA,PAP Mask,TRUE,EGF0-Z2-IDS7V-6D,,"PAP Mask, Nasal Pillow, Respironics Dreamwear Silicone",A7034,,,,,,,Mask Brand,Respironics Dreamwear Silicone,,,,,,,,,,,,
3R-J8MF-K5S-4TB9,Mask Refit,B29-DBQ-BC3PJ-VA,PAP Mask,TRUE,ENXVE-NAC-B4C-DK,,"PAP Mask, Full Face, AirFit F20, Fit Upon Setup, 1 per 3 months",A7030,,,,,,,,,,,,,Mask Brand,AirFit F20,,,,,,
3R-J8MF-K5S-4TB9,Mask Refit,B29-DBQ-BC3PJ-VA,PAP Mask,TRUE,EP-NV-7J5YJ-1QPJ,,"PAP Mask, Fit to Comfort, 1 per 3 months.",MASK,,,,,Mask Brand,Fit Upon Setup,,,,,,,,,,,,,,
3R-J8MF-K5S-4TB9,Mask Refit,B29-DBQ-BC3PJ-VA,PAP Mask,TRUE,EXSTH-FIJ-GJ9-UC,,"PAP Mask, Nasal Cushion, Resmed N30i",A7034,,,,,,,,,,,,,,,,,,,Mask Brand,Resmed N30i
3R-J8MF-K5S-4TB9,Mask Refit,B29-DBQ-BC3PJ-VA,PAP Mask,TRUE,F84P-X7-ME89-8P1,,"PAP Mask, Nasal Pillow, Fisher & Paykel Brevida",A7034,,,,,,,,,,,,,,,,,,,Mask Brand,Fisher & Paykel Brevida
3R-J8MF-K5S-4TB9,Mask Refit,B29-DBQ-BC3PJ-VA,PAP Mask,TRUE,G4D2B-V5Q4A-57IF,,"PAP Mask, Full Face, Other Brand, N/A, 1 per 3 months",A7030,Mask Brand,Other,,,,,,,,,,,,,,,,,,
3R-J8MF-K5S-4TB9,Mask Refit,B29-DBQ-BC3PJ-VA,PAP Mask,TRUE,GY4-NLY-148F8-46,,"PAP Mask, Nasal, Airtouch F20 for Her, 1 per 3 months",A7034,,,,,Mask Brand,Airtouch F20 for Her,,,,,,,,,,,,,,
3R-J8MF-K5S-4TB9,Mask Refit,B29-DBQ-BC3PJ-VA,PAP Mask,TRUE,HYGN-BAX-PMA8-HI,,"PAP Mask, Nasal, Fisher & Paykel Eson 2, Small, 1 per 3 months",A7034,,,,,,,,,,,,,Mask Brand,Fisher & Paykel Eson 2,,,,,,
3R-J8MF-K5S-4TB9,Mask Refit,B29-DBQ-BC3PJ-VA,PAP Mask,TRUE,I7CMF-AE-6DXE-2J,,"PAP Mask, Full Face, Airtouch F20, Fit Upon Setup, 1 per 3 months",A7030,,,,,,,,,Mask Brand,Airtouch F20,,,,,,,,,,
3R-J8MF-K5S-4TB9,Mask Refit,B29-DBQ-BC3PJ-VA,PAP Mask,TRUE,IA-M932P-P0-BV4D,,"PAP Mask, Full Face, Resmed Airfit F20, Medium, 1 per 3 months",A7030,,,,,,,Mask Brand,Resmed Airfit F20,,,,,,,,,,,,
3R-J8MF-K5S-4TB9,Mask Refit,B29-DBQ-BC3PJ-VA,PAP Mask,TRUE,IFVB-CYI-S6Q-7AQ,,"PAP Mask, Nasal Pillow, Airfit P10, Small, 2 per 1 month",A7033,,,,,,,,,Mask Brand,AirFit P10,,,,,,,,,,
3R-J8MF-K5S-4TB9,Mask Refit,B29-DBQ-BC3PJ-VA,PAP Mask,TRUE,IXNM-4LMG-P4-3ME,,"PAP Mask, Full Face, Resmed Quattro Air, Small, 1 per 3 months",A7030,,,,,,,,,,,,,,,Mask Brand,Resmed Quattro Air,,,,
3R-J8MF-K5S-4TB9,Mask Refit,B29-DBQ-BC3PJ-VA,PAP Mask,TRUE,J8-B6NL-3BQLY-CH,,"PAP Mask, Full Face, Resmed Airtouch F20, Large, 1 per 3 months",A7030,,,,,,,,,,,,,Mask Brand,Resmed Airtouch F20,,,,,,
3R-J8MF-K5S-4TB9,Mask Refit,B29-DBQ-BC3PJ-VA,PAP Mask,TRUE,JNAU4-X0RKE-RPJ8,,"PAP Mask, Nasal, Fit Upon Setup, N/A, 1 per 3 months",A7034,,,,,,,,,,,,,,,,,Mask Brand,Fit Upon Setup,,
3R-J8MF-K5S-4TB9,Mask Refit,B29-DBQ-BC3PJ-VA,PAP Mask,TRUE,JNPAN-2X-MS47-8B,,"PAP Mask, Nasal Pillow, Dreamwear, Small (LG Frame), 1 per 3 months",A7034,,,,,,,,,,,,,,,Mask Brand,Dreamwear,,,,
3R-J8MF-K5S-4TB9,Mask Refit,B29-DBQ-BC3PJ-VA,PAP Mask,TRUE,KRLQ5-8V-0I0J-X9,,"PAP Mask, Fit to Comfort, Nasal, 1 per 3 months",A7034,,,,,,,Mask Brand,Fit Upon Setup,,,,,,,,,,,,
3R-J8MF-K5S-4TB9,Mask Refit,B29-DBQ-BC3PJ-VA,PAP Mask,TRUE,KX0E-LFRX-K42-MH,,"PAP Mask, Full Face, Amara Gel, Petite, 1 per 3 months",A7030,,,,,,,,,,,,,,,Mask Brand,Amara Gel,,,,
3R-J8MF-K5S-4TB9,Mask Refit,B29-DBQ-BC3PJ-VA,PAP Mask,TRUE,L06Y-BL3P-BP-L7J,,"PAP Mask, Nasal, Airfit N30, Fit Upon Setup, 1 per 3 months",A7034,,,,,,,,,,,,,Mask Brand,Airfit N30,,,,,,
3R-J8MF-K5S-4TB9,Mask Refit,B29-DBQ-BC3PJ-VA,PAP Mask,TRUE,L730-SE-A51YQ-3L,,"PAP Mask, Fit to Comfort, 1 per 3 months",MASK,,,,,Mask Brand,Fit Upon Setup,,,,,,,,,,,,,,
3R-J8MF-K5S-4TB9,Mask Refit,B29-DBQ-BC3PJ-VA,PAP Mask,TRUE,LA-M9J8-RL6C5-VU,,"PAP Mask, Full Face, Dreamwear, Medium (LG Frame), 1 per 3 months",A7030,,,Mask Brand,Dreamwear,,,,,,,,,,,,,,,,
3R-J8MF-K5S-4TB9,Mask Refit,B29-DBQ-BC3PJ-VA,PAP Mask,TRUE,LJX-YC-85PM2-TSM,,"PAP Mask, Full Face, Respironics Dreamwear",A7030,,,,,,,,,Mask Brand,Respironics Dreamwear,,,,,,,,,,
3R-J8MF-K5S-4TB9,Mask Refit,B29-DBQ-BC3PJ-VA,PAP Mask,TRUE,LNEQ-83-BDL84-53,,"PAP Mask, Nasal, Airfit N30I, Small-Wide, 1 per 3 months",A7034,,,,,Mask Brand,Airfit N30I,,,,,,,,,,,,,,
3R-J8MF-K5S-4TB9,Mask Refit,B29-DBQ-BC3PJ-VA,PAP Mask,TRUE,LXH0C-XUH6-6BKUF,,"PAP Mask, Nasal Pillow, Dreamwear, Small (MD Frame), 1 per 3 months",A7034,,,,,,,,,,,Mask Brand,Dreamwear,,,,,,,,
3R-J8MF-K5S-4TB9,Mask Refit,B29-DBQ-BC3PJ-VA,PAP Mask,TRUE,LXI-ZY3U1-DV0-ZA,,"PAP Mask, Nasal, Dreamwear, Small (SM Frame), 1 per 3 months",A7034,,,,,,,,,,,,,Mask Brand,Dreamwear,,,,,,
3R-J8MF-K5S-4TB9,Mask Refit,B29-DBQ-BC3PJ-VA,PAP Mask,TRUE,M1LED-NKH79-7BYL,,"PAP Mask, Nasal, Airtouch N20, Large, 1 per 3 months",A7034,,,,,Mask Brand,Airtouch N20,,,,,,,,,,,,,,
3R-J8MF-K5S-4TB9,Mask Refit,B29-DBQ-BC3PJ-VA,PAP Mask,TRUE,MA4-HKD8-S4IK-UC,,"PAP Mask, Nasal Pillow, Resmed Airfit P10, Small, 1 per 3 months",A7034,,,,,,,Mask Brand,Resmed Airfit P10,,,,,,,,,,,,
3R-J8MF-K5S-4TB9,Mask Refit,B29-DBQ-BC3PJ-VA,PAP Mask,TRUE,MQK-RLS5-QKG-L7K,,"PAP Mask, Nasal, Dreamwear, Small (LG Frame), 1 per 3 months",A7034,,,,,,,Mask Brand,Dreamwear,,,,,,,,,,,,
3R-J8MF-K5S-4TB9,Mask Refit,B29-DBQ-BC3PJ-VA,PAP Mask,TRUE,NL28E-UR-L7-S09A,,"PAP Mask, Full Face, Resmed Quattro Air, Medium, 1 per 3 months",A7030,,,,,,,,,,,,,,,,,Mask Brand,Resmed Quattro Air,,
3R-J8MF-K5S-4TB9,Mask Refit,B29-DBQ-BC3PJ-VA,PAP Mask,TRUE,P0-FSF-T01K-0TD2,,"PAP Mask, Nasal Cushion, Respironics Wisp Pediatric",A7034,,,,,,,Mask Brand,Respironics Wisp Pediatric,,,,,,,,,,,,
3R-J8MF-K5S-4TB9,Mask Refit,B29-DBQ-BC3PJ-VA,PAP Mask,TRUE,P6PR-N9PC-GU-U5V,,"PAP Mask, Full Face, Respironics Amara View, Medium, 1 per 3 months",A7030,,,,,,,,,,,,,Mask Brand,Respironics Amara View,,,,,,
3R-J8MF-K5S-4TB9,Mask Refit,B29-DBQ-BC3PJ-VA,PAP Mask,TRUE,PF-80S-59CN-9ZRF,,"PAP Mask, Full Face, Resmed Quattro, Medium, 1 per 3 months",A7030,,,,,,,,,Mask Brand,Resmed Quattro,,,,,,,,,,
3R-J8MF-K5S-4TB9,Mask Refit,B29-DBQ-BC3PJ-VA,PAP Mask,TRUE,QV-3F-49P-831-76,,"PAP Mask, Nasal Pillow, Swift FX, Medium, 2 per 1 month",A7033,,,,,,,,,,,,,,,,,Mask Brand,Swift FX,,
3R-J8MF-K5S-4TB9,Mask Refit,B29-DBQ-BC3PJ-VA,PAP Mask,TRUE,RA-MT-XZF6-CY-K6,,"PAP Mask, Full Face, Airfit F30I, Large, 1 per 3 months",A7030,,,,,,,,,,,,,,,,,Mask Brand,Airfit F30I,,
3R-J8MF-K5S-4TB9,Mask Refit,B29-DBQ-BC3PJ-VA,PAP Mask,TRUE,SI-JE2-X8-K1-VRD,,"PAP Mask, Full Face, Resmed Airfit F20, Large, 1 per 3 months",A7030,,,,,,,,,,,,,Mask Brand,Resmed Airfit F20,,,,,,
3R-J8MF-K5S-4TB9,Mask Refit,B29-DBQ-BC3PJ-VA,PAP Mask,TRUE,SK-B63H-XRD-GIQ6,,"PAP Mask, Nasal Pillow, Airfit P30I, Small, 1 per 3 months",A7034,,,,,,,,,,,,,,,,,Mask Brand,Airfit P30I,,
3R-J8MF-K5S-4TB9,Mask Refit,B29-DBQ-BC3PJ-VA,PAP Mask,TRUE,SLE-BL-A8CD-5TET,,"PAP Mask, Full Face, Fisher & Paykel Simplus, Medium, 1 per 3 months",A7030,,,,,,,Mask Brand,Fisher & Paykel Simplus,,,,,,,,,,,,
3R-J8MF-K5S-4TB9,Mask Refit,B29-DBQ-BC3PJ-VA,PAP Mask,TRUE,SXE3I-RC2-9EU-PL,,"PAP Mask, Full Face, Respironics Amara View, Large, 1 per 3 months",A7030,Mask Brand,Respironics Amara View,,,,,,,,,,,,,,,,,,
3R-J8MF-K5S-4TB9,Mask Refit,B29-DBQ-BC3PJ-VA,PAP Mask,TRUE,T14-NJM-PJADQ-MF,,"PAP Mask, Nasal Pillow, Dreamwear, Large (LG Frame), 1 per 3 months",A7034,,,,,Mask Brand,Dreamwear,,,,,,,,,,,,,,
3R-J8MF-K5S-4TB9,Mask Refit,B29-DBQ-BC3PJ-VA,PAP Mask,TRUE,T7KVR-JA86M-H5A9,,"PAP Mask, Nasal, Respironics Pico, S/M/L/XL (fitpack), 1 per 3 months",A7034,,,,,Mask Brand,Respironics Pico,,,,,,,,,,,,,,
3R-J8MF-K5S-4TB9,Mask Refit,B29-DBQ-BC3PJ-VA,PAP Mask,TRUE,TD-PBJFG-CA-2IY9,,"PAP Mask, Nasal, Dreamwear, Large (SM Frame), 1 per 3 months.",A7034,,,,,,,,,Mask Brand,Dreamwear,,,,,,,,,,
3R-J8MF-K5S-4TB9,Mask Refit,B29-DBQ-BC3PJ-VA,PAP Mask,TRUE,TF5R-YHY4V-B8S5G,,"PAP Mask, Full Face, Fisher & Paykel Simplus, Fit Upon Setup, 1 per 3 months",A7030,,,,,Mask Brand,Fisher & Paykel Simplus,,,,,,,,,,,,,,
3R-J8MF-K5S-4TB9,Mask Refit,B29-DBQ-BC3PJ-VA,PAP Mask,TRUE,TH-IBM-JA-VL-840,,"PAP Mask, Nasal, Dreamwear, Fit Upon Setup, 1 per 3 months",A7034,,,,,Mask Brand,Dreamwear,,,,,,,,,,,,,,
3R-J8MF-K5S-4TB9,Mask Refit,B29-DBQ-BC3PJ-VA,PAP Mask,TRUE,TK-NS9F2-7T8D-EM,,"PAP Mask, Nasal Pillow, Airfit P30I, Fit Upon Setup, 2 per 1 month",A7033,,,,,,,,,,,Mask Brand,Airfit P30I,,,,,,,,
3R-J8MF-K5S-4TB9,Mask Refit,B29-DBQ-BC3PJ-VA,PAP Mask,TRUE,TLDUT-0EP0-M90C1,,"PAP Mask, Nasal Cushion, Respironics Dreamwisp",A7034,,,,,,,,,Mask Brand,Respironics Dreamwisp,,,,,,,,,,
3R-J8MF-K5S-4TB9,Mask Refit,B29-DBQ-BC3PJ-VA,PAP Mask,TRUE,TUIC4-D813Y-YJ17,,"PAP Mask, Full Face, Dreamwear, Small (MD Frame), 1 per 3 months",A7030,,,Mask Brand,Dreamwear,,,,,,,,,,,,,,,,
3R-J8MF-K5S-4TB9,Mask Refit,B29-DBQ-BC3PJ-VA,PAP Mask,TRUE,TYSC-8M-IFR0U-NX,,"PAP Mask, Full Face, Resmed F30i",A7030,,,,,,,,,,,Mask Brand,Resmed F30i,,,,,,,,
3R-J8MF-K5S-4TB9,Mask Refit,B29-DBQ-BC3PJ-VA,PAP Mask,TRUE,UAPQ-2G-493P-F5C,,"PAP Mask, Nasal, Dreamwear, Medium Wide (LG Frame), 1 per 3 months",A7034,,,,,,,,,Mask Brand,Dreamwear,,,,,,,,,,
3R-J8MF-K5S-4TB9,Mask Refit,B29-DBQ-BC3PJ-VA,PAP Mask,TRUE,UEZM-SAJAC-J8F7L,,"PAP Mask, Full Face, Airfit F30I, Wide, 1 per 3 months",A7030,,,,,Mask Brand,Airfit F30I,,,,,,,,,,,,,,
3R-J8MF-K5S-4TB9,Mask Refit,B29-DBQ-BC3PJ-VA,PAP Mask,TRUE,UTBPG-KJ-KL8-TQ0,,"PAP Mask, Full Face, Resmed Airfit F20 for Her, Small, 1 per 3 months",A7030,,,,,,,,,,,Mask Brand,Resmed Airfit F20 for Her,,,,,,,,
3R-J8MF-K5S-4TB9,Mask Refit,B29-DBQ-BC3PJ-VA,PAP Mask,TRUE,UX-APBHG-8PV-DCB,,"PAP Mask, Full Face, Fit Upon Setup, N/A, 1 per 3 months",A7030,,,,,Mask Brand,Fit Upon Setup,,,,,,,,,,,,,,
3R-J8MF-K5S-4TB9,Mask Refit,B29-DBQ-BC3PJ-VA,PAP Mask,TRUE,V30C-K7V-ZN79-JI,,"PAP Mask, Nasal, Respironics Wisp Clear, 1 per 3 months",A7034,,,,,,,,,,,Mask Brand,Respironics Wisp Clear,,,,,,,,
3R-J8MF-K5S-4TB9,Mask Refit,B29-DBQ-BC3PJ-VA,PAP Mask,TRUE,V98-9XGX-V1U-75F,,"PAP Mask, Nasal, Respironics Nuance Pro Gel, Standard, 1 per 3 months",A7034,,,,,,,,,Mask Brand,Respironics Nuance Pro Gel,,,,,,,,,,
3R-J8MF-K5S-4TB9,Mask Refit,B29-DBQ-BC3PJ-VA,PAP Mask,TRUE,VDU2V-GICV-UM-P9,,"PAP Mask, Nasal Pillow, Swift FX Bella, For Her, 1 per 3 months",A7033,,,,,,,,,,,,,,,,,,,Mask Brand,Swift FX Bella
3R-J8MF-K5S-4TB9,Mask Refit,B29-DBQ-BC3PJ-VA,PAP Mask,TRUE,VY-KBIM-HDT08-73,,"PAP Mask, Nasal, Fisher & Paykel Brevida, Fit Upon Setup, 1 per 3 months",A7034,,,,,Mask Brand,Fisher & Paykel Brevida,,,,,,,,,,,,,,
3R-J8MF-K5S-4TB9,Mask Refit,B29-DBQ-BC3PJ-VA,PAP Mask,TRUE,X0T-CUI7L-A5T-L5,,"PAP Mask, Nasal Pillow, Resmed Swift FX for Her, Complete, 1 per 3 months",A7034,,,,,,,Mask Brand,Resmed Swift FX for Her,,,,,,,,,,,,
3R-J8MF-K5S-4TB9,Mask Refit,B29-DBQ-BC3PJ-VA,PAP Mask,TRUE,XY-KQXHV-4R-9V76,,"PAP Mask, Full Face, Airfit F30I, Standard, 1 per 3 months",A7030,,,,,Mask Brand,Airfit F30I,,,,,,,,,,,,,,
3R-J8MF-K5S-4TB9,Mask Refit,B29-DBQ-BC3PJ-VA,PAP Mask,TRUE,Y2-PHVF-AU5GS-FZ,,"PAP Mask, Full Face, Resmed Airtouch F20, Small, 1 per 3 months",A7030,,,,,,,,,,,,,,,,,Mask Brand,Resmed Airtouch F20,,
3R-J8MF-K5S-4TB9,Mask Refit,B29-DBQ-BC3PJ-VA,PAP Mask,TRUE,Z12IS-MT5P6-SPHK,,"PAP Mask, Nasal, Respironics ComfortGel Blue, Small, 1 per 3 months",A7034,,,,,,,,,,,,,Mask Brand,Respironics ComfortGel Blue,,,,,,
3R-J8MF-K5S-4TB9,Mask Refit,B29-DBQ-BC3PJ-VA,PAP Mask,TRUE,Z1R-PZ-HZQJH-1UD,,"PAP Mask, Nasal, Dreamwear, Small (MD Frame), 1 per 3 months",A7034,,,,,,,,,,,,,,,Mask Brand,Dreamwear,,,,
3R-J8MF-K5S-4TB9,Mask Refit,B29-DBQ-BC3PJ-VA,PAP Mask,TRUE,ZEZK-N73-RV0-XZP,,"PAP Mask, Full Face, Resmed Airtouch F20, Medium, 1 per 3 months",A7030,,,,,,,Mask Brand,Resmed Airtouch F20,,,,,,,,,,,,
3R-J8MF-K5S-4TB9,Mask Refit,B29-DBQ-BC3PJ-VA,PAP Mask,TRUE,ZGIJ-ASYP-8FU-ZT,,"PAP Mask, Full Face, Amara Gel, Large, 1 per 3 months",A7030,,,Mask Brand,Amara Gel,,,,,,,,,,,,,,,,
3R-J8MF-K5S-4TB9,Mask Refit,B29-DBQ-BC3PJ-VA,PAP Mask,TRUE,ZL-90J-5KH17-YMI,,"PAP Mask, Nasal Pillow, Dreamwear, Medium (LG Frame), 1 per 3 months",A7034,,,,,,,,,Mask Brand,Dreamwear,,,,,,,,,,
3R-J8MF-K5S-4TB9,Mask Refit,B29-DBQ-BC3PJ-VA,PAP Mask,TRUE,ZTQZ-17FIL-RB-18,,"PAP Mask, Nasal, Respironics ComfortGel Blue, Petite, 1 per 3 months",A7034,,,,,,,,,,,Mask Brand,Respironics ComfortGel Blue,,,,,,,,
539-A5G95-I7-4S7,OSA Body Positioning Device,SC32-SLG-IZT-QTD,OSA Body Positioning Device,TRUE,6G3R-23J8G-L1-JG,,"OSA Body Positioning Device, Zzoma, E0190",ZZOMA,Brand,Zzoma,,,,,,,,,,,,,,,,,,
539-A5G95-I7-4S7,OSA Body Positioning Device,SC32-SLG-IZT-QTD,OSA Body Positioning Device,TRUE,FU8SI-Q2F-XU-70F,,"OSA Body Positioning Device, Zzoma",ZZOMA,Brand,Zzoma,,,,,,,,,,,,,,,,,,
6F-38RZ-X1I-CIKF,PAP Interface Cushion,TBA-QZB2E-SNU-6B,PAP Interface Cushion,TRUE,2DQZ-1F-TCJC-XQJ,,"PAP Interface Cushion, Fit to Comfort",IFC,Mask Frame,Patient Preference,,,PAP Cushion Type,Patient Preference,,,,,,,,,,,,,,
6F-38RZ-X1I-CIKF,PAP Interface Cushion,TBA-QZB2E-SNU-6B,PAP Interface Cushion,TRUE,4Q7-V363-98P-I3Y,,"PAP Interface Cushion, Full Face, 1 per 1 month",A7031,,,Mask Frame,Full Face,,,PAP Cushion Type,Full Face,,,,,,,,,,,,
6F-38RZ-X1I-CIKF,PAP Interface Cushion,TBA-QZB2E-SNU-6B,PAP Interface Cushion,TRUE,BSTN8-MS-LHR-Q1Z,,"PAP Interface Cushion, Nasal Pillows, 2 per 1 month",A7033,,,Mask Frame,Nasal Pillow,,,PAP Cushion Type,Nasal Pillow,,,,,,,,,,,,
6F-38RZ-X1I-CIKF,PAP Interface Cushion,TBA-QZB2E-SNU-6B,PAP Interface Cushion,TRUE,CIXFS-Y4-P4-BCKM,,"PAP Interface Cushion, Oral, 2 per 1 month",A7028,Mask Frame,Oral,,,PAP Cushion Type,Oral,,,,,,,,,,,,,,
6F-38RZ-X1I-CIKF,PAP Interface Cushion,TBA-QZB2E-SNU-6B,PAP Interface Cushion,TRUE,DK-N6YTU-32PI-MU,,"PAP Interface Cushion, Nasal Pillows for Oral/Nasal Mask, 2 per 1 month",A7029,Mask Frame,Oral / Nasal Hybrid,,,PAP Cushion Type,Nasal Pillow,,,,,,,,,,,,,,
6F-38RZ-X1I-CIKF,PAP Interface Cushion,TBA-QZB2E-SNU-6B,PAP Interface Cushion,TRUE,LT9-XJ4-IEAZ-TDH,,"PAP Interface Cushion, Oral/Nasal Hybrid, 2 per 1 month",A7028,Mask Frame,Oral / Nasal Hybrid,,,PAP Cushion Type,Oral/Nasal,,,,,,,,,,,,,,
6F-38RZ-X1I-CIKF,PAP Interface Cushion,TBA-QZB2E-SNU-6B,PAP Interface Cushion,TRUE,PIZJ-AVEVL-GNK8D,,"PAP Interface Cushion, Nasal Pillow Mask for Nasal Mask, 2 per 1 month",A7033,,,Mask Frame,Nasal Pillow,,,PAP Cushion Type,Nasal Pillow,,,,,,,,,,,,
6F-38RZ-X1I-CIKF,PAP Interface Cushion,TBA-QZB2E-SNU-6B,PAP Interface Cushion,TRUE,Q59H-H2-MAKM-E49,,"PAP Interface Cushion, Fit to Comfort",IFC,Mask Frame,Fit to Comfort,,,PAP Cushion Type,Fit to Comfort,,,,,,,,,,,,,,
6F-38RZ-X1I-CIKF,PAP Interface Cushion,TBA-QZB2E-SNU-6B,PAP Interface Cushion,TRUE,YQ1-S4IKG-UIE-3B,,"PAP Interface Cushion, Nasal, 1 per 3 months",A7032,Mask Frame,Nasal,,,PAP Cushion Type,Nasal,,,,,,,,,,,,,,
6NAK-1CDJ-JDM-P2,CPAP Machine 5+ year Replacement (RePap),6B-G8YD-QX5-Q0LA,PAP Mask Interface Cushion,FALSE,1M7F-B3-GJU-FNQH,,"PAP Mask Interface Cushion, Nasal, 2 per 1 month",A7032,,,,,,,Mask Frame,Nasal,,,,,,,,,,,,
6NAK-1CDJ-JDM-P2,CPAP Machine 5+ year Replacement (RePap),6B-G8YD-QX5-Q0LA,PAP Mask Interface Cushion,FALSE,29X1-MA-FT-JY-CT,,"PAP Mask Interface Cushion, Nasal Pillow, 2 per 1 month",A7033,,,,,,,,,Mask Frame,Nasal Pillow,,,,,,,,,,
6NAK-1CDJ-JDM-P2,CPAP Machine 5+ year Replacement (RePap),6B-G8YD-QX5-Q0LA,PAP Mask Interface Cushion,FALSE,97-UIGCM-N91-NKB,,"PAP Mask Interface Cushion, Fit to Comfort.",IFC,,,,,,,,,,,,,,,,,Mask Frame,Patient Preference,,
6NAK-1CDJ-JDM-P2,CPAP Machine 5+ year Replacement (RePap),6B-G8YD-QX5-Q0LA,PAP Mask Interface Cushion,FALSE,98VR5-ACDY-CMQAT,,"PAP Mask Interface Cushion, Oral / Nasal Hybrid, 2 per 1 month",A7028,,,,,Mask Frame,Oral / Nasal Hybrid,,,,,,,,,,,,,,
6NAK-1CDJ-JDM-P2,CPAP Machine 5+ year Replacement (RePap),6B-G8YD-QX5-Q0LA,PAP Mask Interface Cushion,FALSE,JE28-YGS3R-VM-9C,,"PAP Mask Interface Cushion, Full Face, 1 per 1 month",A7031,,,,,,,,,,,,,,,Mask Frame,Full Face,,,,
6NAK-1CDJ-JDM-P2,CPAP Machine 5+ year Replacement (RePap),6B-G8YD-QX5-Q0LA,PAP Mask Interface Cushion,FALSE,PDCBV-TAB-ESL-15,,"PAP Mask Interface Cushion, Oral, 2 per 1 month",A7028,,,,,,,,,,,,,,,,,Mask Frame,Oral,,
6NAK-1CDJ-JDM-P2,CPAP Machine 5+ year Replacement (RePap),6B-G8YD-QX5-Q0LA,PAP Mask Interface Cushion,FALSE,TNI-C7UN-6ZI-SU5,,"PAP Mask Interface Cushion, Fit to Comfort",IFC,,,,,,,,,,,,,,,,,Mask Frame,Fit to Comfort,,
6NAK-1CDJ-JDM-P2,CPAP Machine 5+ year Replacement (RePap),6I-CU-K6-MNT4-BF,PAP Machine Tubing,FALSE,10RK-4K8S2-T6-EV,,"PAP Machine Tubing, Heated, 1 per 3 months",A4604,Tubing Type,Heated,,,,,,,,,,,,,,,,,,
6NAK-1CDJ-JDM-P2,CPAP Machine 5+ year Replacement (RePap),6I-CU-K6-MNT4-BF,PAP Machine Tubing,FALSE,31JB8-VF7-2K-L04,,"Climate Line Air Pap Machine Tubing, Heated, 1 per 3 months",A4604,,,,,,,,,,,,,,,,,Tubing Type,Climate Line Air Heated,,
6NAK-1CDJ-JDM-P2,CPAP Machine 5+ year Replacement (RePap),6I-CU-K6-MNT4-BF,PAP Machine Tubing,FALSE,9JEVE-LS7S-IKST2,,"PAP Machine Tubing, Non-Heated, 1 per 3 months",A7037,,,,,,,,,Tubing Type,Non-Heated,,,,,,,,,,
6NAK-1CDJ-JDM-P2,CPAP Machine 5+ year Replacement (RePap),6I-CU-K6-MNT4-BF,PAP Machine Tubing,FALSE,CGHB-27DG6-SY-PQ,,"SlimLine PAP Machine Tubing, Non-Heated, 1 per 3 months",A7037,,,,,Tubing Type,SlimLine Non-Heated,,,,,,,,,,,,,,
6NAK-1CDJ-JDM-P2,CPAP Machine 5+ year Replacement (RePap),6I-CU-K6-MNT4-BF,PAP Machine Tubing,FALSE,L238-KQMY-KDT-2Q,,"PAP Machine Tubing, Fit to Comfort",A7037/A4604,Tubing Type,Patient Preference,,,,,,,,,,,,,,,,,,
6NAK-1CDJ-JDM-P2,CPAP Machine 5+ year Replacement (RePap),A4DJ-QS-NZK-EJ6I,PAP Sanitizer with Mask Wipes and Filter,FALSE,LJG9F-8Y-CAVB-Y4,,SoClean 2 Setup with Mask Wipes and Filter,X9999,,,,,,,,,,,,,,,,,PAP Sanitizer Brand,SoClean 2,,
6NAK-1CDJ-JDM-P2,CPAP Machine 5+ year Replacement (RePap),B29-DBQ-BC3PJ-VA,PAP Mask,TRUE,03AY8-G8Q64-B54P,,"PAP Mask, Full Face, Resmed Quattro Air, Large, 1 per 3 months",A7030,,,,,,,,,,,,,Mask Brand,Resmed Quattro Air,,,,,,
6NAK-1CDJ-JDM-P2,CPAP Machine 5+ year Replacement (RePap),B29-DBQ-BC3PJ-VA,PAP Mask,TRUE,04CT6-ZI-PDIP-4X,,"PAP Mask, Nasal, Resmed Airfit N20 for Her, Small, 1 per 3 months",A7034,,,Mask Brand,Resmed Airfit N20 for Her,,,,,,,,,,,,,,,,
6NAK-1CDJ-JDM-P2,CPAP Machine 5+ year Replacement (RePap),B29-DBQ-BC3PJ-VA,PAP Mask,TRUE,0KLA9-6X71-5AHMU,,"PAP Mask, Nasal, Airtouch N20, Small, 1 per 3 months",A7034,,,,,Mask Brand,Airtouch N20,,,,,,,,,,,,,,
6NAK-1CDJ-JDM-P2,CPAP Machine 5+ year Replacement (RePap),B29-DBQ-BC3PJ-VA,PAP Mask,TRUE,0Q-6C-QUY-DZ9-JP,,"PAP Mask, Nasal Pillow, Resmed Airfit P10, Medium, 1 per 3 months",A7034,,,,,,,,,,,,,,,,,,,Mask Brand,Resmed Airfit P10
6NAK-1CDJ-JDM-P2,CPAP Machine 5+ year Replacement (RePap),B29-DBQ-BC3PJ-VA,PAP Mask,TRUE,0RNGD-U9R2-4ZLDF,,"PAP Mask, Nasal, Fisher & Paykel Zest, Fit Upon Setup",A7034,,,,,,,,,,,,,,,,,,,Mask Brand,Fisher & Paykel Zest
6NAK-1CDJ-JDM-P2,CPAP Machine 5+ year Replacement (RePap),B29-DBQ-BC3PJ-VA,PAP Mask,TRUE,13JM-6JX3N-CI-78,,"PAP Mask, Fit to Comfort, Full Face, 1 per 3 months",A7030,,,,,Mask Brand,Fit Upon Setup,,,,,,,,,,,,,,
6NAK-1CDJ-JDM-P2,CPAP Machine 5+ year Replacement (RePap),B29-DBQ-BC3PJ-VA,PAP Mask,TRUE,14V-6RTC4-JVU-BU,,"PAP Mask, Oral / Nasal Hybrid, Fit Upon Setup, N/A, 1 per 3 months",A7027,Mask Brand,Fit Upon Setup,,,,,,,,,,,,,,,,,,
6NAK-1CDJ-JDM-P2,CPAP Machine 5+ year Replacement (RePap),B29-DBQ-BC3PJ-VA,PAP Mask,TRUE,1F7-50R6A-RQ9-U1,,"PAP Mask, Nasal Pillow, Fit Upon Setup, N/A, 1 per 3 months",A7034,,,,,,,,,,,,,,,Mask Brand,Fit Upon Setup,,,,
6NAK-1CDJ-JDM-P2,CPAP Machine 5+ year Replacement (RePap),B29-DBQ-BC3PJ-VA,PAP Mask,TRUE,1N0R-K7HQ-GV-RNC,,"PAP Mask, Full Face, Dreamwear, Small (SM Frame), 1 per 3 months",A7030,,,,,,,,,,,,,,,,,Mask Brand,Dreamwear,,
6NAK-1CDJ-JDM-P2,CPAP Machine 5+ year Replacement (RePap),B29-DBQ-BC3PJ-VA,PAP Mask,TRUE,21AIQ-8RX7-13-NZ,,"PAP Mask, Nasal, Respironics Wisp Fabric, Complete, 1 per 3 months",A7034,,,Mask Brand,Respironics Wisp Fabric,,,,,,,,,,,,,,,,
6NAK-1CDJ-JDM-P2,CPAP Machine 5+ year Replacement (RePap),B29-DBQ-BC3PJ-VA,PAP Mask,TRUE,2LK4L-DAJH-D74N7,,"PAP Mask, Fit to Comfort, Oral, 1 per 3 months",A7044,,,,,,,,,,,,,Mask Brand,Fit Upon Setup,,,,,,
6NAK-1CDJ-JDM-P2,CPAP Machine 5+ year Replacement (RePap),B29-DBQ-BC3PJ-VA,PAP Mask,TRUE,2N-JGUA-Y4E-ZHXZ,,"PAP Mask, Nasal Pillow, Dreamwear, Large (SM Frame), 1 per 3 months",A7034,,,,,,,,,,,,,,,,,,,Mask Brand,Dreamwear
6NAK-1CDJ-JDM-P2,CPAP Machine 5+ year Replacement (RePap),B29-DBQ-BC3PJ-VA,PAP Mask,TRUE,2R-K5-6G-TCEF-UB,,"PAP Mask, Full Face, Fisher & Paykel Vitera, Small, 1 per 3 months",A7030,Mask Brand,Fisher & Paykel Vitera,,,,,,,,,,,,,,,,,,
6NAK-1CDJ-JDM-P2,CPAP Machine 5+ year Replacement (RePap),B29-DBQ-BC3PJ-VA,PAP Mask,TRUE,2UP8-FY-C0EQH-UD,,"PAP Mask, Nasal Pillow, Airfit P10, X-Small, 2 per 1 month",A7033,,,,,,,,,,,,,,,,,,,Mask Brand,AirFit P10
6NAK-1CDJ-JDM-P2,CPAP Machine 5+ year Replacement (RePap),B29-DBQ-BC3PJ-VA,PAP Mask,TRUE,2V-RD0T-FLT-PEMY,,"PAP Mask, Nasal, Resmed Airfit N20, Fit Upon Setup, 1 per 3 months",A7034,,,,,,,,,,,,,,,,,,,Mask Brand,Resmed Airfit N20
6NAK-1CDJ-JDM-P2,CPAP Machine 5+ year Replacement (RePap),B29-DBQ-BC3PJ-VA,PAP Mask,TRUE,31BTL-1HJ6Y-3S58,,"PAP Mask, Nasal Pillow, Nuance Gel, Fit Upon Setup, 1 per 3 month",A7033,,,,,,,Mask Brand,Nuance,,,,,,,,,,,,
6NAK-1CDJ-JDM-P2,CPAP Machine 5+ year Replacement (RePap),B29-DBQ-BC3PJ-VA,PAP Mask,TRUE,362P-LN-CQ1LA-B4,,"PAP Mask, Full Face, Airfit F30I, Medium, 1 per 3 months",A7030,,,,,Mask Brand,Airfit F30I,,,,,,,,,,,,,,
6NAK-1CDJ-JDM-P2,CPAP Machine 5+ year Replacement (RePap),B29-DBQ-BC3PJ-VA,PAP Mask,TRUE,37LEV-4U6B-92HSG,,"PAP Mask, Nasal Pillow, Airfit P10, Fit Upon Setup, 2 per 1 month",A7033,,,,,,,,,,,,,Mask Brand,AirFit P10,,,,,,
6NAK-1CDJ-JDM-P2,CPAP Machine 5+ year Replacement (RePap),B29-DBQ-BC3PJ-VA,PAP Mask,TRUE,3BUPB-0E-RPZ-NZ0,,"PAP Mask, Nasal, Resmed Airfit N20, Medium, 1 per 3 months",A7034,,,,,,,,,,,Mask Brand,Resmed Airfit N20,,,,,,,,
6NAK-1CDJ-JDM-P2,CPAP Machine 5+ year Replacement (RePap),B29-DBQ-BC3PJ-VA,PAP Mask,TRUE,3GL5B-MI95P-CL3M,,"PAP Mask, Nasal Pillow, Resmed Airfit P10 for Her, Complete, 1 per 3 months",A7034,,,Mask Brand,Resmed Airfit P10 for Her,,,,,,,,,,,,,,,,
6NAK-1CDJ-JDM-P2,CPAP Machine 5+ year Replacement (RePap),B29-DBQ-BC3PJ-VA,PAP Mask,TRUE,3K3GT-R0-XAT-20T,,"PAP Mask, Full Face, Respironics Amara View, Small, 1 per 3 months",A7030,,,,,,,,,,,,,,,,,,,Mask Brand,Respironics Amara View
6NAK-1CDJ-JDM-P2,CPAP Machine 5+ year Replacement (RePap),B29-DBQ-BC3PJ-VA,PAP Mask,TRUE,3KSX-GCTP1-H8C7Q,,"PAP Mask, Nasal Pillow, Nuance Gel, Medium, 2 per 1 month",A7033,,,Mask Brand,Nuance Gel,,,,,,,,,,,,,,,,
6NAK-1CDJ-JDM-P2,CPAP Machine 5+ year Replacement (RePap),B29-DBQ-BC3PJ-VA,PAP Mask,TRUE,3Z2EG-FY1S0-PLVM,,"PAP Mask, Nasal, Fit Upon Setup, N/A, 1 per 3 months",A7034,,,Mask Brand,Fit Upon Setup,,,,,,,,,,,,,,,,
6NAK-1CDJ-JDM-P2,CPAP Machine 5+ year Replacement (RePap),B29-DBQ-BC3PJ-VA,PAP Mask,TRUE,3ZN0-9M-U9X-CDE6,,"PAP Mask, Nasal, Dreamwisp Fit, Fit Upon Setup, 1 per 3 months",A7034,,,,,,,,,Mask Brand,Dreamwisp Fit,,,,,,,,,,
6NAK-1CDJ-JDM-P2,CPAP Machine 5+ year Replacement (RePap),B29-DBQ-BC3PJ-VA,PAP Mask,TRUE,48B-SZD7B-S32-YX,,"PAP Mask, Nasal, Fisher & Paykel Evora, Fit Upon Setup, 1 per 3 months",A7034,,,,,,,,,,,,,,,,,,,Mask Brand,Fisher & Paykel Evora Nasal
6NAK-1CDJ-JDM-P2,CPAP Machine 5+ year Replacement (RePap),B29-DBQ-BC3PJ-VA,PAP Mask,TRUE,49D-P3U2V-NQ4-64,,"PAP Mask, Nasal, Respironics Dreamwear, Complete, 1 per 3 months",A7034,,,,,,,,,,,Mask Brand,Respironics Dreamwear,,,,,,,,
6NAK-1CDJ-JDM-P2,CPAP Machine 5+ year Replacement (RePap),B29-DBQ-BC3PJ-VA,PAP Mask,TRUE,4N-DI-94P-BQ9-HE,,"PAP Mask, Nasal, Airfit N30I, Fit Upon Setup, 1 per 3 months",A7034,,,Mask Brand,Airfit N30I,,,,,,,,,,,,,,,,
6NAK-1CDJ-JDM-P2,CPAP Machine 5+ year Replacement (RePap),B29-DBQ-BC3PJ-VA,PAP Mask,TRUE,57-E8D6-QM5T1-3C,,"PAP Mask, Nasal, Dreamwear, Medium (SM Frame), 1 per 3 months",A7034,Mask Brand,Dreamwear,,,,,,,,,,,,,,,,,,
6NAK-1CDJ-JDM-P2,CPAP Machine 5+ year Replacement (RePap),B29-DBQ-BC3PJ-VA,PAP Mask,TRUE,5AC-L3-DI-7D-4T8,,"PAP Mask, Full Face, Dreamwear, Small (LG Frame), 1 per 3 months",A7030,,,,,,,,,,,Mask Brand,Dreamwear,,,,,,,,
6NAK-1CDJ-JDM-P2,CPAP Machine 5+ year Replacement (RePap),B29-DBQ-BC3PJ-VA,PAP Mask,TRUE,5D-3X-H8-86-71HZ,,"PAP Mask, Nasal Pillow, Airfit P10, Medium, 2 per 1 month",A7033,,,,,,,,,,,Mask Brand,AirFit P10,,,,,,,,
6NAK-1CDJ-JDM-P2,CPAP Machine 5+ year Replacement (RePap),B29-DBQ-BC3PJ-VA,PAP Mask,TRUE,5G236-JL-EV3T-3D,,"PAP Mask, Nasal Pillow, Dreamwear, Small (SM Frame), 1 per 3 months",A7034,,,,,,,,,,,,,Mask Brand,Dreamwear,,,,,,
6NAK-1CDJ-JDM-P2,CPAP Machine 5+ year Replacement (RePap),B29-DBQ-BC3PJ-VA,PAP Mask,TRUE,5RHC-MYA9I-0K-5D,,"PAP Mask, Nasal Cushion, Respironics Wisp Fabric",A7034,,,,,,,,,,,,,Mask Brand,Respironics Wisp Fabric,,,,,,
6NAK-1CDJ-JDM-P2,CPAP Machine 5+ year Replacement (RePap),B29-DBQ-BC3PJ-VA,PAP Mask,TRUE,5S-KABP-7Q8CR-F8,,"PAP Mask, Full Face, Resmed Airfit F10, Large, 1 per 3 months",A7030,,,Mask Brand,Resmed Airfit F10,,,,,,,,,,,,,,,,
6NAK-1CDJ-JDM-P2,CPAP Machine 5+ year Replacement (RePap),B29-DBQ-BC3PJ-VA,PAP Mask,TRUE,5S-V2J3-S7I8-TX1,,"PAP Mask, Full Face, Amara Gel, Medium, 1 per 3 months",A7030,,,,,,,,,,,,,Mask Brand,Amara Gel,,,,,,
6NAK-1CDJ-JDM-P2,CPAP Machine 5+ year Replacement (RePap),B29-DBQ-BC3PJ-VA,PAP Mask,TRUE,5YQ-0Y-1DS0-8NKJ,,"PAP Mask, Full Face, Resmed Airtouch F20 for Her, Medium, 1 per 3 months",A7030,,,,,Mask Brand,Resmed Airtouch F20 for Her,,,,,,,,,,,,,,
6NAK-1CDJ-JDM-P2,CPAP Machine 5+ year Replacement (RePap),B29-DBQ-BC3PJ-VA,PAP Mask,TRUE,65X0-MFUCL-6H-J8,,"PAP Mask, Full Face, Fisher & Paykel Vitera, Medium, 1 per 3 months",A7030,,,,,,,,,,,,,,,Mask Brand,Fisher & Paykel Vitera,,,,
6NAK-1CDJ-JDM-P2,CPAP Machine 5+ year Replacement (RePap),B29-DBQ-BC3PJ-VA,PAP Mask,TRUE,6I-N0-S4Y-TVN-MD,,"PAP Mask, Nasal Pillow, Swift FX, X-Small, 2 per 1 month",A7033,,,,,,,,,,,,,,,,,Mask Brand,Swift FX,,
6NAK-1CDJ-JDM-P2,CPAP Machine 5+ year Replacement (RePap),B29-DBQ-BC3PJ-VA,PAP Mask,TRUE,6N5-3Z2-CMQDH-ZF,,"PAP Mask, Full Face, Resmed Quattro FX, Large, 1 per 3 months",A7030,,,Mask Brand,Resmed Quattro FX,,,,,,,,,,,,,,,,
6NAK-1CDJ-JDM-P2,CPAP Machine 5+ year Replacement (RePap),B29-DBQ-BC3PJ-VA,PAP Mask,TRUE,6U-CNQ-P2LUT-S32,,"PAP Mask, Full Face, Respironics Amara View, Fit Upon Setup, 1 per 3 months",A7030,,,,,,,,,,,,,,,Mask Brand,Respironics Amara View,,,,
6NAK-1CDJ-JDM-P2,CPAP Machine 5+ year Replacement (RePap),B29-DBQ-BC3PJ-VA,PAP Mask,TRUE,6YL-IBI8-0PK-6S6,,"PAP Mask, Nasal Pillow, Airfit P30I, Standard, 1 per 3 months",A7034,,,,,,,Mask Brand,Airfit P30I,,,,,,,,,,,,
6NAK-1CDJ-JDM-P2,CPAP Machine 5+ year Replacement (RePap),B29-DBQ-BC3PJ-VA,PAP Mask,TRUE,71K-Y6E93-CG-Z5E,,"PAP Mask, Nasal Pillow, Resmed Airfit P10, Large, 1 per 3 months",A7034,,,,,,,,,,,,,,,,,,,Mask Brand,Resmed Airfit P10
6NAK-1CDJ-JDM-P2,CPAP Machine 5+ year Replacement (RePap),B29-DBQ-BC3PJ-VA,PAP Mask,TRUE,7NHX-4H-NMPT-EZM,,"PAP Mask, Nasal, Airfit N30I, Wide, 1 per 3 months",A7034,,,,,,,,,,,,,,,Mask Brand,Airfit N30I,,,,
6NAK-1CDJ-JDM-P2,CPAP Machine 5+ year Replacement (RePap),B29-DBQ-BC3PJ-VA,PAP Mask,TRUE,7ZG-CNK-CSPMT-29,,"PAP Mask, Nasal Pillow, Resmed P30i",A7034,,,Mask Brand,Resmed P30i,,,,,,,,,,,,,,,,
6NAK-1CDJ-JDM-P2,CPAP Machine 5+ year Replacement (RePap),B29-DBQ-BC3PJ-VA,PAP Mask,TRUE,8L8-Z9-SYZN-5DLA,,"PAP Mask, Nasal Pillow, Airfit P30I, Large, 2 per 1 month",A7033,,,,,,,,,,,,,,,Mask Brand,Airfit P30I,,,,
6NAK-1CDJ-JDM-P2,CPAP Machine 5+ year Replacement (RePap),B29-DBQ-BC3PJ-VA,PAP Mask,TRUE,8SV6-Q6P3C-Q4-VM,,"PAP Mask, Nasal, Fisher & Paykel Eson, Medium, 1 per 3 months",A7034,,,,,,,Mask Brand,Fisher & Paykel Eson,,,,,,,,,,,,
6NAK-1CDJ-JDM-P2,CPAP Machine 5+ year Replacement (RePap),B29-DBQ-BC3PJ-VA,PAP Mask,TRUE,8U-7MCZ-AU7G-9YT,,"PAP Mask, Nasal, Resmed Mirage FX, Fit Upon Setup, 1 per 3 months",A7034,,,,,,,,,,,,,,,,,Mask Brand,Resmed Mirage FX,,
6NAK-1CDJ-JDM-P2,CPAP Machine 5+ year Replacement (RePap),B29-DBQ-BC3PJ-VA,PAP Mask,TRUE,8ZS-M5D-HQKFM-2E,,"PAP Mask, Fit to Comfort, Oral / Nasal Hybrid, 1 per 3 months",A7027,,,,,,,,,,,,,,,,,Mask Brand,Fit Upon Setup,,
6NAK-1CDJ-JDM-P2,CPAP Machine 5+ year Replacement (RePap),B29-DBQ-BC3PJ-VA,PAP Mask,TRUE,95BV-4G7T0-2JUKM,,"PAP Mask, Full Face, Resmed Airfit F20 for Her, Medium, 1 per 3 months",A7030,,,Mask Brand,Resmed Airfit F20 for Her,,,,,,,,,,,,,,,,
6NAK-1CDJ-JDM-P2,CPAP Machine 5+ year Replacement (RePap),B29-DBQ-BC3PJ-VA,PAP Mask,TRUE,97J-AB4-LKG6-FEJ,,"PAP Mask, Nasal Pillow, Airfit P30I, Medium, 2 per 1 month",A7033,,,,,,,,,,,,,,,,,Mask Brand,Airfit P30I,,
6NAK-1CDJ-JDM-P2,CPAP Machine 5+ year Replacement (RePap),B29-DBQ-BC3PJ-VA,PAP Mask,TRUE,980FC-YAMY-NMEPI,,"PAP Mask, Fit to Comfort, Nasal Pillow, 1 per 3 months",A7034,Mask Brand,Fit Upon Setup,,,,,,,,,,,,,,,,,,
6NAK-1CDJ-JDM-P2,CPAP Machine 5+ year Replacement (RePap),B29-DBQ-BC3PJ-VA,PAP Mask,TRUE,9M6D-PDBMJ-XEFZ4,,"PAP Mask, Nasal Pillow, Swift FX, Small, 2 per 1 month",A7033,,,Mask Brand,Swift FX,,,,,,,,,,,,,,,,
6NAK-1CDJ-JDM-P2,CPAP Machine 5+ year Replacement (RePap),B29-DBQ-BC3PJ-VA,PAP Mask,TRUE,9YZ-MV0B9-MT4-9J,,"PAP Mask, Full Face, Fisher & Paykel Vitera, Large, 1 per 3 months",A7030,,,Mask Brand,Fisher & Paykel Vitera,,,,,,,,,,,,,,,,
6NAK-1CDJ-JDM-P2,CPAP Machine 5+ year Replacement (RePap),B29-DBQ-BC3PJ-VA,PAP Mask,TRUE,A5G-YA26-PHXU-Z7,,"PAP Mask, Nasal, Airtouch N20, Medium, 1 per 3 months",A7034,,,Mask Brand,Airtouch N20,,,,,,,,,,,,,,,,
6NAK-1CDJ-JDM-P2,CPAP Machine 5+ year Replacement (RePap),B29-DBQ-BC3PJ-VA,PAP Mask,TRUE,AS-TN-P6IB-I03K8,,"PAP Mask, Nasal, Wisp, Fit Upon Setup, 1 per 3 months",A7034,,,,,Mask Brand,Wisp,,,,,,,,,,,,,,
6NAK-1CDJ-JDM-P2,CPAP Machine 5+ year Replacement (RePap),B29-DBQ-BC3PJ-VA,PAP Mask,TRUE,CD0J-GK-UH-GTGEV,,"PAP Mask, Nasal, Resmed Airfit N20, Small, 1 per 3 months",A7034,,,,,,,,,Mask Brand,Resmed Airfit N20,,,,,,,,,,
6NAK-1CDJ-JDM-P2,CPAP Machine 5+ year Replacement (RePap),B29-DBQ-BC3PJ-VA,PAP Mask,TRUE,CH-GS-TLH-DS1-N6,,"PAP Mask, Nasal Pillow, Dreamwear Pillows, Fit Upon Setup, 1 per 3 months",A7033,,,,,,,,,,,,,Mask Brand,Dreamwear Pillows,,,,,,
6NAK-1CDJ-JDM-P2,CPAP Machine 5+ year Replacement (RePap),B29-DBQ-BC3PJ-VA,PAP Mask,TRUE,CI3G-GN-B35P-9I9,,"PAP Mask, Oral, Fit Upon Setup, N/A, 1 per 3 months",A7044,,,Mask Brand,Fit Upon Setup,,,,,,,,,,,,,,,,
6NAK-1CDJ-JDM-P2,CPAP Machine 5+ year Replacement (RePap),B29-DBQ-BC3PJ-VA,PAP Mask,TRUE,CKH-454CH-CKB-SC,,"PAP Mask, Nasal, Airfit N30I, Medium, 1 per 3 months",A7034,,,,,,,,,,,,,Mask Brand,Airfit N30I,,,,,,
6NAK-1CDJ-JDM-P2,CPAP Machine 5+ year Replacement (RePap),B29-DBQ-BC3PJ-VA,PAP Mask,TRUE,D38D2-HMJT-QN-YA,,"PAP Mask, Full Face, Airfit F30I, Fit Upon Setup, 1 per 3 months",A7030,,,,,,,,,,,,,,,,,,,Mask Brand,Airfit F30I
6NAK-1CDJ-JDM-P2,CPAP Machine 5+ year Replacement (RePap),B29-DBQ-BC3PJ-VA,PAP Mask,TRUE,DFH-ZLE-U3F-VNYF,,"PAP Mask, Nasal, Respironics ComfortGel Blue, Large, 1 per 3 months",A7034,,,,,Mask Brand,Respironics ComfortGel Blue,,,,,,,,,,,,,,
6NAK-1CDJ-JDM-P2,CPAP Machine 5+ year Replacement (RePap),B29-DBQ-BC3PJ-VA,PAP Mask,TRUE,DJ6X-CTVUL-3Y-ED,,"PAP Mask, Nasal Pillow, Swift FX, Large, 2 per 1 month",A7033,,,,,,,,,,,,,Mask Brand,Swift FX,,,,,,
6NAK-1CDJ-JDM-P2,CPAP Machine 5+ year Replacement (RePap),B29-DBQ-BC3PJ-VA,PAP Mask,TRUE,DK626-NDJ3-F1-XF,,"PAP Mask, Nasal, Dreamwear, Large (MD Frame), 1 per 3 months",A7034,,,,,,,Mask Brand,Dreamwear,,,,,,,,,,,,
6NAK-1CDJ-JDM-P2,CPAP Machine 5+ year Replacement (RePap),B29-DBQ-BC3PJ-VA,PAP Mask,TRUE,E1NP-5NXZ1-7LIN3,,"PAP Mask, Full Face, Dreamwear, Large (MD Frame), 1 per 3 months",A7030,,,Mask Brand,Dreamwear,,,,,,,,,,,,,,,,
6NAK-1CDJ-JDM-P2,CPAP Machine 5+ year Replacement (RePap),B29-DBQ-BC3PJ-VA,PAP Mask,TRUE,E7Q-NXQ5-FCIK-1J,,"PAP Mask, Nasal Cushion, Respironics Dreamwear",A7034,Mask Brand,Respironics Dreamwear,,,,,,,,,,,,,,,,,,
6NAK-1CDJ-JDM-P2,CPAP Machine 5+ year Replacement (RePap),B29-DBQ-BC3PJ-VA,PAP Mask,TRUE,E8M-UZA6-VAB-QFA,,"PAP Mask, Full Face, Fisher & Paykel Vitera",A7030,,,,,,,,,,,,,,,Mask Brand,Fisher & Paykel Vitera,,,,
6NAK-1CDJ-JDM-P2,CPAP Machine 5+ year Replacement (RePap),B29-DBQ-BC3PJ-VA,PAP Mask,TRUE,E9-BIY-CAR06-VX6,,"PAP Mask, Nasal Pillow, Nuance Gel, Large, 2 per 1 month",A7033,,,,,,,,,,,,,Mask Brand,Nuance Gel,,,,,,
6NAK-1CDJ-JDM-P2,CPAP Machine 5+ year Replacement (RePap),B29-DBQ-BC3PJ-VA,PAP Mask,TRUE,EGF0-Z2-IDS7V-6D,,"PAP Mask, Nasal Pillow, Respironics Dreamwear Silicone",A7034,,,,,,,,,,,,,Mask Brand,Respironics Dreamwear Silicone,,,,,,
6NAK-1CDJ-JDM-P2,CPAP Machine 5+ year Replacement (RePap),B29-DBQ-BC3PJ-VA,PAP Mask,TRUE,EQC-U0-6RM-LN-GH,,"PAP Mask, Full Face, Airfit F30, Fit Upon Setup, 1 per 3 months",A7030,,,,,,,,,,,Mask Brand,Airfit F30,,,,,,,,
6NAK-1CDJ-JDM-P2,CPAP Machine 5+ year Replacement (RePap),B29-DBQ-BC3PJ-VA,PAP Mask,TRUE,F84P-X7-ME89-8P1,,"PAP Mask, Nasal Pillow, Fisher & Paykel Brevida",A7034,,,,,,,,,,,,,,,,,Mask Brand,Fisher & Paykel Brevida,,
6NAK-1CDJ-JDM-P2,CPAP Machine 5+ year Replacement (RePap),B29-DBQ-BC3PJ-VA,PAP Mask,TRUE,G4D2B-V5Q4A-57IF,,"PAP Mask, Full Face, Other Brand, N/A, 1 per 3 months",A7030,,,,,,,Mask Brand,Other,,,,,,,,,,,,
6NAK-1CDJ-JDM-P2,CPAP Machine 5+ year Replacement (RePap),B29-DBQ-BC3PJ-VA,PAP Mask,TRUE,GAHB0-EZ-37-LEKL,,"PAP Mask, Nasal Pillow, Airfit P10, Large, 2 per 1 month",A7033,,,,,,,,,,,,,,,Mask Brand,AirFit P10,,,,
6NAK-1CDJ-JDM-P2,CPAP Machine 5+ year Replacement (RePap),B29-DBQ-BC3PJ-VA,PAP Mask,TRUE,GX7-8IJ3-UPB2-2P,,"PAP Mask, Full Face, Fisher & Paykel Simplus, Large, 1 per 3 months",A7030,,,,,,,,,Mask Brand,Fisher & Paykel Simplus,,,,,,,,,,
6NAK-1CDJ-JDM-P2,CPAP Machine 5+ year Replacement (RePap),B29-DBQ-BC3PJ-VA,PAP Mask,TRUE,GY4-NLY-148F8-46,,"PAP Mask, Nasal, Airtouch F20 for Her, 1 per 3 months",A7034,,,,,,,,,,,,,Mask Brand,Airtouch F20 for Her,,,,,,
6NAK-1CDJ-JDM-P2,CPAP Machine 5+ year Replacement (RePap),B29-DBQ-BC3PJ-VA,PAP Mask,TRUE,H0GHK-A5C3-2M-F8,,"PAP Mask, Full Face, Resmed Quattro FX, Small, 1 per 3 months",A7030,,,Mask Brand,Resmed Quattro FX,,,,,,,,,,,,,,,,
6NAK-1CDJ-JDM-P2,CPAP Machine 5+ year Replacement (RePap),B29-DBQ-BC3PJ-VA,PAP Mask,TRUE,HG7Y-INVBS-H3V3K,,"PAP Mask, Nasal, Resmed Airfit N20, Large, 1 per 3 months",A7034,,,,,,,,,Mask Brand,Resmed Airfit N20,,,,,,,,,,
6NAK-1CDJ-JDM-P2,CPAP Machine 5+ year Replacement (RePap),B29-DBQ-BC3PJ-VA,PAP Mask,TRUE,I2PTE-Q68X3-BNDX,,"PAP Mask, Nasal Pillow, Resmed Swift FX, Complete, 1 per 3 months",A7034,,,,,,,,,,,,,,,,,Mask Brand,Resmed Swift FX,,
6NAK-1CDJ-JDM-P2,CPAP Machine 5+ year Replacement (RePap),B29-DBQ-BC3PJ-VA,PAP Mask,TRUE,I7CMF-AE-6DXE-2J,,"PAP Mask, Full Face, Airtouch F20, Fit Upon Setup, 1 per 3 months",A7030,,,,,Mask Brand,Airtouch F20,,,,,,,,,,,,,,
6NAK-1CDJ-JDM-P2,CPAP Machine 5+ year Replacement (RePap),B29-DBQ-BC3PJ-VA,PAP Mask,TRUE,IA-M932P-P0-BV4D,,"PAP Mask, Full Face, Resmed Airfit F20, Medium, 1 per 3 months",A7030,,,,,Mask Brand,Resmed Airfit F20,,,,,,,,,,,,,,
6NAK-1CDJ-JDM-P2,CPAP Machine 5+ year Replacement (RePap),B29-DBQ-BC3PJ-VA,PAP Mask,TRUE,IE-H067-PS6M-ZKC,,"PAP Mask, Nasal Pillow, Resmed Airfit P10, Complete, 1 per 3 months",A7034,,,,,,,,,,,Mask Brand,Resmed Airfit P10,,,,,,,,
6NAK-1CDJ-JDM-P2,CPAP Machine 5+ year Replacement (RePap),B29-DBQ-BC3PJ-VA,PAP Mask,TRUE,IFVB-CYI-S6Q-7AQ,,"PAP Mask, Nasal Pillow, Airfit P10, Small, 2 per 1 month",A7033,,,,,,,,,,,,,,,Mask Brand,AirFit P10,,,,
6NAK-1CDJ-JDM-P2,CPAP Machine 5+ year Replacement (RePap),B29-DBQ-BC3PJ-VA,PAP Mask,TRUE,J8-B6NL-3BQLY-CH,,"PAP Mask, Full Face, Resmed Airtouch F20, Large, 1 per 3 months",A7030,,,,,,,,,,,,,,,,,Mask Brand,Resmed Airtouch F20,,
6NAK-1CDJ-JDM-P2,CPAP Machine 5+ year Replacement (RePap),B29-DBQ-BC3PJ-VA,PAP Mask,TRUE,JNAU4-X0RKE-RPJ8,,"PAP Mask, Nasal, Fit Upon Setup, N/A, 1 per 3 months",A7034,Mask Brand,Fit Upon Setup,,,,,,,,,,,,,,,,,,
6NAK-1CDJ-JDM-P2,CPAP Machine 5+ year Replacement (RePap),B29-DBQ-BC3PJ-VA,PAP Mask,TRUE,K15PK-QT-EN-58BK,,"PAP Mask, Full Face, Dreamwear Full, Fit Upon Setup, 1 per 3 months",A7030,,,,,,,,,Mask Brand,Dreamwear Full,,,,,,,,,,
6NAK-1CDJ-JDM-P2,CPAP Machine 5+ year Replacement (RePap),B29-DBQ-BC3PJ-VA,PAP Mask,TRUE,KXENF-0N-8S6C-AJ,,"PAP Mask, Full Face, Airfit F30I, Small, 1 per 3 months",A7030,,,,,,,,,,,,,,,,,,,Mask Brand,Airfit F30I
6NAK-1CDJ-JDM-P2,CPAP Machine 5+ year Replacement (RePap),B29-DBQ-BC3PJ-VA,PAP Mask,TRUE,L06Y-BL3P-BP-L7J,,"PAP Mask, Nasal, Airfit N30, Fit Upon Setup, 1 per 3 months",A7034,,,,,,,,,,,,,,,,,,,Mask Brand,Airfit N30
6NAK-1CDJ-JDM-P2,CPAP Machine 5+ year Replacement (RePap),B29-DBQ-BC3PJ-VA,PAP Mask,TRUE,L730-SE-A51YQ-3L,,"PAP Mask, Fit to Comfort, 1 per 3 months",MASK,,,,,,,,,,,Mask Brand,Fit Upon Setup,,,,,,,,
6NAK-1CDJ-JDM-P2,CPAP Machine 5+ year Replacement (RePap),B29-DBQ-BC3PJ-VA,PAP Mask,TRUE,LA-M9J8-RL6C5-VU,,"PAP Mask, Full Face, Dreamwear, Medium (LG Frame), 1 per 3 months",A7030,,,,,,,,,,,,,,,Mask Brand,Dreamwear,,,,
6NAK-1CDJ-JDM-P2,CPAP Machine 5+ year Replacement (RePap),B29-DBQ-BC3PJ-VA,PAP Mask,TRUE,LJX-YC-85PM2-TSM,,"PAP Mask, Full Face, Respironics Dreamwear",A7030,,,,,Mask Brand,Respironics Dreamwear,,,,,,,,,,,,,,
6NAK-1CDJ-JDM-P2,CPAP Machine 5+ year Replacement (RePap),B29-DBQ-BC3PJ-VA,PAP Mask,TRUE,M1LED-NKH79-7BYL,,"PAP Mask, Nasal, Airtouch N20, Large, 1 per 3 months",A7034,,,,,,,,,,,,,Mask Brand,Airtouch N20,,,,,,
6NAK-1CDJ-JDM-P2,CPAP Machine 5+ year Replacement (RePap),B29-DBQ-BC3PJ-VA,PAP Mask,TRUE,MA4-HKD8-S4IK-UC,,"PAP Mask, Nasal Pillow, Resmed Airfit P10, Small, 1 per 3 months",A7034,,,,,,,,,,,,,Mask Brand,Resmed Airfit P10,,,,,,
6NAK-1CDJ-JDM-P2,CPAP Machine 5+ year Replacement (RePap),B29-DBQ-BC3PJ-VA,PAP Mask,TRUE,NH-N9P7-0SX-7B67,,"PAP Mask, Nasal, Dreamwear, Large (LG Frame), 1 per 3 months",A7034,,,,,,,,,,,,,,,Mask Brand,Dreamwear,,,,
6NAK-1CDJ-JDM-P2,CPAP Machine 5+ year Replacement (RePap),B29-DBQ-BC3PJ-VA,PAP Mask,TRUE,P2Y-AMC-90EQ-UM4,,"PAP Mask, Nasal, Dreamwear, Large (SM Frame), 1 per 3 months",A7034,,,,,,,Mask Brand,Dreamwear,,,,,,,,,,,,
6NAK-1CDJ-JDM-P2,CPAP Machine 5+ year Replacement (RePap),B29-DBQ-BC3PJ-VA,PAP Mask,TRUE,P6PR-N9PC-GU-U5V,,"PAP Mask, Full Face, Respironics Amara View, Medium, 1 per 3 months",A7030,Mask Brand,Respironics Amara View,,,,,,,,,,,,,,,,,,
6NAK-1CDJ-JDM-P2,CPAP Machine 5+ year Replacement (RePap),B29-DBQ-BC3PJ-VA,PAP Mask,TRUE,PB1DE-4T-G0CS-JE,,"PAP Mask, Full Face, Dreamwear, Medium (MD Frame), 1 per 3 months",A7030,,,,,,,,,Mask Brand,Dreamwear,,,,,,,,,,
6NAK-1CDJ-JDM-P2,CPAP Machine 5+ year Replacement (RePap),B29-DBQ-BC3PJ-VA,PAP Mask,TRUE,PF-80S-59CN-9ZRF,,"PAP Mask, Full Face, Resmed Quattro, Medium, 1 per 3 months",A7030,,,,,Mask Brand,Resmed Quattro,,,,,,,,,,,,,,
6NAK-1CDJ-JDM-P2,CPAP Machine 5+ year Replacement (RePap),B29-DBQ-BC3PJ-VA,PAP Mask,TRUE,PNGE-3RPCL-L915D,,"PAP Mask, Full Face, Resmed Airfit F10, Small, 1 per 3 months",A7030,,,,,,,,,,,Mask Brand,Resmed Airfit F10,,,,,,,,
6NAK-1CDJ-JDM-P2,CPAP Machine 5+ year Replacement (RePap),B29-DBQ-BC3PJ-VA,PAP Mask,TRUE,Q27-HL-N879-5RS1,,"PAP Mask, Nasal Pillow, Dreamwear, Medium (SM Frame), 1 per 3 months",A7034,,,,,,,,,,,,,Mask Brand,Dreamwear,,,,,,
6NAK-1CDJ-JDM-P2,CPAP Machine 5+ year Replacement (RePap),B29-DBQ-BC3PJ-VA,PAP Mask,TRUE,RBM0-DLJ-MR-KVYQ,,"PAP Mask, Nasal, Dreamwear, Medium (MD Frame), 1 per 3 months",A7034,,,,,,,Mask Brand,Dreamwear,,,,,,,,,,,,
6NAK-1CDJ-JDM-P2,CPAP Machine 5+ year Replacement (RePap),B29-DBQ-BC3PJ-VA,PAP Mask,TRUE,SLE-BL-A8CD-5TET,,"PAP Mask, Full Face, Fisher & Paykel Simplus, Medium, 1 per 3 months",A7030,,,,,,,,,,,,,,,Mask Brand,Fisher & Paykel Simplus,,,,
6NAK-1CDJ-JDM-P2,CPAP Machine 5+ year Replacement (RePap),B29-DBQ-BC3PJ-VA,PAP Mask,TRUE,SX-Y8PKY-LU57-U5,,"PAP Mask, Nasal, Resmed Activa, Standard, 1 per 3 months",A7034,,,,,,,,,,,,,,,,,,,Mask Brand,Resmed Activa
6NAK-1CDJ-JDM-P2,CPAP Machine 5+ year Replacement (RePap),B29-DBQ-BC3PJ-VA,PAP Mask,TRUE,SXE3I-RC2-9EU-PL,,"PAP Mask, Full Face, Respironics Amara View, Large, 1 per 3 months",A7030,,,,,,,,,Mask Brand,Respironics Amara View,,,,,,,,,,
6NAK-1CDJ-JDM-P2,CPAP Machine 5+ year Replacement (RePap),B29-DBQ-BC3PJ-VA,PAP Mask,TRUE,T7KVR-JA86M-H5A9,,"PAP Mask, Nasal, Respironics Pico, S/M/L/XL (fitpack), 1 per 3 months",A7034,,,,,,,,,,,,,,,Mask Brand,Respironics Pico,,,,
6NAK-1CDJ-JDM-P2,CPAP Machine 5+ year Replacement (RePap),B29-DBQ-BC3PJ-VA,PAP Mask,TRUE,T9Z-DF6A-VGH1-UR,,"PAP Mask, Nasal Pillow, Respironics Nuance Gel, Complete, 1 per 3 months",A7034,,,Mask Brand,Respironics Nuance Gel,,,,,,,,,,,,,,,,
6NAK-1CDJ-JDM-P2,CPAP Machine 5+ year Replacement (RePap),B29-DBQ-BC3PJ-VA,PAP Mask,TRUE,TK-J5A4-AB7G-MN2,,"PAP Mask, Fit to Comfort, 1 per 3 months.",A7034,,,,,Mask Brand,Fit Upon Setup,,,,,,,,,,,,,,
6NAK-1CDJ-JDM-P2,CPAP Machine 5+ year Replacement (RePap),B29-DBQ-BC3PJ-VA,PAP Mask,TRUE,TLDUT-0EP0-M90C1,,"PAP Mask, Nasal Cushion, Respironics Dreamwisp",A7034,,,,,,,,,,,,,,,,,,,Mask Brand,Respironics Dreamwisp
6NAK-1CDJ-JDM-P2,CPAP Machine 5+ year Replacement (RePap),B29-DBQ-BC3PJ-VA,PAP Mask,TRUE,TYSC-8M-IFR0U-NX,,"PAP Mask, Full Face, Resmed F30i",A7030,,,Mask Brand,Resmed F30i,,,,,,,,,,,,,,,,
6NAK-1CDJ-JDM-P2,CPAP Machine 5+ year Replacement (RePap),B29-DBQ-BC3PJ-VA,PAP Mask,TRUE,UAPQ-2G-493P-F5C,,"PAP Mask, Nasal, Dreamwear, Medium Wide (LG Frame), 1 per 3 months",A7034,,,Mask Brand,Dreamwear,,,,,,,,,,,,,,,,
6NAK-1CDJ-JDM-P2,CPAP Machine 5+ year Replacement (RePap),B29-DBQ-BC3PJ-VA,PAP Mask,TRUE,UEZM-SAJAC-J8F7L,,"PAP Mask, Full Face, Airfit F30I, Wide, 1 per 3 months",A7030,,,,,,,Mask Brand,Airfit F30I,,,,,,,,,,,,
6NAK-1CDJ-JDM-P2,CPAP Machine 5+ year Replacement (RePap),B29-DBQ-BC3PJ-VA,PAP Mask,TRUE,UJ59H-2I-6YC-SR6,,"PAP Mask, Nasal Cushion, Resmed Pixi Pediatric",A7034,,,,,,,Mask Brand,Resmed Pixi Pediatric,,,,,,,,,,,,
6NAK-1CDJ-JDM-P2,CPAP Machine 5+ year Replacement (RePap),B29-DBQ-BC3PJ-VA,PAP Mask,TRUE,URE3V-ZEP-8UX-MQ,,"PAP Mask, Nasal, Respironics ComfortGel Blue, Medium, 1 per 3 months",A7034,,,Mask Brand,Respironics ComfortGel Blue,,,,,,,,,,,,,,,,
6NAK-1CDJ-JDM-P2,CPAP Machine 5+ year Replacement (RePap),B29-DBQ-BC3PJ-VA,PAP Mask,TRUE,UY-KQC-BR-3Q-HG0,,"PAP Mask, Nasal Pillow, Dreamwear, Medium (MD Frame), 1 per 3 months",A7034,,,,,,,,,Mask Brand,Dreamwear,,,,,,,,,,
6NAK-1CDJ-JDM-P2,CPAP Machine 5+ year Replacement (RePap),B29-DBQ-BC3PJ-VA,PAP Mask,TRUE,V30C-K7V-ZN79-JI,,"PAP Mask, Nasal, Respironics Wisp Clear, 1 per 3 months",A7034,,,,,Mask Brand,Respironics Wisp Clear,,,,,,,,,,,,,,
6NAK-1CDJ-JDM-P2,CPAP Machine 5+ year Replacement (RePap),B29-DBQ-BC3PJ-VA,PAP Mask,TRUE,V98-9XGX-V1U-75F,,"PAP Mask, Nasal, Respironics Nuance Pro Gel, Standard, 1 per 3 months",A7034,,,,,,,,,,,,,,,,,,,Mask Brand,Respironics Nuance Pro Gel
6NAK-1CDJ-JDM-P2,CPAP Machine 5+ year Replacement (RePap),B29-DBQ-BC3PJ-VA,PAP Mask,TRUE,VDU2V-GICV-UM-P9,,"PAP Mask, Nasal Pillow, Swift FX Bella, For Her, 1 per 3 months",A7033,Mask Brand,Swift FX Bella,,,,,,,,,,,,,,,,,,
6NAK-1CDJ-JDM-P2,CPAP Machine 5+ year Replacement (RePap),B29-DBQ-BC3PJ-VA,PAP Mask,TRUE,XTPXG-YEQ-1Y-MUC,,"PAP Mask, Nasal Cushion, Fisher & Paykel Evora",A7034,,,Mask Brand,Fisher & Paykel Evora Nasal,,,,,,,,,,,,,,,,
6NAK-1CDJ-JDM-P2,CPAP Machine 5+ year Replacement (RePap),B29-DBQ-BC3PJ-VA,PAP Mask,TRUE,XY-KQXHV-4R-9V76,,"PAP Mask, Full Face, Airfit F30I, Standard, 1 per 3 months",A7030,,,,,,,,,,,,,,,,,,,Mask Brand,Airfit F30I
6NAK-1CDJ-JDM-P2,CPAP Machine 5+ year Replacement (RePap),B29-DBQ-BC3PJ-VA,PAP Mask,TRUE,Y2-PHVF-AU5GS-FZ,,"PAP Mask, Full Face, Resmed Airtouch F20, Small, 1 per 3 months",A7030,,,Mask Brand,Resmed Airtouch F20,,,,,,,,,,,,,,,,
6NAK-1CDJ-JDM-P2,CPAP Machine 5+ year Replacement (RePap),B29-DBQ-BC3PJ-VA,PAP Mask,TRUE,Z12IS-MT5P6-SPHK,,"PAP Mask, Nasal, Respironics ComfortGel Blue, Small, 1 per 3 months",A7034,,,Mask Brand,Respironics ComfortGel Blue,,,,,,,,,,,,,,,,
6NAK-1CDJ-JDM-P2,CPAP Machine 5+ year Replacement (RePap),B29-DBQ-BC3PJ-VA,PAP Mask,TRUE,Z1R-PZ-HZQJH-1UD,,"PAP Mask, Nasal, Dreamwear, Small (MD Frame), 1 per 3 months",A7034,Mask Brand,Dreamwear,,,,,,,,,,,,,,,,,,
6NAK-1CDJ-JDM-P2,CPAP Machine 5+ year Replacement (RePap),B29-DBQ-BC3PJ-VA,PAP Mask,TRUE,ZGIJ-ASYP-8FU-ZT,,"PAP Mask, Full Face, Amara Gel, Large, 1 per 3 months",A7030,,,,,,,,,,,,,,,,,,,Mask Brand,Amara Gel
6NAK-1CDJ-JDM-P2,CPAP Machine 5+ year Replacement (RePap),B29-DBQ-BC3PJ-VA,PAP Mask,TRUE,ZTQZ-17FIL-RB-18,,"PAP Mask, Nasal, Respironics ComfortGel Blue, Petite, 1 per 3 months",A7034,,,,,,,,,,,,,,,Mask Brand,Respironics ComfortGel Blue,,,,
6NAK-1CDJ-JDM-P2,CPAP Machine 5+ year Replacement (RePap),B29-DBQ-BC3PJ-VA,PAP Mask,TRUE,ZV-8PBRY-EDF9-KU,,"PAP Mask, Full Face, Resmed Quattro FX, Medium, 1 per 3 months",A7030,,,,,,,,,,,,,,,,,,,Mask Brand,Resmed Quattro FX
6NAK-1CDJ-JDM-P2,CPAP Machine 5+ year Replacement (RePap),HUPL-N9-KTS-PKHF,PAP Chinstrap,FALSE,0HI8-4VBI8-4V5F0,,"PAP Chinstrap, Fit to Comfort, 1 per 6 months",A7036,,,,,PAP Chinstrap Included,Fit to Comfort,,,,,,,,,,,,,,
6NAK-1CDJ-JDM-P2,CPAP Machine 5+ year Replacement (RePap),HUPL-N9-KTS-PKHF,PAP Chinstrap,FALSE,CB-Q76BH-A20Y-1T,,"PAP Chinstrap, 1 per 6 months",A7036,,,,,,,,,,,,,,,,,,,PAP Chinstrap Included,PAP Chinstrap Included
6NAK-1CDJ-JDM-P2,CPAP Machine 5+ year Replacement (RePap),IH-RL-7H6N-Q2-Q6,PAP Nasal Pillows,FALSE,7RH2-J7-BY2BI-NS,,No Nasal Pillows,,,,,,,,,,Mask Frame,N/A,,,,,,,,,,
6NAK-1CDJ-JDM-P2,CPAP Machine 5+ year Replacement (RePap),IH-RL-7H6N-Q2-Q6,PAP Nasal Pillows,FALSE,AS-KTED-K4YUZ-H3,,No Nasal Pillows Included,,,,,,Mask Frame,Oral,,,,,,,,,,,,,,
6NAK-1CDJ-JDM-P2,CPAP Machine 5+ year Replacement (RePap),IH-RL-7H6N-Q2-Q6,PAP Nasal Pillows,FALSE,CM-VD-7B-SF-B3P4,,No Nasal Pillows Included,,,,,,,,,,Mask Frame,Full Face,,,,,,,,,,
6NAK-1CDJ-JDM-P2,CPAP Machine 5+ year Replacement (RePap),IH-RL-7H6N-Q2-Q6,PAP Nasal Pillows,FALSE,EN5N-6FXH7-PG27M,,No Nasal Pillows Included,,,,,,,,,,,,,,,,,,Mask Frame,Nasal,,
6NAK-1CDJ-JDM-P2,CPAP Machine 5+ year Replacement (RePap),IH-RL-7H6N-Q2-Q6,PAP Nasal Pillows,FALSE,GTCDT-PUP64-T5NT,,"Nasal Pillows Included, Nasal Pillow Mask, 2 per 1 month",A7033,,,,,,,,,Mask Frame,Nasal Pillow,,,,,,,,,,
6NAK-1CDJ-JDM-P2,CPAP Machine 5+ year Replacement (RePap),IH-RL-7H6N-Q2-Q6,PAP Nasal Pillows,FALSE,HLXQ-8E84-LMR-TP,,No Nasal Pillows Included,,,,,,,,,,,,,,,,,,,,Mask Frame,Oral / Nasal Hybrid
6NAK-1CDJ-JDM-P2,CPAP Machine 5+ year Replacement (RePap),IH-RL-7H6N-Q2-Q6,PAP Nasal Pillows,FALSE,I69F-RY75S-IE-KB,,"Nasal Pillows Included, Oral / Nasal Hybrid Mask, 2 per 1 month",A7029,,,,,,,,,,,,,,,,,,,Mask Frame,Oral / Nasal Hybrid
6NAK-1CDJ-JDM-P2,CPAP Machine 5+ year Replacement (RePap),IH-RL-7H6N-Q2-Q6,PAP Nasal Pillows,FALSE,LKUH-84K-28FU-FA,,"Nasal Pillows, Fit to Comfort.",,,,,,Mask Frame,Nasal,,,,,,,,,,,,,,
6NAK-1CDJ-JDM-P2,CPAP Machine 5+ year Replacement (RePap),IH-RL-7H6N-Q2-Q6,PAP Nasal Pillows,FALSE,QK4-FJCPL-YQH-NS,,No Nasal Pillows Included,,,,,,,,,,,,,,Mask Frame,Fit to Comfort,,,,,,
6NAK-1CDJ-JDM-P2,CPAP Machine 5+ year Replacement (RePap),IH-RL-7H6N-Q2-Q6,PAP Nasal Pillows,FALSE,QSZ-AE-63LKU-5DB,,"Nasal Pillows Included, Full Face Mask, 2 per 1 month",A7033,,,,,,,,,,,,,,,,,,,Mask Frame,Full Face
6NAK-1CDJ-JDM-P2,CPAP Machine 5+ year Replacement (RePap),IH-RL-7H6N-Q2-Q6,PAP Nasal Pillows,FALSE,S81-RJ-TB-3VM-62,,"Nasal Pillows Included, Nasal Mask, 2 per 1 month",A7033,Mask Frame,Nasal,,,,,,,,,,,,,,,,,,
6NAK-1CDJ-JDM-P2,CPAP Machine 5+ year Replacement (RePap),IH-RL-7H6N-Q2-Q6,PAP Nasal Pillows,FALSE,T5E-ZP-SD-F2-2VK,,"Nasal Pillows, Patient Preference",,,,,,,,,,,,,,,,,,,,Mask Frame,Nasal
6NAK-1CDJ-JDM-P2,CPAP Machine 5+ year Replacement (RePap),IH-RL-7H6N-Q2-Q6,PAP Nasal Pillows,FALSE,UACF-YIR-YG-Q2EH,,"A7029 Nasal Pillows, Fit to Comfort",A7033,,,Mask Frame,Patient Preference,,,,,,,,,,,,,,,,
6NAK-1CDJ-JDM-P2,CPAP Machine 5+ year Replacement (RePap),IH-RL-7H6N-Q2-Q6,PAP Nasal Pillows,FALSE,YKF-0IF-XLV9-ZNU,,No Nasal Pillows Included,,,,,,,,,,,,,,Mask Frame,Patient Preference,,,,,,
6NAK-1CDJ-JDM-P2,CPAP Machine 5+ year Replacement (RePap),IH-RL-7H6N-Q2-Q6,PAP Nasal Pillows,FALSE,YVYFS-3G-37FT-IP,,"Nasal Pillows, Fit to Comfort",A7029/A7033,,,,,Mask Frame,Fit to Comfort,,,,,,,,,,,,,,
6NAK-1CDJ-JDM-P2,CPAP Machine 5+ year Replacement (RePap),LKQHU-K1-S36-3AL,"CPAP Machine, 5+ year Replacement",TRUE,3L01C-I58AQ-MQB7,,"CPAP Machine, Resmed S10 Auto-CPAP for Her (5+ year Replacement)",E0601,PAP System,ResMed S10 Auto-CPAP for Her,,,,,,,,,,,,,,,,,,
6NAK-1CDJ-JDM-P2,CPAP Machine 5+ year Replacement (RePap),LKQHU-K1-S36-3AL,"CPAP Machine, 5+ year Replacement",TRUE,5CPV-987U-RAI-2V,,"CPAP Machine, Respironics (5+ year Replacement)",E0601,PAP System,Respironics,,,,,,,,,,,,,,,,,,
6NAK-1CDJ-JDM-P2,CPAP Machine 5+ year Replacement (RePap),LKQHU-K1-S36-3AL,"CPAP Machine, 5+ year Replacement",TRUE,6VY-KQ-V3EA-Q70R,,"CPAP Machine, Resvent iBreeze (5+ year Replacement)",E0601,PAP System,Resvent iBreeze,,,,,,,,,,,,,,,,,,
6NAK-1CDJ-JDM-P2,CPAP Machine 5+ year Replacement (RePap),LKQHU-K1-S36-3AL,"CPAP Machine, 5+ year Replacement",TRUE,8N9DI-0CF3-S5IKE,,"CPAP Machine, Respironics Dreamstation Auto-CPAP (5+ year Replacement)",E0601,PAP System,Respironics Dreamstation Auto-CPAP,,,,,,,,,,,,,,,,,,
6NAK-1CDJ-JDM-P2,CPAP Machine 5+ year Replacement (RePap),LKQHU-K1-S36-3AL,"CPAP Machine, 5+ year Replacement",TRUE,EFR2-LCGL-IY-UR9,,"CPAP Machine, Generic (5+ year Replacement)",E0601,PAP System,Generic,,,,,,,,,,,,,,,,,,
6NAK-1CDJ-JDM-P2,CPAP Machine 5+ year Replacement (RePap),LKQHU-K1-S36-3AL,"CPAP Machine, 5+ year Replacement",TRUE,FACYF-EAL-6V-UMJ,,"CPAP Machine, Resmed AirSense 10 Elite (5+ year Replacement)",E0601,PAP System,Resmed AirSense 10 Elite,,,,,,,,,,,,,,,,,,
6NAK-1CDJ-JDM-P2,CPAP Machine 5+ year Replacement (RePap),LKQHU-K1-S36-3AL,"CPAP Machine, 5+ year Replacement",TRUE,IG-3J6A-MF0S-7KY,,"CPAP Machine, Drive Medical IntelliPAP Auto-CPAP (5+ year Replacement)",E0601,PAP System,Drive Medical IntelliPAP Auto-CPAP,,,,,,,,,,,,,,,,,,
6NAK-1CDJ-JDM-P2,CPAP Machine 5+ year Replacement (RePap),LKQHU-K1-S36-3AL,"CPAP Machine, 5+ year Replacement",TRUE,MC-X7L4-C4BVN-6Y,,"CPAP Machine, ReactHealth Luna II (5+ year Replacement)",E0601,PAP System,ReactHealth Luna II,,,,,,,,,,,,,,,,,,
6NAK-1CDJ-JDM-P2,CPAP Machine 5+ year Replacement (RePap),LKQHU-K1-S36-3AL,"CPAP Machine, 5+ year Replacement",TRUE,MS2Q-5YPNM-63-PJ,,"CPAP Machine, Fisher & Paykel (F&P) Icon Auto-CPAP (5+ year Replacement)",E0601,PAP System,Fisher & Paykel (F&P) Icon Auto-CPAP,,,,,,,,,,,,,,,,,,
6NAK-1CDJ-JDM-P2,CPAP Machine 5+ year Replacement (RePap),LKQHU-K1-S36-3AL,"CPAP Machine, 5+ year Replacement",TRUE,T7-C6U-SQ-7KX-8B,,"CPAP Machine, Fisher & Paykel (F&P) Icon Auto-CPAP Premium (5+ year Replacement)",E0601,PAP System,Fisher & Paykel (F&P) Icon Auto-CPAP Premium,,,,,,,,,,,,,,,,,,
6NAK-1CDJ-JDM-P2,CPAP Machine 5+ year Replacement (RePap),LKQHU-K1-S36-3AL,"CPAP Machine, 5+ year Replacement",TRUE,U74-I49-N5-VI-LK,,"CPAP Machine, Resmed S10 Auto-CPAP (5+ year Replacement)",E0601,PAP System,Resmed S10 Auto-CPAP,,,,,,,,,,,,,,,,,,
6NAK-1CDJ-JDM-P2,CPAP Machine 5+ year Replacement (RePap),LKQHU-K1-S36-3AL,"CPAP Machine, 5+ year Replacement",TRUE,V26DF-K0CEL-B2FK,,"CPAP Machine, Resmed (5+ year Replacement)",E0601,PAP System,ResMed,,,,,,,,,,,,,,,,,,
6NAK-1CDJ-JDM-P2,CPAP Machine 5+ year Replacement (RePap),LKQHU-K1-S36-3AL,"CPAP Machine, 5+ year Replacement",TRUE,XUZR-J087-AXE-M7,,"CPAP Machine, Resmed S10 Fixed CPAP (5+ year Replacement)",E0601,PAP System,Resmed S10 Fixed CPAP,,,,,,,,,,,,,,,,,,
6NAK-1CDJ-JDM-P2,CPAP Machine 5+ year Replacement (RePap),LX6-GZH-U6JT-EYE,PAP Humidifier,TRUE,0MXJI-HV2V-NU5ZF,,"PAP Humidifier, Heated.",E0562,Humidifier Type,Heated.,,,,,,,,,,,,,,,,,,
6NAK-1CDJ-JDM-P2,CPAP Machine 5+ year Replacement (RePap),LX6-GZH-U6JT-EYE,PAP Humidifier,TRUE,AZ-4I2-18N-EFVY9,,"PAP Humidifier, Patient Preference",E0561/E0562,,,,,,,Humidifier Type,Fit to Comfort,,,,,,,,,,,,
6NAK-1CDJ-JDM-P2,CPAP Machine 5+ year Replacement (RePap),LX6-GZH-U6JT-EYE,PAP Humidifier,TRUE,DRXE-1DLC6-0R-FU,,"PAP Humidifier, Patient Preference",,,,,,,,,,,,Humidifier Type,Patient Preference,,,,,,,,
6NAK-1CDJ-JDM-P2,CPAP Machine 5+ year Replacement (RePap),LX6-GZH-U6JT-EYE,PAP Humidifier,TRUE,FK2S-M4-L3-GL-CS,,"PAP Humidifier, Heated",E0562,,,,,Humidifier Type,Heated,,,,,,,,,,,,,,
6NAK-1CDJ-JDM-P2,CPAP Machine 5+ year Replacement (RePap),LX6-GZH-U6JT-EYE,PAP Humidifier,TRUE,TUF2L-QT-7R4-8QN,,"PAP Humidifier, Non-Heated",E0561,,,,,,,,,,,,,,,,,Humidifier Type,Non-Heated,,
6NAK-1CDJ-JDM-P2,CPAP Machine 5+ year Replacement (RePap),N8-2XZT-BJRLY-G4,Disposable PAP Filter,FALSE,9P-BDPD-M46HF-L7,,"Disposable PAP Filter, 2 per 1 month",A7038,,,,,,,Disposable PAP Filter,Included,,,,,,,,,,,,
9YB-HZ6N-3Z4-7TS,BiLevel ST Package,1P3-CS4E-VFQ-8EA,Non-Disposable PAP Filter,TRUE,IQFK-CA82-M0-4E1,,"Non-Disposable PAP Filter, 1 per 6 months",A7039,,,,,Non-Disposable PAP Filter,Included,,,,,,,,,,,,,,
9YB-HZ6N-3Z4-7TS,BiLevel ST Package,6B-G8YD-QX5-Q0LA,PAP Mask Interface Cushion,FALSE,1M7F-B3-GJU-FNQH,,"PAP Mask Interface Cushion, Nasal, 2 per 1 month",A7032,,,,,,,,,,,Mask Frame,Nasal,,,,,,,,
9YB-HZ6N-3Z4-7TS,BiLevel ST Package,6B-G8YD-QX5-Q0LA,PAP Mask Interface Cushion,FALSE,29X1-MA-FT-JY-CT,,"PAP Mask Interface Cushion, Nasal Pillow, 2 per 1 month",A7033,,,,,,,,,,,Mask Frame,Nasal Pillow,,,,,,,,
9YB-HZ6N-3Z4-7TS,BiLevel ST Package,6B-G8YD-QX5-Q0LA,PAP Mask Interface Cushion,FALSE,97-UIGCM-N91-NKB,,"PAP Mask Interface Cushion, Fit to Comfort.",IFC,,,,,,,,,,,,,,,,,,,Mask Frame,Patient Preference
9YB-HZ6N-3Z4-7TS,BiLevel ST Package,6B-G8YD-QX5-Q0LA,PAP Mask Interface Cushion,FALSE,98VR5-ACDY-CMQAT,,"PAP Mask Interface Cushion, Oral / Nasal Hybrid, 2 per 1 month",A7028,,,,,,,,,,,,,,,,,Mask Frame,Oral / Nasal Hybrid,,
9YB-HZ6N-3Z4-7TS,BiLevel ST Package,6B-G8YD-QX5-Q0LA,PAP Mask Interface Cushion,FALSE,PDCBV-TAB-ESL-15,,"PAP Mask Interface Cushion, Oral, 2 per 1 month",A7028,,,,,,,,,Mask Frame,Oral,,,,,,,,,,
9YB-HZ6N-3Z4-7TS,BiLevel ST Package,6I-CU-K6-MNT4-BF,PAP Machine Tubing,FALSE,31JB8-VF7-2K-L04,,"Climate Line Air Pap Machine Tubing, Heated, 1 per 3 months",A4604,,,,,Tubing Type,Climate Line Air Heated,,,,,,,,,,,,,,
9YB-HZ6N-3Z4-7TS,BiLevel ST Package,6I-CU-K6-MNT4-BF,PAP Machine Tubing,FALSE,9JEVE-LS7S-IKST2,,"PAP Machine Tubing, Non-Heated, 1 per 3 months",A7037,,,Tubing Type,Non-Heated,,,,,,,,,,,,,,,,
9YB-HZ6N-3Z4-7TS,BiLevel ST Package,6I-CU-K6-MNT4-BF,PAP Machine Tubing,FALSE,CGHB-27DG6-SY-PQ,,"SlimLine PAP Machine Tubing, Non-Heated, 1 per 3 months",A7037,,,,,,,,,,,,,,,,,Tubing Type,SlimLine Non-Heated,,
9YB-HZ6N-3Z4-7TS,BiLevel ST Package,A4DJ-QS-NZK-EJ6I,PAP Sanitizer with Mask Wipes and Filter,FALSE,LJG9F-8Y-CAVB-Y4,,SoClean 2 Setup with Mask Wipes and Filter,X9999,,,,,,,,,,,,,,,PAP Sanitizer Brand,SoClean 2,,,,
9YB-HZ6N-3Z4-7TS,BiLevel ST Package,B29-DBQ-BC3PJ-VA,PAP Mask,TRUE,03AY8-G8Q64-B54P,,"PAP Mask, Full Face, Resmed Quattro Air, Large, 1 per 3 months",A7030,,,,,,,,,,,,,,,,,,,Mask Brand,Resmed Quattro Air
9YB-HZ6N-3Z4-7TS,BiLevel ST Package,B29-DBQ-BC3PJ-VA,PAP Mask,TRUE,04CT6-ZI-PDIP-4X,,"PAP Mask, Nasal, Resmed Airfit N20 for Her, Small, 1 per 3 months",A7034,,,,,,,,,,,,,,,,,,,Mask Brand,Resmed Airfit N20 for Her
9YB-HZ6N-3Z4-7TS,BiLevel ST Package,B29-DBQ-BC3PJ-VA,PAP Mask,TRUE,0KLA9-6X71-5AHMU,,"PAP Mask, Nasal, Airtouch N20, Small, 1 per 3 months",A7034,,,,,,,,,,,Mask Brand,Airtouch N20,,,,,,,,
9YB-HZ6N-3Z4-7TS,BiLevel ST Package,B29-DBQ-BC3PJ-VA,PAP Mask,TRUE,14V-6RTC4-JVU-BU,,"PAP Mask, Oral / Nasal Hybrid, Fit Upon Setup, N/A, 1 per 3 months",A7027,,,,,,,,,,,,,,,,,,,Mask Brand,Fit Upon Setup
9YB-HZ6N-3Z4-7TS,BiLevel ST Package,B29-DBQ-BC3PJ-VA,PAP Mask,TRUE,1F7-50R6A-RQ9-U1,,"PAP Mask, Nasal Pillow, Fit Upon Setup, N/A, 1 per 3 months",A7034,,,Mask Brand,Fit Upon Setup,,,,,,,,,,,,,,,,
9YB-HZ6N-3Z4-7TS,BiLevel ST Package,B29-DBQ-BC3PJ-VA,PAP Mask,TRUE,21AIQ-8RX7-13-NZ,,"PAP Mask, Nasal, Respironics Wisp Fabric, Complete, 1 per 3 months",A7034,,,,,,,,,,,,,,,,,,,Mask Brand,Respironics Wisp Fabric
9YB-HZ6N-3Z4-7TS,BiLevel ST Package,B29-DBQ-BC3PJ-VA,PAP Mask,TRUE,2LK4L-DAJH-D74N7,,"PAP Mask, Fit to Comfort, Oral, 1 per 3 months",A7044,,,,,,,,,,,,,,,,,Mask Brand,Fit Upon Setup,,
9YB-HZ6N-3Z4-7TS,BiLevel ST Package,B29-DBQ-BC3PJ-VA,PAP Mask,TRUE,2N-JGUA-Y4E-ZHXZ,,"PAP Mask, Nasal Pillow, Dreamwear, Large (SM Frame), 1 per 3 months",A7034,,,,,,,,,,,Mask Brand,Dreamwear,,,,,,,,
9YB-HZ6N-3Z4-7TS,BiLevel ST Package,B29-DBQ-BC3PJ-VA,PAP Mask,TRUE,2R-K5-6G-TCEF-UB,,"PAP Mask, Full Face, Fisher & Paykel Vitera, Small, 1 per 3 months",A7030,,,,,,,,,,,,,Mask Brand,Fisher & Paykel Vitera,,,,,,
9YB-HZ6N-3Z4-7TS,BiLevel ST Package,B29-DBQ-BC3PJ-VA,PAP Mask,TRUE,2V-RD0T-FLT-PEMY,,"PAP Mask, Nasal, Resmed Airfit N20, Fit Upon Setup, 1 per 3 months",A7034,,,,,,,,,,,,,,,Mask Brand,Resmed Airfit N20,,,,
9YB-HZ6N-3Z4-7TS,BiLevel ST Package,B29-DBQ-BC3PJ-VA,PAP Mask,TRUE,31BTL-1HJ6Y-3S58,,"PAP Mask, Nasal Pillow, Nuance Gel, Fit Upon Setup, 1 per 3 month",A7033,,,,,,,,,Mask Brand,Nuance,,,,,,,,,,
9YB-HZ6N-3Z4-7TS,BiLevel ST Package,B29-DBQ-BC3PJ-VA,PAP Mask,TRUE,37LEV-4U6B-92HSG,,"PAP Mask, Nasal Pillow, Airfit P10, Fit Upon Setup, 2 per 1 month",A7033,,,,,,,,,,,,,,,,,,,Mask Brand,AirFit P10
9YB-HZ6N-3Z4-7TS,BiLevel ST Package,B29-DBQ-BC3PJ-VA,PAP Mask,TRUE,3BUPB-0E-RPZ-NZ0,,"PAP Mask, Nasal, Resmed Airfit N20, Medium, 1 per 3 months",A7034,,,,,,,,,,,,,,,,,Mask Brand,Resmed Airfit N20,,
9YB-HZ6N-3Z4-7TS,BiLevel ST Package,B29-DBQ-BC3PJ-VA,PAP Mask,TRUE,3GL5B-MI95P-CL3M,,"PAP Mask, Nasal Pillow, Resmed Airfit P10 for Her, Complete, 1 per 3 months",A7034,,,,,,,,,,,,,,,,,Mask Brand,Resmed Airfit P10 for Her,,
9YB-HZ6N-3Z4-7TS,BiLevel ST Package,B29-DBQ-BC3PJ-VA,PAP Mask,TRUE,3K3GT-R0-XAT-20T,,"PAP Mask, Full Face, Respironics Amara View, Small, 1 per 3 months",A7030,,,Mask Brand,Respironics Amara View,,,,,,,,,,,,,,,,
9YB-HZ6N-3Z4-7TS,BiLevel ST Package,B29-DBQ-BC3PJ-VA,PAP Mask,TRUE,3KSX-GCTP1-H8C7Q,,"PAP Mask, Nasal Pillow, Nuance Gel, Medium, 2 per 1 month",A7033,,,,,Mask Brand,Nuance Gel,,,,,,,,,,,,,,
9YB-HZ6N-3Z4-7TS,BiLevel ST Package,B29-DBQ-BC3PJ-VA,PAP Mask,TRUE,3U-RT-X6JI-46TIQ,,"PAP Mask, Nasal, Fisher & Paykel Eson, Small, 1 per 3 months",A7034,,,,,Mask Brand,Fisher & Paykel Eson,,,,,,,,,,,,,,
9YB-HZ6N-3Z4-7TS,BiLevel ST Package,B29-DBQ-BC3PJ-VA,PAP Mask,TRUE,3ZN0-9M-U9X-CDE6,,"PAP Mask, Nasal, Dreamwisp Fit, Fit Upon Setup, 1 per 3 months",A7034,,,,,,,,,,,,,Mask Brand,Dreamwisp Fit,,,,,,
9YB-HZ6N-3Z4-7TS,BiLevel ST Package,B29-DBQ-BC3PJ-VA,PAP Mask,TRUE,43NX-0X9I-ZMS-6T,,"PAP Mask, Nasal, Fisher & Paykel Eson 2, Large, 1 per 3 months",A7034,,,,,,,,,Mask Brand,Fisher & Paykel Eson 2,,,,,,,,,,
9YB-HZ6N-3Z4-7TS,BiLevel ST Package,B29-DBQ-BC3PJ-VA,PAP Mask,TRUE,48B-SZD7B-S32-YX,,"PAP Mask, Nasal, Fisher & Paykel Evora, Fit Upon Setup, 1 per 3 months",A7034,,,Mask Brand,Fisher & Paykel Evora Nasal,,,,,,,,,,,,,,,,
9YB-HZ6N-3Z4-7TS,BiLevel ST Package,B29-DBQ-BC3PJ-VA,PAP Mask,TRUE,49D-P3U2V-NQ4-64,,"PAP Mask, Nasal, Respironics Dreamwear, Complete, 1 per 3 months",A7034,,,,,,,,,,,,,Mask Brand,Respironics Dreamwear,,,,,,
9YB-HZ6N-3Z4-7TS,BiLevel ST Package,B29-DBQ-BC3PJ-VA,PAP Mask,TRUE,4E-24V3-7BA-U8KN,,"PAP Mask, Nasal, Fisher & Paykel Eson 2, Medium, 1 per 3 months",A7034,,,Mask Brand,Fisher & Paykel Eson 2,,,,,,,,,,,,,,,,
9YB-HZ6N-3Z4-7TS,BiLevel ST Package,B29-DBQ-BC3PJ-VA,PAP Mask,TRUE,4F-KCB3-1ACK9-MB,,"PAP Mask, Full Face, Resmed Airfit F20, Small, 1 per 3 months",A7030,,,,,,,,,,,,,,,Mask Brand,Resmed Airfit F20,,,,
9YB-HZ6N-3Z4-7TS,BiLevel ST Package,B29-DBQ-BC3PJ-VA,PAP Mask,TRUE,4HR-AU9G-UMQ-Y2D,,"PAP Mask, Nasal, Resmed Mirage FX, Complete, 1 per 3 months",A7034,,,Mask Brand,Resmed Mirage FX,,,,,,,,,,,,,,,,
9YB-HZ6N-3Z4-7TS,BiLevel ST Package,B29-DBQ-BC3PJ-VA,PAP Mask,TRUE,4N-DI-94P-BQ9-HE,,"PAP Mask, Nasal, Airfit N30I, Fit Upon Setup, 1 per 3 months",A7034,,,,,,,,,,,,,,,,,Mask Brand,Airfit N30I,,
9YB-HZ6N-3Z4-7TS,BiLevel ST Package,B29-DBQ-BC3PJ-VA,PAP Mask,TRUE,4Y-GY-U4A9-R8NGI,,"PAP Mask, Nasal, Dreamwear, Medium Wide (MD Frame), 1 per 3 months",A7034,,,,,Mask Brand,Dreamwear,,,,,,,,,,,,,,
9YB-HZ6N-3Z4-7TS,BiLevel ST Package,B29-DBQ-BC3PJ-VA,PAP Mask,TRUE,51M-9D5QM-ST4-CG,,"PAP Mask, Nasal Cushion, Fisher & Paykel Eson 2",A7034,,,,,,,Mask Brand,Fisher & Paykel Eson 2,,,,,,,,,,,,
9YB-HZ6N-3Z4-7TS,BiLevel ST Package,B29-DBQ-BC3PJ-VA,PAP Mask,TRUE,57-E8D6-QM5T1-3C,,"PAP Mask, Nasal, Dreamwear, Medium (SM Frame), 1 per 3 months",A7034,,,,,,,,,,,,,,,Mask Brand,Dreamwear,,,,
9YB-HZ6N-3Z4-7TS,BiLevel ST Package,B29-DBQ-BC3PJ-VA,PAP Mask,TRUE,5AC-L3-DI-7D-4T8,,"PAP Mask, Full Face, Dreamwear, Small (LG Frame), 1 per 3 months",A7030,,,,,,,,,Mask Brand,Dreamwear,,,,,,,,,,
9YB-HZ6N-3Z4-7TS,BiLevel ST Package,B29-DBQ-BC3PJ-VA,PAP Mask,TRUE,5D-3X-H8-86-71HZ,,"PAP Mask, Nasal Pillow, Airfit P10, Medium, 2 per 1 month",A7033,,,,,,,,,,,,,Mask Brand,AirFit P10,,,,,,
9YB-HZ6N-3Z4-7TS,BiLevel ST Package,B29-DBQ-BC3PJ-VA,PAP Mask,TRUE,5G236-JL-EV3T-3D,,"PAP Mask, Nasal Pillow, Dreamwear, Small (SM Frame), 1 per 3 months",A7034,,,,,,,Mask Brand,Dreamwear,,,,,,,,,,,,
9YB-HZ6N-3Z4-7TS,BiLevel ST Package,B29-DBQ-BC3PJ-VA,PAP Mask,TRUE,5RHC-MYA9I-0K-5D,,"PAP Mask, Nasal Cushion, Respironics Wisp Fabric",A7034,,,,,,,,,,,,,,,Mask Brand,Respironics Wisp Fabric,,,,
9YB-HZ6N-3Z4-7TS,BiLevel ST Package,B29-DBQ-BC3PJ-VA,PAP Mask,TRUE,5S-KABP-7Q8CR-F8,,"PAP Mask, Full Face, Resmed Airfit F10, Large, 1 per 3 months",A7030,,,,,Mask Brand,Resmed Airfit F10,,,,,,,,,,,,,,
9YB-HZ6N-3Z4-7TS,BiLevel ST Package,B29-DBQ-BC3PJ-VA,PAP Mask,TRUE,5S-V2J3-S7I8-TX1,,"PAP Mask, Full Face, Amara Gel, Medium, 1 per 3 months",A7030,,,,,,,,,,,,,,,,,Mask Brand,Amara Gel,,
9YB-HZ6N-3Z4-7TS,BiLevel ST Package,B29-DBQ-BC3PJ-VA,PAP Mask,TRUE,5YQ-0Y-1DS0-8NKJ,,"PAP Mask, Full Face, Resmed Airtouch F20 for Her, Medium, 1 per 3 months",A7030,,,,,,,Mask Brand,Resmed Airtouch F20 for Her,,,,,,,,,,,,
9YB-HZ6N-3Z4-7TS,BiLevel ST Package,B29-DBQ-BC3PJ-VA,PAP Mask,TRUE,65X0-MFUCL-6H-J8,,"PAP Mask, Full Face, Fisher & Paykel Vitera, Medium, 1 per 3 months",A7030,,,,,,,,,,,,,,,,,Mask Brand,Fisher & Paykel Vitera,,
9YB-HZ6N-3Z4-7TS,BiLevel ST Package,B29-DBQ-BC3PJ-VA,PAP Mask,TRUE,6I-N0-S4Y-TVN-MD,,"PAP Mask, Nasal Pillow, Swift FX, X-Small, 2 per 1 month",A7033,Mask Brand,Swift FX,,,,,,,,,,,,,,,,,,
9YB-HZ6N-3Z4-7TS,BiLevel ST Package,B29-DBQ-BC3PJ-VA,PAP Mask,TRUE,6N5-3Z2-CMQDH-ZF,,"PAP Mask, Full Face, Resmed Quattro FX, Large, 1 per 3 months",A7030,,,,,,,,,,,,,Mask Brand,Resmed Quattro FX,,,,,,
9YB-HZ6N-3Z4-7TS,BiLevel ST Package,B29-DBQ-BC3PJ-VA,PAP Mask,TRUE,6U-CNQ-P2LUT-S32,,"PAP Mask, Full Face, Respironics Amara View, Fit Upon Setup, 1 per 3 months",A7030,,,,,,,Mask Brand,Respironics Amara View,,,,,,,,,,,,
9YB-HZ6N-3Z4-7TS,BiLevel ST Package,B29-DBQ-BC3PJ-VA,PAP Mask,TRUE,71K-Y6E93-CG-Z5E,,"PAP Mask, Nasal Pillow, Resmed Airfit P10, Large, 1 per 3 months",A7034,,,,,,,,,,,,,,,Mask Brand,Resmed Airfit P10,,,,
9YB-HZ6N-3Z4-7TS,BiLevel ST Package,B29-DBQ-BC3PJ-VA,PAP Mask,TRUE,7GX-5LY-Q1Y1F-0R,,"PAP Mask, Nasal Pillow, Dreamwear, Large (MD Frame), 1 per 3 months",A7034,,,,,,,,,,,Mask Brand,Dreamwear,,,,,,,,
9YB-HZ6N-3Z4-7TS,BiLevel ST Package,B29-DBQ-BC3PJ-VA,PAP Mask,TRUE,7ZG-CNK-CSPMT-29,,"PAP Mask, Nasal Pillow, Resmed P30i",A7034,,,,,,,,,Mask Brand,Resmed P30i,,,,,,,,,,
9YB-HZ6N-3Z4-7TS,BiLevel ST Package,B29-DBQ-BC3PJ-VA,PAP Mask,TRUE,8AKDZ-IFJ9-C81BK,,"PAP Mask, Full Face, Dreamwear, Large (LG Frame), 1 per 3 months",A7030,,,,,,,,,,,,,,,,,,,Mask Brand,Dreamwear
9YB-HZ6N-3Z4-7TS,BiLevel ST Package,B29-DBQ-BC3PJ-VA,PAP Mask,TRUE,8L8-Z9-SYZN-5DLA,,"PAP Mask, Nasal Pillow, Airfit P30I, Large, 2 per 1 month",A7033,Mask Brand,Airfit P30I,,,,,,,,,,,,,,,,,,
9YB-HZ6N-3Z4-7TS,BiLevel ST Package,B29-DBQ-BC3PJ-VA,PAP Mask,TRUE,8SV6-Q6P3C-Q4-VM,,"PAP Mask, Nasal, Fisher & Paykel Eson, Medium, 1 per 3 months",A7034,,,,,,,,,,,Mask Brand,Fisher & Paykel Eson,,,,,,,,
9YB-HZ6N-3Z4-7TS,BiLevel ST Package,B29-DBQ-BC3PJ-VA,PAP Mask,TRUE,8U-7MCZ-AU7G-9YT,,"PAP Mask, Nasal, Resmed Mirage FX, Fit Upon Setup, 1 per 3 months",A7034,,,,,,,,,,,Mask Brand,Resmed Mirage FX,,,,,,,,
9YB-HZ6N-3Z4-7TS,BiLevel ST Package,B29-DBQ-BC3PJ-VA,PAP Mask,TRUE,8ZS-M5D-HQKFM-2E,,"PAP Mask, Fit to Comfort, Oral / Nasal Hybrid, 1 per 3 months",A7027,,,Mask Brand,Fit Upon Setup,,,,,,,,,,,,,,,,
9YB-HZ6N-3Z4-7TS,BiLevel ST Package,B29-DBQ-BC3PJ-VA,PAP Mask,TRUE,97J-AB4-LKG6-FEJ,,"PAP Mask, Nasal Pillow, Airfit P30I, Medium, 2 per 1 month",A7033,,,,,,,,,,,Mask Brand,Airfit P30I,,,,,,,,
9YB-HZ6N-3Z4-7TS,BiLevel ST Package,B29-DBQ-BC3PJ-VA,PAP Mask,TRUE,9G-PF5N8-E0DE-R2,,"PAP Mask, Full Face, Resmed Airfit F10, Medium, 1 per 3 months",A7030,,,,,,,,,,,,,Mask Brand,Resmed Airfit F10,,,,,,
9YB-HZ6N-3Z4-7TS,BiLevel ST Package,B29-DBQ-BC3PJ-VA,PAP Mask,TRUE,9M6D-PDBMJ-XEFZ4,,"PAP Mask, Nasal Pillow, Swift FX, Small, 2 per 1 month",A7033,,,,,,,,,,,,,,,,,Mask Brand,Swift FX,,
9YB-HZ6N-3Z4-7TS,BiLevel ST Package,B29-DBQ-BC3PJ-VA,PAP Mask,TRUE,9YFQ-KUZ-7B8E-XM,,"PAP Mask, Nasal Cushion, Resmed N30",A7034,,,,,,,,,,,,,,,,,,,Mask Brand,Resmed N30
9YB-HZ6N-3Z4-7TS,BiLevel ST Package,B29-DBQ-BC3PJ-VA,PAP Mask,TRUE,9YZ-MV0B9-MT4-9J,,"PAP Mask, Full Face, Fisher & Paykel Vitera, Large, 1 per 3 months",A7030,,,,,,,Mask Brand,Fisher & Paykel Vitera,,,,,,,,,,,,
9YB-HZ6N-3Z4-7TS,BiLevel ST Package,B29-DBQ-BC3PJ-VA,PAP Mask,TRUE,A5G-YA26-PHXU-Z7,,"PAP Mask, Nasal, Airtouch N20, Medium, 1 per 3 months",A7034,,,,,Mask Brand,Airtouch N20,,,,,,,,,,,,,,
9YB-HZ6N-3Z4-7TS,BiLevel ST Package,B29-DBQ-BC3PJ-VA,PAP Mask,TRUE,AS-TN-P6IB-I03K8,,"PAP Mask, Nasal, Wisp, Fit Upon Setup, 1 per 3 months",A7034,Mask Brand,Wisp,,,,,,,,,,,,,,,,,,
9YB-HZ6N-3Z4-7TS,BiLevel ST Package,B29-DBQ-BC3PJ-VA,PAP Mask,TRUE,B18-YIPD-2K-4IT7,,"PAP Mask, Full Face, Resmed Airtouch F20 for Her, Small, 1 per 3 months",A7030,,,,,,,,,,,,,Mask Brand,Resmed Airtouch F20 for Her,,,,,,
9YB-HZ6N-3Z4-7TS,BiLevel ST Package,B29-DBQ-BC3PJ-VA,PAP Mask,TRUE,BX1-7H3N-GU-UE80,,"PAP Mask, Full Face, Resmed Quattro, Small, 1 per 3 months",A7030,,,,,,,,,,,,,,,,,,,Mask Brand,Resmed Quattro
9YB-HZ6N-3Z4-7TS,BiLevel ST Package,B29-DBQ-BC3PJ-VA,PAP Mask,TRUE,C4PX7-E6-URS-1U2,,"PAP Mask, Nasal, Other Brand, N/A, 1 per 3 months",A7034,,,,,,,,,,,Mask Brand,Other,,,,,,,,
9YB-HZ6N-3Z4-7TS,BiLevel ST Package,B29-DBQ-BC3PJ-VA,PAP Mask,TRUE,CD0J-GK-UH-GTGEV,,"PAP Mask, Nasal, Resmed Airfit N20, Small, 1 per 3 months",A7034,,,,,,,,,,,,,Mask Brand,Resmed Airfit N20,,,,,,
9YB-HZ6N-3Z4-7TS,BiLevel ST Package,B29-DBQ-BC3PJ-VA,PAP Mask,TRUE,CH-GS-TLH-DS1-N6,,"PAP Mask, Nasal Pillow, Dreamwear Pillows, Fit Upon Setup, 1 per 3 months",A7033,Mask Brand,Dreamwear Pillows,,,,,,,,,,,,,,,,,,
9YB-HZ6N-3Z4-7TS,BiLevel ST Package,B29-DBQ-BC3PJ-VA,PAP Mask,TRUE,CI3G-GN-B35P-9I9,,"PAP Mask, Oral, Fit Upon Setup, N/A, 1 per 3 months",A7044,,,,,,,,,,,,,,,,,Mask Brand,Fit Upon Setup,,
9YB-HZ6N-3Z4-7TS,BiLevel ST Package,B29-DBQ-BC3PJ-VA,PAP Mask,TRUE,CKH-454CH-CKB-SC,,"PAP Mask, Nasal, Airfit N30I, Medium, 1 per 3 months",A7034,,,,,,,,,,,,,,,Mask Brand,Airfit N30I,,,,
9YB-HZ6N-3Z4-7TS,BiLevel ST Package,B29-DBQ-BC3PJ-VA,PAP Mask,TRUE,DK626-NDJ3-F1-XF,,"PAP Mask, Nasal, Dreamwear, Large (MD Frame), 1 per 3 months",A7034,,,Mask Brand,Dreamwear,,,,,,,,,,,,,,,,
9YB-HZ6N-3Z4-7TS,BiLevel ST Package,B29-DBQ-BC3PJ-VA,PAP Mask,TRUE,E1NP-5NXZ1-7LIN3,,"PAP Mask, Full Face, Dreamwear, Large (MD Frame), 1 per 3 months",A7030,,,,,Mask Brand,Dreamwear,,,,,,,,,,,,,,
9YB-HZ6N-3Z4-7TS,BiLevel ST Package,B29-DBQ-BC3PJ-VA,PAP Mask,TRUE,E7Q-NXQ5-FCIK-1J,,"PAP Mask, Nasal Cushion, Respironics Dreamwear",A7034,,,,,Mask Brand,Respironics Dreamwear,,,,,,,,,,,,,,
9YB-HZ6N-3Z4-7TS,BiLevel ST Package,B29-DBQ-BC3PJ-VA,PAP Mask,TRUE,E8M-UZA6-VAB-QFA,,"PAP Mask, Full Face, Fisher & Paykel Vitera",A7030,,,,,,,,,,,,,,,,,Mask Brand,Fisher & Paykel Vitera,,
9YB-HZ6N-3Z4-7TS,BiLevel ST Package,B29-DBQ-BC3PJ-VA,PAP Mask,TRUE,E9-BIY-CAR06-VX6,,"PAP Mask, Nasal Pillow, Nuance Gel, Large, 2 per 1 month",A7033,,,,,,,,,,,,,,,,,Mask Brand,Nuance Gel,,
9YB-HZ6N-3Z4-7TS,BiLevel ST Package,B29-DBQ-BC3PJ-VA,PAP Mask,TRUE,EGF0-Z2-IDS7V-6D,,"PAP Mask, Nasal Pillow, Respironics Dreamwear Silicone",A7034,,,,,,,,,,,,,,,Mask Brand,Respironics Dreamwear Silicone,,,,
9YB-HZ6N-3Z4-7TS,BiLevel ST Package,B29-DBQ-BC3PJ-VA,PAP Mask,TRUE,ENXVE-NAC-B4C-DK,,"PAP Mask, Full Face, AirFit F20, Fit Upon Setup, 1 per 3 months",A7030,,,,,,,,,,,,,,,,,,,Mask Brand,AirFit F20
9YB-HZ6N-3Z4-7TS,BiLevel ST Package,B29-DBQ-BC3PJ-VA,PAP Mask,TRUE,EP-NV-7J5YJ-1QPJ,,"PAP Mask, Fit to Comfort, 1 per 3 months.",MASK,,,,,,,,,,,,,,,Mask Brand,Fit Upon Setup,,,,
9YB-HZ6N-3Z4-7TS,BiLevel ST Package,B29-DBQ-BC3PJ-VA,PAP Mask,TRUE,EQC-U0-6RM-LN-GH,,"PAP Mask, Full Face, Airfit F30, Fit Upon Setup, 1 per 3 months",A7030,,,,,Mask Brand,Airfit F30,,,,,,,,,,,,,,
9YB-HZ6N-3Z4-7TS,BiLevel ST Package,B29-DBQ-BC3PJ-VA,PAP Mask,TRUE,EXSTH-FIJ-GJ9-UC,,"PAP Mask, Nasal Cushion, Resmed N30i",A7034,,,,,,,,,,,,,,,Mask Brand,Resmed N30i,,,,
9YB-HZ6N-3Z4-7TS,BiLevel ST Package,B29-DBQ-BC3PJ-VA,PAP Mask,TRUE,F84P-X7-ME89-8P1,,"PAP Mask, Nasal Pillow, Fisher & Paykel Brevida",A7034,,,Mask Brand,Fisher & Paykel Brevida,,,,,,,,,,,,,,,,
9YB-HZ6N-3Z4-7TS,BiLevel ST Package,B29-DBQ-BC3PJ-VA,PAP Mask,TRUE,GX7-8IJ3-UPB2-2P,,"PAP Mask, Full Face, Fisher & Paykel Simplus, Large, 1 per 3 months",A7030,,,,,,,,,,,,,Mask Brand,Fisher & Paykel Simplus,,,,,,
9YB-HZ6N-3Z4-7TS,BiLevel ST Package,B29-DBQ-BC3PJ-VA,PAP Mask,TRUE,H0GHK-A5C3-2M-F8,,"PAP Mask, Full Face, Resmed Quattro FX, Small, 1 per 3 months",A7030,,,,,,,,,,,Mask Brand,Resmed Quattro FX,,,,,,,,
9YB-HZ6N-3Z4-7TS,BiLevel ST Package,B29-DBQ-BC3PJ-VA,PAP Mask,TRUE,HG7Y-INVBS-H3V3K,,"PAP Mask, Nasal, Resmed Airfit N20, Large, 1 per 3 months",A7034,,,Mask Brand,Resmed Airfit N20,,,,,,,,,,,,,,,,
9YB-HZ6N-3Z4-7TS,BiLevel ST Package,B29-DBQ-BC3PJ-VA,PAP Mask,TRUE,HYGN-BAX-PMA8-HI,,"PAP Mask, Nasal, Fisher & Paykel Eson 2, Small, 1 per 3 months",A7034,,,,,,,,,Mask Brand,Fisher & Paykel Eson 2,,,,,,,,,,
9YB-HZ6N-3Z4-7TS,BiLevel ST Package,B29-DBQ-BC3PJ-VA,PAP Mask,TRUE,I2PTE-Q68X3-BNDX,,"PAP Mask, Nasal Pillow, Resmed Swift FX, Complete, 1 per 3 months",A7034,,,,,,,,,Mask Brand,Resmed Swift FX,,,,,,,,,,
9YB-HZ6N-3Z4-7TS,BiLevel ST Package,B29-DBQ-BC3PJ-VA,PAP Mask,TRUE,I7CMF-AE-6DXE-2J,,"PAP Mask, Full Face, Airtouch F20, Fit Upon Setup, 1 per 3 months",A7030,,,,,,,,,,,Mask Brand,Airtouch F20,,,,,,,,
9YB-HZ6N-3Z4-7TS,BiLevel ST Package,B29-DBQ-BC3PJ-VA,PAP Mask,TRUE,IE-H067-PS6M-ZKC,,"PAP Mask, Nasal Pillow, Resmed Airfit P10, Complete, 1 per 3 months",A7034,,,,,Mask Brand,Resmed Airfit P10,,,,,,,,,,,,,,
9YB-HZ6N-3Z4-7TS,BiLevel ST Package,B29-DBQ-BC3PJ-VA,PAP Mask,TRUE,IXNM-4LMG-P4-3ME,,"PAP Mask, Full Face, Resmed Quattro Air, Small, 1 per 3 months",A7030,,,,,Mask Brand,Resmed Quattro Air,,,,,,,,,,,,,,
9YB-HZ6N-3Z4-7TS,BiLevel ST Package,B29-DBQ-BC3PJ-VA,PAP Mask,TRUE,J8-B6NL-3BQLY-CH,,"PAP Mask, Full Face, Resmed Airtouch F20, Large, 1 per 3 months",A7030,,,,,,,,,,,,,,,,,,,Mask Brand,Resmed Airtouch F20
9YB-HZ6N-3Z4-7TS,BiLevel ST Package,B29-DBQ-BC3PJ-VA,PAP Mask,TRUE,JNAU4-X0RKE-RPJ8,,"PAP Mask, Nasal, Fit Upon Setup, N/A, 1 per 3 months",A7034,,,,,,,,,,,,,,,,,,,Mask Brand,Fit Upon Setup
9YB-HZ6N-3Z4-7TS,BiLevel ST Package,B29-DBQ-BC3PJ-VA,PAP Mask,TRUE,KRLQ5-8V-0I0J-X9,,"PAP Mask, Fit to Comfort, Nasal, 1 per 3 months",A7034,,,,,,,,,,,,,,,Mask Brand,Fit Upon Setup,,,,
9YB-HZ6N-3Z4-7TS,BiLevel ST Package,B29-DBQ-BC3PJ-VA,PAP Mask,TRUE,KXENF-0N-8S6C-AJ,,"PAP Mask, Full Face, Airfit F30I, Small, 1 per 3 months",A7030,,,,,,,,,,,,,Mask Brand,Airfit F30I,,,,,,
9YB-HZ6N-3Z4-7TS,BiLevel ST Package,B29-DBQ-BC3PJ-VA,PAP Mask,TRUE,LCLIE-9V0IF-E03L,,"PAP Mask, Full Face, Resmed F30",A7030,,,,,,,,,,,,,Mask Brand,Resmed F30,,,,,,
9YB-HZ6N-3Z4-7TS,BiLevel ST Package,B29-DBQ-BC3PJ-VA,PAP Mask,TRUE,LNEQ-83-BDL84-53,,"PAP Mask, Nasal, Airfit N30I, Small-Wide, 1 per 3 months",A7034,,,,,,,,,,,,,,,,,,,Mask Brand,Airfit N30I
9YB-HZ6N-3Z4-7TS,BiLevel ST Package,B29-DBQ-BC3PJ-VA,PAP Mask,TRUE,LXH0C-XUH6-6BKUF,,"PAP Mask, Nasal Pillow, Dreamwear, Small (MD Frame), 1 per 3 months",A7034,,,,,,,,,,,,,,,,,,,Mask Brand,Dreamwear
9YB-HZ6N-3Z4-7TS,BiLevel ST Package,B29-DBQ-BC3PJ-VA,PAP Mask,TRUE,LXI-ZY3U1-DV0-ZA,,"PAP Mask, Nasal, Dreamwear, Small (SM Frame), 1 per 3 months",A7034,,,,,,,,,,,,,,,,,Mask Brand,Dreamwear,,
9YB-HZ6N-3Z4-7TS,BiLevel ST Package,B29-DBQ-BC3PJ-VA,PAP Mask,TRUE,LXN3N-03Q-KN0-L8,,"PAP Mask, Full Face, Fisher & Paykel Simplus, Small, 1 per 3 months",A7030,,,,,,,,,,,,,,,Mask Brand,Fisher & Paykel Simplus,,,,
9YB-HZ6N-3Z4-7TS,BiLevel ST Package,B29-DBQ-BC3PJ-VA,PAP Mask,TRUE,M1LED-NKH79-7BYL,,"PAP Mask, Nasal, Airtouch N20, Large, 1 per 3 months",A7034,,,,,,,,,,,,,,,Mask Brand,Airtouch N20,,,,
9YB-HZ6N-3Z4-7TS,BiLevel ST Package,B29-DBQ-BC3PJ-VA,PAP Mask,TRUE,MA4-HKD8-S4IK-UC,,"PAP Mask, Nasal Pillow, Resmed Airfit P10, Small, 1 per 3 months",A7034,,,,,,,,,,,,,,,Mask Brand,Resmed Airfit P10,,,,
9YB-HZ6N-3Z4-7TS,BiLevel ST Package,B29-DBQ-BC3PJ-VA,PAP Mask,TRUE,NH-N9P7-0SX-7B67,,"PAP Mask, Nasal, Dreamwear, Large (LG Frame), 1 per 3 months",A7034,,,,,,,,,,,,,Mask Brand,Dreamwear,,,,,,
9YB-HZ6N-3Z4-7TS,BiLevel ST Package,B29-DBQ-BC3PJ-VA,PAP Mask,TRUE,NL28E-UR-L7-S09A,,"PAP Mask, Full Face, Resmed Quattro Air, Medium, 1 per 3 months",A7030,,,,,Mask Brand,Resmed Quattro Air,,,,,,,,,,,,,,
9YB-HZ6N-3Z4-7TS,BiLevel ST Package,B29-DBQ-BC3PJ-VA,PAP Mask,TRUE,P0-FSF-T01K-0TD2,,"PAP Mask, Nasal Cushion, Respironics Wisp Pediatric",A7034,,,,,,,,,,,Mask Brand,Respironics Wisp Pediatric,,,,,,,,
9YB-HZ6N-3Z4-7TS,BiLevel ST Package,B29-DBQ-BC3PJ-VA,PAP Mask,TRUE,P2Y-AMC-90EQ-UM4,,"PAP Mask, Nasal, Dreamwear, Large (SM Frame), 1 per 3 months",A7034,,,,,,,,,Mask Brand,Dreamwear,,,,,,,,,,
9YB-HZ6N-3Z4-7TS,BiLevel ST Package,B29-DBQ-BC3PJ-VA,PAP Mask,TRUE,PB1DE-4T-G0CS-JE,,"PAP Mask, Full Face, Dreamwear, Medium (MD Frame), 1 per 3 months",A7030,Mask Brand,Dreamwear,,,,,,,,,,,,,,,,,,
9YB-HZ6N-3Z4-7TS,BiLevel ST Package,B29-DBQ-BC3PJ-VA,PAP Mask,TRUE,PNGE-3RPCL-L915D,,"PAP Mask, Full Face, Resmed Airfit F10, Small, 1 per 3 months",A7030,Mask Brand,Resmed Airfit F10,,,,,,,,,,,,,,,,,,
9YB-HZ6N-3Z4-7TS,BiLevel ST Package,B29-DBQ-BC3PJ-VA,PAP Mask,TRUE,Q27-HL-N879-5RS1,,"PAP Mask, Nasal Pillow, Dreamwear, Medium (SM Frame), 1 per 3 months",A7034,,,,,,,,,,,,,,,,,Mask Brand,Dreamwear,,
9YB-HZ6N-3Z4-7TS,BiLevel ST Package,B29-DBQ-BC3PJ-VA,PAP Mask,TRUE,QV-3F-49P-831-76,,"PAP Mask, Nasal Pillow, Swift FX, Medium, 2 per 1 month",A7033,,,Mask Brand,Swift FX,,,,,,,,,,,,,,,,
9YB-HZ6N-3Z4-7TS,BiLevel ST Package,B29-DBQ-BC3PJ-VA,PAP Mask,TRUE,RA-MT-XZF6-CY-K6,,"PAP Mask, Full Face, Airfit F30I, Large, 1 per 3 months",A7030,,,Mask Brand,Airfit F30I,,,,,,,,,,,,,,,,
9YB-HZ6N-3Z4-7TS,BiLevel ST Package,B29-DBQ-BC3PJ-VA,PAP Mask,TRUE,RBM0-DLJ-MR-KVYQ,,"PAP Mask, Nasal, Dreamwear, Medium (MD Frame), 1 per 3 months",A7034,,,,,,,,,,,,,Mask Brand,Dreamwear,,,,,,
9YB-HZ6N-3Z4-7TS,BiLevel ST Package,B29-DBQ-BC3PJ-VA,PAP Mask,TRUE,SI-JE2-X8-K1-VRD,,"PAP Mask, Full Face, Resmed Airfit F20, Large, 1 per 3 months",A7030,,,,,,,Mask Brand,Resmed Airfit F20,,,,,,,,,,,,
9YB-HZ6N-3Z4-7TS,BiLevel ST Package,B29-DBQ-BC3PJ-VA,PAP Mask,TRUE,SK-B63H-XRD-GIQ6,,"PAP Mask, Nasal Pillow, Airfit P30I, Small, 1 per 3 months",A7034,,,Mask Brand,Airfit P30I,,,,,,,,,,,,,,,,
9YB-HZ6N-3Z4-7TS,BiLevel ST Package,B29-DBQ-BC3PJ-VA,PAP Mask,TRUE,SX-Y8PKY-LU57-U5,,"PAP Mask, Nasal, Resmed Activa, Standard, 1 per 3 months",A7034,,,Mask Brand,Resmed Activa,,,,,,,,,,,,,,,,
9YB-HZ6N-3Z4-7TS,BiLevel ST Package,B29-DBQ-BC3PJ-VA,PAP Mask,TRUE,SXE3I-RC2-9EU-PL,,"PAP Mask, Full Face, Respironics Amara View, Large, 1 per 3 months",A7030,,,,,,,,,,,Mask Brand,Respironics Amara View,,,,,,,,
9YB-HZ6N-3Z4-7TS,BiLevel ST Package,B29-DBQ-BC3PJ-VA,PAP Mask,TRUE,T14-NJM-PJADQ-MF,,"PAP Mask, Nasal Pillow, Dreamwear, Large (LG Frame), 1 per 3 months",A7034,,,,,,,,,,,,,,,Mask Brand,Dreamwear,,,,
9YB-HZ6N-3Z4-7TS,BiLevel ST Package,B29-DBQ-BC3PJ-VA,PAP Mask,TRUE,T7KVR-JA86M-H5A9,,"PAP Mask, Nasal, Respironics Pico, S/M/L/XL (fitpack), 1 per 3 months",A7034,,,,,,,,,,,,,,,,,Mask Brand,Respironics Pico,,
9YB-HZ6N-3Z4-7TS,BiLevel ST Package,B29-DBQ-BC3PJ-VA,PAP Mask,TRUE,T9Z-DF6A-VGH1-UR,,"PAP Mask, Nasal Pillow, Respironics Nuance Gel, Complete, 1 per 3 months",A7034,,,,,,,,,,,,,,,Mask Brand,Respironics Nuance Gel,,,,
9YB-HZ6N-3Z4-7TS,BiLevel ST Package,B29-DBQ-BC3PJ-VA,PAP Mask,TRUE,TF5R-YHY4V-B8S5G,,"PAP Mask, Full Face, Fisher & Paykel Simplus, Fit Upon Setup, 1 per 3 months",A7030,,,,,,,,,,,,,Mask Brand,Fisher & Paykel Simplus,,,,,,
9YB-HZ6N-3Z4-7TS,BiLevel ST Package,B29-DBQ-BC3PJ-VA,PAP Mask,TRUE,TK-NS9F2-7T8D-EM,,"PAP Mask, Nasal Pillow, Airfit P30I, Fit Upon Setup, 2 per 1 month",A7033,,,,,Mask Brand,Airfit P30I,,,,,,,,,,,,,,
9YB-HZ6N-3Z4-7TS,BiLevel ST Package,B29-DBQ-BC3PJ-VA,PAP Mask,TRUE,TLDUT-0EP0-M90C1,,"PAP Mask, Nasal Cushion, Respironics Dreamwisp",A7034,Mask Brand,Respironics Dreamwisp,,,,,,,,,,,,,,,,,,
9YB-HZ6N-3Z4-7TS,BiLevel ST Package,B29-DBQ-BC3PJ-VA,PAP Mask,TRUE,TYSC-8M-IFR0U-NX,,"PAP Mask, Full Face, Resmed F30i",A7030,,,,,,,Mask Brand,Resmed F30i,,,,,,,,,,,,
9YB-HZ6N-3Z4-7TS,BiLevel ST Package,B29-DBQ-BC3PJ-VA,PAP Mask,TRUE,UAPQ-2G-493P-F5C,,"PAP Mask, Nasal, Dreamwear, Medium Wide (LG Frame), 1 per 3 months",A7034,,,,,,,,,,,,,,,,,,,Mask Brand,Dreamwear
9YB-HZ6N-3Z4-7TS,BiLevel ST Package,B29-DBQ-BC3PJ-VA,PAP Mask,TRUE,UEZM-SAJAC-J8F7L,,"PAP Mask, Full Face, Airfit F30I, Wide, 1 per 3 months",A7030,,,,,,,,,Mask Brand,Airfit F30I,,,,,,,,,,
9YB-HZ6N-3Z4-7TS,BiLevel ST Package,B29-DBQ-BC3PJ-VA,PAP Mask,TRUE,UJ59H-2I-6YC-SR6,,"PAP Mask, Nasal Cushion, Resmed Pixi Pediatric",A7034,,,,,,,,,Mask Brand,Resmed Pixi Pediatric,,,,,,,,,,
9YB-HZ6N-3Z4-7TS,BiLevel ST Package,B29-DBQ-BC3PJ-VA,PAP Mask,TRUE,URE3V-ZEP-8UX-MQ,,"PAP Mask, Nasal, Respironics ComfortGel Blue, Medium, 1 per 3 months",A7034,,,,,,,,,,,,,Mask Brand,Respironics ComfortGel Blue,,,,,,
9YB-HZ6N-3Z4-7TS,BiLevel ST Package,B29-DBQ-BC3PJ-VA,PAP Mask,TRUE,UY-KQC-BR-3Q-HG0,,"PAP Mask, Nasal Pillow, Dreamwear, Medium (MD Frame), 1 per 3 months",A7034,,,,,,,,,,,Mask Brand,Dreamwear,,,,,,,,
9YB-HZ6N-3Z4-7TS,BiLevel ST Package,B29-DBQ-BC3PJ-VA,PAP Mask,TRUE,V98-9XGX-V1U-75F,,"PAP Mask, Nasal, Respironics Nuance Pro Gel, Standard, 1 per 3 months",A7034,Mask Brand,Respironics Nuance Pro Gel,,,,,,,,,,,,,,,,,,
9YB-HZ6N-3Z4-7TS,BiLevel ST Package,B29-DBQ-BC3PJ-VA,PAP Mask,TRUE,VDU2V-GICV-UM-P9,,"PAP Mask, Nasal Pillow, Swift FX Bella, For Her, 1 per 3 months",A7033,,,Mask Brand,Swift FX Bella,,,,,,,,,,,,,,,,
9YB-HZ6N-3Z4-7TS,BiLevel ST Package,B29-DBQ-BC3PJ-VA,PAP Mask,TRUE,VY-KBIM-HDT08-73,,"PAP Mask, Nasal, Fisher & Paykel Brevida, Fit Upon Setup, 1 per 3 months",A7034,,,,,,,,,,,,,,,,,,,Mask Brand,Fisher & Paykel Brevida
9YB-HZ6N-3Z4-7TS,BiLevel ST Package,B29-DBQ-BC3PJ-VA,PAP Mask,TRUE,XY-KQXHV-4R-9V76,,"PAP Mask, Full Face, Airfit F30I, Standard, 1 per 3 months",A7030,,,,,,,,,,,,,,,,,Mask Brand,Airfit F30I,,
9YB-HZ6N-3Z4-7TS,BiLevel ST Package,B29-DBQ-BC3PJ-VA,PAP Mask,TRUE,Y2-PHVF-AU5GS-FZ,,"PAP Mask, Full Face, Resmed Airtouch F20, Small, 1 per 3 months",A7030,,,,,,,,,,,,,,,,,,,Mask Brand,Resmed Airtouch F20
9YB-HZ6N-3Z4-7TS,BiLevel ST Package,B29-DBQ-BC3PJ-VA,PAP Mask,TRUE,Z12IS-MT5P6-SPHK,,"PAP Mask, Nasal, Respironics ComfortGel Blue, Small, 1 per 3 months",A7034,,,,,,,Mask Brand,Respironics ComfortGel Blue,,,,,,,,,,,,
9YB-HZ6N-3Z4-7TS,BiLevel ST Package,B29-DBQ-BC3PJ-VA,PAP Mask,TRUE,ZGIJ-ASYP-8FU-ZT,,"PAP Mask, Full Face, Amara Gel, Large, 1 per 3 months",A7030,,,,,,,,,,,Mask Brand,Amara Gel,,,,,,,,
9YB-HZ6N-3Z4-7TS,BiLevel ST Package,B29-DBQ-BC3PJ-VA,PAP Mask,TRUE,ZV-8PBRY-EDF9-KU,,"PAP Mask, Full Face, Resmed Quattro FX, Medium, 1 per 3 months",A7030,,,,,,,,,,,Mask Brand,Resmed Quattro FX,,,,,,,,
9YB-HZ6N-3Z4-7TS,BiLevel ST Package,HUPL-N9-KTS-PKHF,PAP Chinstrap,FALSE,0HI8-4VBI8-4V5F0,,"PAP Chinstrap, Fit to Comfort, 1 per 6 months",A7036,,,,,,,,,,,,,PAP Chinstrap Included,Fit to Comfort,,,,,,
9YB-HZ6N-3Z4-7TS,BiLevel ST Package,HUPL-N9-KTS-PKHF,PAP Chinstrap,FALSE,18S-X7-61A0H-I2P,,No Chinstrap Included,,,,,,,,,,,,,,PAP Chinstrap Included,PAP Chinstrap Not Included,,,,,,
9YB-HZ6N-3Z4-7TS,BiLevel ST Package,IH-RL-7H6N-Q2-Q6,PAP Nasal Pillows,FALSE,7RH2-J7-BY2BI-NS,,No Nasal Pillows,,,,,,,,Mask Frame,N/A,,,,,,,,,,,,
9YB-HZ6N-3Z4-7TS,BiLevel ST Package,IH-RL-7H6N-Q2-Q6,PAP Nasal Pillows,FALSE,CM-VD-7B-SF-B3P4,,No Nasal Pillows Included,,,,Mask Frame,Full Face,,,,,,,,,,,,,,,,
9YB-HZ6N-3Z4-7TS,BiLevel ST Package,IH-RL-7H6N-Q2-Q6,PAP Nasal Pillows,FALSE,EN5N-6FXH7-PG27M,,No Nasal Pillows Included,,,,,,,,Mask Frame,Nasal,,,,,,,,,,,,
9YB-HZ6N-3Z4-7TS,BiLevel ST Package,IH-RL-7H6N-Q2-Q6,PAP Nasal Pillows,FALSE,GTCDT-PUP64-T5NT,,"Nasal Pillows Included, Nasal Pillow Mask, 2 per 1 month",A7033,,,,,,,,,,,,,,,,,Mask Frame,Nasal Pillow,,
9YB-HZ6N-3Z4-7TS,BiLevel ST Package,IH-RL-7H6N-Q2-Q6,PAP Nasal Pillows,FALSE,I69F-RY75S-IE-KB,,"Nasal Pillows Included, Oral / Nasal Hybrid Mask, 2 per 1 month",A7029,,,,,,,Mask Frame,Oral / Nasal Hybrid,,,,,,,,,,,,
9YB-HZ6N-3Z4-7TS,BiLevel ST Package,IH-RL-7H6N-Q2-Q6,PAP Nasal Pillows,FALSE,LKUH-84K-28FU-FA,,"Nasal Pillows, Fit to Comfort.",,,,,,,,Mask Frame,Nasal,,,,,,,,,,,,
9YB-HZ6N-3Z4-7TS,BiLevel ST Package,IH-RL-7H6N-Q2-Q6,PAP Nasal Pillows,FALSE,QK4-FJCPL-YQH-NS,,No Nasal Pillows Included,,,,,,,,,,,,,,,,,,,,Mask Frame,Fit to Comfort
9YB-HZ6N-3Z4-7TS,BiLevel ST Package,IH-RL-7H6N-Q2-Q6,PAP Nasal Pillows,FALSE,QSZ-AE-63LKU-5DB,,"Nasal Pillows Included, Full Face Mask, 2 per 1 month",A7033,,,,,,,,,Mask Frame,Full Face,,,,,,,,,,
9YB-HZ6N-3Z4-7TS,BiLevel ST Package,IH-RL-7H6N-Q2-Q6,PAP Nasal Pillows,FALSE,T5E-ZP-SD-F2-2VK,,"Nasal Pillows, Patient Preference",,,,,,Mask Frame,Nasal,,,,,,,,,,,,,,
9YB-HZ6N-3Z4-7TS,BiLevel ST Package,IH-RL-7H6N-Q2-Q6,PAP Nasal Pillows,FALSE,YKF-0IF-XLV9-ZNU,,No Nasal Pillows Included,,,,,,Mask Frame,Patient Preference,,,,,,,,,,,,,,
9YB-HZ6N-3Z4-7TS,BiLevel ST Package,IH-RL-7H6N-Q2-Q6,PAP Nasal Pillows,FALSE,YVYFS-3G-37FT-IP,,"Nasal Pillows, Fit to Comfort",A7029/A7033,,,,,,,,,,,,,,,,,Mask Frame,Fit to Comfort,,
9YB-HZ6N-3Z4-7TS,BiLevel ST Package,K2-C4-LE-183-KAC,BiLevel ST Machine,TRUE,68XAR-FP-2GEM-8Y,,"BiLevel ST Machine, Respironics Dreamstation",E0471,BiLevel Type,BiLevel ST,PAP System,Respironics Dreamstation,,,,,,,,,,,,,,,,
9YB-HZ6N-3Z4-7TS,BiLevel ST Package,K2-C4-LE-183-KAC,BiLevel ST Machine,TRUE,C2E-HQP-QE3LF-3U,,"BiLevel ST Machine, Fit Upon Setup",E0471,BiLevel Type,BiLevel ST,PAP System,Fit Upon Setup,,,,,,,,,,,,,,,,
9YB-HZ6N-3Z4-7TS,BiLevel ST Package,K2-C4-LE-183-KAC,BiLevel ST Machine,TRUE,R8NI0-P7J-DUS-GJ,,"BiLevel ST Machine, Resmed S10 Aircurve BiLevel ST",E0471,BiLevel Type,BiLevel ST,PAP System,Resmed S10 Aircurve BiLevel ST,,,,,,,,,,,,,,,,
9YB-HZ6N-3Z4-7TS,BiLevel ST Package,K2-C4-LE-183-KAC,BiLevel ST Machine,TRUE,UF2-S1L-X3V-MF5T,,"BiLevel ST Machine, Resmed S10 Aircurve BiLevel ST-A",E0471,BiLevel Type,BiLevel ST-A,PAP System,Resmed S10 Aircurve BiLevel ST-A,,,,,,,,,,,,,,,,
9YB-HZ6N-3Z4-7TS,BiLevel ST Package,LX6-GZH-U6JT-EYE,PAP Humidifier,TRUE,AZ-4I2-18N-EFVY9,,"PAP Humidifier, Patient Preference",E0561/E0562,,,,,,,,,,,,,,,,,,,Humidifier Type,Fit to Comfort
9YB-HZ6N-3Z4-7TS,BiLevel ST Package,LX6-GZH-U6JT-EYE,PAP Humidifier,TRUE,KZGM-EIJ80-D7-LS,,No PAP Humidifier,,,,,,,,,,,,,,,,Humidifier Type,N/A,,,,
9YB-HZ6N-3Z4-7TS,BiLevel ST Package,LX6-GZH-U6JT-EYE,PAP Humidifier,TRUE,TUF2L-QT-7R4-8QN,,"PAP Humidifier, Non-Heated",E0561,,,,,,,,,,,,,Humidifier Type,Non-Heated,,,,,,
9YB-HZ6N-3Z4-7TS,BiLevel ST Package,Y87V-2N-NCDL-09V,PAP Monitoring,FALSE,01-LR1F-6CNTQ-XZ,,"PAP Monitoring, Per device availability",A9279,,,PAP Monitor Type,Per device availability,,,,,,,,,PAP System,Resmed S10 Fixed CPAP,,,,,,
9YB-HZ6N-3Z4-7TS,BiLevel ST Package,Y87V-2N-NCDL-09V,PAP Monitoring,FALSE,07H-H6PQ-PGM-SR6,,"PAP Monitoring, Per device availability",A9279,,,PAP Monitor Type,Per device availability,,,,,,,PAP System,ResMed Auto,,,,,,,,
9YB-HZ6N-3Z4-7TS,BiLevel ST Package,Y87V-2N-NCDL-09V,PAP Monitoring,FALSE,0A2Z-X51ZH-MK-N0,,"PAP Monitoring, Per device availability",A9279,PAP Monitor Type,Per device availability,,,,,,,,,,,,,,,PAP System,Fisher & Paykel (F&P) Icon Premium,,
9YB-HZ6N-3Z4-7TS,BiLevel ST Package,Y87V-2N-NCDL-09V,PAP Monitoring,FALSE,0K-VH-XI-BRH-P1D,,"PAP Monitoring, SD Card (aka Card to Cloud)",A9279,,,,,PAP Monitor Type,SD Card (aka Card to Cloud),,,,,,,,,,,PAP System,Resmed S10 Aircurve Fixed Bilevel ASV C2C,,
9YB-HZ6N-3Z4-7TS,BiLevel ST Package,Y87V-2N-NCDL-09V,PAP Monitoring,FALSE,0X9V-YVQ9B-7L-GU,,"PAP Monitoring, Per device availability",A9279,,,PAP Monitor Type,Per device availability,,,,,,,,,,,,,PAP System,S9 Standard,,
9YB-HZ6N-3Z4-7TS,BiLevel ST Package,Y87V-2N-NCDL-09V,PAP Monitoring,FALSE,134GP-70H-KL-UNI,,"PAP Monitoring, Per device availability",A9279,,,,,PAP Monitor Type,Per device availability,,,,,,,,,PAP System,Respironics Dreamstation Auto BiPAP,,,,
9YB-HZ6N-3Z4-7TS,BiLevel ST Package,Y87V-2N-NCDL-09V,PAP Monitoring,FALSE,1KM-CT4-MLN-27QX,,"PAP Monitoring, Per device availability",A9279,,,,,,,PAP Monitor Type,Per device availability,,,,,,,,,,,PAP System,System to Fit
9YB-HZ6N-3Z4-7TS,BiLevel ST Package,Y87V-2N-NCDL-09V,PAP Monitoring,FALSE,1PL-NBFCS-2MX-I9,,"PAP Monitoring, Per device availability",A9279,,,PAP Monitor Type,Per device availability,,,,,,,,,PAP System,Resmed S10,,,,,,
9YB-HZ6N-3Z4-7TS,BiLevel ST Package,Y87V-2N-NCDL-09V,PAP Monitoring,FALSE,2B-INUES-UV2I-18,,"PAP Monitoring, Cellular Modem",A9279,,,,,PAP Monitor Type,Cellular Modem,,,,,,,,,PAP System,Resmed S10 Aircurve ASV,,,,
9YB-HZ6N-3Z4-7TS,BiLevel ST Package,Y87V-2N-NCDL-09V,PAP Monitoring,FALSE,2HL-B38G-135D-BX,,"PAP Monitoring, Cellular Modem",A9279,,,,,PAP Monitor Type,Cellular Modem,,,,,,,,,PAP System,Generic,,,,
9YB-HZ6N-3Z4-7TS,BiLevel ST Package,Y87V-2N-NCDL-09V,PAP Monitoring,FALSE,2S-ZY7-MFM5N-Z32,,"PAP Monitoring, Cellular Modem",A9279,,,PAP Monitor Type,Cellular Modem,,,,,,,,,PAP System,Respironics Ruby Topaz,,,,,,
9YB-HZ6N-3Z4-7TS,BiLevel ST Package,Y87V-2N-NCDL-09V,PAP Monitoring,FALSE,2STR-6I9L-2E-9S5,,"PAP Monitoring, Per device availability",A9279,,,,,PAP Monitor Type,Per device availability,,,,,,,,,PAP System,S9/S10,,,,
9YB-HZ6N-3Z4-7TS,BiLevel ST Package,Y87V-2N-NCDL-09V,PAP Monitoring,FALSE,37BV-A8-04FTU-38,,"PAP Monitoring, Per device availability",A9279,,,,,,,PAP Monitor Type,Per device availability,,,,,,,,,PAP System,Drive Medical Auto-CPAP,,
9YB-HZ6N-3Z4-7TS,BiLevel ST Package,Y87V-2N-NCDL-09V,PAP Monitoring,FALSE,3V3KP-27MNJ-HRD3,,"PAP Monitoring, Per device availability",A9279,,,PAP Monitor Type,Per device availability,,,,,,,,,,,,,PAP System,Resmed Airsense 11,,
9YB-HZ6N-3Z4-7TS,BiLevel ST Package,Y87V-2N-NCDL-09V,PAP Monitoring,FALSE,4P1PC-S01B-9EGUE,,"PAP Monitoring, Per device availability",A9279,,,PAP Monitor Type,Per device availability,,,,,,,,,,,PAP System,Respironics Dreamstation 2,,,,
9YB-HZ6N-3Z4-7TS,BiLevel ST Package,Y87V-2N-NCDL-09V,PAP Monitoring,FALSE,4RPN-UQ-1SFCR-9K,,"PAP Monitoring, Cellular Modem",A9279,PAP Monitor Type,Cellular Modem,,,,,,,,,PAP System,Airsense / Aircurve 10,,,,,,,,
9YB-HZ6N-3Z4-7TS,BiLevel ST Package,Y87V-2N-NCDL-09V,PAP Monitoring,FALSE,4SR-NY2I-3I-UV1Q,,"PAP Monitoring, Cellular Modem",A9279,,,,,,,PAP Monitor Type,Cellular Modem,,,,,,,,,PAP System,Resmed S10 Aircurve BiLevel ST,,
9YB-HZ6N-3Z4-7TS,BiLevel ST Package,Y87V-2N-NCDL-09V,PAP Monitoring,FALSE,5C-PB01-AE-BD-Y9,,"PAP Monitoring, Per device availability",A9279,,,,,PAP Monitor Type,Per device availability,,,,,,,,,,,PAP System,ResMed Climate Line,,
9YB-HZ6N-3Z4-7TS,BiLevel ST Package,Y87V-2N-NCDL-09V,PAP Monitoring,FALSE,5HT-3JT-J2QB-ELF,,"PAP Monitoring, Per device availability",A9279,PAP Monitor Type,Per device availability,,,,,,,,,,,,,,,PAP System,Fit Upon Setup,,
9YB-HZ6N-3Z4-7TS,BiLevel ST Package,Y87V-2N-NCDL-09V,PAP Monitoring,FALSE,5MY-J1P-6YH9F-16,,"PAP Monitoring, Cellular Modem",A9279,,,,,,,PAP Monitor Type,Cellular Modem,,,,,,,,,PAP System,Pediatric,,
9YB-HZ6N-3Z4-7TS,BiLevel ST Package,Y87V-2N-NCDL-09V,PAP Monitoring,FALSE,5X-J24V-2T1S-B7P,,"PAP Monitoring, Per device availability",A9279,,,,,PAP Monitor Type,Per device availability,,,,,,,,,,,PAP System,3B Medical Luna II,,
9YB-HZ6N-3Z4-7TS,BiLevel ST Package,Y87V-2N-NCDL-09V,PAP Monitoring,FALSE,62K-GS-2X-G86-92,,"PAP Monitoring, Cellular Modem",A9279,,,PAP Monitor Type,Cellular Modem,,,,,,,,,PAP System,"Automatic, 5-20 cm",,,,,,
9YB-HZ6N-3Z4-7TS,BiLevel ST Package,Y87V-2N-NCDL-09V,PAP Monitoring,FALSE,6M-0ZN-ATF-2HRCM,,"PAP Monitoring, Cellular Modem",A9279,,,PAP Monitor Type,Cellular Modem,,,,,,,,,PAP System,Respironics System One,,,,,,
9YB-HZ6N-3Z4-7TS,BiLevel ST Package,Y87V-2N-NCDL-09V,PAP Monitoring,FALSE,6RE6-U1M-GES8-MA,,"PAP Monitoring, Cellular Modem",A9279,,,,,,,PAP Monitor Type,Cellular Modem,,,PAP System,Drive Medical IntelliPAP Auto-CPAP,,,,,,,,
9YB-HZ6N-3Z4-7TS,BiLevel ST Package,Y87V-2N-NCDL-09V,PAP Monitoring,FALSE,6V-5152T-E0B9-5F,,"PAP Monitoring, Cellular Modem",A9279,PAP Monitor Type,Cellular Modem,,,,,,,,,PAP System,Fit Upon Setup,,,,,,,,
9YB-HZ6N-3Z4-7TS,BiLevel ST Package,Y87V-2N-NCDL-09V,PAP Monitoring,FALSE,6V1I-LUCS2-KNUA8,,"PAP Monitoring, Per device availability",A9279,,,,,,,,,PAP Monitor Type,Per device availability,,,,,PAP System,Icon,,,,
9YB-HZ6N-3Z4-7TS,BiLevel ST Package,Y87V-2N-NCDL-09V,PAP Monitoring,FALSE,74DG-AF4B-AH8-VI,,"PAP Monitoring, Cellular Modem",A9279,,,,,PAP Monitor Type,Cellular Modem,,,,,,,,,PAP System,Resmed Airsense 11 Auto,,,,
9YB-HZ6N-3Z4-7TS,BiLevel ST Package,Y87V-2N-NCDL-09V,PAP Monitoring,FALSE,7AI3-35-NHQ-VRMT,,"PAP Monitoring, Cellular Modem",A9279,,,,,,,PAP Monitor Type,Cellular Modem,,,,,,,,,PAP System,Resmed Airsense 11,,
9YB-HZ6N-3Z4-7TS,BiLevel ST Package,Y87V-2N-NCDL-09V,PAP Monitoring,FALSE,7AU8U-81L-BQZ-54,,"PAP Monitoring, Cellular Modem",A9279,,,,,,,PAP Monitor Type,Cellular Modem,,,,,,,,,PAP System,Resmed S10 Aircurve Fixed BiLevel,,
9YB-HZ6N-3Z4-7TS,BiLevel ST Package,Y87V-2N-NCDL-09V,PAP Monitoring,FALSE,7B-FAZ4N-5T2R-83,,"PAP Monitoring, Cellular Modem",A9279,,,PAP Monitor Type,Cellular Modem,,,,,,,PAP System,ResMed Climate Line,,,,,,,,
9YB-HZ6N-3Z4-7TS,BiLevel ST Package,Y87V-2N-NCDL-09V,PAP Monitoring,FALSE,7GE-0K3NV-R4-32E,,"PAP Monitoring, Cellular Modem",A9279,,,,,PAP Monitor Type,Cellular Modem,,,,,,,,,PAP System,Generic ASV,,,,
9YB-HZ6N-3Z4-7TS,BiLevel ST Package,Y87V-2N-NCDL-09V,PAP Monitoring,FALSE,7IN-RI4-HJMCY-A9,,"PAP Monitoring, Per device availability",A9279,,,PAP Monitor Type,Per device availability,,,,,,,,,PAP System,ResMed AirMini Portable,,,,,,
9YB-HZ6N-3Z4-7TS,BiLevel ST Package,Y87V-2N-NCDL-09V,PAP Monitoring,FALSE,7JC-29H4-R51U-JY,,"PAP Monitoring, Per device availability",A9279,,,,,PAP Monitor Type,Per device availability,,,,,,,,,PAP System,Respironics Dreamstation 2 Auto-CPAP,,,,
9YB-HZ6N-3Z4-7TS,BiLevel ST Package,Y87V-2N-NCDL-09V,PAP Monitoring,FALSE,7LB89-0G7C-4R17P,,"PAP Monitoring, Per device availability",A9279,,,,,PAP Monitor Type,Per device availability,,,,,,,,,PAP System,Generic,,,,
9YB-HZ6N-3Z4-7TS,BiLevel ST Package,Y87V-2N-NCDL-09V,PAP Monitoring,FALSE,87R6-H2-ET7VD-PS,,"PAP Monitoring, Cellular Modem",A9279,PAP Monitor Type,Cellular Modem,,,,,,,,,PAP System,Resvent iBreeze,,,,,,,,
9YB-HZ6N-3Z4-7TS,BiLevel ST Package,Y87V-2N-NCDL-09V,PAP Monitoring,FALSE,8FM1J-SYU-6A-4KN,,"PAP Monitoring, Cellular Modem",A9279,PAP Monitor Type,Cellular Modem,,,,,,,,,PAP System,Respironics,,,,,,,,
9YB-HZ6N-3Z4-7TS,BiLevel ST Package,Y87V-2N-NCDL-09V,PAP Monitoring,FALSE,8PSY-NP-AI-FVT18,,"PAP Monitoring, Cellular Modem",A9279,,,PAP Monitor Type,Cellular Modem,,,,,,,,,PAP System,Resmed S10 Aircurve Fixed BiLevel ASV,,,,,,
9YB-HZ6N-3Z4-7TS,BiLevel ST Package,Y87V-2N-NCDL-09V,PAP Monitoring,FALSE,8QFA-HM-FLI-F1R8,,"PAP Monitoring, Per device availability",A9279,PAP Monitor Type,Per device availability,,,,,,,,,,,PAP System,Airsense / Aircurve 10,,,,,,
9YB-HZ6N-3Z4-7TS,BiLevel ST Package,Y87V-2N-NCDL-09V,PAP Monitoring,FALSE,8Y-QAD6-0GY97-DN,,"PAP Monitoring, SD Card (aka Card to Cloud)",A9279,PAP Monitor Type,SD Card (aka Card to Cloud),,,,,,,,,,,PAP System,Resmed S10 Aircurve Bilevel ST C2C,,,,,,
9YB-HZ6N-3Z4-7TS,BiLevel ST Package,Y87V-2N-NCDL-09V,PAP Monitoring,FALSE,91AVC-5X-21X-B86,,"PAP Monitoring, Per device availability",A9279,,,,,PAP Monitor Type,Per device availability,,,,,,,,,,,PAP System,Resmed S10 Aircurve Fixed BiLevel,,
9YB-HZ6N-3Z4-7TS,BiLevel ST Package,Y87V-2N-NCDL-09V,PAP Monitoring,FALSE,9HE-J5P2-TZX-KYN,,"PAP Monitoring, Cellular Modem",A9279,PAP Monitor Type,Cellular Modem,,,,,,,,,PAP System,ResMed S10 for Her,,,,,,,,
9YB-HZ6N-3Z4-7TS,BiLevel ST Package,Y87V-2N-NCDL-09V,PAP Monitoring,FALSE,9KT-YFS-QC-PR-SV,,"PAP Monitoring, Per device availability",A9279,,,PAP Monitor Type,Per device availability,,,,,,,PAP System,Generic ASV,,,,,,,,
9YB-HZ6N-3Z4-7TS,BiLevel ST Package,Y87V-2N-NCDL-09V,PAP Monitoring,FALSE,9MD-7AD-U8ZR7-6C,,"PAP Monitoring, Per device availability",A9279,,,,,PAP Monitor Type,Per device availability,,,,,,,PAP System,"Automatic, 5-20 cm",,,,,,
9YB-HZ6N-3Z4-7TS,BiLevel ST Package,Y87V-2N-NCDL-09V,PAP Monitoring,FALSE,9Y2-JXZQ-QAP-MJP,,"PAP Monitoring, Per device availability",A9279,PAP Monitor Type,Per device availability,,,,,,,,,,,,,,,PAP System,Resmed S10 Aircurve Fixed BiLevel ASV,,
9YB-HZ6N-3Z4-7TS,BiLevel ST Package,Y87V-2N-NCDL-09V,PAP Monitoring,FALSE,AFJ-MK-CTGV-8IZK,,"PAP Monitoring, Cellular Modem",A9279,,,,,PAP Monitor Type,Cellular Modem,,,,,,,,,PAP System,Resmed S10 Aircurve BiLevel ASV,,,,
9YB-HZ6N-3Z4-7TS,BiLevel ST Package,Y87V-2N-NCDL-09V,PAP Monitoring,FALSE,AH-Y1EZ-BI8P-4MK,,"PAP Monitoring, Per device availability",A9279,,,,,PAP Monitor Type,Per device availability,,,,,,,,,PAP System,Respironics Ruby Topaz,,,,
9YB-HZ6N-3Z4-7TS,BiLevel ST Package,Y87V-2N-NCDL-09V,PAP Monitoring,FALSE,B2-3HPD3-QRE-YCA,,"PAP Monitoring, Cellular Modem",A9279,,,,,,,PAP Monitor Type,Cellular Modem,,,,,,,,,PAP System,"CPAP Machine, Respironics Dreamstation Auto-CPAP",,
9YB-HZ6N-3Z4-7TS,BiLevel ST Package,Y87V-2N-NCDL-09V,PAP Monitoring,FALSE,BM-GE3ZG-A6AR-YQ,,"PAP Monitoring, Per device availability",A9279,,,PAP Monitor Type,Per device availability,,,,,,,,,PAP System,Devilbiss,,,,,,
9YB-HZ6N-3Z4-7TS,BiLevel ST Package,Y87V-2N-NCDL-09V,PAP Monitoring,FALSE,BR-4CUB-AVN-K72P,,"PAP Monitoring, Per device availability",A9279,,,,,PAP Monitor Type,Per device availability,,,,,,,,,PAP System,Respironics Dreamstation BiPAP ASV,,,,
9YB-HZ6N-3Z4-7TS,BiLevel ST Package,Y87V-2N-NCDL-09V,PAP Monitoring,FALSE,BRZ7S-8QX-9SE-BM,,"PAP Monitoring, Cellular Modem",A9279,,,,,PAP Monitor Type,Cellular Modem,,,,,,,,,,,PAP System,Drive Medical Auto-CPAP,,
9YB-HZ6N-3Z4-7TS,BiLevel ST Package,Y87V-2N-NCDL-09V,PAP Monitoring,FALSE,C5-AQMG-HZQ8-R3J,,"PAP Monitoring, Per device availability",A9279,PAP Monitor Type,Per device availability,,,,,,,,,,,PAP System,Resmed AirSense 10 Elite Auto-CPAP,,,,,,
9YB-HZ6N-3Z4-7TS,BiLevel ST Package,Y87V-2N-NCDL-09V,PAP Monitoring,FALSE,CD5-FT-AK7J-JIQJ,,"PAP Monitoring, Cellular Modem",A9279,,,,,PAP Monitor Type,Cellular Modem,,,,,,,,,PAP System,Resmed S9 VPAP COPD,,,,
9YB-HZ6N-3Z4-7TS,BiLevel ST Package,Y87V-2N-NCDL-09V,PAP Monitoring,FALSE,CHMJ-ZC-GFT-4X6F,,"PAP Monitoring, Cellular Modem",A9279,,,,,,,PAP Monitor Type,Cellular Modem,,,,,,,PAP System,Sleepstyle 600,,,,
9YB-HZ6N-3Z4-7TS,BiLevel ST Package,Y87V-2N-NCDL-09V,PAP Monitoring,FALSE,CIKH-87-04TGA-C4,,"PAP Monitoring, Cellular Modem",A9279,,,PAP Monitor Type,Cellular Modem,,,,,,,PAP System,S9 Standard,,,,,,,,
9YB-HZ6N-3Z4-7TS,BiLevel ST Package,Y87V-2N-NCDL-09V,PAP Monitoring,FALSE,CLZD7-12-HX-5DQK,,"PAP Monitoring, Cellular Modem",A9279,,,,,,,PAP Monitor Type,Cellular Modem,,,,,,,,,PAP System,Resmed S10 Aircurve BiLevel ST-A,,
9YB-HZ6N-3Z4-7TS,BiLevel ST Package,Y87V-2N-NCDL-09V,PAP Monitoring,FALSE,D1CJ8-X4-5JN-I89,,"PAP Monitoring, Per device availability",A9279,,,,,PAP Monitor Type,Per device availability,,,,,,,,,PAP System,Drive Medical,,,,
9YB-HZ6N-3Z4-7TS,BiLevel ST Package,Y87V-2N-NCDL-09V,PAP Monitoring,FALSE,D7PE-Y0YD-83-DAM,,"PAP Monitoring, Per device availability",A9279,PAP Monitor Type,Per device availability,,,,,,,,,PAP System,Drive Medical IntelliPAP Auto BiLevel,,,,,,,,
9YB-HZ6N-3Z4-7TS,BiLevel ST Package,Y87V-2N-NCDL-09V,PAP Monitoring,FALSE,DCUGS-Z5N-TYM-4B,,"PAP Monitoring, Cellular Modem",A9279,PAP Monitor Type,Cellular Modem,,,,,,,,,PAP System,ResMed,,,,,,,,
9YB-HZ6N-3Z4-7TS,BiLevel ST Package,Y87V-2N-NCDL-09V,PAP Monitoring,FALSE,DGUT-AGR-QYJ-EFU,,"PAP Monitoring, Cellular Modem",A9279,PAP Monitor Type,Cellular Modem,,,,,,,,,PAP System,Resmed S10 Aircurve ST,,,,,,,,
9YB-HZ6N-3Z4-7TS,BiLevel ST Package,Y87V-2N-NCDL-09V,PAP Monitoring,FALSE,DX-ELU3L-ATRI-7U,,"PAP Monitoring, Per device availability",A9279,PAP Monitor Type,Per device availability,,,,,,,,,PAP System,ResMed AirMini,,,,,,,,
9YB-HZ6N-3Z4-7TS,BiLevel ST Package,Y87V-2N-NCDL-09V,PAP Monitoring,FALSE,DYHB-PZ7-9D-7ML2,,"PAP Monitoring, Per device availability",A9279,,,,,PAP Monitor Type,Per device availability,,,,,,,,,PAP System,Resmed S10 Auto-CPAP,,,,
9YB-HZ6N-3Z4-7TS,BiLevel ST Package,Y87V-2N-NCDL-09V,PAP Monitoring,FALSE,E2542-6LJC1-JDMB,,"PAP Monitoring, SD Card (aka Card to Cloud)",A9279,,,PAP Monitor Type,SD Card (aka Card to Cloud),,,,,,,,,PAP System,Resmed S10 Aircurve Bilevel ST-A C2C,,,,,,
9YB-HZ6N-3Z4-7TS,BiLevel ST Package,Y87V-2N-NCDL-09V,PAP Monitoring,FALSE,EJ-7KBM-0IURV-6D,,"PAP Monitoring, Cellular Modem",A9279,,,,,,,,,PAP Monitor Type,Cellular Modem,,,,,,,,,PAP System,Resmed AirSense 10 Elite Auto-CPAP
9YB-HZ6N-3Z4-7TS,BiLevel ST Package,Y87V-2N-NCDL-09V,PAP Monitoring,FALSE,F2S-DH4-Q8ZV2-F0,,"PAP Monitoring, Per device availability",A9279,PAP Monitor Type,Per device availability,,,,,,,,,,,,,,,PAP System,Respironics Dreamstation Auto-CPAP,,
9YB-HZ6N-3Z4-7TS,BiLevel ST Package,Y87V-2N-NCDL-09V,PAP Monitoring,FALSE,FB94M-0X-GC6D-6M,,"PAP Monitoring, Per device availability",A9279,,,,,,,,,PAP Monitor Type,Per device availability,,,,,,,,,PAP System,ResMed S10 for Her
9YB-HZ6N-3Z4-7TS,BiLevel ST Package,Y87V-2N-NCDL-09V,PAP Monitoring,FALSE,FI-2K-HI-AF-RNHB,,"PAP Monitoring, Per device availability",A9279,,,,,PAP Monitor Type,Per device availability,,,,,,,,,PAP System,Resmed AirSense 10 Elite,,,,
9YB-HZ6N-3Z4-7TS,BiLevel ST Package,Y87V-2N-NCDL-09V,PAP Monitoring,FALSE,G17Y2-10ASD-NILA,,"PAP Monitoring, Per device availability",A9279,PAP Monitor Type,Per device availability,,,,,,,,,,,,,,,PAP System,ResMed Fixed,,
9YB-HZ6N-3Z4-7TS,BiLevel ST Package,Y87V-2N-NCDL-09V,PAP Monitoring,FALSE,G1S-2CH-9XLV-2TB,,"PAP Monitoring, Cellular Modem",A9279,,,,,PAP Monitor Type,Cellular Modem,,,,,,,,,PAP System,S9/S10,,,,
9YB-HZ6N-3Z4-7TS,BiLevel ST Package,Y87V-2N-NCDL-09V,PAP Monitoring,FALSE,G9U-XD4-HSAU7-E4,,"PAP Monitoring, Per device availability",A9279,,,PAP Monitor Type,Per device availability,,,,,,,,,PAP System,Resmed S10 Aircurve Auto BiLevel,,,,,,
9YB-HZ6N-3Z4-7TS,BiLevel ST Package,Y87V-2N-NCDL-09V,PAP Monitoring,FALSE,GP8-QU-LZ8-IB9VH,,"PAP Monitoring, Per device availability",A9279,,,,,PAP Monitor Type,Per device availability,,,,,PAP System,Resmed Auto for Her,,,,,,,,
9YB-HZ6N-3Z4-7TS,BiLevel ST Package,Y87V-2N-NCDL-09V,PAP Monitoring,FALSE,GPTRZ-ZX-D0JC-0C,,"PAP Monitoring, Cellular Modem",A9279,PAP Monitor Type,Cellular Modem,,,,,,,,,,,,,PAP System,Fisher & Paykel (F&P) Icon Auto-CPAP Premium,,,,
9YB-HZ6N-3Z4-7TS,BiLevel ST Package,Y87V-2N-NCDL-09V,PAP Monitoring,FALSE,GR3-Z5A9-614H-ZX,,"PAP Monitoring, Cellular Modem",A9279,PAP Monitor Type,Cellular Modem,,,,,,,,,PAP System,S10,,,,,,,,
9YB-HZ6N-3Z4-7TS,BiLevel ST Package,Y87V-2N-NCDL-09V,PAP Monitoring,FALSE,GT-BU-IY-DXD-JYP,,"PAP Monitoring, Cellular Modem",A9279,,,,,,,PAP Monitor Type,Cellular Modem,,,,,,,,,PAP System,Drive Medical IntelliPAP,,
9YB-HZ6N-3Z4-7TS,BiLevel ST Package,Y87V-2N-NCDL-09V,PAP Monitoring,FALSE,H02-PB-12IC-R176,,"PAP Monitoring, Per device availability",A9279,,,,,,,PAP Monitor Type,Per device availability,,,,,,,,,PAP System,ResMed,,
9YB-HZ6N-3Z4-7TS,BiLevel ST Package,Y87V-2N-NCDL-09V,PAP Monitoring,FALSE,H5B1M-RJT-2M1-B7,,"PAP Monitoring, Per device availability",A9279,,,,,PAP Monitor Type,Per device availability,,,,,,,PAP System,Resmed S10 Aircurve BiLevel ST,,,,,,
9YB-HZ6N-3Z4-7TS,BiLevel ST Package,Y87V-2N-NCDL-09V,PAP Monitoring,FALSE,H5FU-65H90-67-X3,,"PAP Monitoring, SD Card (aka Card to Cloud)",A9279,,,,,,,PAP Monitor Type,SD Card (aka Card to Cloud),,,,,,,PAP System,Resmed S10 Aircurve Auto Bilevel ASV C2C,,,,
9YB-HZ6N-3Z4-7TS,BiLevel ST Package,Y87V-2N-NCDL-09V,PAP Monitoring,FALSE,H95P-RZY-HKU-I70,,"PAP Monitoring, Cellular Modem",A9279,,,PAP Monitor Type,Cellular Modem,,,,,,,,,PAP System,Fisher & Paykel (F&P) Icon Auto-CPAP,,,,,,
9YB-HZ6N-3Z4-7TS,BiLevel ST Package,Y87V-2N-NCDL-09V,PAP Monitoring,FALSE,HC7-U7-7P-PHL-T7,,"PAP Monitoring, Per device availability",A9279,,,,,PAP Monitor Type,Per device availability,,,,,,,,,PAP System,Resmed S10 BiPAP ASV,,,,
9YB-HZ6N-3Z4-7TS,BiLevel ST Package,Y87V-2N-NCDL-09V,PAP Monitoring,FALSE,HX2B-Z2-9GIRE-VU,,"PAP Monitoring, Cellular Modem",A9279,,,,,PAP Monitor Type,Cellular Modem,,,,,,,,,PAP System,Automatic,,,,
9YB-HZ6N-3Z4-7TS,BiLevel ST Package,Y87V-2N-NCDL-09V,PAP Monitoring,FALSE,I2-TMZ7-N81-IEVT,,"PAP Monitoring, Per device availability",A9279,,,,,PAP Monitor Type,Per device availability,,,,,,,PAP System,Sleepstyle 600,,,,,,
9YB-HZ6N-3Z4-7TS,BiLevel ST Package,Y87V-2N-NCDL-09V,PAP Monitoring,FALSE,IL6M1-F9GRE-9B2Q,,"PAP Monitoring, Per device availability",A9279,,,PAP Monitor Type,Per device availability,,,,,,,,,,,PAP System,Not Specified,,,,
9YB-HZ6N-3Z4-7TS,BiLevel ST Package,Y87V-2N-NCDL-09V,PAP Monitoring,FALSE,ILFD-HDKTI-D8-90,,"PAP Monitoring, SD Card (aka Card to Cloud)",A9279,PAP Monitor Type,SD Card (aka Card to Cloud),,,,,,,,,PAP System,Resmed S10 Aircurve Fixed Bilevel C2C,,,,,,,,
9YB-HZ6N-3Z4-7TS,BiLevel ST Package,Y87V-2N-NCDL-09V,PAP Monitoring,FALSE,IM7-3I0N-LU-BS2L,,"PAP Monitoring, Per device availability",A9279,,,,,,,PAP Monitor Type,Per device availability,,,,,,,,,PAP System,Resmed S10 Aircurve ASV,,
9YB-HZ6N-3Z4-7TS,BiLevel ST Package,Y87V-2N-NCDL-09V,PAP Monitoring,FALSE,IT-MKQF9-7X2-18S,,"PAP Monitoring, Cellular Modem",A9279,,,,,PAP Monitor Type,Cellular Modem,,,,,,,,,PAP System,ResMed S10 Auto-CPAP for Her,,,,
9YB-HZ6N-3Z4-7TS,BiLevel ST Package,Y87V-2N-NCDL-09V,PAP Monitoring,FALSE,IV3-XM-KZF9-YRQ5,,"PAP Monitoring, Cellular Modem",A9279,,,PAP Monitor Type,Cellular Modem,,,,,,,,,PAP System,Resmed S10 Auto-CPAP,,,,,,
9YB-HZ6N-3Z4-7TS,BiLevel ST Package,Y87V-2N-NCDL-09V,PAP Monitoring,FALSE,JH-CSRT-BE-32-YP,,"PAP Monitoring, Cellular Modem",A9279,,,,,,,PAP Monitor Type,Cellular Modem,,,,,PAP System,Resmed S9 VPAP Auto BiLevel,,,,,,
9YB-HZ6N-3Z4-7TS,BiLevel ST Package,Y87V-2N-NCDL-09V,PAP Monitoring,FALSE,JI9L-P2Q7-ZN-Q2N,,"PAP Monitoring, Cellular Modem",A9279,,,,,PAP Monitor Type,Cellular Modem,,,,,,,PAP System,System to Fit,,,,,,
9YB-HZ6N-3Z4-7TS,BiLevel ST Package,Y87V-2N-NCDL-09V,PAP Monitoring,FALSE,K0GC-GY2TF-IR8UQ,,"PAP Monitoring, Per device availability",A9279,,,PAP Monitor Type,Per device availability,,,,,,,,,PAP System,S8,,,,,,
9YB-HZ6N-3Z4-7TS,BiLevel ST Package,Y87V-2N-NCDL-09V,PAP Monitoring,FALSE,K6VBK-SR5-M8L-3G,,"PAP Monitoring, Per device availability",A9279,,,PAP Monitor Type,Per device availability,,,,,,,,,,,PAP System,Resmed S10 Aircurve BiLevel ST-A,,,,
9YB-HZ6N-3Z4-7TS,BiLevel ST Package,Y87V-2N-NCDL-09V,PAP Monitoring,FALSE,KPM-XB-G4-QAB-VL,,"PAP Monitoring, Cellular Modem",A9279,PAP Monitor Type,Cellular Modem,,,,,,,,,PAP System,ResMed Fixed,,,,,,,,
9YB-HZ6N-3Z4-7TS,BiLevel ST Package,Y87V-2N-NCDL-09V,PAP Monitoring,FALSE,L89-2K3H-PZ6-34J,,"PAP Monitoring, Per device availability",A9279,,,,,,,PAP Monitor Type,Per device availability,,,,,,,,,PAP System,Resmed Airsense 11 Auto,,
9YB-HZ6N-3Z4-7TS,BiLevel ST Package,Y87V-2N-NCDL-09V,PAP Monitoring,FALSE,LI-MZ-B6ME-1S5ZX,,"PAP Monitoring, Per device availability",A9279,,,PAP Monitor Type,Per device availability,,,,,,,,,PAP System,Resmed S10 Aircurve BiLevel ASV,,,,,,
9YB-HZ6N-3Z4-7TS,BiLevel ST Package,Y87V-2N-NCDL-09V,PAP Monitoring,FALSE,LP-853-N2N-PY-19,,"PAP Monitoring, Per device availability",A9279,,,,,,,,,PAP Monitor Type,Per device availability,,,,,,,,,PAP System,Respironics System One
9YB-HZ6N-3Z4-7TS,BiLevel ST Package,Y87V-2N-NCDL-09V,PAP Monitoring,FALSE,M3X-M1-C1J29-6Q5,,"PAP Monitoring, Cellular Modem",A9279,,,PAP Monitor Type,Cellular Modem,,,,,,,PAP System,Icon,,,,,,,,
9YB-HZ6N-3Z4-7TS,BiLevel ST Package,Y87V-2N-NCDL-09V,PAP Monitoring,FALSE,M7A-LF-V9ZLC-HJH,,"PAP Monitoring, Per device availability",A9279,,,,,PAP Monitor Type,Per device availability,,,,,,,PAP System,Pediatric,,,,,,
9YB-HZ6N-3Z4-7TS,BiLevel ST Package,Y87V-2N-NCDL-09V,PAP Monitoring,FALSE,MC3F-NG-0LRQ-SKQ,,"PAP Monitoring, Cellular Modem",A9279,,,PAP Monitor Type,Cellular Modem,,,,,,,,,PAP System,Respironics Dreamstation 2,,,,,,
9YB-HZ6N-3Z4-7TS,BiLevel ST Package,Y87V-2N-NCDL-09V,PAP Monitoring,FALSE,MEV-T8-47JM-PHBS,,"PAP Monitoring, Per device availability",A9279,,,,,PAP Monitor Type,Per device availability,,,,,,,,,PAP System,S9,,,,
9YB-HZ6N-3Z4-7TS,BiLevel ST Package,Y87V-2N-NCDL-09V,PAP Monitoring,FALSE,MI75U-FM-8UI-H8H,,"PAP Monitoring, Per device availability",A9279,,,PAP Monitor Type,Per device availability,,,,,,,,,PAP System,Respironics Dreamstation BiPAP AVAPS,,,,,,
9YB-HZ6N-3Z4-7TS,BiLevel ST Package,Y87V-2N-NCDL-09V,PAP Monitoring,FALSE,MTJ-VMCS-A8-ITSK,,"PAP Monitoring, Cellular Modem",A9279,,,,,,,PAP Monitor Type,Cellular Modem,,,,,,,,,PAP System,Drive Medical,,
9YB-HZ6N-3Z4-7TS,BiLevel ST Package,Y87V-2N-NCDL-09V,PAP Monitoring,FALSE,N5D-Z69-GSAYT-KM,,"PAP Monitoring, Per device availability",A9279,,,PAP Monitor Type,Per device availability,,,,,,,,,,,PAP System,Resmed S10 Aircurve BiLevel,,,,
9YB-HZ6N-3Z4-7TS,BiLevel ST Package,Y87V-2N-NCDL-09V,PAP Monitoring,FALSE,ND5CU-8MDM-S8-P7,,"PAP Monitoring, Per device availability",A9279,,,,,PAP Monitor Type,Per device availability,,,,,,,,,PAP System,Resmed S10 Aircurve Auto BiLevel ASV,,,,
9YB-HZ6N-3Z4-7TS,BiLevel ST Package,Y87V-2N-NCDL-09V,PAP Monitoring,FALSE,NE-91U4-HX-9I-18,,"PAP Monitoring, Cellular Modem",A9279,,,PAP Monitor Type,Cellular Modem,,,,,,,,,PAP System,ResMed Auto,,,,,,
9YB-HZ6N-3Z4-7TS,BiLevel ST Package,Y87V-2N-NCDL-09V,PAP Monitoring,FALSE,NT-NB-0QTIG-RZR6,,"PAP Monitoring, SD Card (aka Card to Cloud)",A9279,,,PAP Monitor Type,SD Card (aka Card to Cloud),,,,,,,PAP System,Resmed S10 Aircurve Auto Bilevel C2C,,,,,,,,
9YB-HZ6N-3Z4-7TS,BiLevel ST Package,Y87V-2N-NCDL-09V,PAP Monitoring,FALSE,NU-KC-ILAS-EC-6Y,,"PAP Monitoring, Per device availability",A9279,PAP Monitor Type,Per device availability,,,,,,,,,,,,,PAP System,Drive Medical IntelliPAP,,,,
9YB-HZ6N-3Z4-7TS,BiLevel ST Package,Y87V-2N-NCDL-09V,PAP Monitoring,FALSE,NUQ1-2JUD8-9ASY6,,"PAP Monitoring, Cellular Modem",A9279,,,,,PAP Monitor Type,Cellular Modem,,,,,,,,,PAP System,Resmed Airsense 11 Fixed,,,,
9YB-HZ6N-3Z4-7TS,BiLevel ST Package,Y87V-2N-NCDL-09V,PAP Monitoring,FALSE,P5SVU-SVSEM-J15L,,"PAP Monitoring, Cellular Modem",A9279,,,PAP Monitor Type,Cellular Modem,,,,,,,,,PAP System,Devilbiss,,,,,,
9YB-HZ6N-3Z4-7TS,BiLevel ST Package,Y87V-2N-NCDL-09V,PAP Monitoring,FALSE,PHP-A3EF-0C-BGJQ,,"PAP Monitoring, Per device availability",A9279,,,PAP Monitor Type,Per device availability,,,,,,,,,PAP System,Fisher & Paykel (F&P) Icon,,,,,,
9YB-HZ6N-3Z4-7TS,BiLevel ST Package,Y87V-2N-NCDL-09V,PAP Monitoring,FALSE,PKI3-P5-0YHDF-AI,,"PAP Monitoring, Per device availability",A9279,,,,,PAP Monitor Type,Per device availability,,,,,,,,,,,PAP System,Fisher & Paykel (F&P) Icon Auto-CPAP Premium,,
9YB-HZ6N-3Z4-7TS,BiLevel ST Package,Y87V-2N-NCDL-09V,PAP Monitoring,FALSE,PQSKN-6I-MSAX-7N,,"PAP Monitoring, Cellular Modem",A9279,,,PAP Monitor Type,Cellular Modem,,,,,,,PAP System,Resmed S10 Aircurve Auto BiLevel,,,,,,,,
9YB-HZ6N-3Z4-7TS,BiLevel ST Package,Y87V-2N-NCDL-09V,PAP Monitoring,FALSE,PSDTL-IK-JF6P-86,,"PAP Monitoring, Per device availability",A9279,,,PAP Monitor Type,Per device availability,,,,,,,,,PAP System,Generic AVAPS,,,,,,
9YB-HZ6N-3Z4-7TS,BiLevel ST Package,Y87V-2N-NCDL-09V,PAP Monitoring,FALSE,Q75T-FB-GXTM3-E0,,"PAP Monitoring, Cellular Modem",A9279,PAP Monitor Type,Cellular Modem,,,,,,,,,,,PAP System,Resmed S10 Auto-BiPAP,,,,,,
9YB-HZ6N-3Z4-7TS,BiLevel ST Package,Y87V-2N-NCDL-09V,PAP Monitoring,FALSE,QB-75-PC-FVCY-8V,,"PAP Monitoring, Cellular Modem",A9279,,,,,,,PAP Monitor Type,Cellular Modem,,,,,,,PAP System,Respironics Dreamstation Auto BiPAP,,,,
9YB-HZ6N-3Z4-7TS,BiLevel ST Package,Y87V-2N-NCDL-09V,PAP Monitoring,FALSE,QBED-NY-36-G6-U1,,"PAP Monitoring, Cellular Modem",A9279,,,,,PAP Monitor Type,Cellular Modem,,,,,,,,,,,PAP System,Fisher & Paykel (F&P) Icon,,
9YB-HZ6N-3Z4-7TS,BiLevel ST Package,Y87V-2N-NCDL-09V,PAP Monitoring,FALSE,QG-NMD0-VAXUE-32,,"PAP Monitoring, Per device availability",A9279,,,,,PAP Monitor Type,Per device availability,,,,,,,,,PAP System,Drive Medical IntelliPAP BiLevel,,,,
9YB-HZ6N-3Z4-7TS,BiLevel ST Package,Y87V-2N-NCDL-09V,PAP Monitoring,FALSE,QIC-VSZ-1Y6-0YSZ,,"PAP Monitoring, Cellular Modem",A9279,,,PAP Monitor Type,Cellular Modem,,,,,,,,,PAP System,Resmed S10 Fixed CPAP,,,,,,
9YB-HZ6N-3Z4-7TS,BiLevel ST Package,Y87V-2N-NCDL-09V,PAP Monitoring,FALSE,QJ-G9I-FHVI4-453,,"PAP Monitoring, Cellular Modem",A9279,,,,,PAP Monitor Type,Cellular Modem,,,,,,,,,PAP System,Custom,,,,
9YB-HZ6N-3Z4-7TS,BiLevel ST Package,Y87V-2N-NCDL-09V,PAP Monitoring,FALSE,QY-XZ3-M7J-Y3B1E,,"PAP Monitoring, Cellular Modem",A9279,PAP Monitor Type,Cellular Modem,,,,,,,,,,,,,PAP System,Resmed S10 BiPAP ASV,,,,
9YB-HZ6N-3Z4-7TS,BiLevel ST Package,Y87V-2N-NCDL-09V,PAP Monitoring,FALSE,R6-V7AF-62TZ6-3D,,"PAP Monitoring, Cellular Modem",A9279,,,PAP Monitor Type,Cellular Modem,,,,,,,,,PAP System,Drive Medical IntelliPAP BiLevel,,,,,,
9YB-HZ6N-3Z4-7TS,BiLevel ST Package,Y87V-2N-NCDL-09V,PAP Monitoring,FALSE,RY-RC9C-CF-TA8J4,,"PAP Monitoring, Cellular Modem",A9279,,,PAP Monitor Type,Cellular Modem,,,,,,,PAP System,Respironics Dreamstation BiPAP ASV,,,,,,,,
9YB-HZ6N-3Z4-7TS,BiLevel ST Package,Y87V-2N-NCDL-09V,PAP Monitoring,FALSE,S3F9Y-HDQT-RL-AV,,"PAP Monitoring, Per device availability",A9279,,,PAP Monitor Type,Per device availability,,,,,,,,,PAP System,Drive Medical IntelliPAP Auto-CPAP,,,,,,
9YB-HZ6N-3Z4-7TS,BiLevel ST Package,Y87V-2N-NCDL-09V,PAP Monitoring,FALSE,SC-0Z69R-4ETG-53,,"PAP Monitoring, Cellular Modem",A9279,,,,,,,PAP Monitor Type,Cellular Modem,,,,,PAP System,Resmed AirSense 10 Elite,,,,,,
9YB-HZ6N-3Z4-7TS,BiLevel ST Package,Y87V-2N-NCDL-09V,PAP Monitoring,FALSE,SN-NMUAR-QJX5-GT,,"PAP Monitoring, Cellular Modem",A9279,,,,,,,PAP Monitor Type,Cellular Modem,,,,,,,,,PAP System,Resmed S10 Aircurve BiLevel,,
9YB-HZ6N-3Z4-7TS,BiLevel ST Package,Y87V-2N-NCDL-09V,PAP Monitoring,FALSE,T1AR5-ZIFK0-3G60,,"PAP Monitoring, Per device availability",A9279,,,PAP Monitor Type,Per device availability,,,,,,,,,PAP System,Custom,,,,,,
9YB-HZ6N-3Z4-7TS,BiLevel ST Package,Y87V-2N-NCDL-09V,PAP Monitoring,FALSE,T82JU-8LKLX-XK4P,,"PAP Monitoring, Per device availability",A9279,,,,,,,PAP Monitor Type,Per device availability,,,,,,,,,,,PAP System,Fisher & Paykel (F&P) Icon Auto-CPAP
9YB-HZ6N-3Z4-7TS,BiLevel ST Package,Y87V-2N-NCDL-09V,PAP Monitoring,FALSE,TM7-6C-9SUJ-25GF,,"PAP Monitoring, Per device availability",A9279,,,,,PAP Monitor Type,Per device availability,,,,,,,,,PAP System,Resvent iBreeze,,,,
9YB-HZ6N-3Z4-7TS,BiLevel ST Package,Y87V-2N-NCDL-09V,PAP Monitoring,FALSE,TSFYP-RM2Z9-KHJH,,"PAP Monitoring, Cellular Modem",A9279,PAP Monitor Type,Cellular Modem,,,,,,,,,,,,,,,PAP System,Resmed S10,,
9YB-HZ6N-3Z4-7TS,BiLevel ST Package,Y87V-2N-NCDL-09V,PAP Monitoring,FALSE,TVU1Z-PBP4V-9K35,,"PAP Monitoring, Cellular Modem",A9279,,,,,,,PAP Monitor Type,Cellular Modem,,,,,,,,,,,PAP System,3B Medical Luna II
9YB-HZ6N-3Z4-7TS,BiLevel ST Package,Y87V-2N-NCDL-09V,PAP Monitoring,FALSE,U1K83-QA-VLE9-9C,,"PAP Monitoring, Cellular Modem",A9279,PAP Monitor Type,Cellular Modem,,,,,,,,,,,PAP System,ResMed AirMini,,,,,,
9YB-HZ6N-3Z4-7TS,BiLevel ST Package,Y87V-2N-NCDL-09V,PAP Monitoring,FALSE,U3BCX-86M-P9-5JI,,"PAP Monitoring, Per device availability",A9279,,,,,PAP Monitor Type,Per device availability,,,,,PAP System,Drive Medical IntelliPAP BiLevel ST,,,,,,,,
9YB-HZ6N-3Z4-7TS,BiLevel ST Package,Y87V-2N-NCDL-09V,PAP Monitoring,FALSE,UBPI5-YG-RQZL-1U,,"PAP Monitoring, Per device availability",A9279,,,,,PAP Monitor Type,Per device availability,,,,,,,,,PAP System,ResMed S10 Auto-CPAP for Her,,,,
9YB-HZ6N-3Z4-7TS,BiLevel ST Package,Y87V-2N-NCDL-09V,PAP Monitoring,FALSE,UCJM-4VKQ-3X-G01,,"PAP Monitoring, Cellular Modem",A9279,,,,,PAP Monitor Type,Cellular Modem,,,,,,,,,PAP System,S8,,,,
9YB-HZ6N-3Z4-7TS,BiLevel ST Package,Y87V-2N-NCDL-09V,PAP Monitoring,FALSE,UMDFE-6K8B-0G-JC,,"PAP Monitoring, Cellular Modem",A9279,,,,,PAP Monitor Type,Cellular Modem,,,,,,,,,,,PAP System,Not Specified,,
9YB-HZ6N-3Z4-7TS,BiLevel ST Package,Y87V-2N-NCDL-09V,PAP Monitoring,FALSE,UQK7-4GYI-JBV-V9,,"PAP Monitoring, Cellular Modem",A9279,,,PAP Monitor Type,Cellular Modem,,,,,,,,,PAP System,Drive Medical IntelliPAP Auto BiLevel,,,,,,
9YB-HZ6N-3Z4-7TS,BiLevel ST Package,Y87V-2N-NCDL-09V,PAP Monitoring,FALSE,UTA-QZ-9T-J23-M1,,"PAP Monitoring, Per device availability",A9279,,,PAP Monitor Type,Per device availability,,,,,,,,,PAP System,Resmed S10 Auto-BiPAP,,,,,,
9YB-HZ6N-3Z4-7TS,BiLevel ST Package,Y87V-2N-NCDL-09V,PAP Monitoring,FALSE,UV-2ST4V-9Q-Y2KZ,,"PAP Monitoring, Cellular Modem",A9279,,,,,,,PAP Monitor Type,Cellular Modem,,,,,,,,,PAP System,Fixed,,
9YB-HZ6N-3Z4-7TS,BiLevel ST Package,Y87V-2N-NCDL-09V,PAP Monitoring,FALSE,V73-G7A-RAL-QP8C,,"PAP Monitoring, Per device availability",A9279,,,PAP Monitor Type,Per device availability,,,,,,,,,,,PAP System,Resmed Airsense 11 Fixed,,,,
9YB-HZ6N-3Z4-7TS,BiLevel ST Package,Y87V-2N-NCDL-09V,PAP Monitoring,FALSE,VDIU-H809-ULU-Z3,,"PAP Monitoring, Cellular Modem",A9279,PAP Monitor Type,Cellular Modem,,,,,,,,,PAP System,Respironics Deluxe,,,,,,,,
9YB-HZ6N-3Z4-7TS,BiLevel ST Package,Y87V-2N-NCDL-09V,PAP Monitoring,FALSE,VDQA-5USX9-4R-9I,,"PAP Monitoring, Cellular Modem",A9279,,,,,,,,,PAP Monitor Type,Cellular Modem,,,,,,,,,PAP System,Drive Medical IntelliPAP BiLevel ST
9YB-HZ6N-3Z4-7TS,BiLevel ST Package,Y87V-2N-NCDL-09V,PAP Monitoring,FALSE,VG2S-LM-3YHAL-ZM,,"PAP Monitoring, Per device availability",A9279,,,,,,,PAP Monitor Type,Per device availability,,,,,,,PAP System,"CPAP Machine, Respironics Dreamstation Auto-CPAP",,,,
9YB-HZ6N-3Z4-7TS,BiLevel ST Package,Y87V-2N-NCDL-09V,PAP Monitoring,FALSE,VK-76-5DZXN-ACP0,,"PAP Monitoring, Cellular Modem",A9279,,,,,PAP Monitor Type,Cellular Modem,,,,,,,,,PAP System,Resmed AirSense 10 AutoSet,,,,
9YB-HZ6N-3Z4-7TS,BiLevel ST Package,Y87V-2N-NCDL-09V,PAP Monitoring,FALSE,VQ-CE8Q-AXH71-8G,,"PAP Monitoring, Cellular Modem",A9279,,,PAP Monitor Type,Cellular Modem,,,,,,,,,PAP System,Respironics Dreamstation BiPAP AVAPS,,,,,,
9YB-HZ6N-3Z4-7TS,BiLevel ST Package,Y87V-2N-NCDL-09V,PAP Monitoring,FALSE,VUSP-RQ80T-9FCN7,,"PAP Monitoring, Per device availability",A9279,,,,,PAP Monitor Type,Per device availability,,,,,,,,,PAP System,Resmed S9 VPAP Auto BiLevel,,,,
9YB-HZ6N-3Z4-7TS,BiLevel ST Package,Y87V-2N-NCDL-09V,PAP Monitoring,FALSE,X2-9TEI0-VDYI-MR,,"PAP Monitoring, Per device availability",A9279,,,PAP Monitor Type,Per device availability,,,,,,,,,PAP System,Resmed S9 VPAP COPD,,,,,,
9YB-HZ6N-3Z4-7TS,BiLevel ST Package,Y87V-2N-NCDL-09V,PAP Monitoring,FALSE,X8L-N5IA-8F-LT7V,,"PAP Monitoring, Per device availability",A9279,,,,,PAP Monitor Type,Per device availability,,,,,,,,,PAP System,Respironics Premium,,,,
9YB-HZ6N-3Z4-7TS,BiLevel ST Package,Y87V-2N-NCDL-09V,PAP Monitoring,FALSE,XDZHK-QD6-6U5-CF,,"PAP Monitoring, Cellular Modem",A9279,,,,,PAP Monitor Type,Cellular Modem,,,,,,,,,PAP System,Respironics Premium,,,,
9YB-HZ6N-3Z4-7TS,BiLevel ST Package,Y87V-2N-NCDL-09V,PAP Monitoring,FALSE,XG41Q-95K4-FS-4Q,,"PAP Monitoring, Per device availability",A9279,,,PAP Monitor Type,Per device availability,,,,,,,,,PAP System,Fixed,,,,,,
9YB-HZ6N-3Z4-7TS,BiLevel ST Package,Y87V-2N-NCDL-09V,PAP Monitoring,FALSE,XKG-S5-JQ-IJ-I6Q,,"PAP Monitoring, ReactHealth",A9279,,,,,PAP Monitor Type,Per device availability,,,,,,,,,PAP System,ReactHealth,,,,
9YB-HZ6N-3Z4-7TS,BiLevel ST Package,Y87V-2N-NCDL-09V,PAP Monitoring,FALSE,XTL79-SK5I-GQTXY,,"PAP Monitoring, Cellular Modem",A9279,,,,,,,PAP Monitor Type,Cellular Modem,,,,,PAP System,Respironics Dreamstation Auto-CPAP,,,,,,
9YB-HZ6N-3Z4-7TS,BiLevel ST Package,Y87V-2N-NCDL-09V,PAP Monitoring,FALSE,XZJ-1JYUS-BF-6HB,,"PAP Monitoring, Per device availability",A9279,,,PAP Monitor Type,Per device availability,,,,,,,,,PAP System,S9 Cleanable,,,,,,
9YB-HZ6N-3Z4-7TS,BiLevel ST Package,Y87V-2N-NCDL-09V,PAP Monitoring,FALSE,Y35V-8I8JT-5T27Q,,"PAP Monitoring, Per device availability",A9279,,,,,,,,,PAP Monitor Type,Per device availability,,,,,,,,,PAP System,Respironics Deluxe
9YB-HZ6N-3Z4-7TS,BiLevel ST Package,Y87V-2N-NCDL-09V,PAP Monitoring,FALSE,Y5M9M-3Z9-MF2-18,,"PAP Monitoring, Cellular Modem",A9279,,,,,PAP Monitor Type,Cellular Modem,,,,,,,PAP System,Respironics Dreamstation 2 Auto-CPAP,,,,,,
9YB-HZ6N-3Z4-7TS,BiLevel ST Package,Y87V-2N-NCDL-09V,PAP Monitoring,FALSE,YBIE-YT-8I7K5-Y8,,"PAP Monitoring, Cellular Modem",A9279,,,,,,,PAP Monitor Type,Cellular Modem,,,,,,,PAP System,Fisher & Paykel (F&P) Icon Premium,,,,
9YB-HZ6N-3Z4-7TS,BiLevel ST Package,Y87V-2N-NCDL-09V,PAP Monitoring,FALSE,YD-H3S1-A0DE-XFJ,,"PAP Monitoring, Per device availability",A9279,,,,,PAP Monitor Type,Per device availability,,,,,,,,,PAP System,Automatic,,,,
9YB-HZ6N-3Z4-7TS,BiLevel ST Package,Y87V-2N-NCDL-09V,PAP Monitoring,FALSE,YHI-T1XT-AQB-1UJ,,"PAP Monitoring, Cellular Modem",A9279,,,,,,,PAP Monitor Type,Cellular Modem,,,,,,,,,PAP System,Resmed Auto for Her,,
9YB-HZ6N-3Z4-7TS,BiLevel ST Package,Y87V-2N-NCDL-09V,PAP Monitoring,FALSE,YS58-EPR3D-CB5Y0,,"PAP Monitoring, Per device availability",A9279,,,PAP Monitor Type,Per device availability,,,,,,,,,PAP System,Respironics,,,,,,
9YB-HZ6N-3Z4-7TS,BiLevel ST Package,Y87V-2N-NCDL-09V,PAP Monitoring,FALSE,YTM-FGQFX-MK-L6F,,"PAP Monitoring, Per device availability",A9279,,,PAP Monitor Type,Per device availability,,,,,,,PAP System,Resmed S10 Aircurve ST,,,,,,,,
9YB-HZ6N-3Z4-7TS,BiLevel ST Package,Y87V-2N-NCDL-09V,PAP Monitoring,FALSE,Z67T-N8-8D6-NJEB,,"PAP Monitoring, Per device availability",A9279,,,,,PAP Monitor Type,Per device availability,,,,,,,,,PAP System,Respironics Dreamstation,,,,
9YB-HZ6N-3Z4-7TS,BiLevel ST Package,Y87V-2N-NCDL-09V,PAP Monitoring,FALSE,Z6MT-G6F-XQM8-LZ,,"PAP Monitoring, Cellular Modem",A9279,PAP Monitor Type,Cellular Modem,,,,,,,,,,,,,PAP System,S9,,,,
9YB-HZ6N-3Z4-7TS,BiLevel ST Package,Y87V-2N-NCDL-09V,PAP Monitoring,FALSE,Z8P-THDHU-2GL-RY,,"PAP Monitoring, Cellular Modem",A9279,,,,,,,PAP Monitor Type,Cellular Modem,,,,,,,,,PAP System,ResMed AirMini Portable,,
9YB-HZ6N-3Z4-7TS,BiLevel ST Package,Y87V-2N-NCDL-09V,PAP Monitoring,FALSE,ZB-B2X5T-Z7ZL-9V,,"PAP Monitoring, Per device availability",A9279,,,,,PAP Monitor Type,Per device availability,,,,,,,,,PAP System,S10,,,,
9YB-HZ6N-3Z4-7TS,BiLevel ST Package,Y87V-2N-NCDL-09V,PAP Monitoring,FALSE,ZMA1-JQ-N6NK-1I2,,"PAP Monitoring, Cellular Modem",A9279,,,,,,,PAP Monitor Type,Cellular Modem,,,,,,,,,PAP System,Resmed S10 Aircurve Auto BiLevel ASV,,
9YB-HZ6N-3Z4-7TS,BiLevel ST Package,Y87V-2N-NCDL-09V,PAP Monitoring,FALSE,ZN-VPDK-LQ-9TFTN,,"PAP Monitoring, Cellular Modem",A9279,,,PAP Monitor Type,Cellular Modem,,,,,,,,,,,PAP System,S9 Cleanable,,,,
9YB-HZ6N-3Z4-7TS,BiLevel ST Package,Y87V-2N-NCDL-09V,PAP Monitoring,FALSE,ZQC1-RJS6-4H-BIP,,"PAP Monitoring, Cellular Modem",A9279,,,,,,,,,PAP Monitor Type,Cellular Modem,,,PAP System,Respironics Dreamstation,,,,,,
9YB-HZ6N-3Z4-7TS,BiLevel ST Package,Y87V-2N-NCDL-09V,PAP Monitoring,FALSE,ZUK1Z-VKTK-0B5VA,,"PAP Monitoring, Cellular Modem",A9279,,,PAP Monitor Type,Cellular Modem,,,,,,,,,PAP System,Generic AVAPS,,,,,,
CU-YTAFL-56ZH-GZ,BiLevel ASV Package,1P3-CS4E-VFQ-8EA,Non-Disposable PAP Filter,TRUE,IQFK-CA82-M0-4E1,,"Non-Disposable PAP Filter, 1 per 6 months",A7039,,,,,,,,,,,Non-Disposable PAP Filter,Included,,,,,,,,
CU-YTAFL-56ZH-GZ,BiLevel ASV Package,6B-G8YD-QX5-Q0LA,PAP Mask Interface Cushion,FALSE,29X1-MA-FT-JY-CT,,"PAP Mask Interface Cushion, Nasal Pillow, 2 per 1 month",A7033,,,,,,,Mask Frame,Nasal Pillow,,,,,,,,,,,,
CU-YTAFL-56ZH-GZ,BiLevel ASV Package,6B-G8YD-QX5-Q0LA,PAP Mask Interface Cushion,FALSE,97-UIGCM-N91-NKB,,"PAP Mask Interface Cushion, Fit to Comfort.",IFC,Mask Frame,Patient Preference,,,,,,,,,,,,,,,,,,
CU-YTAFL-56ZH-GZ,BiLevel ASV Package,6B-G8YD-QX5-Q0LA,PAP Mask Interface Cushion,FALSE,98VR5-ACDY-CMQAT,,"PAP Mask Interface Cushion, Oral / Nasal Hybrid, 2 per 1 month",A7028,,,,,,,,,,,,,Mask Frame,Oral / Nasal Hybrid,,,,,,
CU-YTAFL-56ZH-GZ,BiLevel ASV Package,6B-G8YD-QX5-Q0LA,PAP Mask Interface Cushion,FALSE,JE28-YGS3R-VM-9C,,"PAP Mask Interface Cushion, Full Face, 1 per 1 month",A7031,,,,,,,Mask Frame,Full Face,,,,,,,,,,,,
CU-YTAFL-56ZH-GZ,BiLevel ASV Package,6B-G8YD-QX5-Q0LA,PAP Mask Interface Cushion,FALSE,PDCBV-TAB-ESL-15,,"PAP Mask Interface Cushion, Oral, 2 per 1 month",A7028,,,,,,,,,,,,,,,Mask Frame,Oral,,,,
CU-YTAFL-56ZH-GZ,BiLevel ASV Package,6B-G8YD-QX5-Q0LA,PAP Mask Interface Cushion,FALSE,TNI-C7UN-6ZI-SU5,,"PAP Mask Interface Cushion, Fit to Comfort",IFC,,,,,,,,,,,Mask Frame,Fit to Comfort,,,,,,,,
CU-YTAFL-56ZH-GZ,BiLevel ASV Package,6I-CU-K6-MNT4-BF,PAP Machine Tubing,FALSE,10RK-4K8S2-T6-EV,,"PAP Machine Tubing, Heated, 1 per 3 months",A4604,,,,,,,Tubing Type,Heated,,,,,,,,,,,,
CU-YTAFL-56ZH-GZ,BiLevel ASV Package,6I-CU-K6-MNT4-BF,PAP Machine Tubing,FALSE,31JB8-VF7-2K-L04,,"Climate Line Air Pap Machine Tubing, Heated, 1 per 3 months",A4604,,,Tubing Type,Climate Line Air Heated,,,,,,,,,,,,,,,,
CU-YTAFL-56ZH-GZ,BiLevel ASV Package,6I-CU-K6-MNT4-BF,PAP Machine Tubing,FALSE,9JEVE-LS7S-IKST2,,"PAP Machine Tubing, Non-Heated, 1 per 3 months",A7037,,,,,,,,,,,,,,,Tubing Type,Non-Heated,,,,
CU-YTAFL-56ZH-GZ,BiLevel ASV Package,6I-CU-K6-MNT4-BF,PAP Machine Tubing,FALSE,CGHB-27DG6-SY-PQ,,"SlimLine PAP Machine Tubing, Non-Heated, 1 per 3 months",A7037,,,,,,,,,,,,,,,,,,,Tubing Type,SlimLine Non-Heated
CU-YTAFL-56ZH-GZ,BiLevel ASV Package,6I-CU-K6-MNT4-BF,PAP Machine Tubing,FALSE,L238-KQMY-KDT-2Q,,"PAP Machine Tubing, Fit to Comfort",A7037/A4604,,,,,Tubing Type,Patient Preference,,,,,,,,,,,,,,
CU-YTAFL-56ZH-GZ,BiLevel ASV Package,A4DJ-QS-NZK-EJ6I,PAP Sanitizer with Mask Wipes and Filter,FALSE,LJG9F-8Y-CAVB-Y4,,SoClean 2 Setup with Mask Wipes and Filter,X9999,,,,,PAP Sanitizer Brand,SoClean 2,,,,,,,,,,,,,,
CU-YTAFL-56ZH-GZ,BiLevel ASV Package,B29-DBQ-BC3PJ-VA,PAP Mask,TRUE,0KLA9-6X71-5AHMU,,"PAP Mask, Nasal, Airtouch N20, Small, 1 per 3 months",A7034,,,,,,,,,,,,,,,Mask Brand,Airtouch N20,,,,
CU-YTAFL-56ZH-GZ,BiLevel ASV Package,B29-DBQ-BC3PJ-VA,PAP Mask,TRUE,0Q-6C-QUY-DZ9-JP,,"PAP Mask, Nasal Pillow, Resmed Airfit P10, Medium, 1 per 3 months",A7034,Mask Brand,Resmed Airfit P10,,,,,,,,,,,,,,,,,,
CU-YTAFL-56ZH-GZ,BiLevel ASV Package,B29-DBQ-BC3PJ-VA,PAP Mask,TRUE,0RNGD-U9R2-4ZLDF,,"PAP Mask, Nasal, Fisher & Paykel Zest, Fit Upon Setup",A7034,,,Mask Brand,Fisher & Paykel Zest,,,,,,,,,,,,,,,,
CU-YTAFL-56ZH-GZ,BiLevel ASV Package,B29-DBQ-BC3PJ-VA,PAP Mask,TRUE,13JM-6JX3N-CI-78,,"PAP Mask, Fit to Comfort, Full Face, 1 per 3 months",A7030,,,,,,,,,,,Mask Brand,Fit Upon Setup,,,,,,,,
CU-YTAFL-56ZH-GZ,BiLevel ASV Package,B29-DBQ-BC3PJ-VA,PAP Mask,TRUE,14V-6RTC4-JVU-BU,,"PAP Mask, Oral / Nasal Hybrid, Fit Upon Setup, N/A, 1 per 3 months",A7027,,,,,,,,,,,Mask Brand,Fit Upon Setup,,,,,,,,
CU-YTAFL-56ZH-GZ,BiLevel ASV Package,B29-DBQ-BC3PJ-VA,PAP Mask,TRUE,1F7-50R6A-RQ9-U1,,"PAP Mask, Nasal Pillow, Fit Upon Setup, N/A, 1 per 3 months",A7034,,,,,,,,,Mask Brand,Fit Upon Setup,,,,,,,,,,
CU-YTAFL-56ZH-GZ,BiLevel ASV Package,B29-DBQ-BC3PJ-VA,PAP Mask,TRUE,1N0R-K7HQ-GV-RNC,,"PAP Mask, Full Face, Dreamwear, Small (SM Frame), 1 per 3 months",A7030,,,,,Mask Brand,Dreamwear,,,,,,,,,,,,,,
CU-YTAFL-56ZH-GZ,BiLevel ASV Package,B29-DBQ-BC3PJ-VA,PAP Mask,TRUE,21AIQ-8RX7-13-NZ,,"PAP Mask, Nasal, Respironics Wisp Fabric, Complete, 1 per 3 months",A7034,,,,,,,,,,,Mask Brand,Respironics Wisp Fabric,,,,,,,,
CU-YTAFL-56ZH-GZ,BiLevel ASV Package,B29-DBQ-BC3PJ-VA,PAP Mask,TRUE,2LK4L-DAJH-D74N7,,"PAP Mask, Fit to Comfort, Oral, 1 per 3 months",A7044,,,,,,,Mask Brand,Fit Upon Setup,,,,,,,,,,,,
CU-YTAFL-56ZH-GZ,BiLevel ASV Package,B29-DBQ-BC3PJ-VA,PAP Mask,TRUE,2N-JGUA-Y4E-ZHXZ,,"PAP Mask, Nasal Pillow, Dreamwear, Large (SM Frame), 1 per 3 months",A7034,,,,,,,,,,,,,,,Mask Brand,Dreamwear,,,,
CU-YTAFL-56ZH-GZ,BiLevel ASV Package,B29-DBQ-BC3PJ-VA,PAP Mask,TRUE,2R-K5-6G-TCEF-UB,,"PAP Mask, Full Face, Fisher & Paykel Vitera, Small, 1 per 3 months",A7030,,,Mask Brand,Fisher & Paykel Vitera,,,,,,,,,,,,,,,,
CU-YTAFL-56ZH-GZ,BiLevel ASV Package,B29-DBQ-BC3PJ-VA,PAP Mask,TRUE,2UP8-FY-C0EQH-UD,,"PAP Mask, Nasal Pillow, Airfit P10, X-Small, 2 per 1 month",A7033,,,Mask Brand,AirFit P10,,,,,,,,,,,,,,,,
CU-YTAFL-56ZH-GZ,BiLevel ASV Package,B29-DBQ-BC3PJ-VA,PAP Mask,TRUE,2V-RD0T-FLT-PEMY,,"PAP Mask, Nasal, Resmed Airfit N20, Fit Upon Setup, 1 per 3 months",A7034,,,,,,,,,Mask Brand,Resmed Airfit N20,,,,,,,,,,
CU-YTAFL-56ZH-GZ,BiLevel ASV Package,B29-DBQ-BC3PJ-VA,PAP Mask,TRUE,31BTL-1HJ6Y-3S58,,"PAP Mask, Nasal Pillow, Nuance Gel, Fit Upon Setup, 1 per 3 month",A7033,,,,,,,,,,,,,,,,,,,Mask Brand,Nuance
CU-YTAFL-56ZH-GZ,BiLevel ASV Package,B29-DBQ-BC3PJ-VA,PAP Mask,TRUE,362P-LN-CQ1LA-B4,,"PAP Mask, Full Face, Airfit F30I, Medium, 1 per 3 months",A7030,,,,,,,,,,,,,,,,,Mask Brand,Airfit F30I,,
CU-YTAFL-56ZH-GZ,BiLevel ASV Package,B29-DBQ-BC3PJ-VA,PAP Mask,TRUE,3BUPB-0E-RPZ-NZ0,,"PAP Mask, Nasal, Resmed Airfit N20, Medium, 1 per 3 months",A7034,,,Mask Brand,Resmed Airfit N20,,,,,,,,,,,,,,,,
CU-YTAFL-56ZH-GZ,BiLevel ASV Package,B29-DBQ-BC3PJ-VA,PAP Mask,TRUE,3GL5B-MI95P-CL3M,,"PAP Mask, Nasal Pillow, Resmed Airfit P10 for Her, Complete, 1 per 3 months",A7034,,,,,,,,,,,Mask Brand,Resmed Airfit P10 for Her,,,,,,,,
CU-YTAFL-56ZH-GZ,BiLevel ASV Package,B29-DBQ-BC3PJ-VA,PAP Mask,TRUE,3J3-GC-SI2-JE-YB,,"PAP Mask, Nasal, Fisher & Paykel Eson, Large, 1 per 3 months",A7034,,,,,,,,,,,,,,,Mask Brand,Fisher & Paykel Eson,,,,
CU-YTAFL-56ZH-GZ,BiLevel ASV Package,B29-DBQ-BC3PJ-VA,PAP Mask,TRUE,3K3GT-R0-XAT-20T,,"PAP Mask, Full Face, Respironics Amara View, Small, 1 per 3 months",A7030,Mask Brand,Respironics Amara View,,,,,,,,,,,,,,,,,,
CU-YTAFL-56ZH-GZ,BiLevel ASV Package,B29-DBQ-BC3PJ-VA,PAP Mask,TRUE,3KSX-GCTP1-H8C7Q,,"PAP Mask, Nasal Pillow, Nuance Gel, Medium, 2 per 1 month",A7033,,,,,,,,,,,,,,,,,Mask Brand,Nuance Gel,,
CU-YTAFL-56ZH-GZ,BiLevel ASV Package,B29-DBQ-BC3PJ-VA,PAP Mask,TRUE,3U-RT-X6JI-46TIQ,,"PAP Mask, Nasal, Fisher & Paykel Eson, Small, 1 per 3 months",A7034,Mask Brand,Fisher & Paykel Eson,,,,,,,,,,,,,,,,,,
CU-YTAFL-56ZH-GZ,BiLevel ASV Package,B29-DBQ-BC3PJ-VA,PAP Mask,TRUE,3Z2EG-FY1S0-PLVM,,"PAP Mask, Nasal, Fit Upon Setup, N/A, 1 per 3 months",A7034,Mask Brand,Fit Upon Setup,,,,,,,,,,,,,,,,,,
CU-YTAFL-56ZH-GZ,BiLevel ASV Package,B29-DBQ-BC3PJ-VA,PAP Mask,TRUE,3ZN0-9M-U9X-CDE6,,"PAP Mask, Nasal, Dreamwisp Fit, Fit Upon Setup, 1 per 3 months",A7034,,,,,,,,,,,,,,,,,,,Mask Brand,Dreamwisp Fit
CU-YTAFL-56ZH-GZ,BiLevel ASV Package,B29-DBQ-BC3PJ-VA,PAP Mask,TRUE,43NX-0X9I-ZMS-6T,,"PAP Mask, Nasal, Fisher & Paykel Eson 2, Large, 1 per 3 months",A7034,Mask Brand,Fisher & Paykel Eson 2,,,,,,,,,,,,,,,,,,
CU-YTAFL-56ZH-GZ,BiLevel ASV Package,B29-DBQ-BC3PJ-VA,PAP Mask,TRUE,48B-SZD7B-S32-YX,,"PAP Mask, Nasal, Fisher & Paykel Evora, Fit Upon Setup, 1 per 3 months",A7034,,,,,,,,,Mask Brand,Fisher & Paykel Evora Nasal,,,,,,,,,,
CU-YTAFL-56ZH-GZ,BiLevel ASV Package,B29-DBQ-BC3PJ-VA,PAP Mask,TRUE,49D-P3U2V-NQ4-64,,"PAP Mask, Nasal, Respironics Dreamwear, Complete, 1 per 3 months",A7034,,,,,,,,,,,,,,,,,Mask Brand,Respironics Dreamwear,,
CU-YTAFL-56ZH-GZ,BiLevel ASV Package,B29-DBQ-BC3PJ-VA,PAP Mask,TRUE,4E-24V3-7BA-U8KN,,"PAP Mask, Nasal, Fisher & Paykel Eson 2, Medium, 1 per 3 months",A7034,,,,,,,,,Mask Brand,Fisher & Paykel Eson 2,,,,,,,,,,
CU-YTAFL-56ZH-GZ,BiLevel ASV Package,B29-DBQ-BC3PJ-VA,PAP Mask,TRUE,4F-KCB3-1ACK9-MB,,"PAP Mask, Full Face, Resmed Airfit F20, Small, 1 per 3 months",A7030,,,,,,,,,,,,,,,,,,,Mask Brand,Resmed Airfit F20
CU-YTAFL-56ZH-GZ,BiLevel ASV Package,B29-DBQ-BC3PJ-VA,PAP Mask,TRUE,4HR-AU9G-UMQ-Y2D,,"PAP Mask, Nasal, Resmed Mirage FX, Complete, 1 per 3 months",A7034,,,,,,,,,,,,,,,,,Mask Brand,Resmed Mirage FX,,
CU-YTAFL-56ZH-GZ,BiLevel ASV Package,B29-DBQ-BC3PJ-VA,PAP Mask,TRUE,4N-DI-94P-BQ9-HE,,"PAP Mask, Nasal, Airfit N30I, Fit Upon Setup, 1 per 3 months",A7034,,,,,,,,,,,,,Mask Brand,Airfit N30I,,,,,,
CU-YTAFL-56ZH-GZ,BiLevel ASV Package,B29-DBQ-BC3PJ-VA,PAP Mask,TRUE,4Y-GY-U4A9-R8NGI,,"PAP Mask, Nasal, Dreamwear, Medium Wide (MD Frame), 1 per 3 months",A7034,Mask Brand,Dreamwear,,,,,,,,,,,,,,,,,,
CU-YTAFL-56ZH-GZ,BiLevel ASV Package,B29-DBQ-BC3PJ-VA,PAP Mask,TRUE,51M-9D5QM-ST4-CG,,"PAP Mask, Nasal Cushion, Fisher & Paykel Eson 2",A7034,,,,,,,,,,,Mask Brand,Fisher & Paykel Eson 2,,,,,,,,
CU-YTAFL-56ZH-GZ,BiLevel ASV Package,B29-DBQ-BC3PJ-VA,PAP Mask,TRUE,57-E8D6-QM5T1-3C,,"PAP Mask, Nasal, Dreamwear, Medium (SM Frame), 1 per 3 months",A7034,,,,,Mask Brand,Dreamwear,,,,,,,,,,,,,,
CU-YTAFL-56ZH-GZ,BiLevel ASV Package,B29-DBQ-BC3PJ-VA,PAP Mask,TRUE,5AC-L3-DI-7D-4T8,,"PAP Mask, Full Face, Dreamwear, Small (LG Frame), 1 per 3 months",A7030,,,,,,,,,,,,,,,,,,,Mask Brand,Dreamwear
CU-YTAFL-56ZH-GZ,BiLevel ASV Package,B29-DBQ-BC3PJ-VA,PAP Mask,TRUE,5D-3X-H8-86-71HZ,,"PAP Mask, Nasal Pillow, Airfit P10, Medium, 2 per 1 month",A7033,,,,,,,Mask Brand,AirFit P10,,,,,,,,,,,,
CU-YTAFL-56ZH-GZ,BiLevel ASV Package,B29-DBQ-BC3PJ-VA,PAP Mask,TRUE,5G236-JL-EV3T-3D,,"PAP Mask, Nasal Pillow, Dreamwear, Small (SM Frame), 1 per 3 months",A7034,,,,,,,,,,,,,,,,,Mask Brand,Dreamwear,,
CU-YTAFL-56ZH-GZ,BiLevel ASV Package,B29-DBQ-BC3PJ-VA,PAP Mask,TRUE,5RHC-MYA9I-0K-5D,,"PAP Mask, Nasal Cushion, Respironics Wisp Fabric",A7034,,,,,,,,,,,,,,,,,Mask Brand,Respironics Wisp Fabric,,
CU-YTAFL-56ZH-GZ,BiLevel ASV Package,B29-DBQ-BC3PJ-VA,PAP Mask,TRUE,5S-KABP-7Q8CR-F8,,"PAP Mask, Full Face, Resmed Airfit F10, Large, 1 per 3 months",A7030,,,,,,,Mask Brand,Resmed Airfit F10,,,,,,,,,,,,
CU-YTAFL-56ZH-GZ,BiLevel ASV Package,B29-DBQ-BC3PJ-VA,PAP Mask,TRUE,5S-V2J3-S7I8-TX1,,"PAP Mask, Full Face, Amara Gel, Medium, 1 per 3 months",A7030,Mask Brand,Amara Gel,,,,,,,,,,,,,,,,,,
CU-YTAFL-56ZH-GZ,BiLevel ASV Package,B29-DBQ-BC3PJ-VA,PAP Mask,TRUE,5U-0PF4M-EK-VD5S,,"PAP Mask, Nasal, Resmed Airfit N10, Complete, 1 per 3 months",A7034,Mask Brand,Resmed Airfit N10,,,,,,,,,,,,,,,,,,
CU-YTAFL-56ZH-GZ,BiLevel ASV Package,B29-DBQ-BC3PJ-VA,PAP Mask,TRUE,5YQ-0Y-1DS0-8NKJ,,"PAP Mask, Full Face, Resmed Airtouch F20 for Her, Medium, 1 per 3 months",A7030,,,,,,,,,,,,,,,Mask Brand,Resmed Airtouch F20 for Her,,,,
CU-YTAFL-56ZH-GZ,BiLevel ASV Package,B29-DBQ-BC3PJ-VA,PAP Mask,TRUE,65X0-MFUCL-6H-J8,,"PAP Mask, Full Face, Fisher & Paykel Vitera, Medium, 1 per 3 months",A7030,,,,,,,,,,,,,Mask Brand,Fisher & Paykel Vitera,,,,,,
CU-YTAFL-56ZH-GZ,BiLevel ASV Package,B29-DBQ-BC3PJ-VA,PAP Mask,TRUE,6I-N0-S4Y-TVN-MD,,"PAP Mask, Nasal Pillow, Swift FX, X-Small, 2 per 1 month",A7033,,,,,Mask Brand,Swift FX,,,,,,,,,,,,,,
CU-YTAFL-56ZH-GZ,BiLevel ASV Package,B29-DBQ-BC3PJ-VA,PAP Mask,TRUE,6N5-3Z2-CMQDH-ZF,,"PAP Mask, Full Face, Resmed Quattro FX, Large, 1 per 3 months",A7030,,,,,,,Mask Brand,Resmed Quattro FX,,,,,,,,,,,,
CU-YTAFL-56ZH-GZ,BiLevel ASV Package,B29-DBQ-BC3PJ-VA,PAP Mask,TRUE,6YL-IBI8-0PK-6S6,,"PAP Mask, Nasal Pillow, Airfit P30I, Standard, 1 per 3 months",A7034,,,,,,,,,,,,,Mask Brand,Airfit P30I,,,,,,
CU-YTAFL-56ZH-GZ,BiLevel ASV Package,B29-DBQ-BC3PJ-VA,PAP Mask,TRUE,71K-Y6E93-CG-Z5E,,"PAP Mask, Nasal Pillow, Resmed Airfit P10, Large, 1 per 3 months",A7034,,,,,,,,,Mask Brand,Resmed Airfit P10,,,,,,,,,,
CU-YTAFL-56ZH-GZ,BiLevel ASV Package,B29-DBQ-BC3PJ-VA,PAP Mask,TRUE,7D8-CFD-9EYN-KBX,,"PAP Mask, Nasal, Fisher & Paykel Eson, Fit Upon Setup, 1 per 3 months",A7034,,,,,,,,,,,,,Mask Brand,Fisher & Paykel Eson,,,,,,
CU-YTAFL-56ZH-GZ,BiLevel ASV Package,B29-DBQ-BC3PJ-VA,PAP Mask,TRUE,7GX-5LY-Q1Y1F-0R,,"PAP Mask, Nasal Pillow, Dreamwear, Large (MD Frame), 1 per 3 months",A7034,,,Mask Brand,Dreamwear,,,,,,,,,,,,,,,,
CU-YTAFL-56ZH-GZ,BiLevel ASV Package,B29-DBQ-BC3PJ-VA,PAP Mask,TRUE,7NHX-4H-NMPT-EZM,,"PAP Mask, Nasal, Airfit N30I, Wide, 1 per 3 months",A7034,Mask Brand,Airfit N30I,,,,,,,,,,,,,,,,,,
CU-YTAFL-56ZH-GZ,BiLevel ASV Package,B29-DBQ-BC3PJ-VA,PAP Mask,TRUE,7ZG-CNK-CSPMT-29,,"PAP Mask, Nasal Pillow, Resmed P30i",A7034,,,,,,,,,,,Mask Brand,Resmed P30i,,,,,,,,
CU-YTAFL-56ZH-GZ,BiLevel ASV Package,B29-DBQ-BC3PJ-VA,PAP Mask,TRUE,8AKDZ-IFJ9-C81BK,,"PAP Mask, Full Face, Dreamwear, Large (LG Frame), 1 per 3 months",A7030,Mask Brand,Dreamwear,,,,,,,,,,,,,,,,,,
CU-YTAFL-56ZH-GZ,BiLevel ASV Package,B29-DBQ-BC3PJ-VA,PAP Mask,TRUE,8L8-Z9-SYZN-5DLA,,"PAP Mask, Nasal Pillow, Airfit P30I, Large, 2 per 1 month",A7033,,,Mask Brand,Airfit P30I,,,,,,,,,,,,,,,,
CU-YTAFL-56ZH-GZ,BiLevel ASV Package,B29-DBQ-BC3PJ-VA,PAP Mask,TRUE,8SV6-Q6P3C-Q4-VM,,"PAP Mask, Nasal, Fisher & Paykel Eson, Medium, 1 per 3 months",A7034,,,,,,,,,,,,,,,Mask Brand,Fisher & Paykel Eson,,,,
CU-YTAFL-56ZH-GZ,BiLevel ASV Package,B29-DBQ-BC3PJ-VA,PAP Mask,TRUE,8U-7MCZ-AU7G-9YT,,"PAP Mask, Nasal, Resmed Mirage FX, Fit Upon Setup, 1 per 3 months",A7034,,,,,,,,,,,,,,,,,,,Mask Brand,Resmed Mirage FX
CU-YTAFL-56ZH-GZ,BiLevel ASV Package,B29-DBQ-BC3PJ-VA,PAP Mask,TRUE,8ZS-M5D-HQKFM-2E,,"PAP Mask, Fit to Comfort, Oral / Nasal Hybrid, 1 per 3 months",A7027,,,,,,,Mask Brand,Fit Upon Setup,,,,,,,,,,,,
CU-YTAFL-56ZH-GZ,BiLevel ASV Package,B29-DBQ-BC3PJ-VA,PAP Mask,TRUE,95BV-4G7T0-2JUKM,,"PAP Mask, Full Face, Resmed Airfit F20 for Her, Medium, 1 per 3 months",A7030,,,,,,,,,,,,,,,Mask Brand,Resmed Airfit F20 for Her,,,,
CU-YTAFL-56ZH-GZ,BiLevel ASV Package,B29-DBQ-BC3PJ-VA,PAP Mask,TRUE,97J-AB4-LKG6-FEJ,,"PAP Mask, Nasal Pillow, Airfit P30I, Medium, 2 per 1 month",A7033,,,,,,,Mask Brand,Airfit P30I,,,,,,,,,,,,
CU-YTAFL-56ZH-GZ,BiLevel ASV Package,B29-DBQ-BC3PJ-VA,PAP Mask,TRUE,980FC-YAMY-NMEPI,,"PAP Mask, Fit to Comfort, Nasal Pillow, 1 per 3 months",A7034,,,,,,,,,,,Mask Brand,Fit Upon Setup,,,,,,,,
CU-YTAFL-56ZH-GZ,BiLevel ASV Package,B29-DBQ-BC3PJ-VA,PAP Mask,TRUE,9G-PF5N8-E0DE-R2,,"PAP Mask, Full Face, Resmed Airfit F10, Medium, 1 per 3 months",A7030,Mask Brand,Resmed Airfit F10,,,,,,,,,,,,,,,,,,
CU-YTAFL-56ZH-GZ,BiLevel ASV Package,B29-DBQ-BC3PJ-VA,PAP Mask,TRUE,9M6D-PDBMJ-XEFZ4,,"PAP Mask, Nasal Pillow, Swift FX, Small, 2 per 1 month",A7033,,,,,,,,,,,,,Mask Brand,Swift FX,,,,,,
CU-YTAFL-56ZH-GZ,BiLevel ASV Package,B29-DBQ-BC3PJ-VA,PAP Mask,TRUE,9YFQ-KUZ-7B8E-XM,,"PAP Mask, Nasal Cushion, Resmed N30",A7034,,,,,,,,,Mask Brand,Resmed N30,,,,,,,,,,
CU-YTAFL-56ZH-GZ,BiLevel ASV Package,B29-DBQ-BC3PJ-VA,PAP Mask,TRUE,9YZ-MV0B9-MT4-9J,,"PAP Mask, Full Face, Fisher & Paykel Vitera, Large, 1 per 3 months",A7030,,,,,,,,,,,Mask Brand,Fisher & Paykel Vitera,,,,,,,,
CU-YTAFL-56ZH-GZ,BiLevel ASV Package,B29-DBQ-BC3PJ-VA,PAP Mask,TRUE,A5G-YA26-PHXU-Z7,,"PAP Mask, Nasal, Airtouch N20, Medium, 1 per 3 months",A7034,,,,,,,,,,,,,,,Mask Brand,Airtouch N20,,,,
CU-YTAFL-56ZH-GZ,BiLevel ASV Package,B29-DBQ-BC3PJ-VA,PAP Mask,TRUE,AS-TN-P6IB-I03K8,,"PAP Mask, Nasal, Wisp, Fit Upon Setup, 1 per 3 months",A7034,,,,,,,,,Mask Brand,Wisp,,,,,,,,,,
CU-YTAFL-56ZH-GZ,BiLevel ASV Package,B29-DBQ-BC3PJ-VA,PAP Mask,TRUE,AT4GH-86-7HL-7HP,,"PAP Mask, Full Face, Resmed Quattro, Large, 1 per 3 months",A7030,Mask Brand,Resmed Quattro,,,,,,,,,,,,,,,,,,
CU-YTAFL-56ZH-GZ,BiLevel ASV Package,B29-DBQ-BC3PJ-VA,PAP Mask,TRUE,B18-YIPD-2K-4IT7,,"PAP Mask, Full Face, Resmed Airtouch F20 for Her, Small, 1 per 3 months",A7030,Mask Brand,Resmed Airtouch F20 for Her,,,,,,,,,,,,,,,,,,
CU-YTAFL-56ZH-GZ,BiLevel ASV Package,B29-DBQ-BC3PJ-VA,PAP Mask,TRUE,BP95-KNQ9P-QX-T5,,"PAP Mask, Nasal Pillow, Fisher & Paykel Pilairo Q, Standard, 1 per 3 months",A7034,,,,,,,,,,,Mask Brand,Fisher & Paykel Pilairo Q,,,,,,,,
CU-YTAFL-56ZH-GZ,BiLevel ASV Package,B29-DBQ-BC3PJ-VA,PAP Mask,TRUE,BQK2-5GU-BZVZ-UT,,"PAP Mask, Nasal, Airfit N30I, Small, 1 per 3 months",A7034,,,,,Mask Brand,Airfit N30I,,,,,,,,,,,,,,
CU-YTAFL-56ZH-GZ,BiLevel ASV Package,B29-DBQ-BC3PJ-VA,PAP Mask,TRUE,BX1-7H3N-GU-UE80,,"PAP Mask, Full Face, Resmed Quattro, Small, 1 per 3 months",A7030,,,,,,,,,Mask Brand,Resmed Quattro,,,,,,,,,,
CU-YTAFL-56ZH-GZ,BiLevel ASV Package,B29-DBQ-BC3PJ-VA,PAP Mask,TRUE,CD0J-GK-UH-GTGEV,,"PAP Mask, Nasal, Resmed Airfit N20, Small, 1 per 3 months",A7034,,,,,,,,,,,,,,,,,Mask Brand,Resmed Airfit N20,,
CU-YTAFL-56ZH-GZ,BiLevel ASV Package,B29-DBQ-BC3PJ-VA,PAP Mask,TRUE,CH-GS-TLH-DS1-N6,,"PAP Mask, Nasal Pillow, Dreamwear Pillows, Fit Upon Setup, 1 per 3 months",A7033,,,Mask Brand,Dreamwear Pillows,,,,,,,,,,,,,,,,
CU-YTAFL-56ZH-GZ,BiLevel ASV Package,B29-DBQ-BC3PJ-VA,PAP Mask,TRUE,CI3G-GN-B35P-9I9,,"PAP Mask, Oral, Fit Upon Setup, N/A, 1 per 3 months",A7044,,,,,,,,,,,Mask Brand,Fit Upon Setup,,,,,,,,
CU-YTAFL-56ZH-GZ,BiLevel ASV Package,B29-DBQ-BC3PJ-VA,PAP Mask,TRUE,CKH-454CH-CKB-SC,,"PAP Mask, Nasal, Airfit N30I, Medium, 1 per 3 months",A7034,Mask Brand,Airfit N30I,,,,,,,,,,,,,,,,,,
CU-YTAFL-56ZH-GZ,BiLevel ASV Package,B29-DBQ-BC3PJ-VA,PAP Mask,TRUE,D38D2-HMJT-QN-YA,,"PAP Mask, Full Face, Airfit F30I, Fit Upon Setup, 1 per 3 months",A7030,,,Mask Brand,Airfit F30I,,,,,,,,,,,,,,,,
CU-YTAFL-56ZH-GZ,BiLevel ASV Package,B29-DBQ-BC3PJ-VA,PAP Mask,TRUE,D9-UT-TQ-6CT-3NI,,"PAP Mask, Full Face, Amara Gel, Small, 1 per 3 months",A7030,,,,,,,Mask Brand,Amara Gel,,,,,,,,,,,,
CU-YTAFL-56ZH-GZ,BiLevel ASV Package,B29-DBQ-BC3PJ-VA,PAP Mask,TRUE,DFH-ZLE-U3F-VNYF,,"PAP Mask, Nasal, Respironics ComfortGel Blue, Large, 1 per 3 months",A7034,,,,,,,,,,,,,Mask Brand,Respironics ComfortGel Blue,,,,,,
CU-YTAFL-56ZH-GZ,BiLevel ASV Package,B29-DBQ-BC3PJ-VA,PAP Mask,TRUE,DJ6X-CTVUL-3Y-ED,,"PAP Mask, Nasal Pillow, Swift FX, Large, 2 per 1 month",A7033,Mask Brand,Swift FX,,,,,,,,,,,,,,,,,,
CU-YTAFL-56ZH-GZ,BiLevel ASV Package,B29-DBQ-BC3PJ-VA,PAP Mask,TRUE,DK626-NDJ3-F1-XF,,"PAP Mask, Nasal, Dreamwear, Large (MD Frame), 1 per 3 months",A7034,,,,,,,,,,,,,,,Mask Brand,Dreamwear,,,,
CU-YTAFL-56ZH-GZ,BiLevel ASV Package,B29-DBQ-BC3PJ-VA,PAP Mask,TRUE,DXP45-Z2D-LRN-7C,,"PAP Mask, Nasal, Dreamwear, Medium (LG Frame), 1 per 3 months",A7034,Mask Brand,Dreamwear,,,,,,,,,,,,,,,,,,
CU-YTAFL-56ZH-GZ,BiLevel ASV Package,B29-DBQ-BC3PJ-VA,PAP Mask,TRUE,E1NP-5NXZ1-7LIN3,,"PAP Mask, Full Face, Dreamwear, Large (MD Frame), 1 per 3 months",A7030,,,,,,,,,,,,,,,,,Mask Brand,Dreamwear,,
CU-YTAFL-56ZH-GZ,BiLevel ASV Package,B29-DBQ-BC3PJ-VA,PAP Mask,TRUE,E7Q-NXQ5-FCIK-1J,,"PAP Mask, Nasal Cushion, Respironics Dreamwear",A7034,,,,,,,Mask Brand,Respironics Dreamwear,,,,,,,,,,,,
CU-YTAFL-56ZH-GZ,BiLevel ASV Package,B29-DBQ-BC3PJ-VA,PAP Mask,TRUE,E9-BIY-CAR06-VX6,,"PAP Mask, Nasal Pillow, Nuance Gel, Large, 2 per 1 month",A7033,Mask Brand,Nuance Gel,,,,,,,,,,,,,,,,,,
CU-YTAFL-56ZH-GZ,BiLevel ASV Package,B29-DBQ-BC3PJ-VA,PAP Mask,TRUE,EGF0-Z2-IDS7V-6D,,"PAP Mask, Nasal Pillow, Respironics Dreamwear Silicone",A7034,Mask Brand,Respironics Dreamwear Silicone,,,,,,,,,,,,,,,,,,
CU-YTAFL-56ZH-GZ,BiLevel ASV Package,B29-DBQ-BC3PJ-VA,PAP Mask,TRUE,ENXVE-NAC-B4C-DK,,"PAP Mask, Full Face, AirFit F20, Fit Upon Setup, 1 per 3 months",A7030,,,Mask Brand,AirFit F20,,,,,,,,,,,,,,,,
CU-YTAFL-56ZH-GZ,BiLevel ASV Package,B29-DBQ-BC3PJ-VA,PAP Mask,TRUE,EP-NV-7J5YJ-1QPJ,,"PAP Mask, Fit to Comfort, 1 per 3 months.",MASK,,,,,,,,,,,,,,,,,,,Mask Brand,Fit Upon Setup
CU-YTAFL-56ZH-GZ,BiLevel ASV Package,B29-DBQ-BC3PJ-VA,PAP Mask,TRUE,EQC-U0-6RM-LN-GH,,"PAP Mask, Full Face, Airfit F30, Fit Upon Setup, 1 per 3 months",A7030,,,,,,,,,,,,,,,Mask Brand,Airfit F30,,,,
CU-YTAFL-56ZH-GZ,BiLevel ASV Package,B29-DBQ-BC3PJ-VA,PAP Mask,TRUE,EXSTH-FIJ-GJ9-UC,,"PAP Mask, Nasal Cushion, Resmed N30i",A7034,Mask Brand,Resmed N30i,,,,,,,,,,,,,,,,,,
CU-YTAFL-56ZH-GZ,BiLevel ASV Package,B29-DBQ-BC3PJ-VA,PAP Mask,TRUE,G4D2B-V5Q4A-57IF,,"PAP Mask, Full Face, Other Brand, N/A, 1 per 3 months",A7030,,,,,,,,,,,,,,,Mask Brand,Other,,,,
CU-YTAFL-56ZH-GZ,BiLevel ASV Package,B29-DBQ-BC3PJ-VA,PAP Mask,TRUE,GAHB0-EZ-37-LEKL,,"PAP Mask, Nasal Pillow, Airfit P10, Large, 2 per 1 month",A7033,,,Mask Brand,AirFit P10,,,,,,,,,,,,,,,,
CU-YTAFL-56ZH-GZ,BiLevel ASV Package,B29-DBQ-BC3PJ-VA,PAP Mask,TRUE,GX7-8IJ3-UPB2-2P,,"PAP Mask, Full Face, Fisher & Paykel Simplus, Large, 1 per 3 months",A7030,Mask Brand,Fisher & Paykel Simplus,,,,,,,,,,,,,,,,,,
CU-YTAFL-56ZH-GZ,BiLevel ASV Package,B29-DBQ-BC3PJ-VA,PAP Mask,TRUE,GY4-NLY-148F8-46,,"PAP Mask, Nasal, Airtouch F20 for Her, 1 per 3 months",A7034,Mask Brand,Airtouch F20 for Her,,,,,,,,,,,,,,,,,,
CU-YTAFL-56ZH-GZ,BiLevel ASV Package,B29-DBQ-BC3PJ-VA,PAP Mask,TRUE,H0GHK-A5C3-2M-F8,,"PAP Mask, Full Face, Resmed Quattro FX, Small, 1 per 3 months",A7030,Mask Brand,Resmed Quattro FX,,,,,,,,,,,,,,,,,,
CU-YTAFL-56ZH-GZ,BiLevel ASV Package,B29-DBQ-BC3PJ-VA,PAP Mask,TRUE,HG7Y-INVBS-H3V3K,,"PAP Mask, Nasal, Resmed Airfit N20, Large, 1 per 3 months",A7034,,,,,,,,,,,,,,,,,,,Mask Brand,Resmed Airfit N20
CU-YTAFL-56ZH-GZ,BiLevel ASV Package,B29-DBQ-BC3PJ-VA,PAP Mask,TRUE,HYGN-BAX-PMA8-HI,,"PAP Mask, Nasal, Fisher & Paykel Eson 2, Small, 1 per 3 months",A7034,Mask Brand,Fisher & Paykel Eson 2,,,,,,,,,,,,,,,,,,
CU-YTAFL-56ZH-GZ,BiLevel ASV Package,B29-DBQ-BC3PJ-VA,PAP Mask,TRUE,I2PTE-Q68X3-BNDX,,"PAP Mask, Nasal Pillow, Resmed Swift FX, Complete, 1 per 3 months",A7034,,,,,Mask Brand,Resmed Swift FX,,,,,,,,,,,,,,
CU-YTAFL-56ZH-GZ,BiLevel ASV Package,B29-DBQ-BC3PJ-VA,PAP Mask,TRUE,I7CMF-AE-6DXE-2J,,"PAP Mask, Full Face, Airtouch F20, Fit Upon Setup, 1 per 3 months",A7030,,,,,,,,,,,,,,,Mask Brand,Airtouch F20,,,,
CU-YTAFL-56ZH-GZ,BiLevel ASV Package,B29-DBQ-BC3PJ-VA,PAP Mask,TRUE,IE-H067-PS6M-ZKC,,"PAP Mask, Nasal Pillow, Resmed Airfit P10, Complete, 1 per 3 months",A7034,,,,,,,,,,,,,,,,,,,Mask Brand,Resmed Airfit P10
CU-YTAFL-56ZH-GZ,BiLevel ASV Package,B29-DBQ-BC3PJ-VA,PAP Mask,TRUE,IFVB-CYI-S6Q-7AQ,,"PAP Mask, Nasal Pillow, Airfit P10, Small, 2 per 1 month",A7033,,,Mask Brand,AirFit P10,,,,,,,,,,,,,,,,
CU-YTAFL-56ZH-GZ,BiLevel ASV Package,B29-DBQ-BC3PJ-VA,PAP Mask,TRUE,IXNM-4LMG-P4-3ME,,"PAP Mask, Full Face, Resmed Quattro Air, Small, 1 per 3 months",A7030,,,,,,,,,,,Mask Brand,Resmed Quattro Air,,,,,,,,
CU-YTAFL-56ZH-GZ,BiLevel ASV Package,B29-DBQ-BC3PJ-VA,PAP Mask,TRUE,J8-B6NL-3BQLY-CH,,"PAP Mask, Full Face, Resmed Airtouch F20, Large, 1 per 3 months",A7030,,,,,Mask Brand,Resmed Airtouch F20,,,,,,,,,,,,,,
CU-YTAFL-56ZH-GZ,BiLevel ASV Package,B29-DBQ-BC3PJ-VA,PAP Mask,TRUE,JNAU4-X0RKE-RPJ8,,"PAP Mask, Nasal, Fit Upon Setup, N/A, 1 per 3 months",A7034,,,,,,,,,,,Mask Brand,Fit Upon Setup,,,,,,,,
CU-YTAFL-56ZH-GZ,BiLevel ASV Package,B29-DBQ-BC3PJ-VA,PAP Mask,TRUE,JNPAN-2X-MS47-8B,,"PAP Mask, Nasal Pillow, Dreamwear, Small (LG Frame), 1 per 3 months",A7034,,,,,,,,,,,Mask Brand,Dreamwear,,,,,,,,
CU-YTAFL-56ZH-GZ,BiLevel ASV Package,B29-DBQ-BC3PJ-VA,PAP Mask,TRUE,K15PK-QT-EN-58BK,,"PAP Mask, Full Face, Dreamwear Full, Fit Upon Setup, 1 per 3 months",A7030,,,,,,,,,,,,,Mask Brand,Dreamwear Full,,,,,,
CU-YTAFL-56ZH-GZ,BiLevel ASV Package,B29-DBQ-BC3PJ-VA,PAP Mask,TRUE,KRLQ5-8V-0I0J-X9,,"PAP Mask, Fit to Comfort, Nasal, 1 per 3 months",A7034,,,Mask Brand,Fit Upon Setup,,,,,,,,,,,,,,,,
CU-YTAFL-56ZH-GZ,BiLevel ASV Package,B29-DBQ-BC3PJ-VA,PAP Mask,TRUE,KX0E-LFRX-K42-MH,,"PAP Mask, Full Face, Amara Gel, Petite, 1 per 3 months",A7030,,,,,,,,,,,Mask Brand,Amara Gel,,,,,,,,
CU-YTAFL-56ZH-GZ,BiLevel ASV Package,B29-DBQ-BC3PJ-VA,PAP Mask,TRUE,KXENF-0N-8S6C-AJ,,"PAP Mask, Full Face, Airfit F30I, Small, 1 per 3 months",A7030,,,,,,,,,Mask Brand,Airfit F30I,,,,,,,,,,
CU-YTAFL-56ZH-GZ,BiLevel ASV Package,B29-DBQ-BC3PJ-VA,PAP Mask,TRUE,L06Y-BL3P-BP-L7J,,"PAP Mask, Nasal, Airfit N30, Fit Upon Setup, 1 per 3 months",A7034,,,,,Mask Brand,Airfit N30,,,,,,,,,,,,,,
CU-YTAFL-56ZH-GZ,BiLevel ASV Package,B29-DBQ-BC3PJ-VA,PAP Mask,TRUE,L730-SE-A51YQ-3L,,"PAP Mask, Fit to Comfort, 1 per 3 months",MASK,Mask Brand,Fit Upon Setup,,,,,,,,,,,,,,,,,,
CU-YTAFL-56ZH-GZ,BiLevel ASV Package,B29-DBQ-BC3PJ-VA,PAP Mask,TRUE,LA-M9J8-RL6C5-VU,,"PAP Mask, Full Face, Dreamwear, Medium (LG Frame), 1 per 3 months",A7030,,,,,,,,,Mask Brand,Dreamwear,,,,,,,,,,
CU-YTAFL-56ZH-GZ,BiLevel ASV Package,B29-DBQ-BC3PJ-VA,PAP Mask,TRUE,LCLIE-9V0IF-E03L,,"PAP Mask, Full Face, Resmed F30",A7030,Mask Brand,Resmed F30,,,,,,,,,,,,,,,,,,
CU-YTAFL-56ZH-GZ,BiLevel ASV Package,B29-DBQ-BC3PJ-VA,PAP Mask,TRUE,LJX-YC-85PM2-TSM,,"PAP Mask, Full Face, Respironics Dreamwear",A7030,,,,,,,,,,,,,,,Mask Brand,Respironics Dreamwear,,,,
CU-YTAFL-56ZH-GZ,BiLevel ASV Package,B29-DBQ-BC3PJ-VA,PAP Mask,TRUE,LNEQ-83-BDL84-53,,"PAP Mask, Nasal, Airfit N30I, Small-Wide, 1 per 3 months",A7034,Mask Brand,Airfit N30I,,,,,,,,,,,,,,,,,,
CU-YTAFL-56ZH-GZ,BiLevel ASV Package,B29-DBQ-BC3PJ-VA,PAP Mask,TRUE,LXH0C-XUH6-6BKUF,,"PAP Mask, Nasal Pillow, Dreamwear, Small (MD Frame), 1 per 3 months",A7034,Mask Brand,Dreamwear,,,,,,,,,,,,,,,,,,
CU-YTAFL-56ZH-GZ,BiLevel ASV Package,B29-DBQ-BC3PJ-VA,PAP Mask,TRUE,LXN3N-03Q-KN0-L8,,"PAP Mask, Full Face, Fisher & Paykel Simplus, Small, 1 per 3 months",A7030,Mask Brand,Fisher & Paykel Simplus,,,,,,,,,,,,,,,,,,
CU-YTAFL-56ZH-GZ,BiLevel ASV Package,B29-DBQ-BC3PJ-VA,PAP Mask,TRUE,M1LED-NKH79-7BYL,,"PAP Mask, Nasal, Airtouch N20, Large, 1 per 3 months",A7034,,,,,,,,,,,,,,,,,Mask Brand,Airtouch N20,,
CU-YTAFL-56ZH-GZ,BiLevel ASV Package,B29-DBQ-BC3PJ-VA,PAP Mask,TRUE,MA4-HKD8-S4IK-UC,,"PAP Mask, Nasal Pillow, Resmed Airfit P10, Small, 1 per 3 months",A7034,,,,,Mask Brand,Resmed Airfit P10,,,,,,,,,,,,,,
CU-YTAFL-56ZH-GZ,BiLevel ASV Package,B29-DBQ-BC3PJ-VA,PAP Mask,TRUE,MQK-RLS5-QKG-L7K,,"PAP Mask, Nasal, Dreamwear, Small (LG Frame), 1 per 3 months",A7034,Mask Brand,Dreamwear,,,,,,,,,,,,,,,,,,
CU-YTAFL-56ZH-GZ,BiLevel ASV Package,B29-DBQ-BC3PJ-VA,PAP Mask,TRUE,NL28E-UR-L7-S09A,,"PAP Mask, Full Face, Resmed Quattro Air, Medium, 1 per 3 months",A7030,,,,,,,,,,,,,Mask Brand,Resmed Quattro Air,,,,,,
CU-YTAFL-56ZH-GZ,BiLevel ASV Package,B29-DBQ-BC3PJ-VA,PAP Mask,TRUE,P0-FSF-T01K-0TD2,,"PAP Mask, Nasal Cushion, Respironics Wisp Pediatric",A7034,,,Mask Brand,Respironics Wisp Pediatric,,,,,,,,,,,,,,,,
CU-YTAFL-56ZH-GZ,BiLevel ASV Package,B29-DBQ-BC3PJ-VA,PAP Mask,TRUE,P2Y-AMC-90EQ-UM4,,"PAP Mask, Nasal, Dreamwear, Large (SM Frame), 1 per 3 months",A7034,,,,,,,,,,,,,,,,,,,Mask Brand,Dreamwear
CU-YTAFL-56ZH-GZ,BiLevel ASV Package,B29-DBQ-BC3PJ-VA,PAP Mask,TRUE,P6PR-N9PC-GU-U5V,,"PAP Mask, Full Face, Respironics Amara View, Medium, 1 per 3 months",A7030,,,,,,,Mask Brand,Respironics Amara View,,,,,,,,,,,,
CU-YTAFL-56ZH-GZ,BiLevel ASV Package,B29-DBQ-BC3PJ-VA,PAP Mask,TRUE,PB1DE-4T-G0CS-JE,,"PAP Mask, Full Face, Dreamwear, Medium (MD Frame), 1 per 3 months",A7030,,,,,,,Mask Brand,Dreamwear,,,,,,,,,,,,
CU-YTAFL-56ZH-GZ,BiLevel ASV Package,B29-DBQ-BC3PJ-VA,PAP Mask,TRUE,PNGE-3RPCL-L915D,,"PAP Mask, Full Face, Resmed Airfit F10, Small, 1 per 3 months",A7030,,,,,,,,,Mask Brand,Resmed Airfit F10,,,,,,,,,,
CU-YTAFL-56ZH-GZ,BiLevel ASV Package,B29-DBQ-BC3PJ-VA,PAP Mask,TRUE,Q27-HL-N879-5RS1,,"PAP Mask, Nasal Pillow, Dreamwear, Medium (SM Frame), 1 per 3 months",A7034,,,,,,,,,Mask Brand,Dreamwear,,,,,,,,,,
CU-YTAFL-56ZH-GZ,BiLevel ASV Package,B29-DBQ-BC3PJ-VA,PAP Mask,TRUE,QV-3F-49P-831-76,,"PAP Mask, Nasal Pillow, Swift FX, Medium, 2 per 1 month",A7033,Mask Brand,Swift FX,,,,,,,,,,,,,,,,,,
CU-YTAFL-56ZH-GZ,BiLevel ASV Package,B29-DBQ-BC3PJ-VA,PAP Mask,TRUE,RA-MT-XZF6-CY-K6,,"PAP Mask, Full Face, Airfit F30I, Large, 1 per 3 months",A7030,,,,,,,,,Mask Brand,Airfit F30I,,,,,,,,,,
CU-YTAFL-56ZH-GZ,BiLevel ASV Package,B29-DBQ-BC3PJ-VA,PAP Mask,TRUE,RBM0-DLJ-MR-KVYQ,,"PAP Mask, Nasal, Dreamwear, Medium (MD Frame), 1 per 3 months",A7034,,,,,,,,,,,,,,,Mask Brand,Dreamwear,,,,
CU-YTAFL-56ZH-GZ,BiLevel ASV Package,B29-DBQ-BC3PJ-VA,PAP Mask,TRUE,SI-JE2-X8-K1-VRD,,"PAP Mask, Full Face, Resmed Airfit F20, Large, 1 per 3 months",A7030,,,,,,,,,,,,,,,,,,,Mask Brand,Resmed Airfit F20
CU-YTAFL-56ZH-GZ,BiLevel ASV Package,B29-DBQ-BC3PJ-VA,PAP Mask,TRUE,SK-B63H-XRD-GIQ6,,"PAP Mask, Nasal Pillow, Airfit P30I, Small, 1 per 3 months",A7034,Mask Brand,Airfit P30I,,,,,,,,,,,,,,,,,,
CU-YTAFL-56ZH-GZ,BiLevel ASV Package,B29-DBQ-BC3PJ-VA,PAP Mask,TRUE,SLE-BL-A8CD-5TET,,"PAP Mask, Full Face, Fisher & Paykel Simplus, Medium, 1 per 3 months",A7030,,,Mask Brand,Fisher & Paykel Simplus,,,,,,,,,,,,,,,,
CU-YTAFL-56ZH-GZ,BiLevel ASV Package,B29-DBQ-BC3PJ-VA,PAP Mask,TRUE,SX-Y8PKY-LU57-U5,,"PAP Mask, Nasal, Resmed Activa, Standard, 1 per 3 months",A7034,,,,,,,Mask Brand,Resmed Activa,,,,,,,,,,,,
CU-YTAFL-56ZH-GZ,BiLevel ASV Package,B29-DBQ-BC3PJ-VA,PAP Mask,TRUE,SXE3I-RC2-9EU-PL,,"PAP Mask, Full Face, Respironics Amara View, Large, 1 per 3 months",A7030,,,,,,,,,,,,,Mask Brand,Respironics Amara View,,,,,,
CU-YTAFL-56ZH-GZ,BiLevel ASV Package,B29-DBQ-BC3PJ-VA,PAP Mask,TRUE,T14-NJM-PJADQ-MF,,"PAP Mask, Nasal Pillow, Dreamwear, Large (LG Frame), 1 per 3 months",A7034,,,,,,,,,,,,,,,,,Mask Brand,Dreamwear,,
CU-YTAFL-56ZH-GZ,BiLevel ASV Package,B29-DBQ-BC3PJ-VA,PAP Mask,TRUE,T7KVR-JA86M-H5A9,,"PAP Mask, Nasal, Respironics Pico, S/M/L/XL (fitpack), 1 per 3 months",A7034,,,,,,,Mask Brand,Respironics Pico,,,,,,,,,,,,
CU-YTAFL-56ZH-GZ,BiLevel ASV Package,B29-DBQ-BC3PJ-VA,PAP Mask,TRUE,T9Z-DF6A-VGH1-UR,,"PAP Mask, Nasal Pillow, Respironics Nuance Gel, Complete, 1 per 3 months",A7034,,,,,,,,,,,,,,,,,,,Mask Brand,Respironics Nuance Gel
CU-YTAFL-56ZH-GZ,BiLevel ASV Package,B29-DBQ-BC3PJ-VA,PAP Mask,TRUE,TD-PBJFG-CA-2IY9,,"PAP Mask, Nasal, Dreamwear, Large (SM Frame), 1 per 3 months.",A7034,Mask Brand,Dreamwear,,,,,,,,,,,,,,,,,,
CU-YTAFL-56ZH-GZ,BiLevel ASV Package,B29-DBQ-BC3PJ-VA,PAP Mask,TRUE,TF5R-YHY4V-B8S5G,,"PAP Mask, Full Face, Fisher & Paykel Simplus, Fit Upon Setup, 1 per 3 months",A7030,Mask Brand,Fisher & Paykel Simplus,,,,,,,,,,,,,,,,,,
CU-YTAFL-56ZH-GZ,BiLevel ASV Package,B29-DBQ-BC3PJ-VA,PAP Mask,TRUE,TH-IBM-JA-VL-840,,"PAP Mask, Nasal, Dreamwear, Fit Upon Setup, 1 per 3 months",A7034,Mask Brand,Dreamwear,,,,,,,,,,,,,,,,,,
CU-YTAFL-56ZH-GZ,BiLevel ASV Package,B29-DBQ-BC3PJ-VA,PAP Mask,TRUE,TK-J5A4-AB7G-MN2,,"PAP Mask, Fit to Comfort, 1 per 3 months.",A7034,,,,,,,,,,,,,Mask Brand,Fit Upon Setup,,,,,,
CU-YTAFL-56ZH-GZ,BiLevel ASV Package,B29-DBQ-BC3PJ-VA,PAP Mask,TRUE,TLDUT-0EP0-M90C1,,"PAP Mask, Nasal Cushion, Respironics Dreamwisp",A7034,,,,,,,Mask Brand,Respironics Dreamwisp,,,,,,,,,,,,
CU-YTAFL-56ZH-GZ,BiLevel ASV Package,B29-DBQ-BC3PJ-VA,PAP Mask,TRUE,TUIC4-D813Y-YJ17,,"PAP Mask, Full Face, Dreamwear, Small (MD Frame), 1 per 3 months",A7030,,,,,,,,,,,,,,,,,Mask Brand,Dreamwear,,
CU-YTAFL-56ZH-GZ,BiLevel ASV Package,B29-DBQ-BC3PJ-VA,PAP Mask,TRUE,TYSC-8M-IFR0U-NX,,"PAP Mask, Full Face, Resmed F30i",A7030,,,,,,,,,Mask Brand,Resmed F30i,,,,,,,,,,
CU-YTAFL-56ZH-GZ,BiLevel ASV Package,B29-DBQ-BC3PJ-VA,PAP Mask,TRUE,UAPQ-2G-493P-F5C,,"PAP Mask, Nasal, Dreamwear, Medium Wide (LG Frame), 1 per 3 months",A7034,,,,,,,,,,,,,Mask Brand,Dreamwear,,,,,,
CU-YTAFL-56ZH-GZ,BiLevel ASV Package,B29-DBQ-BC3PJ-VA,PAP Mask,TRUE,UEZM-SAJAC-J8F7L,,"PAP Mask, Full Face, Airfit F30I, Wide, 1 per 3 months",A7030,Mask Brand,Airfit F30I,,,,,,,,,,,,,,,,,,
CU-YTAFL-56ZH-GZ,BiLevel ASV Package,B29-DBQ-BC3PJ-VA,PAP Mask,TRUE,UJ59H-2I-6YC-SR6,,"PAP Mask, Nasal Cushion, Resmed Pixi Pediatric",A7034,,,,,,,,,,,,,,,,,,,Mask Brand,Resmed Pixi Pediatric
CU-YTAFL-56ZH-GZ,BiLevel ASV Package,B29-DBQ-BC3PJ-VA,PAP Mask,TRUE,URE3V-ZEP-8UX-MQ,,"PAP Mask, Nasal, Respironics ComfortGel Blue, Medium, 1 per 3 months",A7034,,,,,,,,,,,,,,,,,Mask Brand,Respironics ComfortGel Blue,,
CU-YTAFL-56ZH-GZ,BiLevel ASV Package,B29-DBQ-BC3PJ-VA,PAP Mask,TRUE,UTBPG-KJ-KL8-TQ0,,"PAP Mask, Full Face, Resmed Airfit F20 for Her, Small, 1 per 3 months",A7030,Mask Brand,Resmed Airfit F20 for Her,,,,,,,,,,,,,,,,,,
CU-YTAFL-56ZH-GZ,BiLevel ASV Package,B29-DBQ-BC3PJ-VA,PAP Mask,TRUE,UX-APBHG-8PV-DCB,,"PAP Mask, Full Face, Fit Upon Setup, N/A, 1 per 3 months",A7030,,,,,,,,,,,,,,,,,Mask Brand,Fit Upon Setup,,
CU-YTAFL-56ZH-GZ,BiLevel ASV Package,B29-DBQ-BC3PJ-VA,PAP Mask,TRUE,UY-KQC-BR-3Q-HG0,,"PAP Mask, Nasal Pillow, Dreamwear, Medium (MD Frame), 1 per 3 months",A7034,,,,,,,,,,,,,,,,,Mask Brand,Dreamwear,,
CU-YTAFL-56ZH-GZ,BiLevel ASV Package,B29-DBQ-BC3PJ-VA,PAP Mask,TRUE,V30C-K7V-ZN79-JI,,"PAP Mask, Nasal, Respironics Wisp Clear, 1 per 3 months",A7034,,,,,,,,,,,,,,,,,Mask Brand,Respironics Wisp Clear,,
CU-YTAFL-56ZH-GZ,BiLevel ASV Package,B29-DBQ-BC3PJ-VA,PAP Mask,TRUE,V98-9XGX-V1U-75F,,"PAP Mask, Nasal, Respironics Nuance Pro Gel, Standard, 1 per 3 months",A7034,,,,,Mask Brand,Respironics Nuance Pro Gel,,,,,,,,,,,,,,
CU-YTAFL-56ZH-GZ,BiLevel ASV Package,B29-DBQ-BC3PJ-VA,PAP Mask,TRUE,VDU2V-GICV-UM-P9,,"PAP Mask, Nasal Pillow, Swift FX Bella, For Her, 1 per 3 months",A7033,,,,,,,,,,,Mask Brand,Swift FX Bella,,,,,,,,
CU-YTAFL-56ZH-GZ,BiLevel ASV Package,B29-DBQ-BC3PJ-VA,PAP Mask,TRUE,X0T-CUI7L-A5T-L5,,"PAP Mask, Nasal Pillow, Resmed Swift FX for Her, Complete, 1 per 3 months",A7034,Mask Brand,Resmed Swift FX for Her,,,,,,,,,,,,,,,,,,
CU-YTAFL-56ZH-GZ,BiLevel ASV Package,B29-DBQ-BC3PJ-VA,PAP Mask,TRUE,XTPXG-YEQ-1Y-MUC,,"PAP Mask, Nasal Cushion, Fisher & Paykel Evora",A7034,,,,,,,,,,,,,,,Mask Brand,Fisher & Paykel Evora Nasal,,,,
CU-YTAFL-56ZH-GZ,BiLevel ASV Package,B29-DBQ-BC3PJ-VA,PAP Mask,TRUE,Y2-PHVF-AU5GS-FZ,,"PAP Mask, Full Face, Resmed Airtouch F20, Small, 1 per 3 months",A7030,,,,,,,,,,,,,Mask Brand,Resmed Airtouch F20,,,,,,
CU-YTAFL-56ZH-GZ,BiLevel ASV Package,B29-DBQ-BC3PJ-VA,PAP Mask,TRUE,Z12IS-MT5P6-SPHK,,"PAP Mask, Nasal, Respironics ComfortGel Blue, Small, 1 per 3 months",A7034,Mask Brand,Respironics ComfortGel Blue,,,,,,,,,,,,,,,,,,
CU-YTAFL-56ZH-GZ,BiLevel ASV Package,B29-DBQ-BC3PJ-VA,PAP Mask,TRUE,Z1R-PZ-HZQJH-1UD,,"PAP Mask, Nasal, Dreamwear, Small (MD Frame), 1 per 3 months",A7034,,,,,,,,,Mask Brand,Dreamwear,,,,,,,,,,
CU-YTAFL-56ZH-GZ,BiLevel ASV Package,B29-DBQ-BC3PJ-VA,PAP Mask,TRUE,ZEZK-N73-RV0-XZP,,"PAP Mask, Full Face, Resmed Airtouch F20, Medium, 1 per 3 months",A7030,Mask Brand,Resmed Airtouch F20,,,,,,,,,,,,,,,,,,
CU-YTAFL-56ZH-GZ,BiLevel ASV Package,B29-DBQ-BC3PJ-VA,PAP Mask,TRUE,ZGIJ-ASYP-8FU-ZT,,"PAP Mask, Full Face, Amara Gel, Large, 1 per 3 months",A7030,,,,,,,,,,,,,,,Mask Brand,Amara Gel,,,,
CU-YTAFL-56ZH-GZ,BiLevel ASV Package,B29-DBQ-BC3PJ-VA,PAP Mask,TRUE,ZL-90J-5KH17-YMI,,"PAP Mask, Nasal Pillow, Dreamwear, Medium (LG Frame), 1 per 3 months",A7034,Mask Brand,Dreamwear,,,,,,,,,,,,,,,,,,
CU-YTAFL-56ZH-GZ,BiLevel ASV Package,B29-DBQ-BC3PJ-VA,PAP Mask,TRUE,ZTQZ-17FIL-RB-18,,"PAP Mask, Nasal, Respironics ComfortGel Blue, Petite, 1 per 3 months",A7034,,,,,Mask Brand,Respironics ComfortGel Blue,,,,,,,,,,,,,,
CU-YTAFL-56ZH-GZ,BiLevel ASV Package,B29-DBQ-BC3PJ-VA,PAP Mask,TRUE,ZV-8PBRY-EDF9-KU,,"PAP Mask, Full Face, Resmed Quattro FX, Medium, 1 per 3 months",A7030,,,,,,,Mask Brand,Resmed Quattro FX,,,,,,,,,,,,
CU-YTAFL-56ZH-GZ,BiLevel ASV Package,HUPL-N9-KTS-PKHF,PAP Chinstrap,FALSE,0HI8-4VBI8-4V5F0,,"PAP Chinstrap, Fit to Comfort, 1 per 6 months",A7036,,,,,,,,,,,PAP Chinstrap Included,Fit to Comfort,,,,,,,,
CU-YTAFL-56ZH-GZ,BiLevel ASV Package,HUPL-N9-KTS-PKHF,PAP Chinstrap,FALSE,18S-X7-61A0H-I2P,,No Chinstrap Included,,,,,,PAP Chinstrap Included,PAP Chinstrap Not Included,,,,,,,,,,,,,,
CU-YTAFL-56ZH-GZ,BiLevel ASV Package,HUPL-N9-KTS-PKHF,PAP Chinstrap,FALSE,CB-Q76BH-A20Y-1T,,"PAP Chinstrap, 1 per 6 months",A7036,,,,,,,,,,,,,,,PAP Chinstrap Included,PAP Chinstrap Included,,,,
CU-YTAFL-56ZH-GZ,BiLevel ASV Package,IH-RL-7H6N-Q2-Q6,PAP Nasal Pillows,FALSE,7RH2-J7-BY2BI-NS,,No Nasal Pillows,,,,,,,,,,,,,,,,,,,,Mask Frame,N/A
CU-YTAFL-56ZH-GZ,BiLevel ASV Package,IH-RL-7H6N-Q2-Q6,PAP Nasal Pillows,FALSE,AS-KTED-K4YUZ-H3,,No Nasal Pillows Included,,,,,,,,,,,,,,,,Mask Frame,Oral,,,,
CU-YTAFL-56ZH-GZ,BiLevel ASV Package,IH-RL-7H6N-Q2-Q6,PAP Nasal Pillows,FALSE,CM-VD-7B-SF-B3P4,,No Nasal Pillows Included,,,,,,,,,,,,,,,,Mask Frame,Full Face,,,,
CU-YTAFL-56ZH-GZ,BiLevel ASV Package,IH-RL-7H6N-Q2-Q6,PAP Nasal Pillows,FALSE,EN5N-6FXH7-PG27M,,No Nasal Pillows Included,,,,Mask Frame,Nasal,,,,,,,,,,,,,,,,
CU-YTAFL-56ZH-GZ,BiLevel ASV Package,IH-RL-7H6N-Q2-Q6,PAP Nasal Pillows,FALSE,GTCDT-PUP64-T5NT,,"Nasal Pillows Included, Nasal Pillow Mask, 2 per 1 month",A7033,,,,,,,Mask Frame,Nasal Pillow,,,,,,,,,,,,
CU-YTAFL-56ZH-GZ,BiLevel ASV Package,IH-RL-7H6N-Q2-Q6,PAP Nasal Pillows,FALSE,HLXQ-8E84-LMR-TP,,No Nasal Pillows Included,,,,,,,,,,,,,,,,,,Mask Frame,Oral / Nasal Hybrid,,
CU-YTAFL-56ZH-GZ,BiLevel ASV Package,IH-RL-7H6N-Q2-Q6,PAP Nasal Pillows,FALSE,I69F-RY75S-IE-KB,,"Nasal Pillows Included, Oral / Nasal Hybrid Mask, 2 per 1 month",A7029,,,,,,,,,,,,,,,Mask Frame,Oral / Nasal Hybrid,,,,
CU-YTAFL-56ZH-GZ,BiLevel ASV Package,IH-RL-7H6N-Q2-Q6,PAP Nasal Pillows,FALSE,LKUH-84K-28FU-FA,,"Nasal Pillows, Fit to Comfort.",,,,,,,,,,,,Mask Frame,Nasal,,,,,,,,
CU-YTAFL-56ZH-GZ,BiLevel ASV Package,IH-RL-7H6N-Q2-Q6,PAP Nasal Pillows,FALSE,QK4-FJCPL-YQH-NS,,No Nasal Pillows Included,,,,,,,,,,,,Mask Frame,Fit to Comfort,,,,,,,,
CU-YTAFL-56ZH-GZ,BiLevel ASV Package,IH-RL-7H6N-Q2-Q6,PAP Nasal Pillows,FALSE,QSZ-AE-63LKU-5DB,,"Nasal Pillows Included, Full Face Mask, 2 per 1 month",A7033,,,,,,,,,,,,,Mask Frame,Full Face,,,,,,
CU-YTAFL-56ZH-GZ,BiLevel ASV Package,IH-RL-7H6N-Q2-Q6,PAP Nasal Pillows,FALSE,S81-RJ-TB-3VM-62,,"Nasal Pillows Included, Nasal Mask, 2 per 1 month",A7033,,,,,,,,,,,,,Mask Frame,Nasal,,,,,,
CU-YTAFL-56ZH-GZ,BiLevel ASV Package,IH-RL-7H6N-Q2-Q6,PAP Nasal Pillows,FALSE,T5E-ZP-SD-F2-2VK,,"Nasal Pillows, Patient Preference",,,,,,,,,,Mask Frame,Nasal,,,,,,,,,,
CU-YTAFL-56ZH-GZ,BiLevel ASV Package,IH-RL-7H6N-Q2-Q6,PAP Nasal Pillows,FALSE,UACF-YIR-YG-Q2EH,,"A7029 Nasal Pillows, Fit to Comfort",A7033,,,,,,,,,,,Mask Frame,Patient Preference,,,,,,,,
CU-YTAFL-56ZH-GZ,BiLevel ASV Package,IH-RL-7H6N-Q2-Q6,PAP Nasal Pillows,FALSE,YKF-0IF-XLV9-ZNU,,No Nasal Pillows Included,,Mask Frame,Patient Preference,,,,,,,,,,,,,,,,,,
CU-YTAFL-56ZH-GZ,BiLevel ASV Package,IH-RL-7H6N-Q2-Q6,PAP Nasal Pillows,FALSE,YVYFS-3G-37FT-IP,,"Nasal Pillows, Fit to Comfort",A7029/A7033,,,,,,,,,,,Mask Frame,Fit to Comfort,,,,,,,,
CU-YTAFL-56ZH-GZ,BiLevel ASV Package,LX6-GZH-U6JT-EYE,PAP Humidifier,TRUE,AZ-4I2-18N-EFVY9,,"PAP Humidifier, Patient Preference",E0561/E0562,,,,,,,,,,,,,Humidifier Type,Fit to Comfort,,,,,,
CU-YTAFL-56ZH-GZ,BiLevel ASV Package,LX6-GZH-U6JT-EYE,PAP Humidifier,TRUE,DRXE-1DLC6-0R-FU,,"PAP Humidifier, Patient Preference",,,,,,,,,,,,,,,,,,Humidifier Type,Patient Preference,,
CU-YTAFL-56ZH-GZ,BiLevel ASV Package,LX6-GZH-U6JT-EYE,PAP Humidifier,TRUE,FK2S-M4-L3-GL-CS,,"PAP Humidifier, Heated",E0562,,,,,,,,,,,,,,,,,,,Humidifier Type,Heated
CU-YTAFL-56ZH-GZ,BiLevel ASV Package,LX6-GZH-U6JT-EYE,PAP Humidifier,TRUE,TUF2L-QT-7R4-8QN,,"PAP Humidifier, Non-Heated",E0561,,,,,,,,,,,,,,,Humidifier Type,Non-Heated,,,,
CU-YTAFL-56ZH-GZ,BiLevel ASV Package,N8-2XZT-BJRLY-G4,Disposable PAP Filter,TRUE,9P-BDPD-M46HF-L7,,"Disposable PAP Filter, 2 per 1 month",A7038,,,,,,,,,,,,,,,,,Disposable PAP Filter,Included,,
CU-YTAFL-56ZH-GZ,BiLevel ASV Package,NZR-IAM6-SHYF-QZ,BiLevel ASV Machine,TRUE,0R-RZY-4TA8A-1KG,,"BiLevel ASV Machine,  Resmed S10 Aircurve BiLevel ASV",E0471,BiLevel Type,BiLevel ASV,PAP System,Resmed S10 Aircurve BiLevel ASV,,,,,,,,,,,,,,,,
CU-YTAFL-56ZH-GZ,BiLevel ASV Package,NZR-IAM6-SHYF-QZ,BiLevel ASV Machine,TRUE,0UA-FMP-FG3D9-7B,,"BiLevel ASV Machine, Generic",E0471,BiLevel Type,BiLevel ASV,PAP System,Generic,,,,,,,,,,,,,,,,
CU-YTAFL-56ZH-GZ,BiLevel ASV Package,NZR-IAM6-SHYF-QZ,BiLevel ASV Machine,TRUE,1EC-UJ-GNRK2-ZX1,,"BiLevel Machine, Resmed S10 Aircurve Auto BiLevel ASV",E0471,BiLevel Type,BiLevel ASV,PAP System,Resmed S10 Aircurve Auto BiLevel ASV,,,,,,,,,,,,,,,,
CU-YTAFL-56ZH-GZ,BiLevel ASV Package,NZR-IAM6-SHYF-QZ,BiLevel ASV Machine,TRUE,8B-YS-PB-HT70-AQ,,"BiLevel ASV Machine, Respironics Dreamstation BiPAP ASV",E0471,BiLevel Type,BiLevel ASV,PAP System,Respironics Dreamstation BiPAP ASV,,,,,,,,,,,,,,,,
CU-YTAFL-56ZH-GZ,BiLevel ASV Package,NZR-IAM6-SHYF-QZ,BiLevel ASV Machine,TRUE,MC6-K2S0V-PGR-06,,"BiLevel Machine, Resmed S10 Aircurve Fixed BiLevel ASV",E0471,BiLevel Type,BiLevel ASV,PAP System,Resmed S10 Aircurve Fixed BiLevel ASV,,,,,,,,,,,,,,,,
CU-YTAFL-56ZH-GZ,BiLevel ASV Package,Y87V-2N-NCDL-09V,PAP Monitoring,FALSE,01-LR1F-6CNTQ-XZ,,"PAP Monitoring, Per device availability",A9279,,,,,PAP Monitor Type,Per device availability,,,,,,,,,PAP System,Resmed S10 Fixed CPAP,,,,
CU-YTAFL-56ZH-GZ,BiLevel ASV Package,Y87V-2N-NCDL-09V,PAP Monitoring,FALSE,07H-H6PQ-PGM-SR6,,"PAP Monitoring, Per device availability",A9279,,,,,PAP Monitor Type,Per device availability,,,,,,,,,,,PAP System,ResMed Auto,,
CU-YTAFL-56ZH-GZ,BiLevel ASV Package,Y87V-2N-NCDL-09V,PAP Monitoring,FALSE,0A2Z-X51ZH-MK-N0,,"PAP Monitoring, Per device availability",A9279,,,,,,,PAP Monitor Type,Per device availability,,,,,PAP System,Fisher & Paykel (F&P) Icon Premium,,,,,,
CU-YTAFL-56ZH-GZ,BiLevel ASV Package,Y87V-2N-NCDL-09V,PAP Monitoring,FALSE,0K-VH-XI-BRH-P1D,,"PAP Monitoring, SD Card (aka Card to Cloud)",A9279,,,,,,,PAP Monitor Type,SD Card (aka Card to Cloud),,,,,,,,,,,PAP System,Resmed S10 Aircurve Fixed Bilevel ASV C2C
CU-YTAFL-56ZH-GZ,BiLevel ASV Package,Y87V-2N-NCDL-09V,PAP Monitoring,FALSE,0X9V-YVQ9B-7L-GU,,"PAP Monitoring, Per device availability",A9279,,,,,,,PAP Monitor Type,Per device availability,,,PAP System,S9 Standard,,,,,,,,
CU-YTAFL-56ZH-GZ,BiLevel ASV Package,Y87V-2N-NCDL-09V,PAP Monitoring,FALSE,134GP-70H-KL-UNI,,"PAP Monitoring, Per device availability",A9279,,,,,,,PAP Monitor Type,Per device availability,,,,,,,,,PAP System,Respironics Dreamstation Auto BiPAP,,
CU-YTAFL-56ZH-GZ,BiLevel ASV Package,Y87V-2N-NCDL-09V,PAP Monitoring,FALSE,1KM-CT4-MLN-27QX,,"PAP Monitoring, Per device availability",A9279,,,PAP Monitor Type,Per device availability,,,,,,,,,,,PAP System,System to Fit,,,,
CU-YTAFL-56ZH-GZ,BiLevel ASV Package,Y87V-2N-NCDL-09V,PAP Monitoring,FALSE,1PL-NBFCS-2MX-I9,,"PAP Monitoring, Per device availability",A9279,,,,,PAP Monitor Type,Per device availability,,,,,,,,,PAP System,Resmed S10,,,,
CU-YTAFL-56ZH-GZ,BiLevel ASV Package,Y87V-2N-NCDL-09V,PAP Monitoring,FALSE,2B-INUES-UV2I-18,,"PAP Monitoring, Cellular Modem",A9279,,,,,,,PAP Monitor Type,Cellular Modem,,,,,,,,,PAP System,Resmed S10 Aircurve ASV,,
CU-YTAFL-56ZH-GZ,BiLevel ASV Package,Y87V-2N-NCDL-09V,PAP Monitoring,FALSE,2HL-B38G-135D-BX,,"PAP Monitoring, Cellular Modem",A9279,,,,,,,PAP Monitor Type,Cellular Modem,,,,,,,,,PAP System,Generic,,
CU-YTAFL-56ZH-GZ,BiLevel ASV Package,Y87V-2N-NCDL-09V,PAP Monitoring,FALSE,2S-ZY7-MFM5N-Z32,,"PAP Monitoring, Cellular Modem",A9279,,,,,PAP Monitor Type,Cellular Modem,,,,,,,,,PAP System,Respironics Ruby Topaz,,,,
CU-YTAFL-56ZH-GZ,BiLevel ASV Package,Y87V-2N-NCDL-09V,PAP Monitoring,FALSE,2STR-6I9L-2E-9S5,,"PAP Monitoring, Per device availability",A9279,,,,,,,PAP Monitor Type,Per device availability,,,,,,,,,PAP System,S9/S10,,
CU-YTAFL-56ZH-GZ,BiLevel ASV Package,Y87V-2N-NCDL-09V,PAP Monitoring,FALSE,37BV-A8-04FTU-38,,"PAP Monitoring, Per device availability",A9279,,,,,,,,,PAP Monitor Type,Per device availability,,,,,,,,,PAP System,Drive Medical Auto-CPAP
CU-YTAFL-56ZH-GZ,BiLevel ASV Package,Y87V-2N-NCDL-09V,PAP Monitoring,FALSE,3V3KP-27MNJ-HRD3,,"PAP Monitoring, Per device availability",A9279,,,,,PAP Monitor Type,Per device availability,,,,,PAP System,Resmed Airsense 11,,,,,,,,
CU-YTAFL-56ZH-GZ,BiLevel ASV Package,Y87V-2N-NCDL-09V,PAP Monitoring,FALSE,4P1PC-S01B-9EGUE,,"PAP Monitoring, Per device availability",A9279,,,,,PAP Monitor Type,Per device availability,,,,,,,PAP System,Respironics Dreamstation 2,,,,,,
CU-YTAFL-56ZH-GZ,BiLevel ASV Package,Y87V-2N-NCDL-09V,PAP Monitoring,FALSE,4RPN-UQ-1SFCR-9K,,"PAP Monitoring, Cellular Modem",A9279,,,,,,,,,PAP Monitor Type,Cellular Modem,,,,,,,,,PAP System,Airsense / Aircurve 10
CU-YTAFL-56ZH-GZ,BiLevel ASV Package,Y87V-2N-NCDL-09V,PAP Monitoring,FALSE,4SR-NY2I-3I-UV1Q,,"PAP Monitoring, Cellular Modem",A9279,,,PAP Monitor Type,Cellular Modem,,,,,,,,,PAP System,Resmed S10 Aircurve BiLevel ST,,,,,,
CU-YTAFL-56ZH-GZ,BiLevel ASV Package,Y87V-2N-NCDL-09V,PAP Monitoring,FALSE,5C-PB01-AE-BD-Y9,,"PAP Monitoring, Per device availability",A9279,,,,,,,PAP Monitor Type,Per device availability,,,PAP System,ResMed Climate Line,,,,,,,,
CU-YTAFL-56ZH-GZ,BiLevel ASV Package,Y87V-2N-NCDL-09V,PAP Monitoring,FALSE,5HT-3JT-J2QB-ELF,,"PAP Monitoring, Per device availability",A9279,,,PAP Monitor Type,Per device availability,,,,,,,,,,,,,,,PAP System,Fit Upon Setup
CU-YTAFL-56ZH-GZ,BiLevel ASV Package,Y87V-2N-NCDL-09V,PAP Monitoring,FALSE,5MY-J1P-6YH9F-16,,"PAP Monitoring, Cellular Modem",A9279,,,,,,,,,PAP Monitor Type,Cellular Modem,,,,,,,,,PAP System,Pediatric
CU-YTAFL-56ZH-GZ,BiLevel ASV Package,Y87V-2N-NCDL-09V,PAP Monitoring,FALSE,5X-J24V-2T1S-B7P,,"PAP Monitoring, Per device availability",A9279,,,,,,,PAP Monitor Type,Per device availability,,,,,,,,,,,PAP System,3B Medical Luna II
CU-YTAFL-56ZH-GZ,BiLevel ASV Package,Y87V-2N-NCDL-09V,PAP Monitoring,FALSE,62K-GS-2X-G86-92,,"PAP Monitoring, Cellular Modem",A9279,,,,,,,,,PAP Monitor Type,Cellular Modem,,,,,,,,,PAP System,"Automatic, 5-20 cm"
CU-YTAFL-56ZH-GZ,BiLevel ASV Package,Y87V-2N-NCDL-09V,PAP Monitoring,FALSE,6M-0ZN-ATF-2HRCM,,"PAP Monitoring, Cellular Modem",A9279,,,,,PAP Monitor Type,Cellular Modem,,,,,,,,,PAP System,Respironics System One,,,,
CU-YTAFL-56ZH-GZ,BiLevel ASV Package,Y87V-2N-NCDL-09V,PAP Monitoring,FALSE,6RE6-U1M-GES8-MA,,"PAP Monitoring, Cellular Modem",A9279,,,,,,,,,PAP Monitor Type,Cellular Modem,,,PAP System,Drive Medical IntelliPAP Auto-CPAP,,,,,,
CU-YTAFL-56ZH-GZ,BiLevel ASV Package,Y87V-2N-NCDL-09V,PAP Monitoring,FALSE,6V-5152T-E0B9-5F,,"PAP Monitoring, Cellular Modem",A9279,,,PAP Monitor Type,Cellular Modem,,,,,,,,,PAP System,Fit Upon Setup,,,,,,
CU-YTAFL-56ZH-GZ,BiLevel ASV Package,Y87V-2N-NCDL-09V,PAP Monitoring,FALSE,6V1I-LUCS2-KNUA8,,"PAP Monitoring, Per device availability",A9279,,,PAP Monitor Type,Per device availability,,,,,,,,,,,,,PAP System,Icon,,
CU-YTAFL-56ZH-GZ,BiLevel ASV Package,Y87V-2N-NCDL-09V,PAP Monitoring,FALSE,74DG-AF4B-AH8-VI,,"PAP Monitoring, Cellular Modem",A9279,,,,,,,PAP Monitor Type,Cellular Modem,,,,,,,,,PAP System,Resmed Airsense 11 Auto,,
CU-YTAFL-56ZH-GZ,BiLevel ASV Package,Y87V-2N-NCDL-09V,PAP Monitoring,FALSE,7AI3-35-NHQ-VRMT,,"PAP Monitoring, Cellular Modem",A9279,,,,,,,,,PAP Monitor Type,Cellular Modem,,,,,,,,,PAP System,Resmed Airsense 11
CU-YTAFL-56ZH-GZ,BiLevel ASV Package,Y87V-2N-NCDL-09V,PAP Monitoring,FALSE,7AU8U-81L-BQZ-54,,"PAP Monitoring, Cellular Modem",A9279,,,,,,,,,PAP Monitor Type,Cellular Modem,,,,,,,,,PAP System,Resmed S10 Aircurve Fixed BiLevel
CU-YTAFL-56ZH-GZ,BiLevel ASV Package,Y87V-2N-NCDL-09V,PAP Monitoring,FALSE,7B-FAZ4N-5T2R-83,,"PAP Monitoring, Cellular Modem",A9279,,,,,PAP Monitor Type,Cellular Modem,,,,,,,PAP System,ResMed Climate Line,,,,,,
CU-YTAFL-56ZH-GZ,BiLevel ASV Package,Y87V-2N-NCDL-09V,PAP Monitoring,FALSE,7GE-0K3NV-R4-32E,,"PAP Monitoring, Cellular Modem",A9279,,,,,,,PAP Monitor Type,Cellular Modem,,,,,,,,,PAP System,Generic ASV,,
CU-YTAFL-56ZH-GZ,BiLevel ASV Package,Y87V-2N-NCDL-09V,PAP Monitoring,FALSE,7IN-RI4-HJMCY-A9,,"PAP Monitoring, Per device availability",A9279,,,,,,,,,PAP Monitor Type,Per device availability,,,,,,,,,PAP System,ResMed AirMini Portable
CU-YTAFL-56ZH-GZ,BiLevel ASV Package,Y87V-2N-NCDL-09V,PAP Monitoring,FALSE,7JC-29H4-R51U-JY,,"PAP Monitoring, Per device availability",A9279,,,,,,,PAP Monitor Type,Per device availability,,,,,,,,,PAP System,Respironics Dreamstation 2 Auto-CPAP,,
CU-YTAFL-56ZH-GZ,BiLevel ASV Package,Y87V-2N-NCDL-09V,PAP Monitoring,FALSE,7LB89-0G7C-4R17P,,"PAP Monitoring, Per device availability",A9279,,,,,,,PAP Monitor Type,Per device availability,,,,,,,,,PAP System,Generic,,
CU-YTAFL-56ZH-GZ,BiLevel ASV Package,Y87V-2N-NCDL-09V,PAP Monitoring,FALSE,87R6-H2-ET7VD-PS,,"PAP Monitoring, Cellular Modem",A9279,,,,,,,PAP Monitor Type,Cellular Modem,,,,,,,,,PAP System,Resvent iBreeze,,
CU-YTAFL-56ZH-GZ,BiLevel ASV Package,Y87V-2N-NCDL-09V,PAP Monitoring,FALSE,8FM1J-SYU-6A-4KN,,"PAP Monitoring, Cellular Modem",A9279,,,PAP Monitor Type,Cellular Modem,,,,,,,,,PAP System,Respironics,,,,,,
CU-YTAFL-56ZH-GZ,BiLevel ASV Package,Y87V-2N-NCDL-09V,PAP Monitoring,FALSE,8PSY-NP-AI-FVT18,,"PAP Monitoring, Cellular Modem",A9279,,,,,PAP Monitor Type,Cellular Modem,,,,,,,,,PAP System,Resmed S10 Aircurve Fixed BiLevel ASV,,,,
CU-YTAFL-56ZH-GZ,BiLevel ASV Package,Y87V-2N-NCDL-09V,PAP Monitoring,FALSE,8QFA-HM-FLI-F1R8,,"PAP Monitoring, Per device availability",A9279,,,PAP Monitor Type,Per device availability,,,,,,,,,,,PAP System,Airsense / Aircurve 10,,,,
CU-YTAFL-56ZH-GZ,BiLevel ASV Package,Y87V-2N-NCDL-09V,PAP Monitoring,FALSE,8Y-QAD6-0GY97-DN,,"PAP Monitoring, SD Card (aka Card to Cloud)",A9279,,,PAP Monitor Type,SD Card (aka Card to Cloud),,,,,,,,,,,PAP System,Resmed S10 Aircurve Bilevel ST C2C,,,,
CU-YTAFL-56ZH-GZ,BiLevel ASV Package,Y87V-2N-NCDL-09V,PAP Monitoring,FALSE,91AVC-5X-21X-B86,,"PAP Monitoring, Per device availability",A9279,,,,,,,PAP Monitor Type,Per device availability,,,,,,,,,,,PAP System,Resmed S10 Aircurve Fixed BiLevel
CU-YTAFL-56ZH-GZ,BiLevel ASV Package,Y87V-2N-NCDL-09V,PAP Monitoring,FALSE,9HE-J5P2-TZX-KYN,,"PAP Monitoring, Cellular Modem",A9279,,,PAP Monitor Type,Cellular Modem,,,,,,,,,PAP System,ResMed S10 for Her,,,,,,
CU-YTAFL-56ZH-GZ,BiLevel ASV Package,Y87V-2N-NCDL-09V,PAP Monitoring,FALSE,9KT-YFS-QC-PR-SV,,"PAP Monitoring, Per device availability",A9279,,,,,PAP Monitor Type,Per device availability,,,,,,,PAP System,Generic ASV,,,,,,
CU-YTAFL-56ZH-GZ,BiLevel ASV Package,Y87V-2N-NCDL-09V,PAP Monitoring,FALSE,9MD-7AD-U8ZR7-6C,,"PAP Monitoring, Per device availability",A9279,,,,,,,PAP Monitor Type,Per device availability,,,,,,,PAP System,"Automatic, 5-20 cm",,,,
CU-YTAFL-56ZH-GZ,BiLevel ASV Package,Y87V-2N-NCDL-09V,PAP Monitoring,FALSE,9Y2-JXZQ-QAP-MJP,,"PAP Monitoring, Per device availability",A9279,,,,,,,PAP Monitor Type,Per device availability,,,,,PAP System,Resmed S10 Aircurve Fixed BiLevel ASV,,,,,,
CU-YTAFL-56ZH-GZ,BiLevel ASV Package,Y87V-2N-NCDL-09V,PAP Monitoring,FALSE,AFJ-MK-CTGV-8IZK,,"PAP Monitoring, Cellular Modem",A9279,,,,,,,,,PAP Monitor Type,Cellular Modem,,,,,,,,,PAP System,Resmed S10 Aircurve BiLevel ASV
CU-YTAFL-56ZH-GZ,BiLevel ASV Package,Y87V-2N-NCDL-09V,PAP Monitoring,FALSE,AH-Y1EZ-BI8P-4MK,,"PAP Monitoring, Per device availability",A9279,PAP Monitor Type,Per device availability,,,,,,,,,PAP System,Respironics Ruby Topaz,,,,,,,,
CU-YTAFL-56ZH-GZ,BiLevel ASV Package,Y87V-2N-NCDL-09V,PAP Monitoring,FALSE,B2-3HPD3-QRE-YCA,,"PAP Monitoring, Cellular Modem",A9279,,,,,,,,,PAP Monitor Type,Cellular Modem,,,,,,,,,PAP System,"CPAP Machine, Respironics Dreamstation Auto-CPAP"
CU-YTAFL-56ZH-GZ,BiLevel ASV Package,Y87V-2N-NCDL-09V,PAP Monitoring,FALSE,BM-GE3ZG-A6AR-YQ,,"PAP Monitoring, Per device availability",A9279,,,,,PAP Monitor Type,Per device availability,,,,,,,,,PAP System,Devilbiss,,,,
CU-YTAFL-56ZH-GZ,BiLevel ASV Package,Y87V-2N-NCDL-09V,PAP Monitoring,FALSE,BR-4CUB-AVN-K72P,,"PAP Monitoring, Per device availability",A9279,,,,,,,PAP Monitor Type,Per device availability,,,,,,,,,PAP System,Respironics Dreamstation BiPAP ASV,,
CU-YTAFL-56ZH-GZ,BiLevel ASV Package,Y87V-2N-NCDL-09V,PAP Monitoring,FALSE,BRZ7S-8QX-9SE-BM,,"PAP Monitoring, Cellular Modem",A9279,,,,,,,PAP Monitor Type,Cellular Modem,,,,,,,,,,,PAP System,Drive Medical Auto-CPAP
CU-YTAFL-56ZH-GZ,BiLevel ASV Package,Y87V-2N-NCDL-09V,PAP Monitoring,FALSE,C5-AQMG-HZQ8-R3J,,"PAP Monitoring, Per device availability",A9279,,,PAP Monitor Type,Per device availability,,,,,,,,,,,PAP System,Resmed AirSense 10 Elite Auto-CPAP,,,,
CU-YTAFL-56ZH-GZ,BiLevel ASV Package,Y87V-2N-NCDL-09V,PAP Monitoring,FALSE,CD5-FT-AK7J-JIQJ,,"PAP Monitoring, Cellular Modem",A9279,,,,,,,PAP Monitor Type,Cellular Modem,,,,,,,,,PAP System,Resmed S9 VPAP COPD,,
CU-YTAFL-56ZH-GZ,BiLevel ASV Package,Y87V-2N-NCDL-09V,PAP Monitoring,FALSE,CHMJ-ZC-GFT-4X6F,,"PAP Monitoring, Cellular Modem",A9279,PAP Monitor Type,Cellular Modem,,,,,,,,,,,,,,,,,PAP System,Sleepstyle 600
CU-YTAFL-56ZH-GZ,BiLevel ASV Package,Y87V-2N-NCDL-09V,PAP Monitoring,FALSE,CIKH-87-04TGA-C4,,"PAP Monitoring, Cellular Modem",A9279,,,,,PAP Monitor Type,Cellular Modem,,,,,,,PAP System,S9 Standard,,,,,,
CU-YTAFL-56ZH-GZ,BiLevel ASV Package,Y87V-2N-NCDL-09V,PAP Monitoring,FALSE,CLZD7-12-HX-5DQK,,"PAP Monitoring, Cellular Modem",A9279,,,PAP Monitor Type,Cellular Modem,,,,,,,,,PAP System,Resmed S10 Aircurve BiLevel ST-A,,,,,,
CU-YTAFL-56ZH-GZ,BiLevel ASV Package,Y87V-2N-NCDL-09V,PAP Monitoring,FALSE,D1CJ8-X4-5JN-I89,,"PAP Monitoring, Per device availability",A9279,,,,,,,PAP Monitor Type,Per device availability,,,,,,,,,PAP System,Drive Medical,,
CU-YTAFL-56ZH-GZ,BiLevel ASV Package,Y87V-2N-NCDL-09V,PAP Monitoring,FALSE,D7PE-Y0YD-83-DAM,,"PAP Monitoring, Per device availability",A9279,,,PAP Monitor Type,Per device availability,,,,,,,,,PAP System,Drive Medical IntelliPAP Auto BiLevel,,,,,,
CU-YTAFL-56ZH-GZ,BiLevel ASV Package,Y87V-2N-NCDL-09V,PAP Monitoring,FALSE,DCUGS-Z5N-TYM-4B,,"PAP Monitoring, Cellular Modem",A9279,,,PAP Monitor Type,Cellular Modem,,,,,,,,,PAP System,ResMed,,,,,,
CU-YTAFL-56ZH-GZ,BiLevel ASV Package,Y87V-2N-NCDL-09V,PAP Monitoring,FALSE,DGUT-AGR-QYJ-EFU,,"PAP Monitoring, Cellular Modem",A9279,,,PAP Monitor Type,Cellular Modem,,,,,,,,,PAP System,Resmed S10 Aircurve ST,,,,,,
CU-YTAFL-56ZH-GZ,BiLevel ASV Package,Y87V-2N-NCDL-09V,PAP Monitoring,FALSE,DX-ELU3L-ATRI-7U,,"PAP Monitoring, Per device availability",A9279,,,PAP Monitor Type,Per device availability,,,,,,,,,PAP System,ResMed AirMini,,,,,,
CU-YTAFL-56ZH-GZ,BiLevel ASV Package,Y87V-2N-NCDL-09V,PAP Monitoring,FALSE,DYHB-PZ7-9D-7ML2,,"PAP Monitoring, Per device availability",A9279,,,,,,,PAP Monitor Type,Per device availability,,,,,,,,,PAP System,Resmed S10 Auto-CPAP,,
CU-YTAFL-56ZH-GZ,BiLevel ASV Package,Y87V-2N-NCDL-09V,PAP Monitoring,FALSE,E2542-6LJC1-JDMB,,"PAP Monitoring, SD Card (aka Card to Cloud)",A9279,,,,,,,,,PAP Monitor Type,SD Card (aka Card to Cloud),,,,,,,PAP System,Resmed S10 Aircurve Bilevel ST-A C2C,,
CU-YTAFL-56ZH-GZ,BiLevel ASV Package,Y87V-2N-NCDL-09V,PAP Monitoring,FALSE,EJ-7KBM-0IURV-6D,,"PAP Monitoring, Cellular Modem",A9279,PAP Monitor Type,Cellular Modem,,,,,,,,,PAP System,Resmed AirSense 10 Elite Auto-CPAP,,,,,,,,
CU-YTAFL-56ZH-GZ,BiLevel ASV Package,Y87V-2N-NCDL-09V,PAP Monitoring,FALSE,F2S-DH4-Q8ZV2-F0,,"PAP Monitoring, Per device availability",A9279,,,PAP Monitor Type,Per device availability,,,,,,,,,,,,,,,PAP System,Respironics Dreamstation Auto-CPAP
CU-YTAFL-56ZH-GZ,BiLevel ASV Package,Y87V-2N-NCDL-09V,PAP Monitoring,FALSE,FB94M-0X-GC6D-6M,,"PAP Monitoring, Per device availability",A9279,,,PAP Monitor Type,Per device availability,,,,,,,,,PAP System,ResMed S10 for Her,,,,,,
CU-YTAFL-56ZH-GZ,BiLevel ASV Package,Y87V-2N-NCDL-09V,PAP Monitoring,FALSE,FI-2K-HI-AF-RNHB,,"PAP Monitoring, Per device availability",A9279,,,,,,,PAP Monitor Type,Per device availability,,,,,,,,,PAP System,Resmed AirSense 10 Elite,,
CU-YTAFL-56ZH-GZ,BiLevel ASV Package,Y87V-2N-NCDL-09V,PAP Monitoring,FALSE,G17Y2-10ASD-NILA,,"PAP Monitoring, Per device availability",A9279,,,PAP Monitor Type,Per device availability,,,,,,,,,,,,,,,PAP System,ResMed Fixed
CU-YTAFL-56ZH-GZ,BiLevel ASV Package,Y87V-2N-NCDL-09V,PAP Monitoring,FALSE,G1S-2CH-9XLV-2TB,,"PAP Monitoring, Cellular Modem",A9279,,,,,,,PAP Monitor Type,Cellular Modem,,,,,,,,,PAP System,S9/S10,,
CU-YTAFL-56ZH-GZ,BiLevel ASV Package,Y87V-2N-NCDL-09V,PAP Monitoring,FALSE,G9U-XD4-HSAU7-E4,,"PAP Monitoring, Per device availability",A9279,,,,,PAP Monitor Type,Per device availability,,,,,,,,,PAP System,Resmed S10 Aircurve Auto BiLevel,,,,
CU-YTAFL-56ZH-GZ,BiLevel ASV Package,Y87V-2N-NCDL-09V,PAP Monitoring,FALSE,GP8-QU-LZ8-IB9VH,,"PAP Monitoring, Per device availability",A9279,,,,,,,PAP Monitor Type,Per device availability,,,,,PAP System,Resmed Auto for Her,,,,,,
CU-YTAFL-56ZH-GZ,BiLevel ASV Package,Y87V-2N-NCDL-09V,PAP Monitoring,FALSE,GPTRZ-ZX-D0JC-0C,,"PAP Monitoring, Cellular Modem",A9279,,,PAP Monitor Type,Cellular Modem,,,,,,,,,,,,,PAP System,Fisher & Paykel (F&P) Icon Auto-CPAP Premium,,
CU-YTAFL-56ZH-GZ,BiLevel ASV Package,Y87V-2N-NCDL-09V,PAP Monitoring,FALSE,GR3-Z5A9-614H-ZX,,"PAP Monitoring, Cellular Modem",A9279,,,PAP Monitor Type,Cellular Modem,,,,,,,,,PAP System,S10,,,,,,
CU-YTAFL-56ZH-GZ,BiLevel ASV Package,Y87V-2N-NCDL-09V,PAP Monitoring,FALSE,GT-BU-IY-DXD-JYP,,"PAP Monitoring, Cellular Modem",A9279,PAP Monitor Type,Cellular Modem,,,,,,,,,PAP System,Drive Medical IntelliPAP,,,,,,,,
CU-YTAFL-56ZH-GZ,BiLevel ASV Package,Y87V-2N-NCDL-09V,PAP Monitoring,FALSE,H02-PB-12IC-R176,,"PAP Monitoring, Per device availability",A9279,,,,,,,,,PAP Monitor Type,Per device availability,,,,,,,,,PAP System,ResMed
CU-YTAFL-56ZH-GZ,BiLevel ASV Package,Y87V-2N-NCDL-09V,PAP Monitoring,FALSE,H5B1M-RJT-2M1-B7,,"PAP Monitoring, Per device availability",A9279,,,,,,,PAP Monitor Type,Per device availability,,,,,,,PAP System,Resmed S10 Aircurve BiLevel ST,,,,
CU-YTAFL-56ZH-GZ,BiLevel ASV Package,Y87V-2N-NCDL-09V,PAP Monitoring,FALSE,H5FU-65H90-67-X3,,"PAP Monitoring, SD Card (aka Card to Cloud)",A9279,PAP Monitor Type,SD Card (aka Card to Cloud),,,,,,,,,,,,,,,,,PAP System,Resmed S10 Aircurve Auto Bilevel ASV C2C
CU-YTAFL-56ZH-GZ,BiLevel ASV Package,Y87V-2N-NCDL-09V,PAP Monitoring,FALSE,H95P-RZY-HKU-I70,,"PAP Monitoring, Cellular Modem",A9279,,,,,PAP Monitor Type,Cellular Modem,,,,,,,,,PAP System,Fisher & Paykel (F&P) Icon Auto-CPAP,,,,
CU-YTAFL-56ZH-GZ,BiLevel ASV Package,Y87V-2N-NCDL-09V,PAP Monitoring,FALSE,HC7-U7-7P-PHL-T7,,"PAP Monitoring, Per device availability",A9279,,,,,,,PAP Monitor Type,Per device availability,,,,,,,,,PAP System,Resmed S10 BiPAP ASV,,
CU-YTAFL-56ZH-GZ,BiLevel ASV Package,Y87V-2N-NCDL-09V,PAP Monitoring,FALSE,HX2B-Z2-9GIRE-VU,,"PAP Monitoring, Cellular Modem",A9279,,,,,,,PAP Monitor Type,Cellular Modem,,,,,,,,,PAP System,Automatic,,
CU-YTAFL-56ZH-GZ,BiLevel ASV Package,Y87V-2N-NCDL-09V,PAP Monitoring,FALSE,I2-TMZ7-N81-IEVT,,"PAP Monitoring, Per device availability",A9279,,,,,,,PAP Monitor Type,Per device availability,,,,,,,PAP System,Sleepstyle 600,,,,
CU-YTAFL-56ZH-GZ,BiLevel ASV Package,Y87V-2N-NCDL-09V,PAP Monitoring,FALSE,IL6M1-F9GRE-9B2Q,,"PAP Monitoring, Per device availability",A9279,,,,,,,PAP Monitor Type,Per device availability,,,,,,,,,PAP System,Not Specified,,
CU-YTAFL-56ZH-GZ,BiLevel ASV Package,Y87V-2N-NCDL-09V,PAP Monitoring,FALSE,ILFD-HDKTI-D8-90,,"PAP Monitoring, SD Card (aka Card to Cloud)",A9279,,,PAP Monitor Type,SD Card (aka Card to Cloud),,,,,,,,,PAP System,Resmed S10 Aircurve Fixed Bilevel C2C,,,,,,
CU-YTAFL-56ZH-GZ,BiLevel ASV Package,Y87V-2N-NCDL-09V,PAP Monitoring,FALSE,IM7-3I0N-LU-BS2L,,"PAP Monitoring, Per device availability",A9279,,,,,,,,,PAP Monitor Type,Per device availability,,,,,,,,,PAP System,Resmed S10 Aircurve ASV
CU-YTAFL-56ZH-GZ,BiLevel ASV Package,Y87V-2N-NCDL-09V,PAP Monitoring,FALSE,IT-MKQF9-7X2-18S,,"PAP Monitoring, Cellular Modem",A9279,PAP Monitor Type,Cellular Modem,,,,,,,,,PAP System,ResMed S10 Auto-CPAP for Her,,,,,,,,
CU-YTAFL-56ZH-GZ,BiLevel ASV Package,Y87V-2N-NCDL-09V,PAP Monitoring,FALSE,IV3-XM-KZF9-YRQ5,,"PAP Monitoring, Cellular Modem",A9279,,,,,PAP Monitor Type,Cellular Modem,,,,,,,,,PAP System,Resmed S10 Auto-CPAP,,,,
CU-YTAFL-56ZH-GZ,BiLevel ASV Package,Y87V-2N-NCDL-09V,PAP Monitoring,FALSE,JH-CSRT-BE-32-YP,,"PAP Monitoring, Cellular Modem",A9279,PAP Monitor Type,Cellular Modem,,,,,,,,,,,,,PAP System,Resmed S9 VPAP Auto BiLevel,,,,
CU-YTAFL-56ZH-GZ,BiLevel ASV Package,Y87V-2N-NCDL-09V,PAP Monitoring,FALSE,JI9L-P2Q7-ZN-Q2N,,"PAP Monitoring, Cellular Modem",A9279,,,,,,,PAP Monitor Type,Cellular Modem,,,,,,,PAP System,System to Fit,,,,
CU-YTAFL-56ZH-GZ,BiLevel ASV Package,Y87V-2N-NCDL-09V,PAP Monitoring,FALSE,K0GC-GY2TF-IR8UQ,,"PAP Monitoring, Per device availability",A9279,,,,,PAP Monitor Type,Per device availability,,,,,,,,,PAP System,S8,,,,
CU-YTAFL-56ZH-GZ,BiLevel ASV Package,Y87V-2N-NCDL-09V,PAP Monitoring,FALSE,K6VBK-SR5-M8L-3G,,"PAP Monitoring, Per device availability",A9279,,,,,,,PAP Monitor Type,Per device availability,,,,,,,,,,,PAP System,Resmed S10 Aircurve BiLevel ST-A
CU-YTAFL-56ZH-GZ,BiLevel ASV Package,Y87V-2N-NCDL-09V,PAP Monitoring,FALSE,KPM-XB-G4-QAB-VL,,"PAP Monitoring, Cellular Modem",A9279,,,PAP Monitor Type,Cellular Modem,,,,,,,,,PAP System,ResMed Fixed,,,,,,
CU-YTAFL-56ZH-GZ,BiLevel ASV Package,Y87V-2N-NCDL-09V,PAP Monitoring,FALSE,L89-2K3H-PZ6-34J,,"PAP Monitoring, Per device availability",A9279,,,,,,,,,PAP Monitor Type,Per device availability,,,,,,,,,PAP System,Resmed Airsense 11 Auto
CU-YTAFL-56ZH-GZ,BiLevel ASV Package,Y87V-2N-NCDL-09V,PAP Monitoring,FALSE,LI-MZ-B6ME-1S5ZX,,"PAP Monitoring, Per device availability",A9279,,,,,PAP Monitor Type,Per device availability,,,,,,,,,PAP System,Resmed S10 Aircurve BiLevel ASV,,,,
CU-YTAFL-56ZH-GZ,BiLevel ASV Package,Y87V-2N-NCDL-09V,PAP Monitoring,FALSE,LP-853-N2N-PY-19,,"PAP Monitoring, Per device availability",A9279,PAP Monitor Type,Per device availability,,,,,,,,,PAP System,Respironics System One,,,,,,,,
CU-YTAFL-56ZH-GZ,BiLevel ASV Package,Y87V-2N-NCDL-09V,PAP Monitoring,FALSE,M3X-M1-C1J29-6Q5,,"PAP Monitoring, Cellular Modem",A9279,,,,,PAP Monitor Type,Cellular Modem,,,,,,,PAP System,Icon,,,,,,
CU-YTAFL-56ZH-GZ,BiLevel ASV Package,Y87V-2N-NCDL-09V,PAP Monitoring,FALSE,M7A-LF-V9ZLC-HJH,,"PAP Monitoring, Per device availability",A9279,,,,,,,PAP Monitor Type,Per device availability,,,,,,,PAP System,Pediatric,,,,
CU-YTAFL-56ZH-GZ,BiLevel ASV Package,Y87V-2N-NCDL-09V,PAP Monitoring,FALSE,MC3F-NG-0LRQ-SKQ,,"PAP Monitoring, Cellular Modem",A9279,,,,,PAP Monitor Type,Cellular Modem,,,,,,,,,PAP System,Respironics Dreamstation 2,,,,
CU-YTAFL-56ZH-GZ,BiLevel ASV Package,Y87V-2N-NCDL-09V,PAP Monitoring,FALSE,MEV-T8-47JM-PHBS,,"PAP Monitoring, Per device availability",A9279,,,,,,,PAP Monitor Type,Per device availability,,,,,,,,,PAP System,S9,,
CU-YTAFL-56ZH-GZ,BiLevel ASV Package,Y87V-2N-NCDL-09V,PAP Monitoring,FALSE,MI75U-FM-8UI-H8H,,"PAP Monitoring, Per device availability",A9279,,,,,PAP Monitor Type,Per device availability,,,,,,,,,PAP System,Respironics Dreamstation BiPAP AVAPS,,,,
CU-YTAFL-56ZH-GZ,BiLevel ASV Package,Y87V-2N-NCDL-09V,PAP Monitoring,FALSE,MTJ-VMCS-A8-ITSK,,"PAP Monitoring, Cellular Modem",A9279,,,,,,,,,PAP Monitor Type,Cellular Modem,,,,,,,,,PAP System,Drive Medical
CU-YTAFL-56ZH-GZ,BiLevel ASV Package,Y87V-2N-NCDL-09V,PAP Monitoring,FALSE,N5D-Z69-GSAYT-KM,,"PAP Monitoring, Per device availability",A9279,,,,,PAP Monitor Type,Per device availability,,,,,,,,,,,PAP System,Resmed S10 Aircurve BiLevel,,
CU-YTAFL-56ZH-GZ,BiLevel ASV Package,Y87V-2N-NCDL-09V,PAP Monitoring,FALSE,ND5CU-8MDM-S8-P7,,"PAP Monitoring, Per device availability",A9279,,,,,,,PAP Monitor Type,Per device availability,,,,,,,,,PAP System,Resmed S10 Aircurve Auto BiLevel ASV,,
CU-YTAFL-56ZH-GZ,BiLevel ASV Package,Y87V-2N-NCDL-09V,PAP Monitoring,FALSE,NE-91U4-HX-9I-18,,"PAP Monitoring, Cellular Modem",A9279,,,,,,,,,PAP Monitor Type,Cellular Modem,,,,,,,,,PAP System,ResMed Auto
CU-YTAFL-56ZH-GZ,BiLevel ASV Package,Y87V-2N-NCDL-09V,PAP Monitoring,FALSE,NT-NB-0QTIG-RZR6,,"PAP Monitoring, SD Card (aka Card to Cloud)",A9279,,,,,PAP Monitor Type,SD Card (aka Card to Cloud),,,,,,,PAP System,Resmed S10 Aircurve Auto Bilevel C2C,,,,,,
CU-YTAFL-56ZH-GZ,BiLevel ASV Package,Y87V-2N-NCDL-09V,PAP Monitoring,FALSE,NU-KC-ILAS-EC-6Y,,"PAP Monitoring, Per device availability",A9279,,,PAP Monitor Type,Per device availability,,,,,,,,,,,,,PAP System,Drive Medical IntelliPAP,,
CU-YTAFL-56ZH-GZ,BiLevel ASV Package,Y87V-2N-NCDL-09V,PAP Monitoring,FALSE,NUQ1-2JUD8-9ASY6,,"PAP Monitoring, Cellular Modem",A9279,,,,,,,PAP Monitor Type,Cellular Modem,,,,,,,,,PAP System,Resmed Airsense 11 Fixed,,
CU-YTAFL-56ZH-GZ,BiLevel ASV Package,Y87V-2N-NCDL-09V,PAP Monitoring,FALSE,P5SVU-SVSEM-J15L,,"PAP Monitoring, Cellular Modem",A9279,,,,,PAP Monitor Type,Cellular Modem,,,,,,,,,PAP System,Devilbiss,,,,
CU-YTAFL-56ZH-GZ,BiLevel ASV Package,Y87V-2N-NCDL-09V,PAP Monitoring,FALSE,PHP-A3EF-0C-BGJQ,,"PAP Monitoring, Per device availability",A9279,,,,,,,PAP Monitor Type,Per device availability,,,,,,,,,PAP System,Fisher & Paykel (F&P) Icon,,
CU-YTAFL-56ZH-GZ,BiLevel ASV Package,Y87V-2N-NCDL-09V,PAP Monitoring,FALSE,PKI3-P5-0YHDF-AI,,"PAP Monitoring, Per device availability",A9279,,,,,,,PAP Monitor Type,Per device availability,,,PAP System,Fisher & Paykel (F&P) Icon Auto-CPAP Premium,,,,,,,,
CU-YTAFL-56ZH-GZ,BiLevel ASV Package,Y87V-2N-NCDL-09V,PAP Monitoring,FALSE,PQSKN-6I-MSAX-7N,,"PAP Monitoring, Cellular Modem",A9279,,,,,PAP Monitor Type,Cellular Modem,,,,,,,PAP System,Resmed S10 Aircurve Auto BiLevel,,,,,,
CU-YTAFL-56ZH-GZ,BiLevel ASV Package,Y87V-2N-NCDL-09V,PAP Monitoring,FALSE,PSDTL-IK-JF6P-86,,"PAP Monitoring, Per device availability",A9279,,,,,,,PAP Monitor Type,Per device availability,,,,,,,,,PAP System,Generic AVAPS,,
CU-YTAFL-56ZH-GZ,BiLevel ASV Package,Y87V-2N-NCDL-09V,PAP Monitoring,FALSE,Q75T-FB-GXTM3-E0,,"PAP Monitoring, Cellular Modem",A9279,,,PAP Monitor Type,Cellular Modem,,,,,,,,,,,PAP System,Resmed S10 Auto-BiPAP,,,,
CU-YTAFL-56ZH-GZ,BiLevel ASV Package,Y87V-2N-NCDL-09V,PAP Monitoring,FALSE,QB-75-PC-FVCY-8V,,"PAP Monitoring, Cellular Modem",A9279,,,,,,,,,PAP Monitor Type,Cellular Modem,,,,,,,PAP System,Respironics Dreamstation Auto BiPAP,,
CU-YTAFL-56ZH-GZ,BiLevel ASV Package,Y87V-2N-NCDL-09V,PAP Monitoring,FALSE,QBED-NY-36-G6-U1,,"PAP Monitoring, Cellular Modem",A9279,,,,,,,PAP Monitor Type,Cellular Modem,,,,,,,,,,,PAP System,Fisher & Paykel (F&P) Icon
CU-YTAFL-56ZH-GZ,BiLevel ASV Package,Y87V-2N-NCDL-09V,PAP Monitoring,FALSE,QG-NMD0-VAXUE-32,,"PAP Monitoring, Per device availability",A9279,,,,,,,PAP Monitor Type,Per device availability,,,,,,,,,PAP System,Drive Medical IntelliPAP BiLevel,,
CU-YTAFL-56ZH-GZ,BiLevel ASV Package,Y87V-2N-NCDL-09V,PAP Monitoring,FALSE,QIC-VSZ-1Y6-0YSZ,,"PAP Monitoring, Cellular Modem",A9279,,,,,PAP Monitor Type,Cellular Modem,,,,,,,,,PAP System,Resmed S10 Fixed CPAP,,,,
CU-YTAFL-56ZH-GZ,BiLevel ASV Package,Y87V-2N-NCDL-09V,PAP Monitoring,FALSE,QJ-G9I-FHVI4-453,,"PAP Monitoring, Cellular Modem",A9279,,,,,,,PAP Monitor Type,Cellular Modem,,,,,,,,,PAP System,Custom,,
CU-YTAFL-56ZH-GZ,BiLevel ASV Package,Y87V-2N-NCDL-09V,PAP Monitoring,FALSE,QY-XZ3-M7J-Y3B1E,,"PAP Monitoring, Cellular Modem",A9279,,,PAP Monitor Type,Cellular Modem,,,,,,,,,,,,,PAP System,Resmed S10 BiPAP ASV,,
CU-YTAFL-56ZH-GZ,BiLevel ASV Package,Y87V-2N-NCDL-09V,PAP Monitoring,FALSE,R6-V7AF-62TZ6-3D,,"PAP Monitoring, Cellular Modem",A9279,,,,,PAP Monitor Type,Cellular Modem,,,,,,,,,PAP System,Drive Medical IntelliPAP BiLevel,,,,
CU-YTAFL-56ZH-GZ,BiLevel ASV Package,Y87V-2N-NCDL-09V,PAP Monitoring,FALSE,RY-RC9C-CF-TA8J4,,"PAP Monitoring, Cellular Modem",A9279,,,,,PAP Monitor Type,Cellular Modem,,,,,,,PAP System,Respironics Dreamstation BiPAP ASV,,,,,,
CU-YTAFL-56ZH-GZ,BiLevel ASV Package,Y87V-2N-NCDL-09V,PAP Monitoring,FALSE,S3F9Y-HDQT-RL-AV,,"PAP Monitoring, Per device availability",A9279,,,,,PAP Monitor Type,Per device availability,,,,,,,,,PAP System,Drive Medical IntelliPAP Auto-CPAP,,,,
CU-YTAFL-56ZH-GZ,BiLevel ASV Package,Y87V-2N-NCDL-09V,PAP Monitoring,FALSE,SC-0Z69R-4ETG-53,,"PAP Monitoring, Cellular Modem",A9279,,,,,,,,,PAP Monitor Type,Cellular Modem,,,,,PAP System,Resmed AirSense 10 Elite,,,,
CU-YTAFL-56ZH-GZ,BiLevel ASV Package,Y87V-2N-NCDL-09V,PAP Monitoring,FALSE,SN-NMUAR-QJX5-GT,,"PAP Monitoring, Cellular Modem",A9279,,,,,,,,,PAP Monitor Type,Cellular Modem,,,,,,,,,PAP System,Resmed S10 Aircurve BiLevel
CU-YTAFL-56ZH-GZ,BiLevel ASV Package,Y87V-2N-NCDL-09V,PAP Monitoring,FALSE,T1AR5-ZIFK0-3G60,,"PAP Monitoring, Per device availability",A9279,,,,,PAP Monitor Type,Per device availability,,,,,,,,,PAP System,Custom,,,,
CU-YTAFL-56ZH-GZ,BiLevel ASV Package,Y87V-2N-NCDL-09V,PAP Monitoring,FALSE,T82JU-8LKLX-XK4P,,"PAP Monitoring, Per device availability",A9279,,,,,,,,,PAP Monitor Type,Per device availability,PAP System,Fisher & Paykel (F&P) Icon Auto-CPAP,,,,,,,,
CU-YTAFL-56ZH-GZ,BiLevel ASV Package,Y87V-2N-NCDL-09V,PAP Monitoring,FALSE,TM7-6C-9SUJ-25GF,,"PAP Monitoring, Per device availability",A9279,,,,,,,PAP Monitor Type,Per device availability,,,,,,,,,PAP System,Resvent iBreeze,,
CU-YTAFL-56ZH-GZ,BiLevel ASV Package,Y87V-2N-NCDL-09V,PAP Monitoring,FALSE,TSFYP-RM2Z9-KHJH,,"PAP Monitoring, Cellular Modem",A9279,,,PAP Monitor Type,Cellular Modem,,,,,,,,,,,,,,,PAP System,Resmed S10
CU-YTAFL-56ZH-GZ,BiLevel ASV Package,Y87V-2N-NCDL-09V,PAP Monitoring,FALSE,TVU1Z-PBP4V-9K35,,"PAP Monitoring, Cellular Modem",A9279,,,PAP Monitor Type,Cellular Modem,,,,,,,,,,,PAP System,3B Medical Luna II,,,,
CU-YTAFL-56ZH-GZ,BiLevel ASV Package,Y87V-2N-NCDL-09V,PAP Monitoring,FALSE,U1K83-QA-VLE9-9C,,"PAP Monitoring, Cellular Modem",A9279,,,PAP Monitor Type,Cellular Modem,,,,,,,,,,,,,PAP System,ResMed AirMini,,
CU-YTAFL-56ZH-GZ,BiLevel ASV Package,Y87V-2N-NCDL-09V,PAP Monitoring,FALSE,U3BCX-86M-P9-5JI,,"PAP Monitoring, Per device availability",A9279,,,,,,,PAP Monitor Type,Per device availability,,,,,PAP System,Drive Medical IntelliPAP BiLevel ST,,,,,,
CU-YTAFL-56ZH-GZ,BiLevel ASV Package,Y87V-2N-NCDL-09V,PAP Monitoring,FALSE,UBPI5-YG-RQZL-1U,,"PAP Monitoring, Per device availability",A9279,,,,,,,PAP Monitor Type,Per device availability,,,,,,,,,PAP System,ResMed S10 Auto-CPAP for Her,,
CU-YTAFL-56ZH-GZ,BiLevel ASV Package,Y87V-2N-NCDL-09V,PAP Monitoring,FALSE,UCJM-4VKQ-3X-G01,,"PAP Monitoring, Cellular Modem",A9279,,,,,,,PAP Monitor Type,Cellular Modem,,,,,,,,,PAP System,S8,,
CU-YTAFL-56ZH-GZ,BiLevel ASV Package,Y87V-2N-NCDL-09V,PAP Monitoring,FALSE,UMDFE-6K8B-0G-JC,,"PAP Monitoring, Cellular Modem",A9279,,,,,,,PAP Monitor Type,Cellular Modem,,,,,,,,,,,PAP System,Not Specified
CU-YTAFL-56ZH-GZ,BiLevel ASV Package,Y87V-2N-NCDL-09V,PAP Monitoring,FALSE,UQK7-4GYI-JBV-V9,,"PAP Monitoring, Cellular Modem",A9279,,,,,,,PAP Monitor Type,Cellular Modem,,,,,,,,,PAP System,Drive Medical IntelliPAP Auto BiLevel,,
CU-YTAFL-56ZH-GZ,BiLevel ASV Package,Y87V-2N-NCDL-09V,PAP Monitoring,FALSE,UTA-QZ-9T-J23-M1,,"PAP Monitoring, Per device availability",A9279,,,,,,,PAP Monitor Type,Per device availability,,,,,,,,,PAP System,Resmed S10 Auto-BiPAP,,
CU-YTAFL-56ZH-GZ,BiLevel ASV Package,Y87V-2N-NCDL-09V,PAP Monitoring,FALSE,UV-2ST4V-9Q-Y2KZ,,"PAP Monitoring, Cellular Modem",A9279,,,,,,,,,PAP Monitor Type,Cellular Modem,,,,,,,,,PAP System,Fixed
CU-YTAFL-56ZH-GZ,BiLevel ASV Package,Y87V-2N-NCDL-09V,PAP Monitoring,FALSE,V73-G7A-RAL-QP8C,,"PAP Monitoring, Per device availability",A9279,,,,,PAP Monitor Type,Per device availability,,,,,,,,,,,PAP System,Resmed Airsense 11 Fixed,,
CU-YTAFL-56ZH-GZ,BiLevel ASV Package,Y87V-2N-NCDL-09V,PAP Monitoring,FALSE,VDIU-H809-ULU-Z3,,"PAP Monitoring, Cellular Modem",A9279,,,PAP Monitor Type,Cellular Modem,,,,,,,,,PAP System,Respironics Deluxe,,,,,,
CU-YTAFL-56ZH-GZ,BiLevel ASV Package,Y87V-2N-NCDL-09V,PAP Monitoring,FALSE,VDQA-5USX9-4R-9I,,"PAP Monitoring, Cellular Modem",A9279,,,PAP Monitor Type,Cellular Modem,,,,,,,,,PAP System,Drive Medical IntelliPAP BiLevel ST,,,,,,
CU-YTAFL-56ZH-GZ,BiLevel ASV Package,Y87V-2N-NCDL-09V,PAP Monitoring,FALSE,VG2S-LM-3YHAL-ZM,,"PAP Monitoring, Per device availability",A9279,PAP Monitor Type,Per device availability,,,,,,,,,,,,,,,,,PAP System,"CPAP Machine, Respironics Dreamstation Auto-CPAP"
CU-YTAFL-56ZH-GZ,BiLevel ASV Package,Y87V-2N-NCDL-09V,PAP Monitoring,FALSE,VK-76-5DZXN-ACP0,,"PAP Monitoring, Cellular Modem",A9279,,,,,,,PAP Monitor Type,Cellular Modem,,,,,,,,,PAP System,Resmed AirSense 10 AutoSet,,
CU-YTAFL-56ZH-GZ,BiLevel ASV Package,Y87V-2N-NCDL-09V,PAP Monitoring,FALSE,VQ-CE8Q-AXH71-8G,,"PAP Monitoring, Cellular Modem",A9279,,,,,PAP Monitor Type,Cellular Modem,,,,,,,,,PAP System,Respironics Dreamstation BiPAP AVAPS,,,,
CU-YTAFL-56ZH-GZ,BiLevel ASV Package,Y87V-2N-NCDL-09V,PAP Monitoring,FALSE,VUSP-RQ80T-9FCN7,,"PAP Monitoring, Per device availability",A9279,,,,,,,PAP Monitor Type,Per device availability,,,,,,,,,PAP System,Resmed S9 VPAP Auto BiLevel,,
CU-YTAFL-56ZH-GZ,BiLevel ASV Package,Y87V-2N-NCDL-09V,PAP Monitoring,FALSE,X2-9TEI0-VDYI-MR,,"PAP Monitoring, Per device availability",A9279,,,,,PAP Monitor Type,Per device availability,,,,,,,,,PAP System,Resmed S9 VPAP COPD,,,,
CU-YTAFL-56ZH-GZ,BiLevel ASV Package,Y87V-2N-NCDL-09V,PAP Monitoring,FALSE,X8L-N5IA-8F-LT7V,,"PAP Monitoring, Per device availability",A9279,,,,,,,PAP Monitor Type,Per device availability,,,,,,,,,PAP System,Respironics Premium,,
CU-YTAFL-56ZH-GZ,BiLevel ASV Package,Y87V-2N-NCDL-09V,PAP Monitoring,FALSE,XDZHK-QD6-6U5-CF,,"PAP Monitoring, Cellular Modem",A9279,PAP Monitor Type,Cellular Modem,,,,,,,,,PAP System,Respironics Premium,,,,,,,,
CU-YTAFL-56ZH-GZ,BiLevel ASV Package,Y87V-2N-NCDL-09V,PAP Monitoring,FALSE,XG41Q-95K4-FS-4Q,,"PAP Monitoring, Per device availability",A9279,,,,,PAP Monitor Type,Per device availability,,,,,,,,,PAP System,Fixed,,,,
CU-YTAFL-56ZH-GZ,BiLevel ASV Package,Y87V-2N-NCDL-09V,PAP Monitoring,FALSE,XKG-S5-JQ-IJ-I6Q,,"PAP Monitoring, ReactHealth",A9279,,,,,,,PAP Monitor Type,Per device availability,,,,,,,,,PAP System,ReactHealth,,
CU-YTAFL-56ZH-GZ,BiLevel ASV Package,Y87V-2N-NCDL-09V,PAP Monitoring,FALSE,XTL79-SK5I-GQTXY,,"PAP Monitoring, Cellular Modem",A9279,PAP Monitor Type,Cellular Modem,,,,,,,,,,,,,PAP System,Respironics Dreamstation Auto-CPAP,,,,
CU-YTAFL-56ZH-GZ,BiLevel ASV Package,Y87V-2N-NCDL-09V,PAP Monitoring,FALSE,XZJ-1JYUS-BF-6HB,,"PAP Monitoring, Per device availability",A9279,,,,,,,,,PAP Monitor Type,Per device availability,,,,,,,PAP System,S9 Cleanable,,
CU-YTAFL-56ZH-GZ,BiLevel ASV Package,Y87V-2N-NCDL-09V,PAP Monitoring,FALSE,Y35V-8I8JT-5T27Q,,"PAP Monitoring, Per device availability",A9279,,,PAP Monitor Type,Per device availability,,,,,,,,,PAP System,Respironics Deluxe,,,,,,
CU-YTAFL-56ZH-GZ,BiLevel ASV Package,Y87V-2N-NCDL-09V,PAP Monitoring,FALSE,Y5M9M-3Z9-MF2-18,,"PAP Monitoring, Cellular Modem",A9279,,,,,,,PAP Monitor Type,Cellular Modem,,,,,,,PAP System,Respironics Dreamstation 2 Auto-CPAP,,,,
CU-YTAFL-56ZH-GZ,BiLevel ASV Package,Y87V-2N-NCDL-09V,PAP Monitoring,FALSE,YBIE-YT-8I7K5-Y8,,"PAP Monitoring, Cellular Modem",A9279,,,,,,,,,PAP Monitor Type,Cellular Modem,,,,,,,PAP System,Fisher & Paykel (F&P) Icon Premium,,
CU-YTAFL-56ZH-GZ,BiLevel ASV Package,Y87V-2N-NCDL-09V,PAP Monitoring,FALSE,YD-H3S1-A0DE-XFJ,,"PAP Monitoring, Per device availability",A9279,,,,,,,PAP Monitor Type,Per device availability,,,,,,,,,PAP System,Automatic,,
CU-YTAFL-56ZH-GZ,BiLevel ASV Package,Y87V-2N-NCDL-09V,PAP Monitoring,FALSE,YHI-T1XT-AQB-1UJ,,"PAP Monitoring, Cellular Modem",A9279,,,,,,,,,PAP Monitor Type,Cellular Modem,,,,,,,,,PAP System,Resmed Auto for Her
CU-YTAFL-56ZH-GZ,BiLevel ASV Package,Y87V-2N-NCDL-09V,PAP Monitoring,FALSE,YS58-EPR3D-CB5Y0,,"PAP Monitoring, Per device availability",A9279,,,,,,,,,PAP Monitor Type,Per device availability,,,,,,,,,PAP System,Respironics
CU-YTAFL-56ZH-GZ,BiLevel ASV Package,Y87V-2N-NCDL-09V,PAP Monitoring,FALSE,YTM-FGQFX-MK-L6F,,"PAP Monitoring, Per device availability",A9279,,,,,PAP Monitor Type,Per device availability,,,,,,,PAP System,Resmed S10 Aircurve ST,,,,,,
CU-YTAFL-56ZH-GZ,BiLevel ASV Package,Y87V-2N-NCDL-09V,PAP Monitoring,FALSE,Z67T-N8-8D6-NJEB,,"PAP Monitoring, Per device availability",A9279,,,,,,,PAP Monitor Type,Per device availability,,,,,,,,,PAP System,Respironics Dreamstation,,
CU-YTAFL-56ZH-GZ,BiLevel ASV Package,Y87V-2N-NCDL-09V,PAP Monitoring,FALSE,Z6MT-G6F-XQM8-LZ,,"PAP Monitoring, Cellular Modem",A9279,,,PAP Monitor Type,Cellular Modem,,,,,,,,,,,,,PAP System,S9,,
CU-YTAFL-56ZH-GZ,BiLevel ASV Package,Y87V-2N-NCDL-09V,PAP Monitoring,FALSE,Z8P-THDHU-2GL-RY,,"PAP Monitoring, Cellular Modem",A9279,PAP Monitor Type,Cellular Modem,,,,,,,,,PAP System,ResMed AirMini Portable,,,,,,,,
CU-YTAFL-56ZH-GZ,BiLevel ASV Package,Y87V-2N-NCDL-09V,PAP Monitoring,FALSE,ZB-B2X5T-Z7ZL-9V,,"PAP Monitoring, Per device availability",A9279,,,,,,,PAP Monitor Type,Per device availability,,,,,,,,,PAP System,S10,,
CU-YTAFL-56ZH-GZ,BiLevel ASV Package,Y87V-2N-NCDL-09V,PAP Monitoring,FALSE,ZMA1-JQ-N6NK-1I2,,"PAP Monitoring, Cellular Modem",A9279,PAP Monitor Type,Cellular Modem,,,,,,,,,PAP System,Resmed S10 Aircurve Auto BiLevel ASV,,,,,,,,
CU-YTAFL-56ZH-GZ,BiLevel ASV Package,Y87V-2N-NCDL-09V,PAP Monitoring,FALSE,ZN-VPDK-LQ-9TFTN,,"PAP Monitoring, Cellular Modem",A9279,,,,,PAP Monitor Type,Cellular Modem,,,,,,,,,,,PAP System,S9 Cleanable,,
CU-YTAFL-56ZH-GZ,BiLevel ASV Package,Y87V-2N-NCDL-09V,PAP Monitoring,FALSE,ZQC1-RJS6-4H-BIP,,"PAP Monitoring, Cellular Modem",A9279,PAP Monitor Type,Cellular Modem,,,,,,,,,,,,,PAP System,Respironics Dreamstation,,,,
CU-YTAFL-56ZH-GZ,BiLevel ASV Package,Y87V-2N-NCDL-09V,PAP Monitoring,FALSE,ZUK1Z-VKTK-0B5VA,,"PAP Monitoring, Cellular Modem",A9279,,,,,,,PAP Monitor Type,Cellular Modem,,,,,,,,,PAP System,Generic AVAPS,,
E5X-VSJS-B6AG-UR,BiLevel ST-A Package,1P3-CS4E-VFQ-8EA,Non-Disposable PAP Filter,TRUE,IQFK-CA82-M0-4E1,,"Non-Disposable PAP Filter, 1 per 6 months",A7039,,,,,,,,,Non-Disposable PAP Filter,Included,,,,,,,,,,
E5X-VSJS-B6AG-UR,BiLevel ST-A Package,1P3-CS4E-VFQ-8EA,Non-Disposable PAP Filter,TRUE,YV-FUK-7U6-8GX20,,No Non-Disposable PAP Filter,,,,Non-Disposable PAP Filter,Not Included,,,,,,,,,,,,,,,,
E5X-VSJS-B6AG-UR,BiLevel ST-A Package,6B-G8YD-QX5-Q0LA,PAP Mask Interface Cushion,FALSE,051G-X1-4J-FC1MZ,,"PAP Mask Interface Cushion, Fit to Comfort (A7031- 1 per month/ A7032- 2 per month/ A7033 - 2 per month)",IFC,Mask Frame,Fit to Comfort,,,,,,,,,,,,,,,,,,
E5X-VSJS-B6AG-UR,BiLevel ST-A Package,6B-G8YD-QX5-Q0LA,PAP Mask Interface Cushion,FALSE,1M7F-B3-GJU-FNQH,,"PAP Mask Interface Cushion, Nasal, 2 per 1 month",A7032,,,,,,,,,,,,,Mask Frame,Nasal,,,,,,
E5X-VSJS-B6AG-UR,BiLevel ST-A Package,6B-G8YD-QX5-Q0LA,PAP Mask Interface Cushion,FALSE,1TI-ZGIA-ZBR8-T6,,"PAP Mask Interface Cushion, Virtual Fitting",IFC,Mask Frame,Virtual Fitting,,,,,,,,,,,,,,,,,,
E5X-VSJS-B6AG-UR,BiLevel ST-A Package,6B-G8YD-QX5-Q0LA,PAP Mask Interface Cushion,FALSE,29X1-MA-FT-JY-CT,,"PAP Mask Interface Cushion, Nasal Pillow, 2 per 1 month",A7033,,,Mask Frame,Nasal Pillow,,,,,,,,,,,,,,,,
E5X-VSJS-B6AG-UR,BiLevel ST-A Package,6B-G8YD-QX5-Q0LA,PAP Mask Interface Cushion,FALSE,58U-N8-SXLUD-8AX,,"PAP Mask Interface Cushion, Fit to Comfort (A7031- 1 per month/ A7032- 2 per month/ A7033 - 2 per month) - may include A7031 (full face cushion) or A7032/A7033 (nasal cushion/nasal pillow cushion)",IFC,Mask Frame,Fit to Comfort,,,,,,,,,,,,,,,,,,
E5X-VSJS-B6AG-UR,BiLevel ST-A Package,6B-G8YD-QX5-Q0LA,PAP Mask Interface Cushion,FALSE,7L-TIDF-V9-8S-AH,,"PAP Mask Interface Cushion, Fit to Comfort (A7031- 1 per month/ A7032- 2 per month/ A7033 - 2 per month/ A7028 - 2 per month)",IFC,Mask Frame,Fit to Comfort,,,,,,,,,,,,,,,,,,
E5X-VSJS-B6AG-UR,BiLevel ST-A Package,6B-G8YD-QX5-Q0LA,PAP Mask Interface Cushion,FALSE,97-UIGCM-N91-NKB,,"PAP Mask Interface Cushion, Fit to Comfort.",IFC,,,,,,,,,,,,,Mask Frame,Patient Preference,,,,,,
E5X-VSJS-B6AG-UR,BiLevel ST-A Package,6B-G8YD-QX5-Q0LA,PAP Mask Interface Cushion,FALSE,98VR5-ACDY-CMQAT,,"PAP Mask Interface Cushion, Oral / Nasal Hybrid, 2 per 1 month",A7028,,,Mask Frame,Oral / Nasal Hybrid,,,,,,,,,,,,,,,,
E5X-VSJS-B6AG-UR,BiLevel ST-A Package,6B-G8YD-QX5-Q0LA,PAP Mask Interface Cushion,FALSE,AQ-GQ9-KDMLT-2XB,,"A7031/ A7032/ A7033 PAP Mask Interface Cushion, Fit to Comfort",IFC,Mask Frame,Fit to Comfort,,,,,,,,,,,,,,,,,,
E5X-VSJS-B6AG-UR,BiLevel ST-A Package,6B-G8YD-QX5-Q0LA,PAP Mask Interface Cushion,FALSE,GML-SG9H-TMK-5Z6,,"PAP Mask Interface Cushion, Fit to Comfort: Full Face Mask (A7031), Nasal Cushion (A7032), Nasal Pillow (A7033), Nasal Interface (A7034)",IFC,,,Mask Frame,Fit to Comfort,,,,,,,,,,,,,,,,
E5X-VSJS-B6AG-UR,BiLevel ST-A Package,6B-G8YD-QX5-Q0LA,PAP Mask Interface Cushion,FALSE,JE28-YGS3R-VM-9C,,"PAP Mask Interface Cushion, Full Face, 1 per 1 month",A7031,,,Mask Frame,Full Face,,,,,,,,,,,,,,,,
E5X-VSJS-B6AG-UR,BiLevel ST-A Package,6B-G8YD-QX5-Q0LA,PAP Mask Interface Cushion,FALSE,PDCBV-TAB-ESL-15,,"PAP Mask Interface Cushion, Oral, 2 per 1 month",A7028,,,,,,,,,,,,,Mask Frame,Oral,,,,,,
E5X-VSJS-B6AG-UR,BiLevel ST-A Package,6B-G8YD-QX5-Q0LA,PAP Mask Interface Cushion,FALSE,PLU34-64G-9H-UC9,,"PAP Mask Interface Cushion/Pillow, Fit to Comfort - 2 per month",IFC,Mask Frame,Fit to Comfort,,,,,,,,,,,,,,,,,,
E5X-VSJS-B6AG-UR,BiLevel ST-A Package,6B-G8YD-QX5-Q0LA,PAP Mask Interface Cushion,FALSE,TNI-C7UN-6ZI-SU5,,"PAP Mask Interface Cushion, Fit to Comfort",IFC,,,,,,,Mask Frame,Fit to Comfort,,,,,,,,,,,,
E5X-VSJS-B6AG-UR,BiLevel ST-A Package,6I-CU-K6-MNT4-BF,PAP Machine Tubing,FALSE,10RK-4K8S2-T6-EV,,"PAP Machine Tubing, Heated, 1 per 3 months",A4604,,,,,Tubing Type,Heated,,,,,,,,,,,,,,
E5X-VSJS-B6AG-UR,BiLevel ST-A Package,6I-CU-K6-MNT4-BF,PAP Machine Tubing,FALSE,9JEVE-LS7S-IKST2,,"PAP Machine Tubing, Non-Heated, 1 per 3 months",A7037,Tubing Type,Non-Heated,,,,,,,,,,,,,,,,,,
E5X-VSJS-B6AG-UR,BiLevel ST-A Package,6I-CU-K6-MNT4-BF,PAP Machine Tubing,FALSE,CGHB-27DG6-SY-PQ,,"SlimLine PAP Machine Tubing, Non-Heated, 1 per 3 months",A7037,Tubing Type,SlimLine Non-Heated,,,,,,,,,,,,,,,,,,
E5X-VSJS-B6AG-UR,BiLevel ST-A Package,6I-CU-K6-MNT4-BF,PAP Machine Tubing,FALSE,DBT-5UL38-V84-N7,,"PAP Machine Tubing, Fit to Comfort, 1 per 3 months",A7037/A4604,Tubing Type,Fit to Comfort,,,,,,,,,,,,,,,,,,
E5X-VSJS-B6AG-UR,BiLevel ST-A Package,6I-CU-K6-MNT4-BF,PAP Machine Tubing,FALSE,KEV2-UZP8-LZB-DG,,"PAP Machine Tubing, Fit to Patient Comfort, 1 per 3 months",A7037/A4604,,,Tubing Type,Fit to Patient Comfort,,,,,,,,,,,,,,,,
E5X-VSJS-B6AG-UR,BiLevel ST-A Package,6I-CU-K6-MNT4-BF,PAP Machine Tubing,FALSE,L238-KQMY-KDT-2Q,,"PAP Machine Tubing, Fit to Comfort",A7037/A4604,,,,,,,,,,,,,Tubing Type,Patient Preference,,,,,,
E5X-VSJS-B6AG-UR,BiLevel ST-A Package,6I-CU-K6-MNT4-BF,PAP Machine Tubing,FALSE,UER-NMT-S7NI-0AH,,"PAP Machine Tubing, Fit to Patient Comfort, 1 per 3 months",,,,Tubing Type,Fit to Patient Comfort,,,,,,,,,,,,,,,,
E5X-VSJS-B6AG-UR,BiLevel ST-A Package,A4DJ-QS-NZK-EJ6I,PAP Sanitizer with Mask Wipes and Filter,FALSE,62A-59X4U-3NU-CL,,PAP Sanitizer with Mask Wipes and Filter,X9999,PAP Sanitizer Brand,Generic,,,,,,,,,,,,,,,,,,
E5X-VSJS-B6AG-UR,BiLevel ST-A Package,A4DJ-QS-NZK-EJ6I,PAP Sanitizer with Mask Wipes and Filter,FALSE,LJG9F-8Y-CAVB-Y4,,SoClean 2 Setup with Mask Wipes and Filter,X9999,,,PAP Sanitizer Brand,SoClean 2,,,,,,,,,,,,,,,,
E5X-VSJS-B6AG-UR,BiLevel ST-A Package,B29-DBQ-BC3PJ-VA,PAP Mask,TRUE,02-C8UQ-PQS2Z-N9,,"PAP Mask, Full Face, Respironics, Large, 1 per 3 months",A7030,Mask Brand,Respironics,Mask Frame,Full Face,Mask Size,Large,,,,,,,,,,,,,,
E5X-VSJS-B6AG-UR,BiLevel ST-A Package,B29-DBQ-BC3PJ-VA,PAP Mask,TRUE,03AY8-G8Q64-B54P,,"PAP Mask, Full Face, Resmed Quattro Air, Large, 1 per 3 months",A7030,Mask Brand,Resmed Quattro Air,,,,,,,,,,,,,,,,,,
E5X-VSJS-B6AG-UR,BiLevel ST-A Package,B29-DBQ-BC3PJ-VA,PAP Mask,TRUE,04CT6-ZI-PDIP-4X,,"PAP Mask, Nasal, Resmed Airfit N20 for Her, Small, 1 per 3 months",A7034,Mask Brand,Resmed Airfit N20 for Her,,,,,,,,,,,,,,,,,,
E5X-VSJS-B6AG-UR,BiLevel ST-A Package,B29-DBQ-BC3PJ-VA,PAP Mask,TRUE,05-D3-7HBNP-HKCY,62320,"PAP Mask, Nasal, Resmed AirTouch N30I, Medium (SM Frame), 1 per 3 months",A7034,Mask Brand,Resmed AirTouch N30I,Mask Frame,Nasal,Mask Size,Medium (SM Frame),,,,,,,,,,,,,,
E5X-VSJS-B6AG-UR,BiLevel ST-A Package,B29-DBQ-BC3PJ-VA,PAP Mask,TRUE,058FB-N42R-RK-8G,,"PAP Mask, Nasal Pillow, ReactHealth, Small, 1 per 3 months",A7034,Mask Brand,ReactHealth,Mask Frame,Nasal Pillow,Mask Size,Small,,,,,,,,,,,,,,
E5X-VSJS-B6AG-UR,BiLevel ST-A Package,B29-DBQ-BC3PJ-VA,PAP Mask,TRUE,0CI-D6FAV-RGI-GF,NVP1SMLA,"PAP Mask, Nasal Pillow, Fisher & Paykel Nova Micro, S/M/L (Fit Pack), 1 per 3 months",A7034,Mask Brand,Fisher & Paykel Nova Micro,Mask Frame,Nasal Pillow,Mask Size,S/M/L (Fit Pack),,,,,,,,,,,,,,
E5X-VSJS-B6AG-UR,BiLevel ST-A Package,B29-DBQ-BC3PJ-VA,PAP Mask,TRUE,0I-ID6AZ-I6PV-JG,,"PAP Mask, Full Face, Fisher & Paykel Flexfit 431, Standard",A7030,Mask Brand,Fisher & Paykel Flexfit 431,Mask Frame,Full Face,Mask Size,Standard,,,,,,,,,,,,,,
E5X-VSJS-B6AG-UR,BiLevel ST-A Package,B29-DBQ-BC3PJ-VA,PAP Mask,TRUE,0KLA9-6X71-5AHMU,,"PAP Mask, Nasal, Airtouch N20, Small, 1 per 3 months",A7034,,,,,,,,,Mask Brand,Airtouch N20,,,,,,,,,,
E5X-VSJS-B6AG-UR,BiLevel ST-A Package,B29-DBQ-BC3PJ-VA,PAP Mask,TRUE,0RNGD-U9R2-4ZLDF,,"PAP Mask, Nasal, Fisher & Paykel Zest, Fit Upon Setup",A7034,Mask Brand,Fisher & Paykel Zest,,,,,,,,,,,,,,,,,,
E5X-VSJS-B6AG-UR,BiLevel ST-A Package,B29-DBQ-BC3PJ-VA,PAP Mask,TRUE,0TJPV-8PGN-AZPHL,,"PAP Mask, Nasal, Evora, Medium, 1 per 3 months",A7034,Mask Brand,Evora,Mask Frame,Nasal,Mask Size,Medium,,,,,,,,,,,,,,
E5X-VSJS-B6AG-UR,BiLevel ST-A Package,B29-DBQ-BC3PJ-VA,PAP Mask,TRUE,0V7-3H-3S5Z0-Y9X,,"PAP Mask, Oral / Nasal Hybrid, Resmed Airfit X30i, Small, 1 per 3 months",A7027,Mask Brand,Resmed Airfit X30i,Mask Frame,Oral / Nasal Hybrid,Mask Size,Small,,,,,,,,,,,,,,
E5X-VSJS-B6AG-UR,BiLevel ST-A Package,B29-DBQ-BC3PJ-VA,PAP Mask,TRUE,0X2H9-NGUVP-0C4C,,"PAP Mask, Nasal, ReactHealth, Small, 1 per 3 months",A7034,Mask Brand,ReactHealth,Mask Frame,Nasal,Mask Size,Small,,,,,,,,,,,,,,
E5X-VSJS-B6AG-UR,BiLevel ST-A Package,B29-DBQ-BC3PJ-VA,PAP Mask,TRUE,0YDN-1Q-QZC-Y7N0,,"PAP Mask, Fit to Comfort, Respironics, Fit Upon Setup, 1 per 3 months",MASK,Mask Brand,Respironics,Mask Frame,Fit to Comfort,Mask Size,Fit Upon Setup,,,,,,,,,,,,,,
E5X-VSJS-B6AG-UR,BiLevel ST-A Package,B29-DBQ-BC3PJ-VA,PAP Mask,TRUE,13JM-6JX3N-CI-78,,"PAP Mask, Fit to Comfort, Full Face, 1 per 3 months",A7030,,,,,,,,,Mask Brand,Fit Upon Setup,,,,,,,,,,
E5X-VSJS-B6AG-UR,BiLevel ST-A Package,B29-DBQ-BC3PJ-VA,PAP Mask,TRUE,196D-0F3BJ-KX-PB,,"PAP Mask, Nasal, Fit Upon Setup, Small, 1 per 3 months",A7034,Mask Brand,Fit Upon Setup,Mask Frame,Nasal,Mask Size,Small,,,,,,,,,,,,,,
E5X-VSJS-B6AG-UR,BiLevel ST-A Package,B29-DBQ-BC3PJ-VA,PAP Mask,TRUE,1F7-50R6A-RQ9-U1,,"PAP Mask, Nasal Pillow, Fit Upon Setup, N/A, 1 per 3 months",A7034,,,,,,,Mask Brand,Fit Upon Setup,,,,,,,,,,,,
E5X-VSJS-B6AG-UR,BiLevel ST-A Package,B29-DBQ-BC3PJ-VA,PAP Mask,TRUE,1I26K-JC7-LFB-18,,"PAP Mask, Nasal Pillow, Fit Upon Setup, Small, 1 per 3 months",A7034,Mask Brand,Fit Upon Setup,Mask Frame,Nasal Pillow,Mask Size,Small,,,,,,,,,,,,,,
E5X-VSJS-B6AG-UR,BiLevel ST-A Package,B29-DBQ-BC3PJ-VA,PAP Mask,TRUE,1N0R-K7HQ-GV-RNC,,"PAP Mask, Full Face, Dreamwear, Small (SM Frame), 1 per 3 months",A7030,,,Mask Brand,Dreamwear,,,,,,,,,,,,,,,,
E5X-VSJS-B6AG-UR,BiLevel ST-A Package,B29-DBQ-BC3PJ-VA,PAP Mask,TRUE,1PF-AUF-HU6-CT38,62109,"PAP Mask, Nasal, Resmed Mirage FX for Her, Small, 1 per 3 months",A7034,Mask Brand,Resmed Mirage FX for Her,Mask Frame,Nasal,Mask Size,Small,,,,,,,,,,,,,,
E5X-VSJS-B6AG-UR,BiLevel ST-A Package,B29-DBQ-BC3PJ-VA,PAP Mask,TRUE,1T-4GH-XIPT-TBHQ,NVP1MA,"PAP Mask, Nasal Pillow, Fisher & Paykel Nova Micro, Medium, 1 per 3 months",A7034,Mask Brand,Fisher & Paykel Nova Micro,Mask Frame,Nasal Pillow,Mask Size,Medium,,,,,,,,,,,,,,
E5X-VSJS-B6AG-UR,BiLevel ST-A Package,B29-DBQ-BC3PJ-VA,PAP Mask,TRUE,1VFA-78YE4-7L-12,,"PAP Mask, Nasal Pillow, Fit Upon Setup, Large, 1 per 3 months",A7034,Mask Brand,Fit Upon Setup,Mask Frame,Nasal Pillow,Mask Size,Large,,,,,,,,,,,,,,
E5X-VSJS-B6AG-UR,BiLevel ST-A Package,B29-DBQ-BC3PJ-VA,PAP Mask,TRUE,1X8-J4-8UM2-L9QD,,"PAP Mask, Virtual Fitting by SovaSage",A7030,Mask Brand,SovaSage,Mask Frame,Virtual Fitting,Mask Size,Virtual Fitting,,,,,,,,,,,,,,
E5X-VSJS-B6AG-UR,BiLevel ST-A Package,B29-DBQ-BC3PJ-VA,PAP Mask,TRUE,1Y-YV-13C0-8R-30,,"PAP Mask, Nasal Pillow, Nuance Gel, Small, 2 per 1 month",A7033,Mask Brand,Nuance Gel,Mask Frame,Nasal Pillow,Mask Size,Small,,,,,,,,,,,,,,
E5X-VSJS-B6AG-UR,BiLevel ST-A Package,B29-DBQ-BC3PJ-VA,PAP Mask,TRUE,20B-R8-KSJP-TXRV,62502,"PAP Mask, Full Face, Resmed Quattro FX for Her, Medium, 1 per 3 months",A7030,Mask Brand,Resmed Quattro FX for Her,Mask Frame,Full Face,Mask Size,Medium,,,,,,,,,,,,,,
E5X-VSJS-B6AG-UR,BiLevel ST-A Package,B29-DBQ-BC3PJ-VA,PAP Mask,TRUE,21AIQ-8RX7-13-NZ,,"PAP Mask, Nasal, Respironics Wisp Fabric, Complete, 1 per 3 months",A7034,,,,,,,,,Mask Brand,Respironics Wisp Fabric,,,,,,,,,,
E5X-VSJS-B6AG-UR,BiLevel ST-A Package,B29-DBQ-BC3PJ-VA,PAP Mask,TRUE,24UB-4XMP-8J2-RE,,"PAP Mask, Nasal Pillow, Respironics, Medium, 1 per 3 months",A7034,Mask Brand,Respironics,Mask Frame,Nasal Pillow,Mask Size,Medium,,,,,,,,,,,,,,
E5X-VSJS-B6AG-UR,BiLevel ST-A Package,B29-DBQ-BC3PJ-VA,PAP Mask,TRUE,28-DR-XPA1-SVBQ8,62317,"PAP Mask, Nasal, Resmed AirTouch N30I, Medium (STD Frame), 1 per 3 months",A7034,Mask Brand,Resmed AirTouch N30I,Mask Frame,Nasal,Mask Size,Medium (STD Frame),,,,,,,,,,,,,,
E5X-VSJS-B6AG-UR,BiLevel ST-A Package,B29-DBQ-BC3PJ-VA,PAP Mask,TRUE,28-SVU-FJCEA-QBS,,"PAP Mask, Full Face, ReactHealth, Small, 1 per 3 months",A7030,Mask Brand,ReactHealth,Mask Frame,Full Face,Mask Size,Small,,,,,,,,,,,,,,
E5X-VSJS-B6AG-UR,BiLevel ST-A Package,B29-DBQ-BC3PJ-VA,PAP Mask,TRUE,29-XY47-A32J-UY3,63332,"PAP Mask, Full Face, Airfit F30I, Medium (STD Frame), 1 per 3 months",A7030,Mask Brand,Airfit F30I,Mask Frame,Full Face,Mask Size,Medium (STD Frame),,,,,,,,,,,,,,
E5X-VSJS-B6AG-UR,BiLevel ST-A Package,B29-DBQ-BC3PJ-VA,PAP Mask,TRUE,2AH9-MADHE-0Y91T,,"PAP Mask, Full Face, Siesta (ReactHealth)",A7030,Mask Brand,Siesta (ReactHealth),Mask Frame,Full Face,Mask Size,Fit Upon Setup,,,,,,,,,,,,,,
E5X-VSJS-B6AG-UR,BiLevel ST-A Package,B29-DBQ-BC3PJ-VA,PAP Mask,TRUE,2I35Y-6A-LE6H-I4,,"PAP Mask, Fit to Comfort, Fit Upon Setup, Medium, 1 per 3 months",MASK,Mask Brand,Fit Upon Setup,Mask Frame,Fit to Comfort,Mask Size,Medium,,,,,,,,,,,,,,
E5X-VSJS-B6AG-UR,BiLevel ST-A Package,B29-DBQ-BC3PJ-VA,PAP Mask,TRUE,2KZT0-5GB-D3I-GQ,64223,"PAP Mask, Nasal, Airfit N30, Medium, 1 per 3 months",A7034,Mask Brand,Airfit N30,Mask Frame,Nasal,Mask Size,Medium,,,,,,,,,,,,,,
E5X-VSJS-B6AG-UR,BiLevel ST-A Package,B29-DBQ-BC3PJ-VA,PAP Mask,TRUE,2LK4L-DAJH-D74N7,,"PAP Mask, Fit to Comfort, Oral, 1 per 3 months",A7044,Mask Brand,Fit Upon Setup,,,,,,,,,,,,,,,,,,
E5X-VSJS-B6AG-UR,BiLevel ST-A Package,B29-DBQ-BC3PJ-VA,PAP Mask,TRUE,2N-JGUA-Y4E-ZHXZ,,"PAP Mask, Nasal Pillow, Dreamwear, Large (SM Frame), 1 per 3 months",A7034,Mask Brand,Dreamwear,,,,,,,,,,,,,,,,,,
E5X-VSJS-B6AG-UR,BiLevel ST-A Package,B29-DBQ-BC3PJ-VA,PAP Mask,TRUE,2R-K5-6G-TCEF-UB,,"PAP Mask, Full Face, Fisher & Paykel Vitera, Small, 1 per 3 months",A7030,,,,,,,,,,,,,,,,,Mask Brand,Fisher & Paykel Vitera,,
E5X-VSJS-B6AG-UR,BiLevel ST-A Package,B29-DBQ-BC3PJ-VA,PAP Mask,TRUE,2UP8-FY-C0EQH-UD,,"PAP Mask, Nasal Pillow, Airfit P10, X-Small, 2 per 1 month",A7033,Mask Brand,AirFit P10,,,,,,,,,,,,,,,,,,
E5X-VSJS-B6AG-UR,BiLevel ST-A Package,B29-DBQ-BC3PJ-VA,PAP Mask,TRUE,2X9MT-JEBR-DE-M4,,"PAP Mask, Fit to Comfort, React, Large, 1 per 3 months",MASK,Mask Brand,ReactHealth,Mask Frame,Fit to Comfort,Mask Size,Large,,,,,,,,,,,,,,
E5X-VSJS-B6AG-UR,BiLevel ST-A Package,B29-DBQ-BC3PJ-VA,PAP Mask,TRUE,31BTL-1HJ6Y-3S58,,"PAP Mask, Nasal Pillow, Nuance Gel, Fit Upon Setup, 1 per 3 month",A7033,,,,,Mask Brand,Nuance,,,,,,,,,,,,,,
E5X-VSJS-B6AG-UR,BiLevel ST-A Package,B29-DBQ-BC3PJ-VA,PAP Mask,TRUE,362P-LN-CQ1LA-B4,,"PAP Mask, Full Face, Airfit F30I, Medium, 1 per 3 months",A7030,Mask Brand,Airfit F30I,,,,,,,,,,,,,,,,,,
E5X-VSJS-B6AG-UR,BiLevel ST-A Package,B29-DBQ-BC3PJ-VA,PAP Mask,TRUE,37-UD-5U-IBC9-7V,HC432AL,"PAP Mask, Full Face, Fisher & Paykel FlexiFit 432, Large, 1 per 3 months",A7030,Mask Brand,Fisher & Paykel FlexiFit 432,Mask Frame,Full Face,Mask Size,Large,,,,,,,,,,,,,,
E5X-VSJS-B6AG-UR,BiLevel ST-A Package,B29-DBQ-BC3PJ-VA,PAP Mask,TRUE,37LEV-4U6B-92HSG,,"PAP Mask, Nasal Pillow, Airfit P10, Fit Upon Setup, 2 per 1 month",A7033,,,,,,,Mask Brand,AirFit P10,,,,,,,,,,,,
E5X-VSJS-B6AG-UR,BiLevel ST-A Package,B29-DBQ-BC3PJ-VA,PAP Mask,TRUE,3B-6B-9MVCS-JEBE,63334,"PAP Mask, Full Face, Airfit F30I, Medium (LG Frame), 1 per 3 months",A7030,Mask Brand,Airfit F30I,Mask Frame,Full Face,Mask Size,Medium (LG Frame),,,,,,,,,,,,,,
E5X-VSJS-B6AG-UR,BiLevel ST-A Package,B29-DBQ-BC3PJ-VA,PAP Mask,TRUE,3BG-CRIZ-TBZ3-P3,62118,"PAP Mask, Nasal, Resmed Mirage FX, Wide, 1 per 3 months",A7034,Mask Brand,Resmed Mirage FX,Mask Frame,Nasal,Mask Size,Wide,,,,,,,,,,,,,,
E5X-VSJS-B6AG-UR,BiLevel ST-A Package,B29-DBQ-BC3PJ-VA,PAP Mask,TRUE,3BUPB-0E-RPZ-NZ0,,"PAP Mask, Nasal, Resmed Airfit N20, Medium, 1 per 3 months",A7034,,,,,,,,,,,,,,,,,,,Mask Brand,Resmed Airfit N20
E5X-VSJS-B6AG-UR,BiLevel ST-A Package,B29-DBQ-BC3PJ-VA,PAP Mask,TRUE,3E5C-JLT-8T-GJAJ,1146472,"PAP Mask, Nasal Pillow, Dreamwear, Small, 2 per 1 month",A7033,Mask Brand,Dreamwear,Mask Frame,Nasal Pillow,Mask Size,Small,,,,,,,,,,,,,,
E5X-VSJS-B6AG-UR,BiLevel ST-A Package,B29-DBQ-BC3PJ-VA,PAP Mask,TRUE,3GL5B-MI95P-CL3M,,"PAP Mask, Nasal Pillow, Resmed Airfit P10 for Her, Complete, 1 per 3 months",A7034,,,,,,,,,,,,,,,,,,,Mask Brand,Resmed Airfit P10 for Her
E5X-VSJS-B6AG-UR,BiLevel ST-A Package,B29-DBQ-BC3PJ-VA,PAP Mask,TRUE,3J3-GC-SI2-JE-YB,,"PAP Mask, Nasal, Fisher & Paykel Eson, Large, 1 per 3 months",A7034,,,,,,,,,Mask Brand,Fisher & Paykel Eson,,,,,,,,,,
E5X-VSJS-B6AG-UR,BiLevel ST-A Package,B29-DBQ-BC3PJ-VA,PAP Mask,TRUE,3K3GT-R0-XAT-20T,,"PAP Mask, Full Face, Respironics Amara View, Small, 1 per 3 months",A7030,,,,,,,Mask Brand,Respironics Amara View,,,,,,,,,,,,
E5X-VSJS-B6AG-UR,BiLevel ST-A Package,B29-DBQ-BC3PJ-VA,PAP Mask,TRUE,3KSX-GCTP1-H8C7Q,,"PAP Mask, Nasal Pillow, Nuance Gel, Medium, 2 per 1 month",A7033,,,,,,,Mask Brand,Nuance Gel,,,,,,,,,,,,
E5X-VSJS-B6AG-UR,BiLevel ST-A Package,B29-DBQ-BC3PJ-VA,PAP Mask,TRUE,3NZYH-L5DS-5GMBY,HC432AM,"PAP Mask, Full Face, Fisher & Paykel FlexiFit 432, Medium, 1 per 3 months",A7030,Mask Brand,Fisher & Paykel FlexiFit 432,Mask Frame,Full Face,Mask Size,Medium,,,,,,,,,,,,,,
E5X-VSJS-B6AG-UR,BiLevel ST-A Package,B29-DBQ-BC3PJ-VA,PAP Mask,TRUE,3PA-ETZ-BYSCA-39,,"PAP Mask, Nasal Pillow, ReactHealth, Large, 1 per 3 months",A7034,Mask Brand,ReactHealth,Mask Frame,Nasal Pillow,Mask Size,Large,,,,,,,,,,,,,,
E5X-VSJS-B6AG-UR,BiLevel ST-A Package,B29-DBQ-BC3PJ-VA,PAP Mask,TRUE,3PN8-KGY-AK-B8MU,,"PAP Mask, Nasal, Resmed, Medium, 1 per 3 months",A7034,Mask Brand,Resmed,Mask Frame,Nasal,Mask Size,Medium,,,,,,,,,,,,,,
E5X-VSJS-B6AG-UR,BiLevel ST-A Package,B29-DBQ-BC3PJ-VA,PAP Mask,TRUE,3RIZL-Z1-ZNI9-K2,1142376,"PAP Mask, Nasal, Dreamwear, Small/Medium (SM and MD Frames), 1 per 3 months",A7034,Mask Brand,Dreamwear,Mask Frame,Nasal,Mask Size,Small/Medium (SM and MD Frames),,,,,,,,,,,,,,
E5X-VSJS-B6AG-UR,BiLevel ST-A Package,B29-DBQ-BC3PJ-VA,PAP Mask,TRUE,3U-RT-X6JI-46TIQ,,"PAP Mask, Nasal, Fisher & Paykel Eson, Small, 1 per 3 months",A7034,,,,,,,,,Mask Brand,Fisher & Paykel Eson,,,,,,,,,,
E5X-VSJS-B6AG-UR,BiLevel ST-A Package,B29-DBQ-BC3PJ-VA,PAP Mask,TRUE,3Y4GU-CG-UIZ-A9B,,"PAP Mask, Nasal Cushion, Fisher & Paykel Evora, Wide",A7034,Mask Brand,Fisher & Paykel Evora Nasal,Mask Frame,Nasal,Mask Size,Wide,,,,,,,,,,,,,,
E5X-VSJS-B6AG-UR,BiLevel ST-A Package,B29-DBQ-BC3PJ-VA,PAP Mask,TRUE,3ZN0-9M-U9X-CDE6,,"PAP Mask, Nasal, Dreamwisp Fit, Fit Upon Setup, 1 per 3 months",A7034,Mask Brand,Dreamwisp Fit,,,,,,,,,,,,,,,,,,
E5X-VSJS-B6AG-UR,BiLevel ST-A Package,B29-DBQ-BC3PJ-VA,PAP Mask,TRUE,42V9Y-90-16A-L0T,,"PAP Mask, Nasal, Fisher & Paykel, Small, 1 per 3 months",A7034,Mask Brand,Fisher & Paykel,Mask Frame,Nasal,Mask Size,Small,,,,,,,,,,,,,,
E5X-VSJS-B6AG-UR,BiLevel ST-A Package,B29-DBQ-BC3PJ-VA,PAP Mask,TRUE,43NX-0X9I-ZMS-6T,,"PAP Mask, Nasal, Fisher & Paykel Eson 2, Large, 1 per 3 months",A7034,,,,,,,,,,,,,Mask Brand,Fisher & Paykel Eson 2,,,,,,
E5X-VSJS-B6AG-UR,BiLevel ST-A Package,B29-DBQ-BC3PJ-VA,PAP Mask,TRUE,48B-SZD7B-S32-YX,,"PAP Mask, Nasal, Fisher & Paykel Evora, Fit Upon Setup, 1 per 3 months",A7034,,,,,,,Mask Brand,Fisher & Paykel Evora Nasal,,,,,,,,,,,,
E5X-VSJS-B6AG-UR,BiLevel ST-A Package,B29-DBQ-BC3PJ-VA,PAP Mask,TRUE,49D-P3U2V-NQ4-64,,"PAP Mask, Nasal, Respironics Dreamwear, Complete, 1 per 3 months",A7034,Mask Brand,Respironics Dreamwear,,,,,,,,,,,,,,,,,,
E5X-VSJS-B6AG-UR,BiLevel ST-A Package,B29-DBQ-BC3PJ-VA,PAP Mask,TRUE,4B4-57-LB-IZD-5U,1146413,"PAP Mask, Nasal Pillow, Dreamwear, Medium Wide (SM Frame), 1 per 3 months",A7034,Mask Brand,Dreamwear,Mask Frame,Nasal Pillow,Mask Size,Medium Wide (SM Frame),,,,,,,,,,,,,,
E5X-VSJS-B6AG-UR,BiLevel ST-A Package,B29-DBQ-BC3PJ-VA,PAP Mask,TRUE,4E-24V3-7BA-U8KN,,"PAP Mask, Nasal, Fisher & Paykel Eson 2, Medium, 1 per 3 months",A7034,,,,,,,Mask Brand,Fisher & Paykel Eson 2,,,,,,,,,,,,
E5X-VSJS-B6AG-UR,BiLevel ST-A Package,B29-DBQ-BC3PJ-VA,PAP Mask,TRUE,4F-KCB3-1ACK9-MB,,"PAP Mask, Full Face, Resmed Airfit F20, Small, 1 per 3 months",A7030,,,,,,,,,,,Mask Brand,Resmed Airfit F20,,,,,,,,
E5X-VSJS-B6AG-UR,BiLevel ST-A Package,B29-DBQ-BC3PJ-VA,PAP Mask,TRUE,4H-UI-SM7-QUJ-V2,,"PAP Mask, Nasal Pillow, Respironics, Small, 1 per 3 months",A7034,Mask Brand,Respironics,Mask Frame,Nasal Pillow,Mask Size,Small,,,,,,,,,,,,,,
E5X-VSJS-B6AG-UR,BiLevel ST-A Package,B29-DBQ-BC3PJ-VA,PAP Mask,TRUE,4HR-AU9G-UMQ-Y2D,,"PAP Mask, Nasal, Resmed Mirage FX, Complete, 1 per 3 months",A7034,,,,,,,Mask Brand,Resmed Mirage FX,,,,,,,,,,,,
E5X-VSJS-B6AG-UR,BiLevel ST-A Package,B29-DBQ-BC3PJ-VA,PAP Mask,TRUE,4N-DI-94P-BQ9-HE,,"PAP Mask, Nasal, Airfit N30I, Fit Upon Setup, 1 per 3 months",A7034,,,,,,,,,,,,,,,,,,,Mask Brand,Airfit N30I
E5X-VSJS-B6AG-UR,BiLevel ST-A Package,B29-DBQ-BC3PJ-VA,PAP Mask,TRUE,4NTXN-VJV6-5F-L4,,"PAP Mask, Full Face, Fisher & Paykel, Small, 1 per 3 months",A7030,Mask Brand,Fisher & Paykel,Mask Frame,Full Face,Mask Size,Small,,,,,,,,,,,,,,
E5X-VSJS-B6AG-UR,BiLevel ST-A Package,B29-DBQ-BC3PJ-VA,PAP Mask,TRUE,4PZ5-S6-LMU9-RFT,,"PAP Mask, Full Face, Fisher & Paykel, Fit Upon Setup, 1 per 3 months",A7030,Mask Brand,Fisher & Paykel,Mask Frame,Full Face,Mask Size,Fit Upon Setup,,,,,,,,,,,,,,
E5X-VSJS-B6AG-UR,BiLevel ST-A Package,B29-DBQ-BC3PJ-VA,PAP Mask,TRUE,4Q-ACV-EXSRJ-N0B,400SLP131,"PAP Mask, Nasal Pillow, Fisher & Paykel Solo, Small, 1 per 3 months",A7034,Mask Brand,Fisher & Paykel Solo,Mask Frame,Nasal Pillow,Mask Size,Small,,,,,,,,,,,,,,
E5X-VSJS-B6AG-UR,BiLevel ST-A Package,B29-DBQ-BC3PJ-VA,PAP Mask,TRUE,4X-692X-EAXKT-7U,400NVP116,"PAP Mask, Nasal Pillow, Fisher & Paykel Nova Micro, Large, 2 per 1 month",A7033,Mask Brand,Nova Micro,Mask Frame,Nasal Pillow,Mask Size,Large,,,,,,,,,,,,,,
E5X-VSJS-B6AG-UR,BiLevel ST-A Package,B29-DBQ-BC3PJ-VA,PAP Mask,TRUE,4Y-GY-U4A9-R8NGI,,"PAP Mask, Nasal, Dreamwear, Medium Wide (MD Frame), 1 per 3 months",A7034,,,,,,,Mask Brand,Dreamwear,,,,,,,,,,,,
E5X-VSJS-B6AG-UR,BiLevel ST-A Package,B29-DBQ-BC3PJ-VA,PAP Mask,TRUE,51M-9D5QM-ST4-CG,,"PAP Mask, Nasal Cushion, Fisher & Paykel Eson 2",A7034,Mask Brand,Fisher & Paykel Eson 2,,,,,,,,,,,,,,,,,,
E5X-VSJS-B6AG-UR,BiLevel ST-A Package,B29-DBQ-BC3PJ-VA,PAP Mask,TRUE,5AC-L3-DI-7D-4T8,,"PAP Mask, Full Face, Dreamwear, Small (LG Frame), 1 per 3 months",A7030,,,Mask Brand,Dreamwear,,,,,,,,,,,,,,,,
E5X-VSJS-B6AG-UR,BiLevel ST-A Package,B29-DBQ-BC3PJ-VA,PAP Mask,TRUE,5CR-Q746T-2JR-09,,"PAP Mask, Nasal Pillow, Resmed, Medium, 1 per 3 months",A7034,Mask Brand,Resmed,Mask Frame,Nasal Pillow,Mask Size,Medium,,,,,,,,,,,,,,
E5X-VSJS-B6AG-UR,BiLevel ST-A Package,B29-DBQ-BC3PJ-VA,PAP Mask,TRUE,5D-3X-H8-86-71HZ,,"PAP Mask, Nasal Pillow, Airfit P10, Medium, 2 per 1 month",A7033,Mask Brand,AirFit P10,,,,,,,,,,,,,,,,,,
E5X-VSJS-B6AG-UR,BiLevel ST-A Package,B29-DBQ-BC3PJ-VA,PAP Mask,TRUE,5D-DEL-PR-XCV-J1,,"PAP Mask, Nasal Pillow, Evora, Medium, 1 per 3 months",A7034,Mask Brand,Evora,Mask Frame,Nasal Pillow,Mask Size,Medium,,,,,,,,,,,,,,
E5X-VSJS-B6AG-UR,BiLevel ST-A Package,B29-DBQ-BC3PJ-VA,PAP Mask,TRUE,5EH-Y9-FGY-81FM8,,"A7030/A7034 PAP Mask, Fit to Comfort, 1 per 3 months",MASK,Mask Brand,Fit Upon Setup,Mask Frame,Fit to Comfort,Mask Size,Fit Upon Setup,,,,,,,,,,,,,,
E5X-VSJS-B6AG-UR,BiLevel ST-A Package,B29-DBQ-BC3PJ-VA,PAP Mask,TRUE,5F9-9K05-IZR2-F5,60149,"PAP Mask, Nasal, Resmed Mirage Activa LT, Large, 1 per 3 months",A7034,Mask Brand,Resmed Mirage Activa LT,Mask Frame,Nasal,Mask Size,Large,,,,,,,,,,,,,,
E5X-VSJS-B6AG-UR,BiLevel ST-A Package,B29-DBQ-BC3PJ-VA,PAP Mask,TRUE,5G236-JL-EV3T-3D,,"PAP Mask, Nasal Pillow, Dreamwear, Small (SM Frame), 1 per 3 months",A7034,,,,,,,,,,,Mask Brand,Dreamwear,,,,,,,,
E5X-VSJS-B6AG-UR,BiLevel ST-A Package,B29-DBQ-BC3PJ-VA,PAP Mask,TRUE,5KR-2PL-E39-R16Z,,"PAP Mask, Fit to Comfort, Fisher & Paykel, Fit Upon Setup, 1 per 3 months",MASK,Mask Brand,Fisher & Paykel,Mask Frame,Fit to Comfort,Mask Size,Fit Upon Setup,,,,,,,,,,,,,,
E5X-VSJS-B6AG-UR,BiLevel ST-A Package,B29-DBQ-BC3PJ-VA,PAP Mask,TRUE,5NHS7-86Z-1MF-CV,62319,"PAP Mask, Nasal, Resmed AirTouch N30I, Small-Wide (SM Frame), 1 per 3 months",A7034,Mask Brand,Resmed AirTouch N30I,Mask Frame,Nasal,Mask Size,Small-Wide (SM Frame),,,,,,,,,,,,,,
E5X-VSJS-B6AG-UR,BiLevel ST-A Package,B29-DBQ-BC3PJ-VA,PAP Mask,TRUE,5NV-1A-NJN-LFDQS,62318,"PAP Mask, Nasal, Resmed AirTouch N30I, Large (STD Frame), 1 per 3 months",A7034,Mask Brand,Resmed AirTouch N30I,Mask Frame,Nasal,Mask Size,Large (STD Frame),,,,,,,,,,,,,,
E5X-VSJS-B6AG-UR,BiLevel ST-A Package,B29-DBQ-BC3PJ-VA,PAP Mask,TRUE,5Q-L3PLE-UV-5FNT,400HC118,"PAP Mask, Nasal Pillow, Fisher & Paykel Opus, Large, 2 per 1 month",A7033,Mask Brand,Fisher & Paykel Opus,Mask Frame,Nasal Pillow,Mask Size,Large,,,,,,,,,,,,,,
E5X-VSJS-B6AG-UR,BiLevel ST-A Package,B29-DBQ-BC3PJ-VA,PAP Mask,TRUE,5RHC-MYA9I-0K-5D,,"PAP Mask, Nasal Cushion, Respironics Wisp Fabric",A7034,,,,,,,,,,,Mask Brand,Respironics Wisp Fabric,,,,,,,,
E5X-VSJS-B6AG-UR,BiLevel ST-A Package,B29-DBQ-BC3PJ-VA,PAP Mask,TRUE,5S-KABP-7Q8CR-F8,,"PAP Mask, Full Face, Resmed Airfit F10, Large, 1 per 3 months",A7030,Mask Brand,Resmed Airfit F10,,,,,,,,,,,,,,,,,,
E5X-VSJS-B6AG-UR,BiLevel ST-A Package,B29-DBQ-BC3PJ-VA,PAP Mask,TRUE,5S-V2J3-S7I8-TX1,,"PAP Mask, Full Face, Amara Gel, Medium, 1 per 3 months",A7030,,,,,,,,,Mask Brand,Amara Gel,,,,,,,,,,
E5X-VSJS-B6AG-UR,BiLevel ST-A Package,B29-DBQ-BC3PJ-VA,PAP Mask,TRUE,5U-0PF4M-EK-VD5S,,"PAP Mask, Nasal, Resmed Airfit N10, Complete, 1 per 3 months",A7034,,,,,,,,,Mask Brand,Resmed Airfit N10,,,,,,,,,,
E5X-VSJS-B6AG-UR,BiLevel ST-A Package,B29-DBQ-BC3PJ-VA,PAP Mask,TRUE,5U5YT-TJ-HI-SCHS,400SLP114,"PAP Mask, Nasal Pillow, Fisher & Paykel Solo, Small, 2 per 1 month",A7033,Mask Brand,Solo,Mask Frame,Nasal Pillow,Mask Size,Small,,,,,,,,,,,,,,
E5X-VSJS-B6AG-UR,BiLevel ST-A Package,B29-DBQ-BC3PJ-VA,PAP Mask,TRUE,5UJ-1GA-R4SP-THY,,"PAP Mask, Nasal, ReactHealth, Large, 1 per 3 months",A7034,Mask Brand,ReactHealth,Mask Frame,Nasal,Mask Size,Large,,,,,,,,,,,,,,
E5X-VSJS-B6AG-UR,BiLevel ST-A Package,B29-DBQ-BC3PJ-VA,PAP Mask,TRUE,5V2-AIC-2B-1TSLZ,SFF1002,"PAP Mask, Full Face, Siesta (ReactHealth), Large",A7030,Mask Brand,Siesta (ReactHealth),Mask Frame,Full Face,Mask Size,Large,,,,,,,,,,,,,,
E5X-VSJS-B6AG-UR,BiLevel ST-A Package,B29-DBQ-BC3PJ-VA,PAP Mask,TRUE,5YQ-0Y-1DS0-8NKJ,,"PAP Mask, Full Face, Resmed Airtouch F20 for Her, Medium, 1 per 3 months",A7030,,,Mask Brand,Resmed Airtouch F20 for Her,,,,,,,,,,,,,,,,
E5X-VSJS-B6AG-UR,BiLevel ST-A Package,B29-DBQ-BC3PJ-VA,PAP Mask,TRUE,5Z6AM-52E-6N-TUC,,"PAP Mask, Full Face, Fit Upon Setup, Small, 1 per 3 months",A7030,Mask Brand,Fit Upon Setup,Mask Frame,Full Face,Mask Size,Small,,,,,,,,,,,,,,
E5X-VSJS-B6AG-UR,BiLevel ST-A Package,B29-DBQ-BC3PJ-VA,PAP Mask,TRUE,63-A821-M49HD-81,HC432AS,"PAP Mask, Full Face, Fisher & Paykel FlexiFit 432, Small, 1 per 3 months",A7030,Mask Brand,Fisher & Paykel FlexiFit 432,Mask Frame,Full Face,Mask Size,Small,,,,,,,,,,,,,,
E5X-VSJS-B6AG-UR,BiLevel ST-A Package,B29-DBQ-BC3PJ-VA,PAP Mask,TRUE,64-19T-5E1F4-SI0,62301,"PAP Mask, Nasal, Resmed AirTouch N30I, Starter Pack (SM Frame), 1 per 3 months",A7034,Mask Brand,Resmed AirTouch N30I,Mask Frame,Nasal,Mask Size,Starter Pack (SM Frame),,,,,,,,,,,,,,
E5X-VSJS-B6AG-UR,BiLevel ST-A Package,B29-DBQ-BC3PJ-VA,PAP Mask,TRUE,656-CS-HRJEV-KRY,,"PAP Mask, Nasal, Fisher & Paykel Zest, Plus",A7034,Mask Brand,Fisher & Paykel Zest,Mask Frame,Nasal,Mask Size,Plus,,,,,,,,,,,,,,
E5X-VSJS-B6AG-UR,BiLevel ST-A Package,B29-DBQ-BC3PJ-VA,PAP Mask,TRUE,65X0-MFUCL-6H-J8,,"PAP Mask, Full Face, Fisher & Paykel Vitera, Medium, 1 per 3 months",A7030,Mask Brand,Fisher & Paykel Vitera,,,,,,,,,,,,,,,,,,
E5X-VSJS-B6AG-UR,BiLevel ST-A Package,B29-DBQ-BC3PJ-VA,PAP Mask,TRUE,69-A4U08-YZ1-VG7,400SLP133,"PAP Mask, Nasal Pillow, Fisher & Paykel Solo, Large, 1 per 3 months",A7034,Mask Brand,Fisher & Paykel Solo,Mask Frame,Nasal Pillow,Mask Size,Large,,,,,,,,,,,,,,
E5X-VSJS-B6AG-UR,BiLevel ST-A Package,B29-DBQ-BC3PJ-VA,PAP Mask,TRUE,6A-SM-9N-ARY-R4T,,"PAP Mask, Fit to Comfort, Resmed, Medium, 1 per 3 months",MASK,Mask Brand,Resmed,Mask Frame,Fit to Comfort,Mask Size,Medium,,,,,,,,,,,,,,
E5X-VSJS-B6AG-UR,BiLevel ST-A Package,B29-DBQ-BC3PJ-VA,PAP Mask,TRUE,6HU-U1X5-0H-F820,,"PAP Mask, Nasal Pillow, Fisher & Paykel, Fit Upon Setup, 1 per 3 months",A7034,Mask Brand,Fisher & Paykel,Mask Frame,Nasal Pillow,Mask Size,Fit Upon Setup,,,,,,,,,,,,,,
E5X-VSJS-B6AG-UR,BiLevel ST-A Package,B29-DBQ-BC3PJ-VA,PAP Mask,TRUE,6I-N0-S4Y-TVN-MD,,"PAP Mask, Nasal Pillow, Swift FX, X-Small, 2 per 1 month",A7033,,,,,,,,,,,,,Mask Brand,Swift FX,,,,,,
E5X-VSJS-B6AG-UR,BiLevel ST-A Package,B29-DBQ-BC3PJ-VA,PAP Mask,TRUE,6JIF-8JTH-RT-92Y,,"PAP Mask Full Face Cushion, Fisher & Paykel Forma, Medium, 1 per 1 month",A7031,Mask Brand,Fisher & Paykel Forma,Mask Frame,Full Face,Mask Size,Medium,,,,,,,,,,,,,,
E5X-VSJS-B6AG-UR,BiLevel ST-A Package,B29-DBQ-BC3PJ-VA,PAP Mask,TRUE,6K7SX-L2FIL-NBVL,,"PAP Mask, Fit to Comfort, 1 per 3 months - may include A7030 (full face mask) or A7034 (nasal mask)",MASK,Mask Brand,Fit Upon Setup,Mask Frame,Fit to Comfort,Mask Size,Fit Upon Setup,,,,,,,,,,,,,,
E5X-VSJS-B6AG-UR,BiLevel ST-A Package,B29-DBQ-BC3PJ-VA,PAP Mask,TRUE,6MQ0-MQTE-0G-0Q5,,"PAP Mask, Full Face, Resmed, Medium, 1 per 3 months",A7030,Mask Brand,Resmed,Mask Frame,Full Face,Mask Size,Medium,,,,,,,,,,,,,,
E5X-VSJS-B6AG-UR,BiLevel ST-A Package,B29-DBQ-BC3PJ-VA,PAP Mask,TRUE,6U-CNQ-P2LUT-S32,,"PAP Mask, Full Face, Respironics Amara View, Fit Upon Setup, 1 per 3 months",A7030,,,,,,,,,,,,,Mask Brand,Respironics Amara View,,,,,,
E5X-VSJS-B6AG-UR,BiLevel ST-A Package,B29-DBQ-BC3PJ-VA,PAP Mask,TRUE,6YL-IBI8-0PK-6S6,,"PAP Mask, Nasal Pillow, Airfit P30I, Standard, 1 per 3 months",A7034,Mask Brand,Airfit P30I,,,,,,,,,,,,,,,,,,
E5X-VSJS-B6AG-UR,BiLevel ST-A Package,B29-DBQ-BC3PJ-VA,PAP Mask,TRUE,71K-Y6E93-CG-Z5E,,"PAP Mask, Nasal Pillow, Resmed Airfit P10, Large, 1 per 3 months",A7034,Mask Brand,Resmed Airfit P10,,,,,,,,,,,,,,,,,,
E5X-VSJS-B6AG-UR,BiLevel ST-A Package,B29-DBQ-BC3PJ-VA,PAP Mask,TRUE,7D8-CFD-9EYN-KBX,,"PAP Mask, Nasal, Fisher & Paykel Eson, Fit Upon Setup, 1 per 3 months",A7034,,,,,Mask Brand,Fisher & Paykel Eson,,,,,,,,,,,,,,
E5X-VSJS-B6AG-UR,BiLevel ST-A Package,B29-DBQ-BC3PJ-VA,PAP Mask,TRUE,7GX-5LY-Q1Y1F-0R,,"PAP Mask, Nasal Pillow, Dreamwear, Large (MD Frame), 1 per 3 months",A7034,Mask Brand,Dreamwear,,,,,,,,,,,,,,,,,,
E5X-VSJS-B6AG-UR,BiLevel ST-A Package,B29-DBQ-BC3PJ-VA,PAP Mask,TRUE,7HPDU-EY-ZT5-BGZ,,"PAP Mask, Full Face, Respironics, Small, 1 per 3 months",A7030,Mask Brand,Respironics,Mask Frame,Full Face,Mask Size,Small,,,,,,,,,,,,,,
E5X-VSJS-B6AG-UR,BiLevel ST-A Package,B29-DBQ-BC3PJ-VA,PAP Mask,TRUE,7K-YUY3-HSA5-P2F,SNM1000,"PAP Mask, Nasal, Siesta (ReactHealth)",A7034,Mask Brand,Siesta (ReactHealth),Mask Frame,Nasal,Mask Size,Fit Upon Setup,,,,,,,,,,,,,,
E5X-VSJS-B6AG-UR,BiLevel ST-A Package,B29-DBQ-BC3PJ-VA,PAP Mask,TRUE,7NHX-4H-NMPT-EZM,,"PAP Mask, Nasal, Airfit N30I, Wide, 1 per 3 months",A7034,,,,,Mask Brand,Airfit N30I,,,,,,,,,,,,,,
E5X-VSJS-B6AG-UR,BiLevel ST-A Package,B29-DBQ-BC3PJ-VA,PAP Mask,TRUE,7PQ04-KQ-ZY5V-UM,400SLN131,"PAP Mask, Nasal, Fisher & Paykel Solo, Small, 1 per 3 months",A7034,Mask Brand,Fisher & Paykel Solo,Mask Frame,Nasal,Mask Size,Small,,,,,,,,,,,,,,
E5X-VSJS-B6AG-UR,BiLevel ST-A Package,B29-DBQ-BC3PJ-VA,PAP Mask,TRUE,7RJM-IH-CJVSC-H2,61200,"PAP Mask, Full Face, Resmed Mirage Quattro, Extra Small, 1 per 3 months",A7030,Mask Brand,Resmed Mirage Quattro,Mask Frame,Full Face,Mask Size,X-Small,,,,,,,,,,,,,,
E5X-VSJS-B6AG-UR,BiLevel ST-A Package,B29-DBQ-BC3PJ-VA,PAP Mask,TRUE,7ZG-CNK-CSPMT-29,,"PAP Mask, Nasal Pillow, Resmed P30i",A7034,Mask Brand,Resmed P30i,,,,,,,,,,,,,,,,,,
E5X-VSJS-B6AG-UR,BiLevel ST-A Package,B29-DBQ-BC3PJ-VA,PAP Mask,TRUE,84M-AEVCD-49I-MI,,"PAP Mask, Nasal, Fit Upon Setup, Petite, 1 per 3 months",A7034,Mask Brand,Fit Upon Setup,Mask Frame,Nasal,Mask Size,Petite,,,,,,,,,,,,,,
E5X-VSJS-B6AG-UR,BiLevel ST-A Package,B29-DBQ-BC3PJ-VA,PAP Mask,TRUE,85P-3R-SCT4-59CX,,"PAP Mask, Nasal, Fit Upon Setup, Medium, 1 per 3 months",A7034,Mask Brand,Fit Upon Setup,Mask Frame,Nasal,Mask Size,Medium,,,,,,,,,,,,,,
E5X-VSJS-B6AG-UR,BiLevel ST-A Package,B29-DBQ-BC3PJ-VA,PAP Mask,TRUE,87-G3-XJL-01I-AJ,,"PAP Mask, Nasal, Evora, Large, 1 per 3 months",A7034,Mask Brand,Evora,Mask Frame,Nasal,Mask Size,Large,,,,,,,,,,,,,,
E5X-VSJS-B6AG-UR,BiLevel ST-A Package,B29-DBQ-BC3PJ-VA,PAP Mask,TRUE,8AKDZ-IFJ9-C81BK,,"PAP Mask, Full Face, Dreamwear, Large (LG Frame), 1 per 3 months",A7030,,,,,,,,,,,,,Mask Brand,Dreamwear,,,,,,
E5X-VSJS-B6AG-UR,BiLevel ST-A Package,B29-DBQ-BC3PJ-VA,PAP Mask,TRUE,8D4-C7E8-SHJ1-SN,400SLP116,"PAP Mask, Nasal Pillow, Fisher & Paykel Solo, Large, 2 per 1 month",A7033,Mask Brand,Solo,Mask Frame,Nasal Pillow,Mask Size,Large,,,,,,,,,,,,,,
E5X-VSJS-B6AG-UR,BiLevel ST-A Package,B29-DBQ-BC3PJ-VA,PAP Mask,TRUE,8I-L9FU-VUNDY-KR,,"PAP Mask, Fit to Comfort, React, Small, 1 per 3 months",MASK,Mask Brand,ReactHealth,Mask Frame,Fit to Comfort,Mask Size,Small,,,,,,,,,,,,,,
E5X-VSJS-B6AG-UR,BiLevel ST-A Package,B29-DBQ-BC3PJ-VA,PAP Mask,TRUE,8LCUE-L3-PU1C-Y8,,"PAP Mask, Nasal, Fisher & Paykel, Medium, 1 per 3 months",A7034,Mask Brand,Fisher & Paykel,Mask Frame,Nasal,Mask Size,Medium,,,,,,,,,,,,,,
E5X-VSJS-B6AG-UR,BiLevel ST-A Package,B29-DBQ-BC3PJ-VA,PAP Mask,TRUE,8M-PCZPL-Q8-DKCY,,"PAP Mask, Nasal Pillow, Fit Upon Setup, Medium, 1 per 3 months",A7034,Mask Brand,Fit Upon Setup,Mask Frame,Nasal Pillow,Mask Size,Medium,,,,,,,,,,,,,,
E5X-VSJS-B6AG-UR,BiLevel ST-A Package,B29-DBQ-BC3PJ-VA,PAP Mask,TRUE,8ME04-B56V-5E-PT,,"PAP Mask, Nasal, Respironics, Large, 1 per 3 months",A7034,Mask Brand,Respironics,Mask Frame,Nasal,Mask Size,Large,,,,,,,,,,,,,,
E5X-VSJS-B6AG-UR,BiLevel ST-A Package,B29-DBQ-BC3PJ-VA,PAP Mask,TRUE,8SV6-Q6P3C-Q4-VM,,"PAP Mask, Nasal, Fisher & Paykel Eson, Medium, 1 per 3 months",A7034,Mask Brand,Fisher & Paykel Eson,,,,,,,,,,,,,,,,,,
E5X-VSJS-B6AG-UR,BiLevel ST-A Package,B29-DBQ-BC3PJ-VA,PAP Mask,TRUE,8U-7MCZ-AU7G-9YT,,"PAP Mask, Nasal, Resmed Mirage FX, Fit Upon Setup, 1 per 3 months",A7034,Mask Brand,Resmed Mirage FX,,,,,,,,,,,,,,,,,,
E5X-VSJS-B6AG-UR,BiLevel ST-A Package,B29-DBQ-BC3PJ-VA,PAP Mask,TRUE,8ZS-M5D-HQKFM-2E,,"PAP Mask, Fit to Comfort, Oral / Nasal Hybrid, 1 per 3 months",A7027,,,,,Mask Brand,Fit Upon Setup,,,,,,,,,,,,,,
E5X-VSJS-B6AG-UR,BiLevel ST-A Package,B29-DBQ-BC3PJ-VA,PAP Mask,TRUE,91Y-UI6J-KM2-ALA,,"PAP Mask, Nasal Pillow, Resmed Airfit P30i, Medium, 2 per 1 month",A7033,Mask Brand,Resmed Airfit P30i,Mask Frame,Nasal Pillow,Mask Size,Medium,,,,,,,,,,,,,,
E5X-VSJS-B6AG-UR,BiLevel ST-A Package,B29-DBQ-BC3PJ-VA,PAP Mask,TRUE,93SAF-5B-ENTG-43,,"PAP Mask, Nasal Pillow, Resmed, Large, 1 per 3 months",A7034,Mask Brand,Resmed,Mask Frame,Nasal Pillow,Mask Size,Large,,,,,,,,,,,,,,
E5X-VSJS-B6AG-UR,BiLevel ST-A Package,B29-DBQ-BC3PJ-VA,PAP Mask,TRUE,94-56U-NJE-9Z-ME,,"PAP Mask, Full Face, ReactHealth, Fit Upon Setup, 1 per 3 months",A7030,Mask Brand,ReactHealth,Mask Frame,Full Face,Mask Size,Fit Upon Setup,,,,,,,,,,,,,,
E5X-VSJS-B6AG-UR,BiLevel ST-A Package,B29-DBQ-BC3PJ-VA,PAP Mask,TRUE,95BV-4G7T0-2JUKM,,"PAP Mask, Full Face, Resmed Airfit F20 for Her, Medium, 1 per 3 months",A7030,,,,,,,,,,,,,Mask Brand,Resmed Airfit F20 for Her,,,,,,
E5X-VSJS-B6AG-UR,BiLevel ST-A Package,B29-DBQ-BC3PJ-VA,PAP Mask,TRUE,97J-AB4-LKG6-FEJ,,"PAP Mask, Nasal Pillow, Airfit P30I, Medium, 2 per 1 month",A7033,Mask Brand,Airfit P30I,,,,,,,,,,,,,,,,,,
E5X-VSJS-B6AG-UR,BiLevel ST-A Package,B29-DBQ-BC3PJ-VA,PAP Mask,TRUE,980FC-YAMY-NMEPI,,"PAP Mask, Fit to Comfort, Nasal Pillow, 1 per 3 months",A7034,,,,,,,,,Mask Brand,Fit Upon Setup,,,,,,,,,,
E5X-VSJS-B6AG-UR,BiLevel ST-A Package,B29-DBQ-BC3PJ-VA,PAP Mask,TRUE,9G-PF5N8-E0DE-R2,,"PAP Mask, Full Face, Resmed Airfit F10, Medium, 1 per 3 months",A7030,,,,,,,,,,,Mask Brand,Resmed Airfit F10,,,,,,,,
E5X-VSJS-B6AG-UR,BiLevel ST-A Package,B29-DBQ-BC3PJ-VA,PAP Mask,TRUE,9GT-UDKBS-CE-PUF,63333,"PAP Mask, Full Face, Airfit F30I, Wide (STD Frame), 1 per 3 months",A7030,Mask Brand,Airfit F30I,Mask Frame,Full Face,Mask Size,Wide (STD Frame),,,,,,,,,,,,,,
E5X-VSJS-B6AG-UR,BiLevel ST-A Package,B29-DBQ-BC3PJ-VA,PAP Mask,TRUE,9HVBD-JB-3S0-BRS,63331,"PAP Mask, Full Face, Airfit F30I, Small (STD Frame), 1 per 3 months",A7030,Mask Brand,Airfit F30I,Mask Frame,Full Face,Mask Size,Small (STD Frame),,,,,,,,,,,,,,
E5X-VSJS-B6AG-UR,BiLevel ST-A Package,B29-DBQ-BC3PJ-VA,PAP Mask,TRUE,9PSE-ID-CLT95-EY,,"PAP Mask, Nasal, Fisher & Paykel, Fit Upon Setup, 1 per 3 months",A7034,Mask Brand,Fisher & Paykel,Mask Frame,Nasal,Mask Size,Fit Upon Setup,,,,,,,,,,,,,,
E5X-VSJS-B6AG-UR,BiLevel ST-A Package,B29-DBQ-BC3PJ-VA,PAP Mask,TRUE,9RPK-XP3D-XNC-ZG,,"PAP Mask, Fit to Comfort, Evora, Large, 1 per 3 months",MASK,Mask Brand,Evora,Mask Frame,Fit to Comfort,Mask Size,Large,,,,,,,,,,,,,,
E5X-VSJS-B6AG-UR,BiLevel ST-A Package,B29-DBQ-BC3PJ-VA,PAP Mask,TRUE,9X-A9-Z5-QIE-T8V,,"PAP Mask, Nasal, Fisher & Paykel Zest Q, Plus",A7034,Mask Brand,Fisher & Paykel Zest Q,Mask Frame,Nasal,Mask Size,Plus,,,,,,,,,,,,,,
E5X-VSJS-B6AG-UR,BiLevel ST-A Package,B29-DBQ-BC3PJ-VA,PAP Mask,TRUE,9YFQ-KUZ-7B8E-XM,,"PAP Mask, Nasal Cushion, Resmed N30",A7034,Mask Brand,Resmed N30,,,,,,,,,,,,,,,,,,
E5X-VSJS-B6AG-UR,BiLevel ST-A Package,B29-DBQ-BC3PJ-VA,PAP Mask,TRUE,9YZ-MV0B9-MT4-9J,,"PAP Mask, Full Face, Fisher & Paykel Vitera, Large, 1 per 3 months",A7030,Mask Brand,Fisher & Paykel Vitera,,,,,,,,,,,,,,,,,,
E5X-VSJS-B6AG-UR,BiLevel ST-A Package,B29-DBQ-BC3PJ-VA,PAP Mask,TRUE,9Z6C-4T-VI30J-ZK,,"PAP Mask, Full Face, Evora, Medium, 1 per 3 months",A7030,Mask Brand,Evora,Mask Frame,Full Face,Mask Size,Medium,,,,,,,,,,,,,,
E5X-VSJS-B6AG-UR,BiLevel ST-A Package,B29-DBQ-BC3PJ-VA,PAP Mask,TRUE,A35-BC97-N2-4J01,,"PAP Mask, Nasal, Evora, Petite, 1 per 3 months",A7034,Mask Brand,Evora,Mask Frame,Nasal,Mask Size,Petite,,,,,,,,,,,,,,
E5X-VSJS-B6AG-UR,BiLevel ST-A Package,B29-DBQ-BC3PJ-VA,PAP Mask,TRUE,A5G-YA26-PHXU-Z7,,"PAP Mask, Nasal, Airtouch N20, Medium, 1 per 3 months",A7034,,,,,,,Mask Brand,Airtouch N20,,,,,,,,,,,,
E5X-VSJS-B6AG-UR,BiLevel ST-A Package,B29-DBQ-BC3PJ-VA,PAP Mask,TRUE,A7-3VFS-8K975-4N,RII1003,"PAP Mask, Nasal Pillow Mask, Rio II (ReactHealth), Large",A7034,Mask Brand,Rio II (ReactHealth),Mask Frame,Nasal Pillow,Mask Size,Large,,,,,,,,,,,,,,
E5X-VSJS-B6AG-UR,BiLevel ST-A Package,B29-DBQ-BC3PJ-VA,PAP Mask,TRUE,A90-Y3-LD4M-LV2X,63850,"PAP Mask, Nasal Pillow, Airfit P30i Starter Pack, Standard",A7034,Mask Brand,Airfit P30i Starter Pack,Mask Frame,Nasal Pillow,Mask Size,Standard,,,,,,,,,,,,,,
E5X-VSJS-B6AG-UR,BiLevel ST-A Package,B29-DBQ-BC3PJ-VA,PAP Mask,TRUE,AG-XZ4Y4-57-AM5D,,"PAP Mask, Nasal, ReactHealth, X-Large, 1 per 3 months",A7034,Mask Brand,ReactHealth,Mask Frame,Nasal,Mask Size,X-Large,,,,,,,,,,,,,,
E5X-VSJS-B6AG-UR,BiLevel ST-A Package,B29-DBQ-BC3PJ-VA,PAP Mask,TRUE,AIY-ZVPH9-7VD-M7,63139,"PAP Mask, Full Face, Resmed Airfit F10 for Her, Extra Small, 1 per 3 months",A7030,Mask Brand,Resmed Airfit F10 for Her,Mask Frame,Full Face,Mask Size,X-Small,,,,,,,,,,,,,,
E5X-VSJS-B6AG-UR,BiLevel ST-A Package,B29-DBQ-BC3PJ-VA,PAP Mask,TRUE,AT4GH-86-7HL-7HP,,"PAP Mask, Full Face, Resmed Quattro, Large, 1 per 3 months",A7030,,,,,,,,,,,Mask Brand,Resmed Quattro,,,,,,,,
E5X-VSJS-B6AG-UR,BiLevel ST-A Package,B29-DBQ-BC3PJ-VA,PAP Mask,TRUE,B18-YIPD-2K-4IT7,,"PAP Mask, Full Face, Resmed Airtouch F20 for Her, Small, 1 per 3 months",A7030,,,,,,,Mask Brand,Resmed Airtouch F20 for Her,,,,,,,,,,,,
E5X-VSJS-B6AG-UR,BiLevel ST-A Package,B29-DBQ-BC3PJ-VA,PAP Mask,TRUE,B25P4-CJENF-3B8L,,"PAP Mask, Full Face, Evora, Large, 1 per 3 months",A7030,Mask Brand,Evora,Mask Frame,Full Face,Mask Size,Large,,,,,,,,,,,,,,
E5X-VSJS-B6AG-UR,BiLevel ST-A Package,B29-DBQ-BC3PJ-VA,PAP Mask,TRUE,B7-XRFX-BQ-SA-1S,,"PAP Mask, Full Face, Fisher & Paykel, Petite, 1 per 3 months",A7030,Mask Brand,Fisher & Paykel,Mask Frame,Full Face,Mask Size,Petite,,,,,,,,,,,,,,
E5X-VSJS-B6AG-UR,BiLevel ST-A Package,B29-DBQ-BC3PJ-VA,PAP Mask,TRUE,B9LRI-JUCZK-GHQB,62128,"PAP Mask, Nasal, Resmed Mirage FX for Her, Standard, 1 per 3 months",A7034,Mask Brand,Resmed Mirage FX for Her,Mask Frame,Nasal,Mask Size,Standard,,,,,,,,,,,,,,
E5X-VSJS-B6AG-UR,BiLevel ST-A Package,B29-DBQ-BC3PJ-VA,PAP Mask,TRUE,B9RTA-BC-830A-8V,,"PAP Mask, Nasal Pillow, Fisher & Paykel, Petite, 1 per 3 months",A7034,Mask Brand,Fisher & Paykel,Mask Frame,Nasal Pillow,Mask Size,Petite,,,,,,,,,,,,,,
E5X-VSJS-B6AG-UR,BiLevel ST-A Package,B29-DBQ-BC3PJ-VA,PAP Mask,TRUE,BDAMN-1SFD-MD-EX,,"PAP Mask, Nasal, Fisher & Paykel Zest, Petite",A7034,Mask Brand,Fisher & Paykel Zest,Mask Frame,Nasal,Mask Size,Petite,,,,,,,,,,,,,,
E5X-VSJS-B6AG-UR,BiLevel ST-A Package,B29-DBQ-BC3PJ-VA,PAP Mask,TRUE,BDJ6Y-2BK-XG-FNK,,"PAP Mask, Fit to Comfort, React, Petite, 1 per 3 months",MASK,Mask Brand,ReactHealth,Mask Frame,Fit to Comfort,Mask Size,Petite,,,,,,,,,,,,,,
E5X-VSJS-B6AG-UR,BiLevel ST-A Package,B29-DBQ-BC3PJ-VA,PAP Mask,TRUE,BF-T9-HRH-28-1GH,RFF1002,"PAP Mask, Full Face, Rio II (ReactHealth), Medium",A7030,Mask Brand,Rio II (ReactHealth),Mask Frame,Full Face,Mask Size,Medium,,,,,,,,,,,,,,
E5X-VSJS-B6AG-UR,BiLevel ST-A Package,B29-DBQ-BC3PJ-VA,PAP Mask,TRUE,BFSM8-50-UN-CK51,SFF1001,"PAP Mask, Full Face, Siesta (ReactHealth), Small",A7030,Mask Brand,Siesta (ReactHealth),Mask Frame,Full Face,Mask Size,Small,,,,,,,,,,,,,,
E5X-VSJS-B6AG-UR,BiLevel ST-A Package,B29-DBQ-BC3PJ-VA,PAP Mask,TRUE,BK-G4-F0-7S5G-79,,"PAP Mask, Fit to Comfort, Respironics, Small, 1 per 3 months",MASK,Mask Brand,Respironics,Mask Frame,Fit to Comfort,Mask Size,Small,,,,,,,,,,,,,,
E5X-VSJS-B6AG-UR,BiLevel ST-A Package,B29-DBQ-BC3PJ-VA,PAP Mask,TRUE,BP95-KNQ9P-QX-T5,,"PAP Mask, Nasal Pillow, Fisher & Paykel Pilairo Q, Standard, 1 per 3 months",A7034,,,,,Mask Brand,Fisher & Paykel Pilairo Q,,,,,,,,,,,,,,
E5X-VSJS-B6AG-UR,BiLevel ST-A Package,B29-DBQ-BC3PJ-VA,PAP Mask,TRUE,BQK2-5GU-BZVZ-UT,,"PAP Mask, Nasal, Airfit N30I, Small, 1 per 3 months",A7034,Mask Brand,Airfit N30I,,,,,,,,,,,,,,,,,,
E5X-VSJS-B6AG-UR,BiLevel ST-A Package,B29-DBQ-BC3PJ-VA,PAP Mask,TRUE,BX1-7H3N-GU-UE80,,"PAP Mask, Full Face, Resmed Quattro, Small, 1 per 3 months",A7030,Mask Brand,Resmed Quattro,,,,,,,,,,,,,,,,,,
E5X-VSJS-B6AG-UR,BiLevel ST-A Package,B29-DBQ-BC3PJ-VA,PAP Mask,TRUE,BYZA-FN-46IL-QRY,400SLP132,"PAP Mask, Nasal Pillow, Fisher & Paykel Solo, Medium, 1 per 3 months",A7034,Mask Brand,Fisher & Paykel Solo,Mask Frame,Nasal Pillow,Mask Size,Medium,,,,,,,,,,,,,,
E5X-VSJS-B6AG-UR,BiLevel ST-A Package,B29-DBQ-BC3PJ-VA,PAP Mask,TRUE,C4PX7-E6-URS-1U2,,"PAP Mask, Nasal, Other Brand, N/A, 1 per 3 months",A7034,Mask Brand,Other,,,,,,,,,,,,,,,,,,
E5X-VSJS-B6AG-UR,BiLevel ST-A Package,B29-DBQ-BC3PJ-VA,PAP Mask,TRUE,C5-7CU-BG-BR8-4H,RFF1001,"PAP Mask, Full Face, Rio II (ReactHealth), Small",A7030,Mask Brand,Rio II (ReactHealth),Mask Frame,Full Face,Mask Size,Small,,,,,,,,,,,,,,
E5X-VSJS-B6AG-UR,BiLevel ST-A Package,B29-DBQ-BC3PJ-VA,PAP Mask,TRUE,C5-Y1ADL-SZ-P08B,,"PAP Mask, Nasal, Fisher & Paykel Flexfit 407, Standard",A7032,Mask Brand,Fisher & Paykel Flexfit 407,Mask Frame,Nasal,Mask Size,Standard,,,,,,,,,,,,,,
E5X-VSJS-B6AG-UR,BiLevel ST-A Package,B29-DBQ-BC3PJ-VA,PAP Mask,TRUE,C71-7EL-9QLEV-DZ,,"PAP Mask, Nasal Pillow Mask, Rio II (ReactHealth), Small",A7034,Mask Brand,Rio II (ReactHealth),Mask Frame,Nasal Pillow,Mask Size,Small,,,,,,,,,,,,,,
E5X-VSJS-B6AG-UR,BiLevel ST-A Package,B29-DBQ-BC3PJ-VA,PAP Mask,TRUE,CBF-4H1-5N-NK-IF,,"PAP Mask, Oral, Fisher & Paykel Oracle, Small",A7044,Mask Brand,Fisher & Paykel Oracle,Mask Frame,Oral,Mask Size,Small,,,,,,,,,,,,,,
E5X-VSJS-B6AG-UR,BiLevel ST-A Package,B29-DBQ-BC3PJ-VA,PAP Mask,TRUE,CD0J-GK-UH-GTGEV,,"PAP Mask, Nasal, Resmed Airfit N20, Small, 1 per 3 months",A7034,,,,,,,,,,,,,,,Mask Brand,Resmed Airfit N20,,,,
E5X-VSJS-B6AG-UR,BiLevel ST-A Package,B29-DBQ-BC3PJ-VA,PAP Mask,TRUE,CF-LV0-QTKU-VFN8,,"PAP Mask, Nasal Pillow, Fisher & Paykel Brevida, Medium/Large",A7034,Mask Brand,Fisher & Paykel Brevida,Mask Frame,Nasal Pillow,Mask Size,Medium/Large,,,,,,,,,,,,,,
E5X-VSJS-B6AG-UR,BiLevel ST-A Package,B29-DBQ-BC3PJ-VA,PAP Mask,TRUE,CF7-0E1-K8FD-8FD,,"PAP Mask, Nasal Pillow, Resmed, Fit Upon Setup, 1 per 3 months",A7034,Mask Brand,Resmed,Mask Frame,Nasal Pillow,Mask Size,Fit Upon Setup,,,,,,,,,,,,,,
E5X-VSJS-B6AG-UR,BiLevel ST-A Package,B29-DBQ-BC3PJ-VA,PAP Mask,TRUE,CH-GS-TLH-DS1-N6,,"PAP Mask, Nasal Pillow, Dreamwear Pillows, Fit Upon Setup, 1 per 3 months",A7033,,,,,,,,,,,,,,,Mask Brand,Dreamwear Pillows,,,,
E5X-VSJS-B6AG-UR,BiLevel ST-A Package,B29-DBQ-BC3PJ-VA,PAP Mask,TRUE,CHP-NUIX-JKGY-NQ,SNM1003,"PAP Mask, Nasal, Siesta (ReactHealth), Large",A7034,Mask Brand,Siesta (ReactHealth),Mask Frame,Nasal,Mask Size,Large,,,,,,,,,,,,,,
E5X-VSJS-B6AG-UR,BiLevel ST-A Package,B29-DBQ-BC3PJ-VA,PAP Mask,TRUE,CI3G-GN-B35P-9I9,,"PAP Mask, Oral, Fit Upon Setup, N/A, 1 per 3 months",A7044,Mask Brand,Fit Upon Setup,,,,,,,,,,,,,,,,,,
E5X-VSJS-B6AG-UR,BiLevel ST-A Package,B29-DBQ-BC3PJ-VA,PAP Mask,TRUE,CJG5-BPCFI-5PJL3,,"PAP Mask, Nasal Pillow, Respironics, Fit Upon Setup, 1 per 3 months",A7034,Mask Brand,Respironics,Mask Frame,Nasal Pillow,Mask Size,Fit Upon Setup,,,,,,,,,,,,,,
E5X-VSJS-B6AG-UR,BiLevel ST-A Package,B29-DBQ-BC3PJ-VA,PAP Mask,TRUE,CKH-454CH-CKB-SC,,"PAP Mask, Nasal, Airfit N30I, Medium, 1 per 3 months",A7034,,,,,,,,,,,,,,,,,,,Mask Brand,Airfit N30I
E5X-VSJS-B6AG-UR,BiLevel ST-A Package,B29-DBQ-BC3PJ-VA,PAP Mask,TRUE,CL-M58M-BY3CZ-QI,62300,"PAP Mask, Nasal, Resmed AirTouch N30I, Starter Pack (STD Frame), 1 per 3 months",A7034,Mask Brand,Resmed AirTouch N30I,Mask Frame,Nasal,Mask Size,Starter Pack (STD Frame),,,,,,,,,,,,,,
E5X-VSJS-B6AG-UR,BiLevel ST-A Package,B29-DBQ-BC3PJ-VA,PAP Mask,TRUE,CS-G4D-YCFV-RS32,400SLP115,"PAP Mask, Nasal Pillow, Fisher & Paykel Solo, Medium, 2 per 1 month",A7033,Mask Brand,Solo,Mask Frame,Nasal Pillow,Mask Size,Medium,,,,,,,,,,,,,,
E5X-VSJS-B6AG-UR,BiLevel ST-A Package,B29-DBQ-BC3PJ-VA,PAP Mask,TRUE,CV7-1N-PQC9J-RVE,63851,"PAP Mask, Nasal Pillow, Airfit P30i Starter Pack, Small",A7034,Mask Brand,Airfit P30i Starter Pack,Mask Frame,Nasal Pillow,Mask Size,Small,,,,,,,,,,,,,,
E5X-VSJS-B6AG-UR,BiLevel ST-A Package,B29-DBQ-BC3PJ-VA,PAP Mask,TRUE,D1-XJBS-AKCV-QNH,,"PAP Mask, Nasal Pillow, AirFit P10, Plus",A7034,Mask Brand,AirFit P10,Mask Frame,Nasal Pillow,Mask Size,Plus,,,,,,,,,,,,,,
E5X-VSJS-B6AG-UR,BiLevel ST-A Package,B29-DBQ-BC3PJ-VA,PAP Mask,TRUE,D2TE-UCDSY-6IYAQ,,"PAP Mask, Fit to Comfort, 1 per 3 months - may include A7034 (full face mask) or A7033/A7032 (nasal mask)",MASK,Mask Brand,Fit Upon Setup,Mask Frame,Fit to Comfort,Mask Size,Fit Upon Setup,,,,,,,,,,,,,,
E5X-VSJS-B6AG-UR,BiLevel ST-A Package,B29-DBQ-BC3PJ-VA,PAP Mask,TRUE,D38D2-HMJT-QN-YA,,"PAP Mask, Full Face, Airfit F30I, Fit Upon Setup, 1 per 3 months",A7030,,,,,,,,,,,,,,,,,Mask Brand,Airfit F30I,,
E5X-VSJS-B6AG-UR,BiLevel ST-A Package,B29-DBQ-BC3PJ-VA,PAP Mask,TRUE,D9-UT-TQ-6CT-3NI,,"PAP Mask, Full Face, Amara Gel, Small, 1 per 3 months",A7030,Mask Brand,Amara Gel,,,,,,,,,,,,,,,,,,
E5X-VSJS-B6AG-UR,BiLevel ST-A Package,B29-DBQ-BC3PJ-VA,PAP Mask,TRUE,D9FH-SNRG4-7LB4H,,"PAP Mask, Fit to Comfort, React, Fit Upon Setup, 1 per 3 months",MASK,Mask Brand,ReactHealth,Mask Frame,Fit to Comfort,Mask Size,Fit Upon Setup,,,,,,,,,,,,,,
E5X-VSJS-B6AG-UR,BiLevel ST-A Package,B29-DBQ-BC3PJ-VA,PAP Mask,TRUE,DCYJ-4EBU-P52-Y7,,"PAP Mask, Nasal Pillow, Fisher & Paykel, Medium, 1 per 3 months",A7034,Mask Brand,Fisher & Paykel,Mask Frame,Nasal Pillow,Mask Size,Medium,,,,,,,,,,,,,,
E5X-VSJS-B6AG-UR,BiLevel ST-A Package,B29-DBQ-BC3PJ-VA,PAP Mask,TRUE,DFH-ZLE-U3F-VNYF,,"PAP Mask, Nasal, Respironics ComfortGel Blue, Large, 1 per 3 months",A7034,,,Mask Brand,Respironics ComfortGel Blue,,,,,,,,,,,,,,,,
E5X-VSJS-B6AG-UR,BiLevel ST-A Package,B29-DBQ-BC3PJ-VA,PAP Mask,TRUE,DJ6X-CTVUL-3Y-ED,,"PAP Mask, Nasal Pillow, Swift FX, Large, 2 per 1 month",A7033,,,,,,,,,,,Mask Brand,Swift FX,,,,,,,,
E5X-VSJS-B6AG-UR,BiLevel ST-A Package,B29-DBQ-BC3PJ-VA,PAP Mask,TRUE,DK626-NDJ3-F1-XF,,"PAP Mask, Nasal, Dreamwear, Large (MD Frame), 1 per 3 months",A7034,,,,,Mask Brand,Dreamwear,,,,,,,,,,,,,,
E5X-VSJS-B6AG-UR,BiLevel ST-A Package,B29-DBQ-BC3PJ-VA,PAP Mask,TRUE,DS-8IQU-H94UJ-62,SFF21003,"PAP Mask, Full Face, Siesta 2 (ReactHealth), Large",A7030,Mask Brand,Siesta 2 (ReactHealth),Mask Frame,Full Face,Mask Size,Large,,,,,,,,,,,,,,
E5X-VSJS-B6AG-UR,BiLevel ST-A Package,B29-DBQ-BC3PJ-VA,PAP Mask,TRUE,DTK-HY-1MDT-SQB4,,"PAP Mask, Full Face, Fit Upon Setup, Large, 1 per 3 months",A7030,Mask Brand,Fit Upon Setup,Mask Frame,Full Face,Mask Size,Large,,,,,,,,,,,,,,
E5X-VSJS-B6AG-UR,BiLevel ST-A Package,B29-DBQ-BC3PJ-VA,PAP Mask,TRUE,DUQ-P8UI-6LB-KS7,1146475,"PAP Mask, Nasal Pillow, Dreamwear, Medium Wide, 2 per 1 month",A7033,Mask Brand,Dreamwear,Mask Frame,Nasal Pillow,Mask Size,Medium Wide,,,,,,,,,,,,,,
E5X-VSJS-B6AG-UR,BiLevel ST-A Package,B29-DBQ-BC3PJ-VA,PAP Mask,TRUE,DY-9FV-2U-F1D-LM,,"PAP Mask, Fit to Comfort, Fisher & Paykel, Petite, 1 per 3 months",MASK,Mask Brand,Fisher & Paykel,Mask Frame,Fit to Comfort,Mask Size,Petite,,,,,,,,,,,,,,
E5X-VSJS-B6AG-UR,BiLevel ST-A Package,B29-DBQ-BC3PJ-VA,PAP Mask,TRUE,E1NP-5NXZ1-7LIN3,,"PAP Mask, Full Face, Dreamwear, Large (MD Frame), 1 per 3 months",A7030,,,,,,,Mask Brand,Dreamwear,,,,,,,,,,,,
E5X-VSJS-B6AG-UR,BiLevel ST-A Package,B29-DBQ-BC3PJ-VA,PAP Mask,TRUE,E4-GM15-L290-YR4,,"PAP Mask, Nasal Cushion Mask, Viva (ReactHealth)",A7034,Mask Brand,Viva (ReactHealth),Mask Frame,Nasal,Mask Size,Fit Upon Setup,,,,,,,,,,,,,,
E5X-VSJS-B6AG-UR,BiLevel ST-A Package,B29-DBQ-BC3PJ-VA,PAP Mask,TRUE,E6IPS-9ZTJY-KDNR,,"PAP Mask, Fit to Comfort, Resmed, Fit Upon Setup, 1 per 3 months",MASK,Mask Brand,Resmed,Mask Frame,Fit to Comfort,Mask Size,Fit Upon Setup,,,,,,,,,,,,,,
E5X-VSJS-B6AG-UR,BiLevel ST-A Package,B29-DBQ-BC3PJ-VA,PAP Mask,TRUE,E71-65K2-80-BA21,1133400,"PAP Mask, Full Face, Dreamwear, Fitpack (MD Frame), 1 per 3 months",A7030,Mask Brand,Dreamwear,Mask Frame,Full Face,Mask Size,Fitpack (MD Frame),,,,,,,,,,,,,,
E5X-VSJS-B6AG-UR,BiLevel ST-A Package,B29-DBQ-BC3PJ-VA,PAP Mask,TRUE,E71S-EQJ8U-60BP8,1133383,"PAP Mask, Full Face, Dreamwear, Medium Wide (MD Frame), 1 per 3 months",A7030,Mask Brand,Dreamwear,Mask Frame,Full Face,Mask Size,Medium Wide (MD Frame),,,,,,,,,,,,,,
E5X-VSJS-B6AG-UR,BiLevel ST-A Package,B29-DBQ-BC3PJ-VA,PAP Mask,TRUE,E8M-UZA6-VAB-QFA,,"PAP Mask, Full Face, Fisher & Paykel Vitera",A7030,,,,,,,,,Mask Brand,Fisher & Paykel Vitera,,,,,,,,,,
E5X-VSJS-B6AG-UR,BiLevel ST-A Package,B29-DBQ-BC3PJ-VA,PAP Mask,TRUE,E9-BIY-CAR06-VX6,,"PAP Mask, Nasal Pillow, Nuance Gel, Large, 2 per 1 month",A7033,,,,,,,,,Mask Brand,Nuance Gel,,,,,,,,,,
E5X-VSJS-B6AG-UR,BiLevel ST-A Package,B29-DBQ-BC3PJ-VA,PAP Mask,TRUE,EG81V-RM2PH-APVP,64100,"PAP Mask, Full Face, Airfit F30, Small, 1 per 3 months",A7030,Mask Brand,Airfit F30,Mask Frame,Full Face,Mask Size,Small,,,,,,,,,,,,,,
E5X-VSJS-B6AG-UR,BiLevel ST-A Package,B29-DBQ-BC3PJ-VA,PAP Mask,TRUE,EGF0-Z2-IDS7V-6D,,"PAP Mask, Nasal Pillow, Respironics Dreamwear Silicone",A7034,,,,,,,,,,,,,,,,,,,Mask Brand,Respironics Dreamwear Silicone
E5X-VSJS-B6AG-UR,BiLevel ST-A Package,B29-DBQ-BC3PJ-VA,PAP Mask,TRUE,EI-I4YLG-ID38-I2,RFF1003,"PAP Mask, Full Face, Rio II (ReactHealth), Large",A7030,Mask Brand,Rio II (ReactHealth),Mask Frame,Full Face,Mask Size,Large,,,,,,,,,,,,,,
E5X-VSJS-B6AG-UR,BiLevel ST-A Package,B29-DBQ-BC3PJ-VA,PAP Mask,TRUE,EN-8CYBE-VA4-7R3,,"PAP Mask, Nasal, Fisher & Paykel Zest Q, Petite",A7034,Mask Brand,Fisher & Paykel Zest Q,Mask Frame,Nasal,Mask Size,Petite,,,,,,,,,,,,,,
E5X-VSJS-B6AG-UR,BiLevel ST-A Package,B29-DBQ-BC3PJ-VA,PAP Mask,TRUE,ENXVE-NAC-B4C-DK,,"PAP Mask, Full Face, AirFit F20, Fit Upon Setup, 1 per 3 months",A7030,Mask Brand,AirFit F20,,,,,,,,,,,,,,,,,,
E5X-VSJS-B6AG-UR,BiLevel ST-A Package,B29-DBQ-BC3PJ-VA,PAP Mask,TRUE,EP-NV-7J5YJ-1QPJ,,"PAP Mask, Fit to Comfort, 1 per 3 months.",MASK,,,,,,,,,Mask Brand,Fit Upon Setup,,,,,,,,,,
E5X-VSJS-B6AG-UR,BiLevel ST-A Package,B29-DBQ-BC3PJ-VA,PAP Mask,TRUE,EQ-H6CD-9SQHQ-C5,,"PAP Mask Full Face Cushion, Fisher & Paykel Forma, Large, 1 per 1 month",A7031,Mask Brand,Fisher & Paykel Forma,Mask Frame,Full Face,Mask Size,Large,,,,,,,,,,,,,,
E5X-VSJS-B6AG-UR,BiLevel ST-A Package,B29-DBQ-BC3PJ-VA,PAP Mask,TRUE,EQC-U0-6RM-LN-GH,,"PAP Mask, Full Face, Airfit F30, Fit Upon Setup, 1 per 3 months",A7030,Mask Brand,Airfit F30,,,,,,,,,,,,,,,,,,
E5X-VSJS-B6AG-UR,BiLevel ST-A Package,B29-DBQ-BC3PJ-VA,PAP Mask,TRUE,EU3B-QL-LFQ2-KAV,,"PAP Mask, Nasal Pillow, Resmed, Small, 1 per 3 months",A7034,Mask Brand,Resmed,Mask Frame,Nasal Pillow,Mask Size,Small,,,,,,,,,,,,,,
E5X-VSJS-B6AG-UR,BiLevel ST-A Package,B29-DBQ-BC3PJ-VA,PAP Mask,TRUE,EUL-43-SMKF0-KQJ,60182,"PAP Mask, Nasal, Resmed Mirage Activa LT, Small, 1 per 3 months",A7034,Mask Brand,Resmed Mirage Activa LT,Mask Frame,Nasal,Mask Size,Small,,,,,,,,,,,,,,
E5X-VSJS-B6AG-UR,BiLevel ST-A Package,B29-DBQ-BC3PJ-VA,PAP Mask,TRUE,EXSTH-FIJ-GJ9-UC,,"PAP Mask, Nasal Cushion, Resmed N30i",A7034,,,,,,,,,,,Mask Brand,Resmed N30i,,,,,,,,
E5X-VSJS-B6AG-UR,BiLevel ST-A Package,B29-DBQ-BC3PJ-VA,PAP Mask,TRUE,F0-VECYS-ZRDE-H6,1146417,"PAP Mask, Nasal Pillow, Dreamwear, Medium Wide (MD Frame), 1 per 3 months",A7034,Mask Brand,Dreamwear,Mask Frame,Nasal Pillow,Mask Size,Medium Wide (MD Frame),,,,,,,,,,,,,,
E5X-VSJS-B6AG-UR,BiLevel ST-A Package,B29-DBQ-BC3PJ-VA,PAP Mask,TRUE,F0I-6RK-F7YDL-FH,1146473,"PAP Mask, Nasal Pillow, Dreamwear, Medium, 2 per 1 month",A7033,Mask Brand,Dreamwear,Mask Frame,Nasal Pillow,Mask Size,Medium,,,,,,,,,,,,,,
E5X-VSJS-B6AG-UR,BiLevel ST-A Package,B29-DBQ-BC3PJ-VA,PAP Mask,TRUE,F84P-X7-ME89-8P1,,"PAP Mask, Nasal Pillow, Fisher & Paykel Brevida",A7034,,,,,Mask Brand,Fisher & Paykel Brevida,,,,,,,,,,,,,,
E5X-VSJS-B6AG-UR,BiLevel ST-A Package,B29-DBQ-BC3PJ-VA,PAP Mask,TRUE,FAK2-G1-X8VU-S27,61560,"PAP Mask, Nasal, Swift FX Bella, Complete, 1 per 3 months",A7034,Mask Brand,Swift FX Bella,Mask Frame,Nasal,Mask Size,Complete,,,,,,,,,,,,,,
E5X-VSJS-B6AG-UR,BiLevel ST-A Package,B29-DBQ-BC3PJ-VA,PAP Mask,TRUE,FQM-ATX-38UNF-C8,,"PAP Mask, Nasal Pillow, ReactHealth, X-Large, 1 per 3 months",A7034,Mask Brand,ReactHealth,Mask Frame,Nasal Pillow,Mask Size,X-Large,,,,,,,,,,,,,,
E5X-VSJS-B6AG-UR,BiLevel ST-A Package,B29-DBQ-BC3PJ-VA,PAP Mask,TRUE,G4D2B-V5Q4A-57IF,,"PAP Mask, Full Face, Other Brand, N/A, 1 per 3 months",A7030,,,,,Mask Brand,Other,,,,,,,,,,,,,,
E5X-VSJS-B6AG-UR,BiLevel ST-A Package,B29-DBQ-BC3PJ-VA,PAP Mask,TRUE,G7NA-39Q-J4H-BPR,400BRE114,"PAP Mask, Nasal Pillow, Fisher & Paykel Brevida, Medium/Large, 2 per 1 month",A7033,Mask Brand,Brevida,Mask Frame,Nasal Pillow,Mask Size,Medium/Large,,,,,,,,,,,,,,
E5X-VSJS-B6AG-UR,BiLevel ST-A Package,B29-DBQ-BC3PJ-VA,PAP Mask,TRUE,G9-UC-DGDXA-1Q1M,6088,"PAP Mask, Full Face, AirFit F40, Medium, 1 per 3 months",A7030,Mask Brand,AirFit F40,Mask Frame,Full Face,Mask Size,Medium,,,,,,,,,,,,,,
E5X-VSJS-B6AG-UR,BiLevel ST-A Package,B29-DBQ-BC3PJ-VA,PAP Mask,TRUE,GA9RE-KBIQH-LZMX,,"PAP Mask, Nasal, ReactHealth, Petite, 1 per 3 months",A7034,Mask Brand,ReactHealth,Mask Frame,Nasal,Mask Size,Petite,,,,,,,,,,,,,,
E5X-VSJS-B6AG-UR,BiLevel ST-A Package,B29-DBQ-BC3PJ-VA,PAP Mask,TRUE,GAHB0-EZ-37-LEKL,,"PAP Mask, Nasal Pillow, Airfit P10, Large, 2 per 1 month",A7033,Mask Brand,AirFit P10,,,,,,,,,,,,,,,,,,
E5X-VSJS-B6AG-UR,BiLevel ST-A Package,B29-DBQ-BC3PJ-VA,PAP Mask,TRUE,GF-EX-J14UF-HMKR,,"PAP Mask, Full Face, Generic, Fit Upon Setup, 1 per 3 months",A7030,Mask Brand,Generic,Mask Frame,Full Face,Mask Size,Fit Upon Setup,,,,,,,,,,,,,,
E5X-VSJS-B6AG-UR,BiLevel ST-A Package,B29-DBQ-BC3PJ-VA,PAP Mask,TRUE,GM-K6Q-4X-C7-FI7,400SLN134,"PAP Mask, Nasal, Fisher & Paykel Solo, Wide, 1 per 3 months",A7034,Mask Brand,Fisher & Paykel Solo,Mask Frame,Nasal,Mask Size,Wide,,,,,,,,,,,,,,
E5X-VSJS-B6AG-UR,BiLevel ST-A Package,B29-DBQ-BC3PJ-VA,PAP Mask,TRUE,GN40U-N8L-7LV-LE,400SLN133,"PAP Mask, Nasal, Fisher & Paykel Solo, Large, 1 per 3 months",A7034,Mask Brand,Fisher & Paykel Solo,Mask Frame,Nasal,Mask Size,Large,,,,,,,,,,,,,,
E5X-VSJS-B6AG-UR,BiLevel ST-A Package,B29-DBQ-BC3PJ-VA,PAP Mask,TRUE,GX7-8IJ3-UPB2-2P,,"PAP Mask, Full Face, Fisher & Paykel Simplus, Large, 1 per 3 months",A7030,,,,,,,Mask Brand,Fisher & Paykel Simplus,,,,,,,,,,,,
E5X-VSJS-B6AG-UR,BiLevel ST-A Package,B29-DBQ-BC3PJ-VA,PAP Mask,TRUE,GY4-NLY-148F8-46,,"PAP Mask, Nasal, Airtouch F20 for Her, 1 per 3 months",A7034,,,,,,,,,,,,,,,,,Mask Brand,Airtouch F20 for Her,,
E5X-VSJS-B6AG-UR,BiLevel ST-A Package,B29-DBQ-BC3PJ-VA,PAP Mask,TRUE,GY60S-N1-IAVC-NL,,"PAP Mask, Fit to Comfort, Fisher & Paykel, Large, 1 per 3 months",MASK,Mask Brand,Fisher & Paykel,Mask Frame,Fit to Comfort,Mask Size,Large,,,,,,,,,,,,,,
E5X-VSJS-B6AG-UR,BiLevel ST-A Package,B29-DBQ-BC3PJ-VA,PAP Mask,TRUE,GZR0-41KN-YRX-5U,,"PAP Mask, Nasal Pillow Mask, Rio II (ReactHealth), Medium",A7034,Mask Brand,Rio II (ReactHealth),Mask Frame,Nasal Pillow,Mask Size,Medium,,,,,,,,,,,,,,
E5X-VSJS-B6AG-UR,BiLevel ST-A Package,B29-DBQ-BC3PJ-VA,PAP Mask,TRUE,H0GHK-A5C3-2M-F8,,"PAP Mask, Full Face, Resmed Quattro FX, Small, 1 per 3 months",A7030,,,,,,,,,Mask Brand,Resmed Quattro FX,,,,,,,,,,
E5X-VSJS-B6AG-UR,BiLevel ST-A Package,B29-DBQ-BC3PJ-VA,PAP Mask,TRUE,H3MKJ-X5-CHEQ-PR,400NVP115,"PAP Mask, Nasal Pillow, Fisher & Paykel Nova Micro, Medium, 2 per 1 month",A7033,Mask Brand,Nova Micro,Mask Frame,Nasal Pillow,Mask Size,Medium,,,,,,,,,,,,,,
E5X-VSJS-B6AG-UR,BiLevel ST-A Package,B29-DBQ-BC3PJ-VA,PAP Mask,TRUE,H5-3B4R-67-FJNEH,,"PAP Mask, Full Face, Evora, Small, 1 per 3 months",A7030,Mask Brand,Evora,Mask Frame,Full Face,Mask Size,Small,,,,,,,,,,,,,,
E5X-VSJS-B6AG-UR,BiLevel ST-A Package,B29-DBQ-BC3PJ-VA,PAP Mask,TRUE,H7-FJ-VF-6KV-C1F,,"PAP Mask, Nasal, Fisher & Paykel, Large, 1 per 3 months",A7034,Mask Brand,Fisher & Paykel,Mask Frame,Nasal,Mask Size,Large,,,,,,,,,,,,,,
E5X-VSJS-B6AG-UR,BiLevel ST-A Package,B29-DBQ-BC3PJ-VA,PAP Mask,TRUE,H8PL-NS50-XHE-F7,,"PAP Mask, Fit to Comfort, Resmed, Small, 1 per 3 months",MASK,Mask Brand,Resmed,Mask Frame,Fit to Comfort,Mask Size,Small,,,,,,,,,,,,,,
E5X-VSJS-B6AG-UR,BiLevel ST-A Package,B29-DBQ-BC3PJ-VA,PAP Mask,TRUE,HAT6P-U3E-LE-XEX,,"PAP Mask, Full Face, Fisher & Paykel, Large, 1 per 3 months",A7030,Mask Brand,Fisher & Paykel,Mask Frame,Full Face,Mask Size,Large,,,,,,,,,,,,,,
E5X-VSJS-B6AG-UR,BiLevel ST-A Package,B29-DBQ-BC3PJ-VA,PAP Mask,TRUE,HG-EUGEC-J41-Q5R,1133388,"PAP Mask, Full Face, Dreamwear, Medium Wide (SM Frame), 1 per 3 months",A7030,Mask Brand,Dreamwear,Mask Frame,Full Face,Mask Size,Medium Wide (SM Frame),,,,,,,,,,,,,,
E5X-VSJS-B6AG-UR,BiLevel ST-A Package,B29-DBQ-BC3PJ-VA,PAP Mask,TRUE,HG7Y-INVBS-H3V3K,,"PAP Mask, Nasal, Resmed Airfit N20, Large, 1 per 3 months",A7034,,,,,Mask Brand,Resmed Airfit N20,,,,,,,,,,,,,,
E5X-VSJS-B6AG-UR,BiLevel ST-A Package,B29-DBQ-BC3PJ-VA,PAP Mask,TRUE,HNI1-6LN2-I7-TBK,,"PAP Mask, Mask of Choice, Fit to Comfort, 1 per 3 months",MASK,Mask Brand,Mask of Choice,Mask Frame,Fit to Comfort,Mask Size,Fit Upon Setup,,,,,,,,,,,,,,
E5X-VSJS-B6AG-UR,BiLevel ST-A Package,B29-DBQ-BC3PJ-VA,PAP Mask,TRUE,HPLU-G2F-NB-5J03,64201,"PAP Mask, Nasal Pillow, AirFit N30 Starter, Fit Upon Setup",A7034,Mask Brand,AirFit N30 Starter,Mask Frame,Nasal Pillow,Mask Size,Fit Upon Setup,,,,,,,,,,,,,,
E5X-VSJS-B6AG-UR,BiLevel ST-A Package,B29-DBQ-BC3PJ-VA,PAP Mask,TRUE,HR6-2YMGS-F2E-SD,,"PAP Mask, Nasal Pillow, Airfit P10, Medium, 2 per 1 month",A7034,Mask Brand,AirFit P10,Mask Frame,Nasal Pillow,Mask Size,Medium,,,,,,,,,,,,,,
E5X-VSJS-B6AG-UR,BiLevel ST-A Package,B29-DBQ-BC3PJ-VA,PAP Mask,TRUE,HSH-H6UJ-TVK-RXP,,"PAP Mask, Nasal Pillow, ReactHealth, Petite, 1 per 3 months",A7034,Mask Brand,ReactHealth,Mask Frame,Nasal Pillow,Mask Size,Petite,,,,,,,,,,,,,,
E5X-VSJS-B6AG-UR,BiLevel ST-A Package,B29-DBQ-BC3PJ-VA,PAP Mask,TRUE,HTJ-V8G6-LZGC-AR,,"PAP Mask, Full Face, ReactHealth, Large, 1 per 3 months",A7030,Mask Brand,ReactHealth,Mask Frame,Full Face,Mask Size,Large,,,,,,,,,,,,,,
E5X-VSJS-B6AG-UR,BiLevel ST-A Package,B29-DBQ-BC3PJ-VA,PAP Mask,TRUE,HVN2-Z1P-QFV-94Z,,"PAP Mask, Fit to Comfort, Evora, Fit Upon Setup, 1 per 3 months",MASK,Mask Brand,Evora,Mask Frame,Fit to Comfort,Mask Size,Fit Upon Setup,,,,,,,,,,,,,,
E5X-VSJS-B6AG-UR,BiLevel ST-A Package,B29-DBQ-BC3PJ-VA,PAP Mask,TRUE,HVR-3ER-9XFG-C1P,,"PAP Mask, Full Face, Respironics, Medium, 1 per 3 months",A7030,Mask Brand,Respironics,Mask Frame,Full Face,Mask Size,Medium,,,,,,,,,,,,,,
E5X-VSJS-B6AG-UR,BiLevel ST-A Package,B29-DBQ-BC3PJ-VA,PAP Mask,TRUE,HY-5U3K-THYRD-U5,,"PAP Mask, Fit to Comfort, React, Medium, 1 per 3 months",MASK,Mask Brand,ReactHealth,Mask Frame,Fit to Comfort,Mask Size,Medium,,,,,,,,,,,,,,
E5X-VSJS-B6AG-UR,BiLevel ST-A Package,B29-DBQ-BC3PJ-VA,PAP Mask,TRUE,HYGN-BAX-PMA8-HI,,"PAP Mask, Nasal, Fisher & Paykel Eson 2, Small, 1 per 3 months",A7034,,,,,,,Mask Brand,Fisher & Paykel Eson 2,,,,,,,,,,,,
E5X-VSJS-B6AG-UR,BiLevel ST-A Package,B29-DBQ-BC3PJ-VA,PAP Mask,TRUE,I2PTE-Q68X3-BNDX,,"PAP Mask, Nasal Pillow, Resmed Swift FX, Complete, 1 per 3 months",A7034,,,,,,,,,,,,,,,,,,,Mask Brand,Resmed Swift FX
E5X-VSJS-B6AG-UR,BiLevel ST-A Package,B29-DBQ-BC3PJ-VA,PAP Mask,TRUE,I7CMF-AE-6DXE-2J,,"PAP Mask, Full Face, Airtouch F20, Fit Upon Setup, 1 per 3 months",A7030,,,,,,,,,,,,,Mask Brand,Airtouch F20,,,,,,
E5X-VSJS-B6AG-UR,BiLevel ST-A Package,B29-DBQ-BC3PJ-VA,PAP Mask,TRUE,IA-M932P-P0-BV4D,,"PAP Mask, Full Face, Resmed Airfit F20, Medium, 1 per 3 months",A7030,,,,,,,,,,,,,,,Mask Brand,Resmed Airfit F20,,,,
E5X-VSJS-B6AG-UR,BiLevel ST-A Package,B29-DBQ-BC3PJ-VA,PAP Mask,TRUE,IC-B4NU-FT-86-1J,1133375,"PAP Mask, Full Face, Dreamwear, Small (SM and MD Frames), 1 per 3 months",A7030,Mask Brand,Dreamwear,Mask Frame,Full Face,Mask Size,Small (SM and MD Frames),,,,,,,,,,,,,,
E5X-VSJS-B6AG-UR,BiLevel ST-A Package,B29-DBQ-BC3PJ-VA,PAP Mask,TRUE,IDF-MJ9M-95-BZHG,NVP1SA,"PAP Mask, Nasal Pillow, Fisher & Paykel Nova Micro, Small, 1 per 3 months",A7034,Mask Brand,Fisher & Paykel Nova Micro,Mask Frame,Nasal Pillow,Mask Size,Small,,,,,,,,,,,,,,
E5X-VSJS-B6AG-UR,BiLevel ST-A Package,B29-DBQ-BC3PJ-VA,PAP Mask,TRUE,IDI0H-XSV2C-AZQA,SNM1002,"PAP Mask, Nasal, Siesta (ReactHealth), Medium",A7034,Mask Brand,Siesta (ReactHealth),Mask Frame,Nasal,Mask Size,Medium,,,,,,,,,,,,,,
E5X-VSJS-B6AG-UR,BiLevel ST-A Package,B29-DBQ-BC3PJ-VA,PAP Mask,TRUE,IE-H067-PS6M-ZKC,,"PAP Mask, Nasal Pillow, Resmed Airfit P10, Complete, 1 per 3 months",A7034,Mask Brand,Resmed Airfit P10,,,,,,,,,,,,,,,,,,
E5X-VSJS-B6AG-UR,BiLevel ST-A Package,B29-DBQ-BC3PJ-VA,PAP Mask,TRUE,IE-YG-7CT-TA-V2Q,64224,"PAP Mask, Nasal, Airfit N30, Small-Wide, 1 per 3 months",A7034,Mask Brand,Airfit N30,Mask Frame,Nasal,Mask Size,Small-Wide,,,,,,,,,,,,,,
E5X-VSJS-B6AG-UR,BiLevel ST-A Package,B29-DBQ-BC3PJ-VA,PAP Mask,TRUE,IFVB-CYI-S6Q-7AQ,,"PAP Mask, Nasal Pillow, Airfit P10, Small, 2 per 1 month",A7033,,,,,,,,,,,,,Mask Brand,AirFit P10,,,,,,
E5X-VSJS-B6AG-UR,BiLevel ST-A Package,B29-DBQ-BC3PJ-VA,PAP Mask,TRUE,IKEJ-YB8-45JU-0F,,"PAP Mask, Fit to Comfort, Respironics, Large, 1 per 3 months",MASK,Mask Brand,Respironics,Mask Frame,Fit to Comfort,Mask Size,Large,,,,,,,,,,,,,,
E5X-VSJS-B6AG-UR,BiLevel ST-A Package,B29-DBQ-BC3PJ-VA,PAP Mask,TRUE,INC-AFL-6XN-YC0Z,,"PAP Mask, Nasal, Generic, Fit Upon Setup, 1 per 3 months",A7034,Mask Brand,Generic,Mask Frame,Nasal,Mask Size,Fit Upon Setup,,,,,,,,,,,,,,
E5X-VSJS-B6AG-UR,BiLevel ST-A Package,B29-DBQ-BC3PJ-VA,PAP Mask,TRUE,IQU-XCV-D5ID2-9K,32190,"PAP Mask, Full Face, Evora, Small/Medium, 1 per 3 months",A7030,Mask Brand,Fisher & Paykel Evora Full,Mask Frame,Full Face,Mask Size,Small/Medium,,,,,,,,,,,,,,
E5X-VSJS-B6AG-UR,BiLevel ST-A Package,B29-DBQ-BC3PJ-VA,PAP Mask,TRUE,IS8-UB-L2K4I-V5A,,"PAP Mask, Nasal Pillow, Resmed, Petite, 1 per 3 months",A7034,Mask Brand,Resmed,Mask Frame,Nasal Pillow,Mask Size,Petite,,,,,,,,,,,,,,
E5X-VSJS-B6AG-UR,BiLevel ST-A Package,B29-DBQ-BC3PJ-VA,PAP Mask,TRUE,IU-YLFUI-EK0-SZX,,"PAP Mask Pack, Airmini N30, Fit to Comfort",MASK,Mask Brand,Airmini N30,Mask Frame,Fit to Comfort,Mask Size,Fit to Comfort,,,,,,,,,,,,,,
E5X-VSJS-B6AG-UR,BiLevel ST-A Package,B29-DBQ-BC3PJ-VA,PAP Mask,TRUE,IUXPY-62AUX-ZB80,SFF21002,"PAP Mask, Full Face, Siesta 2 (ReactHealth), Medium",A7030,Mask Brand,Siesta 2 (ReactHealth),Mask Frame,Full Face,Mask Size,Medium,,,,,,,,,,,,,,
E5X-VSJS-B6AG-UR,BiLevel ST-A Package,B29-DBQ-BC3PJ-VA,PAP Mask,TRUE,IX7-1PGA-5H1X-YJ,,"PAP Mask, Nasal Pillow, Evora, Fit Upon Setup, 1 per 3 months",A7034,Mask Brand,Evora,Mask Frame,Nasal Pillow,Mask Size,Fit Upon Setup,,,,,,,,,,,,,,
E5X-VSJS-B6AG-UR,BiLevel ST-A Package,B29-DBQ-BC3PJ-VA,PAP Mask,TRUE,IXNM-4LMG-P4-3ME,,"PAP Mask, Full Face, Resmed Quattro Air, Small, 1 per 3 months",A7030,,,,,,,,,Mask Brand,Resmed Quattro Air,,,,,,,,,,
E5X-VSJS-B6AG-UR,BiLevel ST-A Package,B29-DBQ-BC3PJ-VA,PAP Mask,TRUE,J2S-H9X0L-UR-1UK,62501,"PAP Mask, Full Face, Resmed Quattro FX for Her, Small, 1 per 3 months",A7030,Mask Brand,Resmed Quattro FX for Her,Mask Frame,Full Face,Mask Size,Small,,,,,,,,,,,,,,
E5X-VSJS-B6AG-UR,BiLevel ST-A Package,B29-DBQ-BC3PJ-VA,PAP Mask,TRUE,J40-5NZ-Y34NP-VF,,"PAP Mask, Fit to Comfort, Evora, Medium, 1 per 3 months",MASK,Mask Brand,Evora,Mask Frame,Fit to Comfort,Mask Size,Medium,,,,,,,,,,,,,,
E5X-VSJS-B6AG-UR,BiLevel ST-A Package,B29-DBQ-BC3PJ-VA,PAP Mask,TRUE,J74-IK8A-KCFE-BA,,"PAP Mask, Nasal, Respironics, Fit Upon Setup, 1 per 3 months",A7034,Mask Brand,Respironics,Mask Frame,Nasal,Mask Size,Fit Upon Setup,,,,,,,,,,,,,,
E5X-VSJS-B6AG-UR,BiLevel ST-A Package,B29-DBQ-BC3PJ-VA,PAP Mask,TRUE,J8-B6NL-3BQLY-CH,,"PAP Mask, Full Face, Resmed Airtouch F20, Large, 1 per 3 months",A7030,,,,,,,,,,,,,,,Mask Brand,Resmed Airtouch F20,,,,
E5X-VSJS-B6AG-UR,BiLevel ST-A Package,B29-DBQ-BC3PJ-VA,PAP Mask,TRUE,J8T-E32I-T0Q6-AZ,,"PAP Mask, Oral / Nasal Hybrid, Resmed Airfit X30i, Large, 1 per 3 months",A7027,Mask Brand,Resmed Airfit X30i,Mask Frame,Oral / Nasal Hybrid,Mask Size,Large,,,,,,,,,,,,,,
E5X-VSJS-B6AG-UR,BiLevel ST-A Package,B29-DBQ-BC3PJ-VA,PAP Mask,TRUE,JB6-P9-LGQE-RTD8,,"PAP Mask, Oral / Nasal Hybrid, Resmed Airfit X30i, Medium, 1 per 3 months",A7027,Mask Brand,Resmed Airfit X30i,Mask Frame,Oral / Nasal Hybrid,Mask Size,Medium,,,,,,,,,,,,,,
E5X-VSJS-B6AG-UR,BiLevel ST-A Package,B29-DBQ-BC3PJ-VA,PAP Mask,TRUE,JB8HA-FVNA-TUYHF,,"PAP Mask, Full Face, Resmed, Large, 1 per 3 months",A7030,Mask Brand,Resmed,Mask Frame,Full Face,Mask Size,Large,,,,,,,,,,,,,,
E5X-VSJS-B6AG-UR,BiLevel ST-A Package,B29-DBQ-BC3PJ-VA,PAP Mask,TRUE,JK-78-UTCPX-3GZ2,1133393,"PAP Mask, Full Face, Dreamwear, Medium Wide (LG Frame), 1 per 3 months",A7030,Mask Brand,Dreamwear,Mask Frame,Full Face,Mask Size,Medium Wide (LG Frame),,,,,,,,,,,,,,
E5X-VSJS-B6AG-UR,BiLevel ST-A Package,B29-DBQ-BC3PJ-VA,PAP Mask,TRUE,JL-I4C-PQEC-U6QT,,"PAP Mask, Nasal Pillow, Fisher & Paykel Opus, Standard",A7034,Mask Brand,Fisher & Paykel Opus,Mask Frame,Nasal Pillow,Mask Size,Standard,,,,,,,,,,,,,,
E5X-VSJS-B6AG-UR,BiLevel ST-A Package,B29-DBQ-BC3PJ-VA,PAP Mask,TRUE,JN-YRT54-6H8D-QP,,"PAP Mask, Fit to Comfort, Fisher & Paykel, Small, 1 per 3 months",MASK,Mask Brand,Fisher & Paykel,Mask Frame,Fit to Comfort,Mask Size,Small,,,,,,,,,,,,,,
E5X-VSJS-B6AG-UR,BiLevel ST-A Package,B29-DBQ-BC3PJ-VA,PAP Mask,TRUE,JN-ZFMZ-U6VIP-VA,,"PAP Mask, Fit to Comfort, Respironics, Petite, 1 per 3 months",MASK,Mask Brand,Respironics,Mask Frame,Fit to Comfort,Mask Size,Petite,,,,,,,,,,,,,,
E5X-VSJS-B6AG-UR,BiLevel ST-A Package,B29-DBQ-BC3PJ-VA,PAP Mask,TRUE,JNAU4-X0RKE-RPJ8,,"PAP Mask, Nasal, Fit Upon Setup, N/A, 1 per 3 months",A7034,,,,,,,,,Mask Brand,Fit Upon Setup,,,,,,,,,,
E5X-VSJS-B6AG-UR,BiLevel ST-A Package,B29-DBQ-BC3PJ-VA,PAP Mask,TRUE,JNPAN-2X-MS47-8B,,"PAP Mask, Nasal Pillow, Dreamwear, Small (LG Frame), 1 per 3 months",A7034,,,,,,,,,Mask Brand,Dreamwear,,,,,,,,,,
E5X-VSJS-B6AG-UR,BiLevel ST-A Package,B29-DBQ-BC3PJ-VA,PAP Mask,TRUE,JPQJ0-S61D-SV-R1,,"PAP Mask, Nasal, Resmed, Small, 1 per 3 months",A7034,Mask Brand,Resmed,Mask Frame,Nasal,Mask Size,Small,,,,,,,,,,,,,,
E5X-VSJS-B6AG-UR,BiLevel ST-A Package,B29-DBQ-BC3PJ-VA,PAP Mask,TRUE,JUT-6Q9R-1FMG-F4,63140,"PAP Mask, Full Face, Resmed Airfit F10 for Her, Small, 1 per 3 months",A7030,Mask Brand,Resmed Airfit F10 for Her,Mask Frame,Full Face,Mask Size,Small,,,,,,,,,,,,,,
E5X-VSJS-B6AG-UR,BiLevel ST-A Package,B29-DBQ-BC3PJ-VA,PAP Mask,TRUE,JZ-Y2U-7I-5J-0A2,,"PAP Mask, Nasal Pillow, ReactHealth, Fit Upon Setup, 1 per 3 months",A7034,Mask Brand,ReactHealth,Mask Frame,Nasal Pillow,Mask Size,Fit Upon Setup,,,,,,,,,,,,,,
E5X-VSJS-B6AG-UR,BiLevel ST-A Package,B29-DBQ-BC3PJ-VA,PAP Mask,TRUE,K15PK-QT-EN-58BK,,"PAP Mask, Full Face, Dreamwear Full, Fit Upon Setup, 1 per 3 months",A7030,,,,,,,Mask Brand,Dreamwear Full,,,,,,,,,,,,
E5X-VSJS-B6AG-UR,BiLevel ST-A Package,B29-DBQ-BC3PJ-VA,PAP Mask,TRUE,K8-FN-B2C9N-2KY6,,"PAP Mask, Full Face, Fisher & Paykel, Medium, 1 per 3 months",A7030,Mask Brand,Fisher & Paykel,Mask Frame,Full Face,Mask Size,Medium,,,,,,,,,,,,,,
E5X-VSJS-B6AG-UR,BiLevel ST-A Package,B29-DBQ-BC3PJ-VA,PAP Mask,TRUE,KATJ-ISY-FESX-NH,,"PAP Mask, Full Face, Fit Upon Setup, Petite, 1 per 3 months",A7030,Mask Brand,Fit Upon Setup,Mask Frame,Full Face,Mask Size,Petite,,,,,,,,,,,,,,
E5X-VSJS-B6AG-UR,BiLevel ST-A Package,B29-DBQ-BC3PJ-VA,PAP Mask,TRUE,KBC-R5-Y8K6H-9KP,64101,"PAP Mask, Full Face, Airfit F30, Medium, 1 per 3 months",A7030,Mask Brand,Airfit F30,Mask Frame,Full Face,Mask Size,Medium,,,,,,,,,,,,,,
E5X-VSJS-B6AG-UR,BiLevel ST-A Package,B29-DBQ-BC3PJ-VA,PAP Mask,TRUE,KEHAK-YK-619-LN0,,"PAP Mask, Nasal Pillow, AirFit P10, Standard",A7034,Mask Brand,AirFit P10,Mask Frame,Nasal Pillow,Mask Size,Standard,,,,,,,,,,,,,,
E5X-VSJS-B6AG-UR,BiLevel ST-A Package,B29-DBQ-BC3PJ-VA,PAP Mask,TRUE,KPHE-3E2G-BG3-HS,,"PAP Mask, Nasal Pillow, ReactHealth, Medium, 1 per 3 months",A7034,Mask Brand,ReactHealth,Mask Frame,Nasal Pillow,Mask Size,Medium,,,,,,,,,,,,,,
E5X-VSJS-B6AG-UR,BiLevel ST-A Package,B29-DBQ-BC3PJ-VA,PAP Mask,TRUE,KRC-CBJ8-4V-QNJ0,400BRE113,"PAP Mask, Nasal Pillow, Fisher & Paykel Brevida, Extra Small/Small, 2 per 1 month",A7033,Mask Brand,Brevida,Mask Frame,Nasal Pillow,Mask Size,X-Small/Small,,,,,,,,,,,,,,
E5X-VSJS-B6AG-UR,BiLevel ST-A Package,B29-DBQ-BC3PJ-VA,PAP Mask,TRUE,KRLQ5-8V-0I0J-X9,,"PAP Mask, Fit to Comfort, Nasal, 1 per 3 months",A7034,Mask Brand,Fit Upon Setup,,,,,,,,,,,,,,,,,,
E5X-VSJS-B6AG-UR,BiLevel ST-A Package,B29-DBQ-BC3PJ-VA,PAP Mask,TRUE,KX0E-LFRX-K42-MH,,"PAP Mask, Full Face, Amara Gel, Petite, 1 per 3 months",A7030,,,,,Mask Brand,Amara Gel,,,,,,,,,,,,,,
E5X-VSJS-B6AG-UR,BiLevel ST-A Package,B29-DBQ-BC3PJ-VA,PAP Mask,TRUE,L06Y-BL3P-BP-L7J,,"PAP Mask, Nasal, Airfit N30, Fit Upon Setup, 1 per 3 months",A7034,Mask Brand,Airfit N30,,,,,,,,,,,,,,,,,,
E5X-VSJS-B6AG-UR,BiLevel ST-A Package,B29-DBQ-BC3PJ-VA,PAP Mask,TRUE,L730-SE-A51YQ-3L,,"PAP Mask, Fit to Comfort, 1 per 3 months",MASK,,,,,,,,,,,,,,,,,,,Mask Brand,Fit Upon Setup
E5X-VSJS-B6AG-UR,BiLevel ST-A Package,B29-DBQ-BC3PJ-VA,PAP Mask,TRUE,LA-M9J8-RL6C5-VU,,"PAP Mask, Full Face, Dreamwear, Medium (LG Frame), 1 per 3 months",A7030,Mask Brand,Dreamwear,,,,,,,,,,,,,,,,,,
E5X-VSJS-B6AG-UR,BiLevel ST-A Package,B29-DBQ-BC3PJ-VA,PAP Mask,TRUE,LCLIE-9V0IF-E03L,,"PAP Mask, Full Face, Resmed F30",A7030,,,,,,,,,Mask Brand,Resmed F30,,,,,,,,,,
E5X-VSJS-B6AG-UR,BiLevel ST-A Package,B29-DBQ-BC3PJ-VA,PAP Mask,TRUE,LH-9PV-B1DR-UQUC,,"PAP Mask, Fit to Comfort, Fisher & Paykel, Medium, 1 per 3 months",MASK,Mask Brand,Fisher & Paykel,Mask Frame,Fit to Comfort,Mask Size,Medium,,,,,,,,,,,,,,
E5X-VSJS-B6AG-UR,BiLevel ST-A Package,B29-DBQ-BC3PJ-VA,PAP Mask,TRUE,LI6DT-87-L0AS-AN,64222,"PAP Mask, Nasal, Airfit N30, Small, 1 per 3 months",A7034,Mask Brand,Airfit N30,Mask Frame,Nasal,Mask Size,Small,,,,,,,,,,,,,,
E5X-VSJS-B6AG-UR,BiLevel ST-A Package,B29-DBQ-BC3PJ-VA,PAP Mask,TRUE,LNEQ-83-BDL84-53,,"PAP Mask, Nasal, Airfit N30I, Small-Wide, 1 per 3 months",A7034,,,,,,,,,,,,,Mask Brand,Airfit N30I,,,,,,
E5X-VSJS-B6AG-UR,BiLevel ST-A Package,B29-DBQ-BC3PJ-VA,PAP Mask,TRUE,LXH0C-XUH6-6BKUF,,"PAP Mask, Nasal Pillow, Dreamwear, Small (MD Frame), 1 per 3 months",A7034,,,,,,,Mask Brand,Dreamwear,,,,,,,,,,,,
E5X-VSJS-B6AG-UR,BiLevel ST-A Package,B29-DBQ-BC3PJ-VA,PAP Mask,TRUE,LXI-ZY3U1-DV0-ZA,,"PAP Mask, Nasal, Dreamwear, Small (SM Frame), 1 per 3 months",A7034,,,,,,,,,,,Mask Brand,Dreamwear,,,,,,,,
E5X-VSJS-B6AG-UR,BiLevel ST-A Package,B29-DBQ-BC3PJ-VA,PAP Mask,TRUE,LXN3N-03Q-KN0-L8,,"PAP Mask, Full Face, Fisher & Paykel Simplus, Small, 1 per 3 months",A7030,,,,,,,,,Mask Brand,Fisher & Paykel Simplus,,,,,,,,,,
E5X-VSJS-B6AG-UR,BiLevel ST-A Package,B29-DBQ-BC3PJ-VA,PAP Mask,TRUE,M0L5K-J32UL-6IMR,,"PAP Mask, Fit to Comfort, Resmed, Large, 1 per 3 months",MASK,Mask Brand,Resmed,Mask Frame,Fit to Comfort,Mask Size,Large,,,,,,,,,,,,,,
E5X-VSJS-B6AG-UR,BiLevel ST-A Package,B29-DBQ-BC3PJ-VA,PAP Mask,TRUE,M1LED-NKH79-7BYL,,"PAP Mask, Nasal, Airtouch N20, Large, 1 per 3 months",A7034,Mask Brand,Airtouch N20,,,,,,,,,,,,,,,,,,
E5X-VSJS-B6AG-UR,BiLevel ST-A Package,B29-DBQ-BC3PJ-VA,PAP Mask,TRUE,M2NH7-NCR-SZM-4C,,"PAP Mask, Fit to Comfort, Fit Upon Setup, Small, 1 per 3 months",MASK,Mask Brand,Fit Upon Setup,Mask Frame,Fit to Comfort,Mask Size,Small,,,,,,,,,,,,,,
E5X-VSJS-B6AG-UR,BiLevel ST-A Package,B29-DBQ-BC3PJ-VA,PAP Mask,TRUE,M5K-KU-9DJ-U0IGB,,"PAP Mask, Nasal, Fisher & Paykel Zest Q, Standard",A7034,Mask Brand,Fisher & Paykel Zest Q,Mask Frame,Nasal,Mask Size,Standard,,,,,,,,,,,,,,
E5X-VSJS-B6AG-UR,BiLevel ST-A Package,B29-DBQ-BC3PJ-VA,PAP Mask,TRUE,M8B-M08Z-HS81-4L,NVP1LA,"PAP Mask, Nasal Pillow, Fisher & Paykel Nova Micro, Large, 1 per 3 months",A7034,Mask Brand,Fisher & Paykel Nova Micro,Mask Frame,Nasal Pillow,Mask Size,Large,,,,,,,,,,,,,,
E5X-VSJS-B6AG-UR,BiLevel ST-A Package,B29-DBQ-BC3PJ-VA,PAP Mask,TRUE,MA4-HKD8-S4IK-UC,,"PAP Mask, Nasal Pillow, Resmed Airfit P10, Small, 1 per 3 months",A7034,,,,,,,,,,,,,,,,,Mask Brand,Resmed Airfit P10,,
E5X-VSJS-B6AG-UR,BiLevel ST-A Package,B29-DBQ-BC3PJ-VA,PAP Mask,TRUE,MC29R-DV90-VA-ME,,"PAP Mask, Nasal Pillow, Resmed Airfit P30i, Large, 2 per 1 month",A7033,Mask Brand,Resmed Airfit P30i,Mask Frame,Nasal Pillow,Mask Size,Large,,,,,,,,,,,,,,
E5X-VSJS-B6AG-UR,BiLevel ST-A Package,B29-DBQ-BC3PJ-VA,PAP Mask,TRUE,MCR-QL-IV7J-CJGK,,"A7030/A7034/A7027 PAP Mask, Fit to Comfort, 1 per 3 months",MASK,Mask Brand,Fit Upon Setup,Mask Frame,Fit to Comfort,Mask Size,Fit Upon Setup,,,,,,,,,,,,,,
E5X-VSJS-B6AG-UR,BiLevel ST-A Package,B29-DBQ-BC3PJ-VA,PAP Mask,TRUE,MFAR-R8-Q6LG-XZV,32191,"PAP Mask, Full Face, Evora, Large, 1 per 3 months",A7030,Mask Brand,Fisher & Paykel Evora Full,Mask Frame,Full Face,Mask Size,Large,,,,,,,,,,,,,,
E5X-VSJS-B6AG-UR,BiLevel ST-A Package,B29-DBQ-BC3PJ-VA,PAP Mask,TRUE,MQK-RLS5-QKG-L7K,,"PAP Mask, Nasal, Dreamwear, Small (LG Frame), 1 per 3 months",A7034,,,,,,,,,,,Mask Brand,Dreamwear,,,,,,,,
E5X-VSJS-B6AG-UR,BiLevel ST-A Package,B29-DBQ-BC3PJ-VA,PAP Mask,TRUE,MRN3N-U4A-M8G-N5,400HC117,"PAP Mask, Nasal Pillow, Fisher & Paykel Opus, Medium, 2 per 1 month",A7033,Mask Brand,Fisher & Paykel Opus,Mask Frame,Nasal Pillow,Mask Size,Medium,,,,,,,,,,,,,,
E5X-VSJS-B6AG-UR,BiLevel ST-A Package,B29-DBQ-BC3PJ-VA,PAP Mask,TRUE,MZI-YK-A73X5-HQ8,,"PAP Mask, Full Face, Fit Upon Setup, Medium, 1 per 3 months",A7030,Mask Brand,Fit Upon Setup,Mask Frame,Full Face,Mask Size,Medium,,,,,,,,,,,,,,
E5X-VSJS-B6AG-UR,BiLevel ST-A Package,B29-DBQ-BC3PJ-VA,PAP Mask,TRUE,N2ZY-4XGYG-1H-SL,,"PAP Mask, Nasal Pillow, Resmed Airfit P30i, Small, 2 per 1 month",A7033,Mask Brand,Resmed Airfit P30i,Mask Frame,Nasal Pillow,Mask Size,Small,,,,,,,,,,,,,,
E5X-VSJS-B6AG-UR,BiLevel ST-A Package,B29-DBQ-BC3PJ-VA,PAP Mask,TRUE,N65N9-XRS-RH8-RS,400HC125,"PAP Mask, Nasal Pillow, Fisher & Paykel Pilairo Q, Standard, 2 per 1 month",A7033,Mask Brand,PILAIRO Q,Mask Frame,Nasal Pillow,Mask Size,Standard,,,,,,,,,,,,,,
E5X-VSJS-B6AG-UR,BiLevel ST-A Package,B29-DBQ-BC3PJ-VA,PAP Mask,TRUE,N8-24-XC-DCL9-XJ,,"PAP Mask, Nasal, Fisher & Paykel, Petite, 1 per 3 months",A7034,Mask Brand,Fisher & Paykel,Mask Frame,Nasal,Mask Size,Petite,,,,,,,,,,,,,,
E5X-VSJS-B6AG-UR,BiLevel ST-A Package,B29-DBQ-BC3PJ-VA,PAP Mask,TRUE,NAFKG-PZ-KJ-GB8V,1146451,"PAP Mask, Nasal Pillow, Dreamwear, Medium Wide (LG Frame), 1 per 3 months",A7034,Mask Brand,Dreamwear,Mask Frame,Nasal Pillow,Mask Size,Medium Wide (LG Frame),,,,,,,,,,,,,,
E5X-VSJS-B6AG-UR,BiLevel ST-A Package,B29-DBQ-BC3PJ-VA,PAP Mask,TRUE,NH-N9P7-0SX-7B67,,"PAP Mask, Nasal, Dreamwear, Large (LG Frame), 1 per 3 months",A7034,,,,,,,Mask Brand,Dreamwear,,,,,,,,,,,,
E5X-VSJS-B6AG-UR,BiLevel ST-A Package,B29-DBQ-BC3PJ-VA,PAP Mask,TRUE,NL28E-UR-L7-S09A,,"PAP Mask, Full Face, Resmed Quattro Air, Medium, 1 per 3 months",A7030,,,,,,,Mask Brand,Resmed Quattro Air,,,,,,,,,,,,
E5X-VSJS-B6AG-UR,BiLevel ST-A Package,B29-DBQ-BC3PJ-VA,PAP Mask,TRUE,NVF1-FZ2C-8MB-1V,,"PAP Mask, Nasal Pillow, Evora, Small, 1 per 3 months",A7034,Mask Brand,Evora,Mask Frame,Nasal Pillow,Mask Size,Small,,,,,,,,,,,,,,
E5X-VSJS-B6AG-UR,BiLevel ST-A Package,B29-DBQ-BC3PJ-VA,PAP Mask,TRUE,NX21-6T-3YU-6HKX,,"PAP Mask, Nasal Pillow, Evora, Large, 1 per 3 months",A7034,Mask Brand,Evora,Mask Frame,Nasal Pillow,Mask Size,Large,,,,,,,,,,,,,,
E5X-VSJS-B6AG-UR,BiLevel ST-A Package,B29-DBQ-BC3PJ-VA,PAP Mask,TRUE,NZR-YBG-0TJ-RLIN,,"PAP Mask, Full Face, Numa (ReactHealth)",A7030,Mask Brand,Numa (ReactHealth),Mask Frame,Full Face,Mask Size,Fit Upon Setup,,,,,,,,,,,,,,
E5X-VSJS-B6AG-UR,BiLevel ST-A Package,B29-DBQ-BC3PJ-VA,PAP Mask,TRUE,P0-FSF-T01K-0TD2,,"PAP Mask, Nasal Cushion, Respironics Wisp Pediatric",A7034,Mask Brand,Respironics Wisp Pediatric,,,,,,,,,,,,,,,,,,
E5X-VSJS-B6AG-UR,BiLevel ST-A Package,B29-DBQ-BC3PJ-VA,PAP Mask,TRUE,P2Y-AMC-90EQ-UM4,,"PAP Mask, Nasal, Dreamwear, Large (SM Frame), 1 per 3 months",A7034,,,,,,,,,,,,,,,,,Mask Brand,Dreamwear,,
E5X-VSJS-B6AG-UR,BiLevel ST-A Package,B29-DBQ-BC3PJ-VA,PAP Mask,TRUE,P3GN0-AG-6X-GRGP,,"PAP Mask, Full Face, ReactHealth, X-Large, 1 per 3 months",A7030,Mask Brand,ReactHealth,Mask Frame,Full Face,Mask Size,X-Large,,,,,,,,,,,,,,
E5X-VSJS-B6AG-UR,BiLevel ST-A Package,B29-DBQ-BC3PJ-VA,PAP Mask,TRUE,P4-UQXC-GC-84G5G,,"PAP Mask, Nasal, Resmed, Petite, 1 per 3 months",A7034,Mask Brand,Resmed,Mask Frame,Nasal,Mask Size,Petite,,,,,,,,,,,,,,
E5X-VSJS-B6AG-UR,BiLevel ST-A Package,B29-DBQ-BC3PJ-VA,PAP Mask,TRUE,P6PR-N9PC-GU-U5V,,"PAP Mask, Full Face, Respironics Amara View, Medium, 1 per 3 months",A7030,,,,,Mask Brand,Respironics Amara View,,,,,,,,,,,,,,
E5X-VSJS-B6AG-UR,BiLevel ST-A Package,B29-DBQ-BC3PJ-VA,PAP Mask,TRUE,PB1DE-4T-G0CS-JE,,"PAP Mask, Full Face, Dreamwear, Medium (MD Frame), 1 per 3 months",A7030,,,,,Mask Brand,Dreamwear,,,,,,,,,,,,,,
E5X-VSJS-B6AG-UR,BiLevel ST-A Package,B29-DBQ-BC3PJ-VA,PAP Mask,TRUE,PE2-14-84XI7-DXA,,"PAP Mask, Nasal, Resmed, Large, 1 per 3 months",A7034,Mask Brand,Resmed,Mask Frame,Nasal,Mask Size,Large,,,,,,,,,,,,,,
E5X-VSJS-B6AG-UR,BiLevel ST-A Package,B29-DBQ-BC3PJ-VA,PAP Mask,TRUE,PF-80S-59CN-9ZRF,,"PAP Mask, Full Face, Resmed Quattro, Medium, 1 per 3 months",A7030,,,,,,,,,,,,,,,Mask Brand,Resmed Quattro,,,,
E5X-VSJS-B6AG-UR,BiLevel ST-A Package,B29-DBQ-BC3PJ-VA,PAP Mask,TRUE,PHT8-CIM9-9IL-4I,SFF21001,"PAP Mask, Full Face, Siesta 2 (ReactHealth), Small",A7030,Mask Brand,Siesta 2 (ReactHealth),Mask Frame,Full Face,Mask Size,Small,,,,,,,,,,,,,,
E5X-VSJS-B6AG-UR,BiLevel ST-A Package,B29-DBQ-BC3PJ-VA,PAP Mask,TRUE,PNGE-3RPCL-L915D,,"PAP Mask, Full Face, Resmed Airfit F10, Small, 1 per 3 months",A7030,,,,,,,,,,,,,,,Mask Brand,Resmed Airfit F10,,,,
E5X-VSJS-B6AG-UR,BiLevel ST-A Package,B29-DBQ-BC3PJ-VA,PAP Mask,TRUE,PUI4-L9F7I-FI-V1,,"PAP Mask, Nasal, ReactHealth, Medium, 1 per 3 months",A7034,Mask Brand,ReactHealth,Mask Frame,Nasal,Mask Size,Medium,,,,,,,,,,,,,,
E5X-VSJS-B6AG-UR,BiLevel ST-A Package,B29-DBQ-BC3PJ-VA,PAP Mask,TRUE,Q0SKD-HTC32-Z6RF,,"PAP Mask, Fit to Comfort, Fit Upon Setup, Petite, 1 per 3 months",MASK,Mask Brand,Fit Upon Setup,Mask Frame,Fit to Comfort,Mask Size,Petite,,,,,,,,,,,,,,
E5X-VSJS-B6AG-UR,BiLevel ST-A Package,B29-DBQ-BC3PJ-VA,PAP Mask,TRUE,Q27-HL-N879-5RS1,,"PAP Mask, Nasal Pillow, Dreamwear, Medium (SM Frame), 1 per 3 months",A7034,Mask Brand,Dreamwear,,,,,,,,,,,,,,,,,,
E5X-VSJS-B6AG-UR,BiLevel ST-A Package,B29-DBQ-BC3PJ-VA,PAP Mask,TRUE,Q5K5-LZ-PZL-6B30,,"PAP Mask, Nasal, Respironics, Petite, 1 per 3 months",A7034,Mask Brand,Respironics,Mask Frame,Nasal,Mask Size,Petite,,,,,,,,,,,,,,
E5X-VSJS-B6AG-UR,BiLevel ST-A Package,B29-DBQ-BC3PJ-VA,PAP Mask,TRUE,QF-G5M-K67MH-G0H,,"PAP Mask, Full Face, Resmed, Petite, 1 per 3 months",A7030,Mask Brand,Resmed,Mask Frame,Full Face,Mask Size,Petite,,,,,,,,,,,,,,
E5X-VSJS-B6AG-UR,BiLevel ST-A Package,B29-DBQ-BC3PJ-VA,PAP Mask,TRUE,QH-53H4V-47NR-5Y,SLN1SMLA,"PAP Mask, Nasal, Fisher & Paykel Solo, S/M/L (Fit Pack), 1 per 3 months",A7034,Mask Brand,Fisher & Paykel Solo,Mask Frame,Nasal,Mask Size,S/M/L (Fit Pack),,,,,,,,,,,,,,
E5X-VSJS-B6AG-UR,BiLevel ST-A Package,B29-DBQ-BC3PJ-VA,PAP Mask,TRUE,QV-3F-49P-831-76,,"PAP Mask, Nasal Pillow, Swift FX, Medium, 2 per 1 month",A7033,,,,,,,Mask Brand,Swift FX,,,,,,,,,,,,
E5X-VSJS-B6AG-UR,BiLevel ST-A Package,B29-DBQ-BC3PJ-VA,PAP Mask,TRUE,QVKN-1G56U-U4-I8,,"PAP Mask, Nasal, Respironics, Medium, 1 per 3 months",A7034,Mask Brand,Respironics,Mask Frame,Nasal,Mask Size,Medium,,,,,,,,,,,,,,
E5X-VSJS-B6AG-UR,BiLevel ST-A Package,B29-DBQ-BC3PJ-VA,PAP Mask,TRUE,R1-EIR2-60YP-3UZ,,"PAP Mask, Full Face, ReactHealth, Petite, 1 per 3 months",A7030,Mask Brand,ReactHealth,Mask Frame,Full Face,Mask Size,Petite,,,,,,,,,,,,,,
E5X-VSJS-B6AG-UR,BiLevel ST-A Package,B29-DBQ-BC3PJ-VA,PAP Mask,TRUE,R3-27-2M-RJL-GYZ,,"PAP Mask, Nasal Pillow, Respironics, Petite, 1 per 3 months",A7034,Mask Brand,Respironics,Mask Frame,Nasal Pillow,Mask Size,Petite,,,,,,,,,,,,,,
E5X-VSJS-B6AG-UR,BiLevel ST-A Package,B29-DBQ-BC3PJ-VA,PAP Mask,TRUE,RA-MT-XZF6-CY-K6,,"PAP Mask, Full Face, Airfit F30I, Large, 1 per 3 months",A7030,,,,,,,Mask Brand,Airfit F30I,,,,,,,,,,,,
E5X-VSJS-B6AG-UR,BiLevel ST-A Package,B29-DBQ-BC3PJ-VA,PAP Mask,TRUE,RAQX-RBCQS-7N-HB,62316,"PAP Mask, Nasal, Resmed AirTouch N30I, Small-Wide (STD Frame), 1 per 3 months",A7034,Mask Brand,Resmed AirTouch N30I,Mask Frame,Nasal,Mask Size,Small-Wide (STD Frame),,,,,,,,,,,,,,
E5X-VSJS-B6AG-UR,BiLevel ST-A Package,B29-DBQ-BC3PJ-VA,PAP Mask,TRUE,RBM0-DLJ-MR-KVYQ,,"PAP Mask, Nasal, Dreamwear, Medium (MD Frame), 1 per 3 months",A7034,Mask Brand,Dreamwear,,,,,,,,,,,,,,,,,,
E5X-VSJS-B6AG-UR,BiLevel ST-A Package,B29-DBQ-BC3PJ-VA,PAP Mask,TRUE,RBTM-JS-61PY-LKF,,"PAP Mask, Full Face, Resmed, Small, 1 per 3 months",A7030,Mask Brand,Resmed,Mask Frame,Full Face,Mask Size,Small,,,,,,,,,,,,,,
E5X-VSJS-B6AG-UR,BiLevel ST-A Package,B29-DBQ-BC3PJ-VA,PAP Mask,TRUE,RH3AN-R0-UJ0-HKY,6087,"PAP Mask, Full Face, AirFit F40, Large, 1 per 3 months",A7030,Mask Brand,AirFit F40,Mask Frame,Full Face,Mask Size,Large,,,,,,,,,,,,,,
E5X-VSJS-B6AG-UR,BiLevel ST-A Package,B29-DBQ-BC3PJ-VA,PAP Mask,TRUE,RJ941-FC0-UX4-TY,SFF1002,"PAP Mask, Full Face, Siesta (ReactHealth), Medium",A7030,Mask Brand,Siesta (ReactHealth),Mask Frame,Full Face,Mask Size,Medium,,,,,,,,,,,,,,
E5X-VSJS-B6AG-UR,BiLevel ST-A Package,B29-DBQ-BC3PJ-VA,PAP Mask,TRUE,RK0D-G6-0ISN1-NB,,"PAP Mask, Oral / Nasal Hybrid, Resmed Airfit X30i, Fit Upon Setup, 1 per 3 months",A7027,Mask Brand,Resmed Airfit X30i,Mask Frame,Oral / Nasal Hybrid,Mask Size,Fit Upon Setup,,,,,,,,,,,,,,
E5X-VSJS-B6AG-UR,BiLevel ST-A Package,B29-DBQ-BC3PJ-VA,PAP Mask,TRUE,RNX4-MKT15-P8SLP,,"PAP Mask, Nasal Pillow, Fisher & Paykel Brevida, X-Small/Small",A7034,Mask Brand,Fisher & Paykel Brevida,Mask Frame,Nasal Pillow,Mask Size,X-Small/Small,,,,,,,,,,,,,,
E5X-VSJS-B6AG-UR,BiLevel ST-A Package,B29-DBQ-BC3PJ-VA,PAP Mask,TRUE,S252H-NUQ4-MN-7H,,"PAP Mask, Nasal, Respironics, Small, 1 per 3 months",A7034,Mask Brand,Respironics,Mask Frame,Nasal,Mask Size,Small,,,,,,,,,,,,,,
E5X-VSJS-B6AG-UR,BiLevel ST-A Package,B29-DBQ-BC3PJ-VA,PAP Mask,TRUE,S47AG-N8M8-5NZCK,,"PAP Mask, Nasal, Fit Upon Setup, Large, 1 per 3 months",A7034,Mask Brand,Fit Upon Setup,Mask Frame,Nasal,Mask Size,Large,,,,,,,,,,,,,,
E5X-VSJS-B6AG-UR,BiLevel ST-A Package,B29-DBQ-BC3PJ-VA,PAP Mask,TRUE,SCF-DM1-KD8Z-9ZC,,"PAP Mask, Fit to Comfort, Evora, Petite, 1 per 3 months",MASK,Mask Brand,Evora,Mask Frame,Fit to Comfort,Mask Size,Petite,,,,,,,,,,,,,,
E5X-VSJS-B6AG-UR,BiLevel ST-A Package,B29-DBQ-BC3PJ-VA,PAP Mask,TRUE,SCFP-3K-R0N-G5PB,63800,"PAP Mask, Nasal, Airfit N30I, Starter Pack (STD Frame), 1 per 3 months",A7034,Mask Brand,Airfit N30I,Mask Frame,Nasal,Mask Size,Starter Pack (STD Frame),,,,,,,,,,,,,,
E5X-VSJS-B6AG-UR,BiLevel ST-A Package,B29-DBQ-BC3PJ-VA,PAP Mask,TRUE,SI-JE2-X8-K1-VRD,,"PAP Mask, Full Face, Resmed Airfit F20, Large, 1 per 3 months",A7030,,,,,,,,,Mask Brand,Resmed Airfit F20,,,,,,,,,,
E5X-VSJS-B6AG-UR,BiLevel ST-A Package,B29-DBQ-BC3PJ-VA,PAP Mask,TRUE,SJM-ZKFY-CPBH-NV,,"PAP Mask, Fit to Comfort, Respironics, Medium, 1 per 3 months",MASK,Mask Brand,Respironics,Mask Frame,Fit to Comfort,Mask Size,Medium,,,,,,,,,,,,,,
E5X-VSJS-B6AG-UR,BiLevel ST-A Package,B29-DBQ-BC3PJ-VA,PAP Mask,TRUE,SK-B63H-XRD-GIQ6,,"PAP Mask, Nasal Pillow, Airfit P30I, Small, 1 per 3 months",A7034,,,,,,,,,Mask Brand,Airfit P30I,,,,,,,,,,
E5X-VSJS-B6AG-UR,BiLevel ST-A Package,B29-DBQ-BC3PJ-VA,PAP Mask,TRUE,SLE-BL-A8CD-5TET,,"PAP Mask, Full Face, Fisher & Paykel Simplus, Medium, 1 per 3 months",A7030,,,,,,,,,,,,,,,,,,,Mask Brand,Fisher & Paykel Simplus
E5X-VSJS-B6AG-UR,BiLevel ST-A Package,B29-DBQ-BC3PJ-VA,PAP Mask,TRUE,SX-Y8PKY-LU57-U5,,"PAP Mask, Nasal, Resmed Activa, Standard, 1 per 3 months",A7034,,,,,,,,,,,,,,,Mask Brand,Resmed Activa,,,,
E5X-VSJS-B6AG-UR,BiLevel ST-A Package,B29-DBQ-BC3PJ-VA,PAP Mask,TRUE,SX5T7-N86I-SN9KQ,SNM1001,"PAP Mask, Nasal, Siesta (ReactHealth), Small",A7034,Mask Brand,Siesta (ReactHealth),Mask Frame,Nasal,Mask Size,Small,,,,,,,,,,,,,,
E5X-VSJS-B6AG-UR,BiLevel ST-A Package,B29-DBQ-BC3PJ-VA,PAP Mask,TRUE,SXE3I-RC2-9EU-PL,,"PAP Mask, Full Face, Respironics Amara View, Large, 1 per 3 months",A7030,,,,,,,,,,,,,,,,,,,Mask Brand,Respironics Amara View
E5X-VSJS-B6AG-UR,BiLevel ST-A Package,B29-DBQ-BC3PJ-VA,PAP Mask,TRUE,T14-NJM-PJADQ-MF,,"PAP Mask, Nasal Pillow, Dreamwear, Large (LG Frame), 1 per 3 months",A7034,Mask Brand,Dreamwear,,,,,,,,,,,,,,,,,,
E5X-VSJS-B6AG-UR,BiLevel ST-A Package,B29-DBQ-BC3PJ-VA,PAP Mask,TRUE,T7KVR-JA86M-H5A9,,"PAP Mask, Nasal, Respironics Pico, S/M/L/XL (fitpack), 1 per 3 months",A7034,Mask Brand,Respironics Pico,,,,,,,,,,,,,,,,,,
E5X-VSJS-B6AG-UR,BiLevel ST-A Package,B29-DBQ-BC3PJ-VA,PAP Mask,TRUE,T9Z-DF6A-VGH1-UR,,"PAP Mask, Nasal Pillow, Respironics Nuance Gel, Complete, 1 per 3 months",A7034,,,,,,,,,,,Mask Brand,Respironics Nuance Gel,,,,,,,,
E5X-VSJS-B6AG-UR,BiLevel ST-A Package,B29-DBQ-BC3PJ-VA,PAP Mask,TRUE,TD-PBJFG-CA-2IY9,,"PAP Mask, Nasal, Dreamwear, Large (SM Frame), 1 per 3 months.",A7034,,,,,,,,,,,,,Mask Brand,Dreamwear,,,,,,
E5X-VSJS-B6AG-UR,BiLevel ST-A Package,B29-DBQ-BC3PJ-VA,PAP Mask,TRUE,TD29-KC18A-QB-B0,,"PAP Mask, Nasal, Resmed, Fit Upon Setup, 1 per 3 months",A7034,Mask Brand,Resmed,Mask Frame,Nasal,Mask Size,Fit Upon Setup,,,,,,,,,,,,,,
E5X-VSJS-B6AG-UR,BiLevel ST-A Package,B29-DBQ-BC3PJ-VA,PAP Mask,TRUE,TE2EG-EDT-4B-IM9,1146474,"PAP Mask, Nasal Pillow, Dreamwear, Large, 2 per 1 month",A7033,Mask Brand,Dreamwear,Mask Frame,Nasal Pillow,Mask Size,Large,,,,,,,,,,,,,,
E5X-VSJS-B6AG-UR,BiLevel ST-A Package,B29-DBQ-BC3PJ-VA,PAP Mask,TRUE,TF5-NKPN-QP02-9Z,,"PAP Mask, Fit to Comfort, Evora, Small, 1 per 3 months",MASK,Mask Brand,Evora,Mask Frame,Fit to Comfort,Mask Size,Small,,,,,,,,,,,,,,
E5X-VSJS-B6AG-UR,BiLevel ST-A Package,B29-DBQ-BC3PJ-VA,PAP Mask,TRUE,TH-IBM-JA-VL-840,,"PAP Mask, Nasal, Dreamwear, Fit Upon Setup, 1 per 3 months",A7034,,,,,,,Mask Brand,Dreamwear,,,,,,,,,,,,
E5X-VSJS-B6AG-UR,BiLevel ST-A Package,B29-DBQ-BC3PJ-VA,PAP Mask,TRUE,TH9-2RBJM-16-BAV,32188,"PAP Mask, Full Face, Evora, Fitpack, 1 per 3 months",A7030,Mask Brand,Fisher & Paykel Evora Full,Mask Frame,Full Face,Mask Size,Fitpack,,,,,,,,,,,,,,
E5X-VSJS-B6AG-UR,BiLevel ST-A Package,B29-DBQ-BC3PJ-VA,PAP Mask,TRUE,TJ-16P2-4FLSV-HS,,"PAP Mask, Nasal, Fisher & Paykel Zest, Standard",A7034,Mask Brand,Fisher & Paykel Zest,Mask Frame,Nasal,Mask Size,Standard,,,,,,,,,,,,,,
E5X-VSJS-B6AG-UR,BiLevel ST-A Package,B29-DBQ-BC3PJ-VA,PAP Mask,TRUE,TK-J5A4-AB7G-MN2,,"PAP Mask, Fit to Comfort, 1 per 3 months.",A7034,,,Mask Brand,Fit Upon Setup,,,,,,,,,,,,,,,,
E5X-VSJS-B6AG-UR,BiLevel ST-A Package,B29-DBQ-BC3PJ-VA,PAP Mask,TRUE,TK-NS9F2-7T8D-EM,,"PAP Mask, Nasal Pillow, Airfit P30I, Fit Upon Setup, 2 per 1 month",A7033,,,,,,,,,Mask Brand,Airfit P30I,,,,,,,,,,
E5X-VSJS-B6AG-UR,BiLevel ST-A Package,B29-DBQ-BC3PJ-VA,PAP Mask,TRUE,TK752-1E-E8G-HYR,6089,"PAP Mask, Full Face, AirFit F40, Small-Wide, 1 per 3 months",A7030,Mask Brand,AirFit F40,Mask Frame,Full Face,Mask Size,Small-Wide,,,,,,,,,,,,,,
E5X-VSJS-B6AG-UR,BiLevel ST-A Package,B29-DBQ-BC3PJ-VA,PAP Mask,TRUE,TLDUT-0EP0-M90C1,,"PAP Mask, Nasal Cushion, Respironics Dreamwisp",A7034,,,,,Mask Brand,Respironics Dreamwisp,,,,,,,,,,,,,,
E5X-VSJS-B6AG-UR,BiLevel ST-A Package,B29-DBQ-BC3PJ-VA,PAP Mask,TRUE,TUIC4-D813Y-YJ17,,"PAP Mask, Full Face, Dreamwear, Small (MD Frame), 1 per 3 months",A7030,,,,,,,Mask Brand,Dreamwear,,,,,,,,,,,,
E5X-VSJS-B6AG-UR,BiLevel ST-A Package,B29-DBQ-BC3PJ-VA,PAP Mask,TRUE,TUML2-0F3G5-ZP2B,,"PAP Mask, Oral, Fisher & Paykel Oracle, Large",A7044,Mask Brand,Fisher & Paykel Oracle,Mask Frame,Oral,Mask Size,Large,,,,,,,,,,,,,,
E5X-VSJS-B6AG-UR,BiLevel ST-A Package,B29-DBQ-BC3PJ-VA,PAP Mask,TRUE,TVA-ED7N-XHCR-XL,60150,"PAP Mask, Nasal, Resmed Mirage Activa LT, Large Wide, 1 per 3 months",A7034,Mask Brand,Resmed Mirage Activa LT,Mask Frame,Nasal,Mask Size,Large Wide,,,,,,,,,,,,,,
E5X-VSJS-B6AG-UR,BiLevel ST-A Package,B29-DBQ-BC3PJ-VA,PAP Mask,TRUE,TY-QGK-0H837-K0F,,"Full Face PAP Mask/A7034: Nasal PAP Mask, Fit to Comfort, 1 per 3 months",A7030,Mask Brand,Fit Upon Setup,Mask Frame,Fit to Comfort,Mask Size,N/A,,,,,,,,,,,,,,
E5X-VSJS-B6AG-UR,BiLevel ST-A Package,B29-DBQ-BC3PJ-VA,PAP Mask,TRUE,TYSC-8M-IFR0U-NX,,"PAP Mask, Full Face, Resmed F30i",A7030,,,,,,,,,,,,,,,,,Mask Brand,Resmed F30i,,
E5X-VSJS-B6AG-UR,BiLevel ST-A Package,B29-DBQ-BC3PJ-VA,PAP Mask,TRUE,U10V-6U-FYQ-7G3A,,"PAP Mask, Full Face, Respironics, Petite, 1 per 3 months",A7030,Mask Brand,Respironics,Mask Frame,Full Face,Mask Size,Petite,,,,,,,,,,,,,,
E5X-VSJS-B6AG-UR,BiLevel ST-A Package,B29-DBQ-BC3PJ-VA,PAP Mask,TRUE,U5-DR-YQ6N-89-VK,,"PAP Mask, Nasal, Evora, Small, 1 per 3 months",A7034,Mask Brand,Evora,Mask Frame,Nasal,Mask Size,Small,,,,,,,,,,,,,,
E5X-VSJS-B6AG-UR,BiLevel ST-A Package,B29-DBQ-BC3PJ-VA,PAP Mask,TRUE,U7RT-NZKTV-N3-4Z,400HC116,"PAP Mask, Nasal Pillow, Fisher & Paykel Opus, Small, 2 per 1 month",A7033,Mask Brand,Fisher & Paykel Opus,Mask Frame,Nasal Pillow,Mask Size,Small,,,,,,,,,,,,,,
E5X-VSJS-B6AG-UR,BiLevel ST-A Package,B29-DBQ-BC3PJ-VA,PAP Mask,TRUE,U8KS-45T-GX6-3S5,63141,"PAP Mask, Full Face, Resmed Airfit F10 for Her, Medium, 1 per 3 months",A7030,Mask Brand,Resmed Airfit F10 for Her,Mask Frame,Full Face,Mask Size,Medium,,,,,,,,,,,,,,
E5X-VSJS-B6AG-UR,BiLevel ST-A Package,B29-DBQ-BC3PJ-VA,PAP Mask,TRUE,UAPQ-2G-493P-F5C,,"PAP Mask, Nasal, Dreamwear, Medium Wide (LG Frame), 1 per 3 months",A7034,Mask Brand,Dreamwear,,,,,,,,,,,,,,,,,,
E5X-VSJS-B6AG-UR,BiLevel ST-A Package,B29-DBQ-BC3PJ-VA,PAP Mask,TRUE,UEZM-SAJAC-J8F7L,,"PAP Mask, Full Face, Airfit F30I, Wide, 1 per 3 months",A7030,,,,,,,,,,,Mask Brand,Airfit F30I,,,,,,,,
E5X-VSJS-B6AG-UR,BiLevel ST-A Package,B29-DBQ-BC3PJ-VA,PAP Mask,TRUE,UEZQ-3M-1JCJX-JE,,"PAP Mask, Nasal Pillow, Fisher & Paykel, Small, 1 per 3 months",A7034,Mask Brand,Fisher & Paykel,Mask Frame,Nasal Pillow,Mask Size,Small,,,,,,,,,,,,,,
E5X-VSJS-B6AG-UR,BiLevel ST-A Package,B29-DBQ-BC3PJ-VA,PAP Mask,TRUE,UJ-MHFT1-STQR-PH,1133386,"PAP Mask, Full Face, Dreamwear, Medium (SM Frame), 1 per 3 months",A7030,Mask Brand,Dreamwear,Mask Frame,Full Face,Mask Size,Medium (SM Frame),,,,,,,,,,,,,,
E5X-VSJS-B6AG-UR,BiLevel ST-A Package,B29-DBQ-BC3PJ-VA,PAP Mask,TRUE,UJ59H-2I-6YC-SR6,,"PAP Mask, Nasal Cushion, Resmed Pixi Pediatric",A7034,Mask Brand,Resmed Pixi Pediatric,,,,,,,,,,,,,,,,,,
E5X-VSJS-B6AG-UR,BiLevel ST-A Package,B29-DBQ-BC3PJ-VA,PAP Mask,TRUE,UQBZ-3YBF-JI-JYX,,"PAP Mask, Fit to Comfort, Generic, Fit Upon Setup, 1 per 3 months",MASK,Mask Brand,Generic,Mask Frame,Fit to Comfort,Mask Size,Fit Upon Setup,,,,,,,,,,,,,,
E5X-VSJS-B6AG-UR,BiLevel ST-A Package,B29-DBQ-BC3PJ-VA,PAP Mask,TRUE,URE3V-ZEP-8UX-MQ,,"PAP Mask, Nasal, Respironics ComfortGel Blue, Medium, 1 per 3 months",A7034,,,,,,,,,Mask Brand,Respironics ComfortGel Blue,,,,,,,,,,
E5X-VSJS-B6AG-UR,BiLevel ST-A Package,B29-DBQ-BC3PJ-VA,PAP Mask,TRUE,UTBPG-KJ-KL8-TQ0,,"PAP Mask, Full Face, Resmed Airfit F20 for Her, Small, 1 per 3 months",A7030,,,,,Mask Brand,Resmed Airfit F20 for Her,,,,,,,,,,,,,,
E5X-VSJS-B6AG-UR,BiLevel ST-A Package,B29-DBQ-BC3PJ-VA,PAP Mask,TRUE,UTI-JA-KR9YT-6FC,1146470,"PAP Mask, Nasal Pillow, Dreamwear, Small/Medium (SM and MD Frame), 1 per 3 months",A7034,Mask Brand,Dreamwear,Mask Frame,Nasal Pillow,Mask Size,Small/Medium (SM and MD Frames),,,,,,,,,,,,,,
E5X-VSJS-B6AG-UR,BiLevel ST-A Package,B29-DBQ-BC3PJ-VA,PAP Mask,TRUE,UX-APBHG-8PV-DCB,,"PAP Mask, Full Face, Fit Upon Setup, N/A, 1 per 3 months",A7030,,,,,,,,,,,,,,,Mask Brand,Fit Upon Setup,,,,
E5X-VSJS-B6AG-UR,BiLevel ST-A Package,B29-DBQ-BC3PJ-VA,PAP Mask,TRUE,UY-KQC-BR-3Q-HG0,,"PAP Mask, Nasal Pillow, Dreamwear, Medium (MD Frame), 1 per 3 months",A7034,,,,,,,,,,,,,Mask Brand,Dreamwear,,,,,,
E5X-VSJS-B6AG-UR,BiLevel ST-A Package,B29-DBQ-BC3PJ-VA,PAP Mask,TRUE,V30C-K7V-ZN79-JI,,"PAP Mask, Nasal, Respironics Wisp Clear, 1 per 3 months",A7034,,,,,,,,,,,,,,,Mask Brand,Respironics Wisp Clear,,,,
E5X-VSJS-B6AG-UR,BiLevel ST-A Package,B29-DBQ-BC3PJ-VA,PAP Mask,TRUE,V5D-V5LPC-AJN-19,,"PAP Mask, Full Face, Resmed, Fit Upon Setup, 1 per 3 months",A7030,Mask Brand,Resmed,Mask Frame,Full Face,Mask Size,Fit Upon Setup,,,,,,,,,,,,,,
E5X-VSJS-B6AG-UR,BiLevel ST-A Package,B29-DBQ-BC3PJ-VA,PAP Mask,TRUE,V98-9XGX-V1U-75F,,"PAP Mask, Nasal, Respironics Nuance Pro Gel, Standard, 1 per 3 months",A7034,,,Mask Brand,Respironics Nuance Pro Gel,,,,,,,,,,,,,,,,
E5X-VSJS-B6AG-UR,BiLevel ST-A Package,B29-DBQ-BC3PJ-VA,PAP Mask,TRUE,VDU2V-GICV-UM-P9,,"PAP Mask, Nasal Pillow, Swift FX Bella, For Her, 1 per 3 months",A7033,,,,,Mask Brand,Swift FX Bella,,,,,,,,,,,,,,
E5X-VSJS-B6AG-UR,BiLevel ST-A Package,B29-DBQ-BC3PJ-VA,PAP Mask,TRUE,VE-BZL68-CP95-CL,,"PAP Mask, Fit to Comfort, Resmed, Petite, 1 per 3 months",MASK,Mask Brand,Resmed,Mask Frame,Fit to Comfort,Mask Size,Petite,,,,,,,,,,,,,,
E5X-VSJS-B6AG-UR,BiLevel ST-A Package,B29-DBQ-BC3PJ-VA,PAP Mask,TRUE,VQ-K5-DM6I-V4-DX,,"PAP Mask, Nasal Pillow, Fit Upon Setup, Petite, 1 per 3 months",A7034,Mask Brand,Fit Upon Setup,Mask Frame,Nasal Pillow,Mask Size,Petite,,,,,,,,,,,,,,
E5X-VSJS-B6AG-UR,BiLevel ST-A Package,B29-DBQ-BC3PJ-VA,PAP Mask,TRUE,VQ-SK3-DJ-EJ-9PX,60148,"PAP Mask, Nasal, Resmed Mirage Activa LT, Medium, 1 per 3 months",A7034,Mask Brand,Resmed Mirage Activa LT,Mask Frame,Nasal,Mask Size,Medium,,,,,,,,,,,,,,
E5X-VSJS-B6AG-UR,BiLevel ST-A Package,B29-DBQ-BC3PJ-VA,PAP Mask,TRUE,VY-KBIM-HDT08-73,,"PAP Mask, Nasal, Fisher & Paykel Brevida, Fit Upon Setup, 1 per 3 months",A7034,Mask Brand,Fisher & Paykel Brevida,,,,,,,,,,,,,,,,,,
E5X-VSJS-B6AG-UR,BiLevel ST-A Package,B29-DBQ-BC3PJ-VA,PAP Mask,TRUE,X0BL-1A2F6-UIT6G,,"PAP Mask, Fit to Comfort, Fit Upon Setup, Large, 1 per 3 months",MASK,Mask Brand,Fit Upon Setup,Mask Frame,Fit to Comfort,Mask Size,Large,,,,,,,,,,,,,,
E5X-VSJS-B6AG-UR,BiLevel ST-A Package,B29-DBQ-BC3PJ-VA,PAP Mask,TRUE,X0T-CUI7L-A5T-L5,,"PAP Mask, Nasal Pillow, Resmed Swift FX for Her, Complete, 1 per 3 months",A7034,,,,,,,,,,,,,Mask Brand,Resmed Swift FX for Her,,,,,,
E5X-VSJS-B6AG-UR,BiLevel ST-A Package,B29-DBQ-BC3PJ-VA,PAP Mask,TRUE,X8230-5D-HDRA-1P,1133387,"PAP Mask, Full Face, Dreamwear, Large (SM Frame), 1 per 3 months",A7030,Mask Brand,Dreamwear,Mask Frame,Full Face,Mask Size,Large (SM Frame),,,,,,,,,,,,,,
E5X-VSJS-B6AG-UR,BiLevel ST-A Package,B29-DBQ-BC3PJ-VA,PAP Mask,TRUE,X9I-65ZH-VSC7-94,1133377,"PAP Mask, Full Face, Dreamwear, Large (SM and MD Frames), 1 per 3 months",A7030,Mask Brand,Dreamwear,Mask Frame,Full Face,Mask Size,Large (SM and MD Frames),,,,,,,,,,,,,,
E5X-VSJS-B6AG-UR,BiLevel ST-A Package,B29-DBQ-BC3PJ-VA,PAP Mask,TRUE,XFM-ZCM3-2BM-H47,1133376,"PAP Mask, Full Face, Dreamwear, Medium (SM and MD Frames), 1 per 3 months",A7030,Mask Brand,Dreamwear,Mask Frame,Full Face,Mask Size,Medium (SM and MD Frames),,,,,,,,,,,,,,
E5X-VSJS-B6AG-UR,BiLevel ST-A Package,B29-DBQ-BC3PJ-VA,PAP Mask,TRUE,XFQX-V039-BRE-G3,,"PAP Mask, Nasal Pillow, Generic, Fit Upon Setup, 1 per 3 months",A7034,Mask Brand,Generic,Mask Frame,Nasal Pillow,Mask Size,Fit Upon Setup,,,,,,,,,,,,,,
E5X-VSJS-B6AG-UR,BiLevel ST-A Package,B29-DBQ-BC3PJ-VA,PAP Mask,TRUE,XS-F7R-M0-2P-562,,"PAP Mask, Nasal, Evora, Fit Upon Setup, 1 per 3 months",A7034,Mask Brand,Evora,Mask Frame,Nasal,Mask Size,Fit Upon Setup,,,,,,,,,,,,,,
E5X-VSJS-B6AG-UR,BiLevel ST-A Package,B29-DBQ-BC3PJ-VA,PAP Mask,TRUE,XTPXG-YEQ-1Y-MUC,,"PAP Mask, Nasal Cushion, Fisher & Paykel Evora",A7034,,,,,,,Mask Brand,Fisher & Paykel Evora Nasal,,,,,,,,,,,,
E5X-VSJS-B6AG-UR,BiLevel ST-A Package,B29-DBQ-BC3PJ-VA,PAP Mask,TRUE,XY-KQXHV-4R-9V76,,"PAP Mask, Full Face, Airfit F30I, Standard, 1 per 3 months",A7030,Mask Brand,Airfit F30I,,,,,,,,,,,,,,,,,,
E5X-VSJS-B6AG-UR,BiLevel ST-A Package,B29-DBQ-BC3PJ-VA,PAP Mask,TRUE,Y2-PHVF-AU5GS-FZ,,"PAP Mask, Full Face, Resmed Airtouch F20, Small, 1 per 3 months",A7030,,,,,,,,,,,Mask Brand,Resmed Airtouch F20,,,,,,,,
E5X-VSJS-B6AG-UR,BiLevel ST-A Package,B29-DBQ-BC3PJ-VA,PAP Mask,TRUE,Y4-ZXGP-83TRN-T9,63801,"PAP Mask, Nasal, Airfit N30I, Starter Pack (SM Frame), 1 per 3 months",A7034,Mask Brand,Airfit N30I,Mask Frame,Nasal,Mask Size,Starter Pack (SM Frame),,,,,,,,,,,,,,
E5X-VSJS-B6AG-UR,BiLevel ST-A Package,B29-DBQ-BC3PJ-VA,PAP Mask,TRUE,YD4C8-MALIC-P9N4,400NVP114,"PAP Mask, Nasal Pillow, Fisher & Paykel Nova Micro, Small, 2 per 1 month",A7033,Mask Brand,Nova Micro,Mask Frame,Nasal Pillow,Mask Size,Small,,,,,,,,,,,,,,
E5X-VSJS-B6AG-UR,BiLevel ST-A Package,B29-DBQ-BC3PJ-VA,PAP Mask,TRUE,YK-8GB-IYRAZ-E0A,,"PAP Mask, Nasal Pillow Mask, Rio II (ReactHealth)",A7034,Mask Brand,Rio II (ReactHealth),Mask Frame,Nasal Pillow,Mask Size,Fit Upon Setup,,,,,,,,,,,,,,
E5X-VSJS-B6AG-UR,BiLevel ST-A Package,B29-DBQ-BC3PJ-VA,PAP Mask,TRUE,YKTJU-K4SVK-NQF3,32189,"PAP Mask, Full Face, Evora, Extra Small, 1 per 3 months",A7030,Mask Brand,Fisher & Paykel Evora Full,Mask Frame,Full Face,Mask Size,X-Small,,,,,,,,,,,,,,
E5X-VSJS-B6AG-UR,BiLevel ST-A Package,B29-DBQ-BC3PJ-VA,PAP Mask,TRUE,YQ08N-V8ND-DP-HQ,,"PAP Mask, Full Face, ReactHealth, Medium, 1 per 3 months",A7030,Mask Brand,ReactHealth,Mask Frame,Full Face,Mask Size,Medium,,,,,,,,,,,,,,
E5X-VSJS-B6AG-UR,BiLevel ST-A Package,B29-DBQ-BC3PJ-VA,PAP Mask,TRUE,YRF-JEMEB-I0C-MY,,"PAP Mask, Nasal Pillow, Respironics, Large, 1 per 3 months",A7034,Mask Brand,Respironics,Mask Frame,Nasal Pillow,Mask Size,Large,,,,,,,,,,,,,,
E5X-VSJS-B6AG-UR,BiLevel ST-A Package,B29-DBQ-BC3PJ-VA,PAP Mask,TRUE,YT1P-JVD-TQDJ-YE,,"PAP Mask, Full Face, Evora, Fit Upon Setup, 1 per 3 months",A7030,Mask Brand,Evora,Mask Frame,Full Face,Mask Size,Fit Upon Setup,,,,,,,,,,,,,,
E5X-VSJS-B6AG-UR,BiLevel ST-A Package,B29-DBQ-BC3PJ-VA,PAP Mask,TRUE,YTR-6YS8-Y2ZN-3D,62321,"PAP Mask, Nasal, Resmed AirTouch N30I, Large (SM Frame), 1 per 3 months",A7034,Mask Brand,Resmed AirTouch N30I,Mask Frame,Nasal,Mask Size,Large (SM Frame),,,,,,,,,,,,,,
E5X-VSJS-B6AG-UR,BiLevel ST-A Package,B29-DBQ-BC3PJ-VA,PAP Mask,TRUE,YU2K8-JGZH-EC-P2,,"PAP Mask, Full Face, Respironics, Fit Upon Setup, 1 per 3 months",A7030,Mask Brand,Respironics,Mask Frame,Full Face,Mask Size,Fit Upon Setup,,,,,,,,,,,,,,
E5X-VSJS-B6AG-UR,BiLevel ST-A Package,B29-DBQ-BC3PJ-VA,PAP Mask,TRUE,YVD4-9T-0EG-RC5B,,"PAP Mask, Nasal Pillow, Evora, Petite, 1 per 3 months",A7034,Mask Brand,Evora,Mask Frame,Nasal Pillow,Mask Size,Petite,,,,,,,,,,,,,,
E5X-VSJS-B6AG-UR,BiLevel ST-A Package,B29-DBQ-BC3PJ-VA,PAP Mask,TRUE,Z12IS-MT5P6-SPHK,,"PAP Mask, Nasal, Respironics ComfortGel Blue, Small, 1 per 3 months",A7034,,,,,,,,,Mask Brand,Respironics ComfortGel Blue,,,,,,,,,,
E5X-VSJS-B6AG-UR,BiLevel ST-A Package,B29-DBQ-BC3PJ-VA,PAP Mask,TRUE,Z1R-PZ-HZQJH-1UD,,"PAP Mask, Nasal, Dreamwear, Small (MD Frame), 1 per 3 months",A7034,,,,,,,,,,,,,,,,,,,Mask Brand,Dreamwear
E5X-VSJS-B6AG-UR,BiLevel ST-A Package,B29-DBQ-BC3PJ-VA,PAP Mask,TRUE,ZEZK-N73-RV0-XZP,,"PAP Mask, Full Face, Resmed Airtouch F20, Medium, 1 per 3 months",A7030,,,,,,,,,,,,,Mask Brand,Resmed Airtouch F20,,,,,,
E5X-VSJS-B6AG-UR,BiLevel ST-A Package,B29-DBQ-BC3PJ-VA,PAP Mask,TRUE,ZF1IE-89-FR0-8QX,,"PAP Mask, Nasal, ReactHealth, Fit Upon Setup, 1 per 3 months",A7034,Mask Brand,ReactHealth,Mask Frame,Nasal,Mask Size,Fit Upon Setup,,,,,,,,,,,,,,
E5X-VSJS-B6AG-UR,BiLevel ST-A Package,B29-DBQ-BC3PJ-VA,PAP Mask,TRUE,ZFMXL-N9-M5-JLU2,,"PAP Mask, Nasal Pillow, Fisher & Paykel, Large, 1 per 3 months",A7034,Mask Brand,Fisher & Paykel,Mask Frame,Nasal Pillow,Mask Size,Large,,,,,,,,,,,,,,
E5X-VSJS-B6AG-UR,BiLevel ST-A Package,B29-DBQ-BC3PJ-VA,PAP Mask,TRUE,ZGIJ-ASYP-8FU-ZT,,"PAP Mask, Full Face, Amara Gel, Large, 1 per 3 months",A7030,Mask Brand,Amara Gel,,,,,,,,,,,,,,,,,,
E5X-VSJS-B6AG-UR,BiLevel ST-A Package,B29-DBQ-BC3PJ-VA,PAP Mask,TRUE,ZKF-P878-7BR-3L8,63330,"PAP Mask, Full Face, Airfit F30I, Small (SM Frame), 1 per 3 months",A7030,Mask Brand,Airfit F30I,Mask Frame,Full Face,Mask Size,Small (SM Frame),,,,,,,,,,,,,,
E5X-VSJS-B6AG-UR,BiLevel ST-A Package,B29-DBQ-BC3PJ-VA,PAP Mask,TRUE,ZKT0Z-2VG-L6-FZU,400SLN132,"PAP Mask, Nasal, Fisher & Paykel Solo, Medium, 1 per 3 months",A7034,Mask Brand,Fisher & Paykel Solo,Mask Frame,Nasal,Mask Size,Medium,,,,,,,,,,,,,,
E5X-VSJS-B6AG-UR,BiLevel ST-A Package,B29-DBQ-BC3PJ-VA,PAP Mask,TRUE,ZL-90J-5KH17-YMI,,"PAP Mask, Nasal Pillow, Dreamwear, Medium (LG Frame), 1 per 3 months",A7034,,,,,,,,,,,Mask Brand,Dreamwear,,,,,,,,
E5X-VSJS-B6AG-UR,BiLevel ST-A Package,B29-DBQ-BC3PJ-VA,PAP Mask,TRUE,ZQK54-LD-UPC4-7U,HC432AXL,"PAP Mask, Full Face, Fisher & Paykel FlexiFit 432, Extra Large, 1 per 3 months",A7030,Mask Brand,Fisher & Paykel FlexiFit 432,Mask Frame,Full Face,Mask Size,X-Large,,,,,,,,,,,,,,
E5X-VSJS-B6AG-UR,BiLevel ST-A Package,B29-DBQ-BC3PJ-VA,PAP Mask,TRUE,ZSTX-0K7P-73-NK0,,"PAP Mask, Full Face, Evora, Petite, 1 per 3 months",A7030,Mask Brand,Evora,Mask Frame,Full Face,Mask Size,Petite,,,,,,,,,,,,,,
E5X-VSJS-B6AG-UR,BiLevel ST-A Package,B29-DBQ-BC3PJ-VA,PAP Mask,TRUE,ZTQZ-17FIL-RB-18,,"PAP Mask, Nasal, Respironics ComfortGel Blue, Petite, 1 per 3 months",A7034,Mask Brand,Respironics ComfortGel Blue,,,,,,,,,,,,,,,,,,
E5X-VSJS-B6AG-UR,BiLevel ST-A Package,B29-DBQ-BC3PJ-VA,PAP Mask,TRUE,ZV-8PBRY-EDF9-KU,,"PAP Mask, Full Face, Resmed Quattro FX, Medium, 1 per 3 months",A7030,,,,,,,,,,,,,,,Mask Brand,Resmed Quattro FX,,,,
E5X-VSJS-B6AG-UR,BiLevel ST-A Package,HUPL-N9-KTS-PKHF,PAP Chinstrap,FALSE,0HI8-4VBI8-4V5F0,,"PAP Chinstrap, Fit to Comfort, 1 per 6 months",A7036,,,,,,,,,PAP Chinstrap Included,Fit to Comfort,,,,,,,,,,
E5X-VSJS-B6AG-UR,BiLevel ST-A Package,HUPL-N9-KTS-PKHF,PAP Chinstrap,FALSE,18S-X7-61A0H-I2P,,No Chinstrap Included,,,,PAP Chinstrap Included,PAP Chinstrap Not Included,,,,,,,,,,,,,,,,
E5X-VSJS-B6AG-UR,BiLevel ST-A Package,HUPL-N9-KTS-PKHF,PAP Chinstrap,FALSE,CB-Q76BH-A20Y-1T,,"PAP Chinstrap, 1 per 6 months",A7036,,,,,,,,,,,,,PAP Chinstrap Included,PAP Chinstrap Included,,,,,,
E5X-VSJS-B6AG-UR,BiLevel ST-A Package,IH-RL-7H6N-Q2-Q6,PAP Nasal Pillows,FALSE,24-91A5-QPGV-2ZI,,"Nasal Pillows, Fit to Comfort, 2 per 1 month",A7029/A7033,,,Mask Frame,Fit to Comfort,,,,,Nasal Pillows Included,Nasal Pillows Included,,,,,,,,,,
E5X-VSJS-B6AG-UR,BiLevel ST-A Package,IH-RL-7H6N-Q2-Q6,PAP Nasal Pillows,FALSE,7RH2-J7-BY2BI-NS,,No Nasal Pillows,,,,,,,,,,,,,,,,,,Mask Frame,N/A,,
E5X-VSJS-B6AG-UR,BiLevel ST-A Package,IH-RL-7H6N-Q2-Q6,PAP Nasal Pillows,FALSE,AE58P-IV-B03-JV8,,"Nasal Pillows, Fit to Comfort, 2 per 1 month",A7033,Mask Frame,Fit to Comfort,,,,,Nasal Pillows Included,Nasal Pillows Included,,,,,,,,,,,,
E5X-VSJS-B6AG-UR,BiLevel ST-A Package,IH-RL-7H6N-Q2-Q6,PAP Nasal Pillows,FALSE,AS-KTED-K4YUZ-H3,,No Nasal Pillows Included,,Mask Frame,Oral,,,,,,,,,,,,,,,,,,
E5X-VSJS-B6AG-UR,BiLevel ST-A Package,IH-RL-7H6N-Q2-Q6,PAP Nasal Pillows,FALSE,CM-VD-7B-SF-B3P4,,No Nasal Pillows Included,,,,,,Mask Frame,Full Face,,,,,,,,,,,,,,
E5X-VSJS-B6AG-UR,BiLevel ST-A Package,IH-RL-7H6N-Q2-Q6,PAP Nasal Pillows,FALSE,EN5N-6FXH7-PG27M,,No Nasal Pillows Included,,Mask Frame,Nasal,,,,,,,,,,,,,,,,,,
E5X-VSJS-B6AG-UR,BiLevel ST-A Package,IH-RL-7H6N-Q2-Q6,PAP Nasal Pillows,FALSE,GTCDT-PUP64-T5NT,,"Nasal Pillows Included, Nasal Pillow Mask, 2 per 1 month",A7033,,,Mask Frame,Nasal Pillow,,,,,,,,,,,,,,,,
E5X-VSJS-B6AG-UR,BiLevel ST-A Package,IH-RL-7H6N-Q2-Q6,PAP Nasal Pillows,FALSE,HLXQ-8E84-LMR-TP,,No Nasal Pillows Included,,,,,,Mask Frame,Oral / Nasal Hybrid,,,,,,,,,,,,,,
E5X-VSJS-B6AG-UR,BiLevel ST-A Package,IH-RL-7H6N-Q2-Q6,PAP Nasal Pillows,FALSE,I69F-RY75S-IE-KB,,"Nasal Pillows Included, Oral / Nasal Hybrid Mask, 2 per 1 month",A7029,Mask Frame,Oral / Nasal Hybrid,,,,,,,,,,,,,,,,,,
E5X-VSJS-B6AG-UR,BiLevel ST-A Package,IH-RL-7H6N-Q2-Q6,PAP Nasal Pillows,FALSE,LKUH-84K-28FU-FA,,"Nasal Pillows, Fit to Comfort.",,Mask Frame,Nasal,,,,,,,,,,,,,,,,,,
E5X-VSJS-B6AG-UR,BiLevel ST-A Package,IH-RL-7H6N-Q2-Q6,PAP Nasal Pillows,FALSE,QK4-FJCPL-YQH-NS,,No Nasal Pillows Included,,Mask Frame,Fit to Comfort,,,,,,,,,,,,,,,,,,
E5X-VSJS-B6AG-UR,BiLevel ST-A Package,IH-RL-7H6N-Q2-Q6,PAP Nasal Pillows,FALSE,QSZ-AE-63LKU-5DB,,"Nasal Pillows Included, Full Face Mask, 2 per 1 month",A7033,,,,,Mask Frame,Full Face,,,,,,,,,,,,,,
E5X-VSJS-B6AG-UR,BiLevel ST-A Package,IH-RL-7H6N-Q2-Q6,PAP Nasal Pillows,FALSE,S81-RJ-TB-3VM-62,,"Nasal Pillows Included, Nasal Mask, 2 per 1 month",A7033,,,,,,,Mask Frame,Nasal,,,,,,,,,,,,
E5X-VSJS-B6AG-UR,BiLevel ST-A Package,IH-RL-7H6N-Q2-Q6,PAP Nasal Pillows,FALSE,T5E-ZP-SD-F2-2VK,,"Nasal Pillows, Patient Preference",,Mask Frame,Nasal,,,,,,,,,,,,,,,,,,
E5X-VSJS-B6AG-UR,BiLevel ST-A Package,IH-RL-7H6N-Q2-Q6,PAP Nasal Pillows,FALSE,T9-4C6-7RGJL-CLX,,"Nasal Pillows, Virtual Fitting",A7029/A7033,Mask Frame,Virtual Fitting,,,,,,,Nasal Pillows Included,Nasal Pillows Included,,,,,,,,,,
E5X-VSJS-B6AG-UR,BiLevel ST-A Package,IH-RL-7H6N-Q2-Q6,PAP Nasal Pillows,FALSE,UACF-YIR-YG-Q2EH,,"A7029 Nasal Pillows, Fit to Comfort",A7033,,,,,,,Mask Frame,Patient Preference,,,,,,,,,,,,
E5X-VSJS-B6AG-UR,BiLevel ST-A Package,IH-RL-7H6N-Q2-Q6,PAP Nasal Pillows,FALSE,Y8ZQ6-LEU3-VU50L,,No Nasal Pillows Included,,,,Mask Frame,Virtual Fitting,,,Nasal Pillows Included,No Nasal Pillows Included,,,,,,,,,,,,
E5X-VSJS-B6AG-UR,BiLevel ST-A Package,IH-RL-7H6N-Q2-Q6,PAP Nasal Pillows,FALSE,YKF-0IF-XLV9-ZNU,,No Nasal Pillows Included,,,,,,,,,,,,,,,,,,Mask Frame,Patient Preference,,
E5X-VSJS-B6AG-UR,BiLevel ST-A Package,IH-RL-7H6N-Q2-Q6,PAP Nasal Pillows,FALSE,YVYFS-3G-37FT-IP,,"Nasal Pillows, Fit to Comfort",A7029/A7033,,,Mask Frame,Fit to Comfort,,,,,,,,,,,,,,,,
E5X-VSJS-B6AG-UR,BiLevel ST-A Package,LX6-GZH-U6JT-EYE,PAP Humidifier,TRUE,0MXJI-HV2V-NU5ZF,,"PAP Humidifier, Heated.",E0562,,,,,,,,,Humidifier Type,Heated.,,,,,,,,,,
E5X-VSJS-B6AG-UR,BiLevel ST-A Package,LX6-GZH-U6JT-EYE,PAP Humidifier,TRUE,AZ-4I2-18N-EFVY9,,"PAP Humidifier, Patient Preference",E0561/E0562,,,Humidifier Type,Fit to Comfort,,,,,,,,,,,,,,,,
E5X-VSJS-B6AG-UR,BiLevel ST-A Package,LX6-GZH-U6JT-EYE,PAP Humidifier,TRUE,DRXE-1DLC6-0R-FU,,"PAP Humidifier, Patient Preference",,,,,,Humidifier Type,Patient Preference,,,,,,,,,,,,,,
E5X-VSJS-B6AG-UR,BiLevel ST-A Package,LX6-GZH-U6JT-EYE,PAP Humidifier,TRUE,FK2S-M4-L3-GL-CS,,"PAP Humidifier, Heated",E0562,Humidifier Type,Heated,,,,,,,,,,,,,,,,,,
E5X-VSJS-B6AG-UR,BiLevel ST-A Package,LX6-GZH-U6JT-EYE,PAP Humidifier,TRUE,KZGM-EIJ80-D7-LS,,No PAP Humidifier,,,,,,,,Humidifier Type,N/A,,,,,,,,,,,,
E5X-VSJS-B6AG-UR,BiLevel ST-A Package,LX6-GZH-U6JT-EYE,PAP Humidifier,TRUE,TUF2L-QT-7R4-8QN,,"PAP Humidifier, Non-Heated",E0561,Humidifier Type,Non-Heated,,,,,,,,,,,,,,,,,,
E5X-VSJS-B6AG-UR,BiLevel ST-A Package,N8-2XZT-BJRLY-G4,Disposable PAP Filter,TRUE,9P-BDPD-M46HF-L7,,"Disposable PAP Filter, 2 per 1 month",A7038,,,,,,,,,Disposable PAP Filter,Included,,,,,,,,,,
E5X-VSJS-B6AG-UR,BiLevel ST-A Package,N8-2XZT-BJRLY-G4,Disposable PAP Filter,TRUE,P5-T6-H4FED-JHZ6,,No Disposable PAP Filter,,Disposable PAP Filter,Not Included,,,,,,,,,,,,,,,,,,
E5X-VSJS-B6AG-UR,BiLevel ST-A Package,UNB7-F4E-SQ-EUYV,BiLevel ST-A Machine,TRUE,D5L-LP-JDSNI-KLG,,"BiLevel ST-A Machine, Resmed S10 Aircurve BiLevel ST-A",E0471,BiLevel Type,BiLevel ST-A,PAP System,Resmed S10 Aircurve BiLevel ST-A,,,,,,,,,,,,,,,,
E5X-VSJS-B6AG-UR,BiLevel ST-A Package,Y87V-2N-NCDL-09V,PAP Monitoring,FALSE,01-LR1F-6CNTQ-XZ,,"PAP Monitoring, Per device availability",A9279,,,,,,,,,PAP Monitor Type,Per device availability,,,,,,,,,PAP System,Resmed S10 Fixed CPAP
E5X-VSJS-B6AG-UR,BiLevel ST-A Package,Y87V-2N-NCDL-09V,PAP Monitoring,FALSE,07H-H6PQ-PGM-SR6,,"PAP Monitoring, Per device availability",A9279,,,,,,,,,PAP Monitor Type,Per device availability,,,,,,,,,PAP System,ResMed Auto
E5X-VSJS-B6AG-UR,BiLevel ST-A Package,Y87V-2N-NCDL-09V,PAP Monitoring,FALSE,0A2Z-X51ZH-MK-N0,,"PAP Monitoring, Per device availability",A9279,,,,,,,,,PAP Monitor Type,Per device availability,,,,,PAP System,Fisher & Paykel (F&P) Icon Premium,,,,
E5X-VSJS-B6AG-UR,BiLevel ST-A Package,Y87V-2N-NCDL-09V,PAP Monitoring,FALSE,0K-VH-XI-BRH-P1D,,"PAP Monitoring, SD Card (aka Card to Cloud)",A9279,,,PAP Monitor Type,SD Card (aka Card to Cloud),,,,,,,,,,,PAP System,Resmed S10 Aircurve Fixed Bilevel ASV C2C,,,,
E5X-VSJS-B6AG-UR,BiLevel ST-A Package,Y87V-2N-NCDL-09V,PAP Monitoring,FALSE,0X9V-YVQ9B-7L-GU,,"PAP Monitoring, Per device availability",A9279,,,,,,,,,PAP Monitor Type,Per device availability,,,PAP System,S9 Standard,,,,,,
E5X-VSJS-B6AG-UR,BiLevel ST-A Package,Y87V-2N-NCDL-09V,PAP Monitoring,FALSE,134GP-70H-KL-UNI,,"PAP Monitoring, Per device availability",A9279,,,PAP Monitor Type,Per device availability,,,,,,,,,PAP System,Respironics Dreamstation Auto BiPAP,,,,,,
E5X-VSJS-B6AG-UR,BiLevel ST-A Package,Y87V-2N-NCDL-09V,PAP Monitoring,FALSE,1KM-CT4-MLN-27QX,,"PAP Monitoring, Per device availability",A9279,,,,,,,,,PAP Monitor Type,Per device availability,PAP System,System to Fit,,,,,,,,
E5X-VSJS-B6AG-UR,BiLevel ST-A Package,Y87V-2N-NCDL-09V,PAP Monitoring,FALSE,1PL-NBFCS-2MX-I9,,"PAP Monitoring, Per device availability",A9279,,,,,,,,,PAP Monitor Type,Per device availability,,,,,,,PAP System,Resmed S10,,
E5X-VSJS-B6AG-UR,BiLevel ST-A Package,Y87V-2N-NCDL-09V,PAP Monitoring,FALSE,2B-INUES-UV2I-18,,"PAP Monitoring, Cellular Modem",A9279,,,,,,,,,PAP Monitor Type,Cellular Modem,,,,,,,,,PAP System,Resmed S10 Aircurve ASV
E5X-VSJS-B6AG-UR,BiLevel ST-A Package,Y87V-2N-NCDL-09V,PAP Monitoring,FALSE,2HL-B38G-135D-BX,,"PAP Monitoring, Cellular Modem",A9279,PAP Monitor Type,Cellular Modem,,,,,,,,,PAP System,Generic,,,,,,,,
E5X-VSJS-B6AG-UR,BiLevel ST-A Package,Y87V-2N-NCDL-09V,PAP Monitoring,FALSE,2S-ZY7-MFM5N-Z32,,"PAP Monitoring, Cellular Modem",A9279,,,,,,,,,PAP Monitor Type,Cellular Modem,,,,,,,,,PAP System,Respironics Ruby Topaz
E5X-VSJS-B6AG-UR,BiLevel ST-A Package,Y87V-2N-NCDL-09V,PAP Monitoring,FALSE,2STR-6I9L-2E-9S5,,"PAP Monitoring, Per device availability",A9279,,,,,,,,,PAP Monitor Type,Per device availability,,,,,,,,,PAP System,S9/S10
E5X-VSJS-B6AG-UR,BiLevel ST-A Package,Y87V-2N-NCDL-09V,PAP Monitoring,FALSE,37BV-A8-04FTU-38,,"PAP Monitoring, Per device availability",A9279,,,PAP Monitor Type,Per device availability,,,,,,,,,PAP System,Drive Medical Auto-CPAP,,,,,,
E5X-VSJS-B6AG-UR,BiLevel ST-A Package,Y87V-2N-NCDL-09V,PAP Monitoring,FALSE,3V3KP-27MNJ-HRD3,,"PAP Monitoring, Per device availability",A9279,,,,,,,,,PAP Monitor Type,Per device availability,,,PAP System,Resmed Airsense 11,,,,,,
E5X-VSJS-B6AG-UR,BiLevel ST-A Package,Y87V-2N-NCDL-09V,PAP Monitoring,FALSE,4P1PC-S01B-9EGUE,,"PAP Monitoring, Per device availability",A9279,,,,,,,,,PAP Monitor Type,Per device availability,,,,,,,,,PAP System,Respironics Dreamstation 2
E5X-VSJS-B6AG-UR,BiLevel ST-A Package,Y87V-2N-NCDL-09V,PAP Monitoring,FALSE,4RPN-UQ-1SFCR-9K,,"PAP Monitoring, Cellular Modem",A9279,,,,,PAP Monitor Type,Cellular Modem,,,,,,,,,PAP System,Airsense / Aircurve 10,,,,
E5X-VSJS-B6AG-UR,BiLevel ST-A Package,Y87V-2N-NCDL-09V,PAP Monitoring,FALSE,4SR-NY2I-3I-UV1Q,,"PAP Monitoring, Cellular Modem",A9279,,,,,PAP Monitor Type,Cellular Modem,,,,,,,,,PAP System,Resmed S10 Aircurve BiLevel ST,,,,
E5X-VSJS-B6AG-UR,BiLevel ST-A Package,Y87V-2N-NCDL-09V,PAP Monitoring,FALSE,5C-PB01-AE-BD-Y9,,"PAP Monitoring, Per device availability",A9279,,,,,,,,,PAP Monitor Type,Per device availability,,,,,,,,,PAP System,ResMed Climate Line
E5X-VSJS-B6AG-UR,BiLevel ST-A Package,Y87V-2N-NCDL-09V,PAP Monitoring,FALSE,5HT-3JT-J2QB-ELF,,"PAP Monitoring, Per device availability",A9279,,,,,,,,,PAP Monitor Type,Per device availability,,,,,PAP System,Fit Upon Setup,,,,
E5X-VSJS-B6AG-UR,BiLevel ST-A Package,Y87V-2N-NCDL-09V,PAP Monitoring,FALSE,5MY-J1P-6YH9F-16,,"PAP Monitoring, Cellular Modem",A9279,,,PAP Monitor Type,Cellular Modem,,,,,,,,,PAP System,Pediatric,,,,,,
E5X-VSJS-B6AG-UR,BiLevel ST-A Package,Y87V-2N-NCDL-09V,PAP Monitoring,FALSE,5X-J24V-2T1S-B7P,,"PAP Monitoring, Per device availability",A9279,,,,,,,,,PAP Monitor Type,Per device availability,PAP System,3B Medical Luna II,,,,,,,,
E5X-VSJS-B6AG-UR,BiLevel ST-A Package,Y87V-2N-NCDL-09V,PAP Monitoring,FALSE,62K-GS-2X-G86-92,,"PAP Monitoring, Cellular Modem",A9279,PAP Monitor Type,Cellular Modem,,,,,,,,,PAP System,"Automatic, 5-20 cm",,,,,,,,
E5X-VSJS-B6AG-UR,BiLevel ST-A Package,Y87V-2N-NCDL-09V,PAP Monitoring,FALSE,6M-0ZN-ATF-2HRCM,,"PAP Monitoring, Cellular Modem",A9279,,,,,,,PAP Monitor Type,Cellular Modem,,,,,,,,,PAP System,Respironics System One,,
E5X-VSJS-B6AG-UR,BiLevel ST-A Package,Y87V-2N-NCDL-09V,PAP Monitoring,FALSE,6RE6-U1M-GES8-MA,,"PAP Monitoring, Cellular Modem",A9279,,,PAP Monitor Type,Cellular Modem,,,,,,,,,,,,,PAP System,Drive Medical IntelliPAP Auto-CPAP,,
E5X-VSJS-B6AG-UR,BiLevel ST-A Package,Y87V-2N-NCDL-09V,PAP Monitoring,FALSE,6V-5152T-E0B9-5F,,"PAP Monitoring, Cellular Modem",A9279,,,,,,,,,PAP Monitor Type,Cellular Modem,,,,,,,,,PAP System,Fit Upon Setup
E5X-VSJS-B6AG-UR,BiLevel ST-A Package,Y87V-2N-NCDL-09V,PAP Monitoring,FALSE,6V1I-LUCS2-KNUA8,,"PAP Monitoring, Per device availability",A9279,,,,,,,PAP Monitor Type,Per device availability,,,,,,,,,,,PAP System,Icon
E5X-VSJS-B6AG-UR,BiLevel ST-A Package,Y87V-2N-NCDL-09V,PAP Monitoring,FALSE,74DG-AF4B-AH8-VI,,"PAP Monitoring, Cellular Modem",A9279,,,,,,,,,PAP Monitor Type,Cellular Modem,,,,,,,,,PAP System,Resmed Airsense 11 Auto
E5X-VSJS-B6AG-UR,BiLevel ST-A Package,Y87V-2N-NCDL-09V,PAP Monitoring,FALSE,7AI3-35-NHQ-VRMT,,"PAP Monitoring, Cellular Modem",A9279,,,,,PAP Monitor Type,Cellular Modem,,,,,,,,,PAP System,Resmed Airsense 11,,,,
E5X-VSJS-B6AG-UR,BiLevel ST-A Package,Y87V-2N-NCDL-09V,PAP Monitoring,FALSE,7AU8U-81L-BQZ-54,,"PAP Monitoring, Cellular Modem",A9279,,,,,PAP Monitor Type,Cellular Modem,,,,,,,,,PAP System,Resmed S10 Aircurve Fixed BiLevel,,,,
E5X-VSJS-B6AG-UR,BiLevel ST-A Package,Y87V-2N-NCDL-09V,PAP Monitoring,FALSE,7B-FAZ4N-5T2R-83,,"PAP Monitoring, Cellular Modem",A9279,,,,,,,,,PAP Monitor Type,Cellular Modem,,,,,PAP System,ResMed Climate Line,,,,
E5X-VSJS-B6AG-UR,BiLevel ST-A Package,Y87V-2N-NCDL-09V,PAP Monitoring,FALSE,7GE-0K3NV-R4-32E,,"PAP Monitoring, Cellular Modem",A9279,,,,,,,,,PAP Monitor Type,Cellular Modem,,,,,,,,,PAP System,Generic ASV
E5X-VSJS-B6AG-UR,BiLevel ST-A Package,Y87V-2N-NCDL-09V,PAP Monitoring,FALSE,7IN-RI4-HJMCY-A9,,"PAP Monitoring, Per device availability",A9279,,,,,,,PAP Monitor Type,Per device availability,,,,,,,,,PAP System,ResMed AirMini Portable,,
E5X-VSJS-B6AG-UR,BiLevel ST-A Package,Y87V-2N-NCDL-09V,PAP Monitoring,FALSE,7JC-29H4-R51U-JY,,"PAP Monitoring, Per device availability",A9279,,,,,,,,,PAP Monitor Type,Per device availability,,,,,,,,,PAP System,Respironics Dreamstation 2 Auto-CPAP
E5X-VSJS-B6AG-UR,BiLevel ST-A Package,Y87V-2N-NCDL-09V,PAP Monitoring,FALSE,7LB89-0G7C-4R17P,,"PAP Monitoring, Per device availability",A9279,,,,,,,,,PAP Monitor Type,Per device availability,,,,,,,,,PAP System,Generic
E5X-VSJS-B6AG-UR,BiLevel ST-A Package,Y87V-2N-NCDL-09V,PAP Monitoring,FALSE,87R6-H2-ET7VD-PS,,"PAP Monitoring, Cellular Modem",A9279,,,,,,,,,PAP Monitor Type,Cellular Modem,,,,,,,,,PAP System,Resvent iBreeze
E5X-VSJS-B6AG-UR,BiLevel ST-A Package,Y87V-2N-NCDL-09V,PAP Monitoring,FALSE,8FM1J-SYU-6A-4KN,,"PAP Monitoring, Cellular Modem",A9279,,,,,PAP Monitor Type,Cellular Modem,,,,,,,,,PAP System,Respironics,,,,
E5X-VSJS-B6AG-UR,BiLevel ST-A Package,Y87V-2N-NCDL-09V,PAP Monitoring,FALSE,8PSY-NP-AI-FVT18,,"PAP Monitoring, Cellular Modem",A9279,,,,,,,,,PAP Monitor Type,Cellular Modem,,,,,,,,,PAP System,Resmed S10 Aircurve Fixed BiLevel ASV
E5X-VSJS-B6AG-UR,BiLevel ST-A Package,Y87V-2N-NCDL-09V,PAP Monitoring,FALSE,8QFA-HM-FLI-F1R8,,"PAP Monitoring, Per device availability",A9279,,,,,PAP Monitor Type,Per device availability,,,,,,,,,,,PAP System,Airsense / Aircurve 10,,
E5X-VSJS-B6AG-UR,BiLevel ST-A Package,Y87V-2N-NCDL-09V,PAP Monitoring,FALSE,8Y-QAD6-0GY97-DN,,"PAP Monitoring, SD Card (aka Card to Cloud)",A9279,,,,,,,PAP Monitor Type,SD Card (aka Card to Cloud),,,,,,,,,,,PAP System,Resmed S10 Aircurve Bilevel ST C2C
E5X-VSJS-B6AG-UR,BiLevel ST-A Package,Y87V-2N-NCDL-09V,PAP Monitoring,FALSE,91AVC-5X-21X-B86,,"PAP Monitoring, Per device availability",A9279,,,PAP Monitor Type,Per device availability,,,,,,,,,,,PAP System,Resmed S10 Aircurve Fixed BiLevel,,,,
E5X-VSJS-B6AG-UR,BiLevel ST-A Package,Y87V-2N-NCDL-09V,PAP Monitoring,FALSE,9HE-J5P2-TZX-KYN,,"PAP Monitoring, Cellular Modem",A9279,,,,,PAP Monitor Type,Cellular Modem,,,,,,,,,PAP System,ResMed S10 for Her,,,,
E5X-VSJS-B6AG-UR,BiLevel ST-A Package,Y87V-2N-NCDL-09V,PAP Monitoring,FALSE,9KT-YFS-QC-PR-SV,,"PAP Monitoring, Per device availability",A9279,,,,,,,,,PAP Monitor Type,Per device availability,,,,,PAP System,Generic ASV,,,,
E5X-VSJS-B6AG-UR,BiLevel ST-A Package,Y87V-2N-NCDL-09V,PAP Monitoring,FALSE,9MD-7AD-U8ZR7-6C,,"PAP Monitoring, Per device availability",A9279,,,,,,,,,PAP Monitor Type,Per device availability,,,,,,,,,PAP System,"Automatic, 5-20 cm"
E5X-VSJS-B6AG-UR,BiLevel ST-A Package,Y87V-2N-NCDL-09V,PAP Monitoring,FALSE,9Y2-JXZQ-QAP-MJP,,"PAP Monitoring, Per device availability",A9279,,,PAP Monitor Type,Per device availability,,,,,,,,,,,,,,,PAP System,Resmed S10 Aircurve Fixed BiLevel ASV
E5X-VSJS-B6AG-UR,BiLevel ST-A Package,Y87V-2N-NCDL-09V,PAP Monitoring,FALSE,AFJ-MK-CTGV-8IZK,,"PAP Monitoring, Cellular Modem",A9279,,,,,,,PAP Monitor Type,Cellular Modem,,,,,,,,,PAP System,Resmed S10 Aircurve BiLevel ASV,,
E5X-VSJS-B6AG-UR,BiLevel ST-A Package,Y87V-2N-NCDL-09V,PAP Monitoring,FALSE,AH-Y1EZ-BI8P-4MK,,"PAP Monitoring, Per device availability",A9279,,,,,,,,,PAP Monitor Type,Per device availability,,,,,,,,,PAP System,Respironics Ruby Topaz
E5X-VSJS-B6AG-UR,BiLevel ST-A Package,Y87V-2N-NCDL-09V,PAP Monitoring,FALSE,B2-3HPD3-QRE-YCA,,"PAP Monitoring, Cellular Modem",A9279,,,,,PAP Monitor Type,Cellular Modem,,,,,,,,,PAP System,"CPAP Machine, Respironics Dreamstation Auto-CPAP",,,,
E5X-VSJS-B6AG-UR,BiLevel ST-A Package,Y87V-2N-NCDL-09V,PAP Monitoring,FALSE,BM-GE3ZG-A6AR-YQ,,"PAP Monitoring, Per device availability",A9279,,,,,,,,,PAP Monitor Type,Per device availability,,,,,,,,,PAP System,Devilbiss
E5X-VSJS-B6AG-UR,BiLevel ST-A Package,Y87V-2N-NCDL-09V,PAP Monitoring,FALSE,BR-4CUB-AVN-K72P,,"PAP Monitoring, Per device availability",A9279,PAP Monitor Type,Per device availability,,,,,,,,,PAP System,Respironics Dreamstation BiPAP ASV,,,,,,,,
E5X-VSJS-B6AG-UR,BiLevel ST-A Package,Y87V-2N-NCDL-09V,PAP Monitoring,FALSE,BRZ7S-8QX-9SE-BM,,"PAP Monitoring, Cellular Modem",A9279,,,PAP Monitor Type,Cellular Modem,,,,,,,,,,,PAP System,Drive Medical Auto-CPAP,,,,
E5X-VSJS-B6AG-UR,BiLevel ST-A Package,Y87V-2N-NCDL-09V,PAP Monitoring,FALSE,C5-AQMG-HZQ8-R3J,,"PAP Monitoring, Per device availability",A9279,,,,,,,PAP Monitor Type,Per device availability,,,,,,,,,,,PAP System,Resmed AirSense 10 Elite Auto-CPAP
E5X-VSJS-B6AG-UR,BiLevel ST-A Package,Y87V-2N-NCDL-09V,PAP Monitoring,FALSE,CD5-FT-AK7J-JIQJ,,"PAP Monitoring, Cellular Modem",A9279,,,,,,,,,PAP Monitor Type,Cellular Modem,,,,,,,,,PAP System,Resmed S9 VPAP COPD
E5X-VSJS-B6AG-UR,BiLevel ST-A Package,Y87V-2N-NCDL-09V,PAP Monitoring,FALSE,CHMJ-ZC-GFT-4X6F,,"PAP Monitoring, Cellular Modem",A9279,,,,,,,,,PAP Monitor Type,Cellular Modem,,,,,,,PAP System,Sleepstyle 600,,
E5X-VSJS-B6AG-UR,BiLevel ST-A Package,Y87V-2N-NCDL-09V,PAP Monitoring,FALSE,CIKH-87-04TGA-C4,,"PAP Monitoring, Cellular Modem",A9279,,,,,,,PAP Monitor Type,Cellular Modem,,,,,,,,,,,PAP System,S9 Standard
E5X-VSJS-B6AG-UR,BiLevel ST-A Package,Y87V-2N-NCDL-09V,PAP Monitoring,FALSE,CLZD7-12-HX-5DQK,,"PAP Monitoring, Cellular Modem",A9279,,,,,PAP Monitor Type,Cellular Modem,,,,,,,,,PAP System,Resmed S10 Aircurve BiLevel ST-A,,,,
E5X-VSJS-B6AG-UR,BiLevel ST-A Package,Y87V-2N-NCDL-09V,PAP Monitoring,FALSE,D1CJ8-X4-5JN-I89,,"PAP Monitoring, Per device availability",A9279,,,,,,,,,PAP Monitor Type,Per device availability,,,,,,,,,PAP System,Drive Medical
E5X-VSJS-B6AG-UR,BiLevel ST-A Package,Y87V-2N-NCDL-09V,PAP Monitoring,FALSE,D7PE-Y0YD-83-DAM,,"PAP Monitoring, Per device availability",A9279,,,,,,,,,PAP Monitor Type,Per device availability,,,,,,,,,PAP System,Drive Medical IntelliPAP Auto BiLevel
E5X-VSJS-B6AG-UR,BiLevel ST-A Package,Y87V-2N-NCDL-09V,PAP Monitoring,FALSE,DCUGS-Z5N-TYM-4B,,"PAP Monitoring, Cellular Modem",A9279,,,,,,,,,PAP Monitor Type,Cellular Modem,,,,,,,,,PAP System,ResMed
E5X-VSJS-B6AG-UR,BiLevel ST-A Package,Y87V-2N-NCDL-09V,PAP Monitoring,FALSE,DGUT-AGR-QYJ-EFU,,"PAP Monitoring, Cellular Modem",A9279,,,,,PAP Monitor Type,Cellular Modem,,,,,,,,,PAP System,Resmed S10 Aircurve ST,,,,
E5X-VSJS-B6AG-UR,BiLevel ST-A Package,Y87V-2N-NCDL-09V,PAP Monitoring,FALSE,DX-ELU3L-ATRI-7U,,"PAP Monitoring, Per device availability",A9279,,,,,PAP Monitor Type,Per device availability,,,,,,,,,PAP System,ResMed AirMini,,,,
E5X-VSJS-B6AG-UR,BiLevel ST-A Package,Y87V-2N-NCDL-09V,PAP Monitoring,FALSE,DYHB-PZ7-9D-7ML2,,"PAP Monitoring, Per device availability",A9279,,,,,,,,,PAP Monitor Type,Per device availability,,,,,,,,,PAP System,Resmed S10 Auto-CPAP
E5X-VSJS-B6AG-UR,BiLevel ST-A Package,Y87V-2N-NCDL-09V,PAP Monitoring,FALSE,E2542-6LJC1-JDMB,,"PAP Monitoring, SD Card (aka Card to Cloud)",A9279,,,,,,,PAP Monitor Type,SD Card (aka Card to Cloud),,,,,,,PAP System,Resmed S10 Aircurve Bilevel ST-A C2C,,,,
E5X-VSJS-B6AG-UR,BiLevel ST-A Package,Y87V-2N-NCDL-09V,PAP Monitoring,FALSE,EJ-7KBM-0IURV-6D,,"PAP Monitoring, Cellular Modem",A9279,,,,,PAP Monitor Type,Cellular Modem,,,,,,,,,PAP System,Resmed AirSense 10 Elite Auto-CPAP,,,,
E5X-VSJS-B6AG-UR,BiLevel ST-A Package,Y87V-2N-NCDL-09V,PAP Monitoring,FALSE,F2S-DH4-Q8ZV2-F0,,"PAP Monitoring, Per device availability",A9279,,,,,,,,,PAP Monitor Type,Per device availability,,,,,PAP System,Respironics Dreamstation Auto-CPAP,,,,
E5X-VSJS-B6AG-UR,BiLevel ST-A Package,Y87V-2N-NCDL-09V,PAP Monitoring,FALSE,FB94M-0X-GC6D-6M,,"PAP Monitoring, Per device availability",A9279,PAP Monitor Type,Per device availability,,,,,,,,,PAP System,ResMed S10 for Her,,,,,,,,
E5X-VSJS-B6AG-UR,BiLevel ST-A Package,Y87V-2N-NCDL-09V,PAP Monitoring,FALSE,FI-2K-HI-AF-RNHB,,"PAP Monitoring, Per device availability",A9279,PAP Monitor Type,Per device availability,,,,,,,,,PAP System,Resmed AirSense 10 Elite,,,,,,,,
E5X-VSJS-B6AG-UR,BiLevel ST-A Package,Y87V-2N-NCDL-09V,PAP Monitoring,FALSE,G17Y2-10ASD-NILA,,"PAP Monitoring, Per device availability",A9279,,,,,,,,,PAP Monitor Type,Per device availability,,,,,PAP System,ResMed Fixed,,,,
E5X-VSJS-B6AG-UR,BiLevel ST-A Package,Y87V-2N-NCDL-09V,PAP Monitoring,FALSE,G1S-2CH-9XLV-2TB,,"PAP Monitoring, Cellular Modem",A9279,PAP Monitor Type,Cellular Modem,,,,,,,,,PAP System,S9/S10,,,,,,,,
E5X-VSJS-B6AG-UR,BiLevel ST-A Package,Y87V-2N-NCDL-09V,PAP Monitoring,FALSE,G9U-XD4-HSAU7-E4,,"PAP Monitoring, Per device availability",A9279,,,,,,,,,PAP Monitor Type,Per device availability,,,,,,,,,PAP System,Resmed S10 Aircurve Auto BiLevel
E5X-VSJS-B6AG-UR,BiLevel ST-A Package,Y87V-2N-NCDL-09V,PAP Monitoring,FALSE,GP8-QU-LZ8-IB9VH,,"PAP Monitoring, Per device availability",A9279,,,,,,,,,PAP Monitor Type,Per device availability,,,,,,,,,PAP System,Resmed Auto for Her
E5X-VSJS-B6AG-UR,BiLevel ST-A Package,Y87V-2N-NCDL-09V,PAP Monitoring,FALSE,GPTRZ-ZX-D0JC-0C,,"PAP Monitoring, Cellular Modem",A9279,,,,,PAP Monitor Type,Cellular Modem,,,,,,,,,,,,,PAP System,Fisher & Paykel (F&P) Icon Auto-CPAP Premium
E5X-VSJS-B6AG-UR,BiLevel ST-A Package,Y87V-2N-NCDL-09V,PAP Monitoring,FALSE,GR3-Z5A9-614H-ZX,,"PAP Monitoring, Cellular Modem",A9279,,,,,PAP Monitor Type,Cellular Modem,,,,,,,,,PAP System,S10,,,,
E5X-VSJS-B6AG-UR,BiLevel ST-A Package,Y87V-2N-NCDL-09V,PAP Monitoring,FALSE,GT-BU-IY-DXD-JYP,,"PAP Monitoring, Cellular Modem",A9279,,,PAP Monitor Type,Cellular Modem,,,,,,,,,PAP System,Drive Medical IntelliPAP,,,,,,
E5X-VSJS-B6AG-UR,BiLevel ST-A Package,Y87V-2N-NCDL-09V,PAP Monitoring,FALSE,H02-PB-12IC-R176,,"PAP Monitoring, Per device availability",A9279,,,,,PAP Monitor Type,Per device availability,,,,,,,,,PAP System,ResMed,,,,
E5X-VSJS-B6AG-UR,BiLevel ST-A Package,Y87V-2N-NCDL-09V,PAP Monitoring,FALSE,H5B1M-RJT-2M1-B7,,"PAP Monitoring, Per device availability",A9279,PAP Monitor Type,Per device availability,,,,,,,,,,,,,,,,,PAP System,Resmed S10 Aircurve BiLevel ST
E5X-VSJS-B6AG-UR,BiLevel ST-A Package,Y87V-2N-NCDL-09V,PAP Monitoring,FALSE,H5FU-65H90-67-X3,,"PAP Monitoring, SD Card (aka Card to Cloud)",A9279,,,,,,,,,PAP Monitor Type,SD Card (aka Card to Cloud),,,,,,,PAP System,Resmed S10 Aircurve Auto Bilevel ASV C2C,,
E5X-VSJS-B6AG-UR,BiLevel ST-A Package,Y87V-2N-NCDL-09V,PAP Monitoring,FALSE,H95P-RZY-HKU-I70,,"PAP Monitoring, Cellular Modem",A9279,,,,,,,,,PAP Monitor Type,Cellular Modem,,,,,,,,,PAP System,Fisher & Paykel (F&P) Icon Auto-CPAP
E5X-VSJS-B6AG-UR,BiLevel ST-A Package,Y87V-2N-NCDL-09V,PAP Monitoring,FALSE,HC7-U7-7P-PHL-T7,,"PAP Monitoring, Per device availability",A9279,,,,,,,,,PAP Monitor Type,Per device availability,,,,,,,,,PAP System,Resmed S10 BiPAP ASV
E5X-VSJS-B6AG-UR,BiLevel ST-A Package,Y87V-2N-NCDL-09V,PAP Monitoring,FALSE,HX2B-Z2-9GIRE-VU,,"PAP Monitoring, Cellular Modem",A9279,,,PAP Monitor Type,Cellular Modem,,,,,,,,,PAP System,Automatic,,,,,,
E5X-VSJS-B6AG-UR,BiLevel ST-A Package,Y87V-2N-NCDL-09V,PAP Monitoring,FALSE,I2-TMZ7-N81-IEVT,,"PAP Monitoring, Per device availability",A9279,,,,,,,,,PAP Monitor Type,Per device availability,,,,,,,PAP System,Sleepstyle 600,,
E5X-VSJS-B6AG-UR,BiLevel ST-A Package,Y87V-2N-NCDL-09V,PAP Monitoring,FALSE,IL6M1-F9GRE-9B2Q,,"PAP Monitoring, Per device availability",A9279,,,,,,,,,PAP Monitor Type,Per device availability,,,,,,,,,PAP System,Not Specified
E5X-VSJS-B6AG-UR,BiLevel ST-A Package,Y87V-2N-NCDL-09V,PAP Monitoring,FALSE,ILFD-HDKTI-D8-90,,"PAP Monitoring, SD Card (aka Card to Cloud)",A9279,,,,,PAP Monitor Type,SD Card (aka Card to Cloud),,,,,,,,,PAP System,Resmed S10 Aircurve Fixed Bilevel C2C,,,,
E5X-VSJS-B6AG-UR,BiLevel ST-A Package,Y87V-2N-NCDL-09V,PAP Monitoring,FALSE,IM7-3I0N-LU-BS2L,,"PAP Monitoring, Per device availability",A9279,,,,,PAP Monitor Type,Per device availability,,,,,,,,,PAP System,Resmed S10 Aircurve ASV,,,,
E5X-VSJS-B6AG-UR,BiLevel ST-A Package,Y87V-2N-NCDL-09V,PAP Monitoring,FALSE,IT-MKQF9-7X2-18S,,"PAP Monitoring, Cellular Modem",A9279,,,,,,,,,PAP Monitor Type,Cellular Modem,,,,,,,,,PAP System,ResMed S10 Auto-CPAP for Her
E5X-VSJS-B6AG-UR,BiLevel ST-A Package,Y87V-2N-NCDL-09V,PAP Monitoring,FALSE,IV3-XM-KZF9-YRQ5,,"PAP Monitoring, Cellular Modem",A9279,,,,,,,PAP Monitor Type,Cellular Modem,,,,,,,,,PAP System,Resmed S10 Auto-CPAP,,
E5X-VSJS-B6AG-UR,BiLevel ST-A Package,Y87V-2N-NCDL-09V,PAP Monitoring,FALSE,JH-CSRT-BE-32-YP,,"PAP Monitoring, Cellular Modem",A9279,,,,,,,,,PAP Monitor Type,Cellular Modem,,,,,,,,,PAP System,Resmed S9 VPAP Auto BiLevel
E5X-VSJS-B6AG-UR,BiLevel ST-A Package,Y87V-2N-NCDL-09V,PAP Monitoring,FALSE,JI9L-P2Q7-ZN-Q2N,,"PAP Monitoring, Cellular Modem",A9279,,,PAP Monitor Type,Cellular Modem,,,,,,,,,,,,,,,PAP System,System to Fit
E5X-VSJS-B6AG-UR,BiLevel ST-A Package,Y87V-2N-NCDL-09V,PAP Monitoring,FALSE,K0GC-GY2TF-IR8UQ,,"PAP Monitoring, Per device availability",A9279,,,,,,,,,PAP Monitor Type,Per device availability,,,,,,,,,PAP System,S8
E5X-VSJS-B6AG-UR,BiLevel ST-A Package,Y87V-2N-NCDL-09V,PAP Monitoring,FALSE,K6VBK-SR5-M8L-3G,,"PAP Monitoring, Per device availability",A9279,,,,,PAP Monitor Type,Per device availability,,,,,,,,,,,PAP System,Resmed S10 Aircurve BiLevel ST-A,,
E5X-VSJS-B6AG-UR,BiLevel ST-A Package,Y87V-2N-NCDL-09V,PAP Monitoring,FALSE,KPM-XB-G4-QAB-VL,,"PAP Monitoring, Cellular Modem",A9279,,,,,,,,,PAP Monitor Type,Cellular Modem,,,,,,,,,PAP System,ResMed Fixed
E5X-VSJS-B6AG-UR,BiLevel ST-A Package,Y87V-2N-NCDL-09V,PAP Monitoring,FALSE,L89-2K3H-PZ6-34J,,"PAP Monitoring, Per device availability",A9279,,,,,PAP Monitor Type,Per device availability,,,,,,,,,PAP System,Resmed Airsense 11 Auto,,,,
E5X-VSJS-B6AG-UR,BiLevel ST-A Package,Y87V-2N-NCDL-09V,PAP Monitoring,FALSE,LI-MZ-B6ME-1S5ZX,,"PAP Monitoring, Per device availability",A9279,,,,,,,PAP Monitor Type,Per device availability,,,,,,,,,PAP System,Resmed S10 Aircurve BiLevel ASV,,
E5X-VSJS-B6AG-UR,BiLevel ST-A Package,Y87V-2N-NCDL-09V,PAP Monitoring,FALSE,LP-853-N2N-PY-19,,"PAP Monitoring, Per device availability",A9279,,,,,PAP Monitor Type,Per device availability,,,,,,,,,PAP System,Respironics System One,,,,
E5X-VSJS-B6AG-UR,BiLevel ST-A Package,Y87V-2N-NCDL-09V,PAP Monitoring,FALSE,M3X-M1-C1J29-6Q5,,"PAP Monitoring, Cellular Modem",A9279,,,,,,,,,PAP Monitor Type,Cellular Modem,,,,,,,,,PAP System,Icon
E5X-VSJS-B6AG-UR,BiLevel ST-A Package,Y87V-2N-NCDL-09V,PAP Monitoring,FALSE,M7A-LF-V9ZLC-HJH,,"PAP Monitoring, Per device availability",A9279,,,,,,,,,PAP Monitor Type,Per device availability,,,,,,,PAP System,Pediatric,,
E5X-VSJS-B6AG-UR,BiLevel ST-A Package,Y87V-2N-NCDL-09V,PAP Monitoring,FALSE,MC3F-NG-0LRQ-SKQ,,"PAP Monitoring, Cellular Modem",A9279,PAP Monitor Type,Cellular Modem,,,,,,,,,PAP System,Respironics Dreamstation 2,,,,,,,,
E5X-VSJS-B6AG-UR,BiLevel ST-A Package,Y87V-2N-NCDL-09V,PAP Monitoring,FALSE,MEV-T8-47JM-PHBS,,"PAP Monitoring, Per device availability",A9279,,,,,,,,,PAP Monitor Type,Per device availability,,,,,,,,,PAP System,S9
E5X-VSJS-B6AG-UR,BiLevel ST-A Package,Y87V-2N-NCDL-09V,PAP Monitoring,FALSE,MI75U-FM-8UI-H8H,,"PAP Monitoring, Per device availability",A9279,,,,,,,,,PAP Monitor Type,Per device availability,,,,,,,,,PAP System,Respironics Dreamstation BiPAP AVAPS
E5X-VSJS-B6AG-UR,BiLevel ST-A Package,Y87V-2N-NCDL-09V,PAP Monitoring,FALSE,MTJ-VMCS-A8-ITSK,,"PAP Monitoring, Cellular Modem",A9279,,,,,PAP Monitor Type,Cellular Modem,,,,,,,,,PAP System,Drive Medical,,,,
E5X-VSJS-B6AG-UR,BiLevel ST-A Package,Y87V-2N-NCDL-09V,PAP Monitoring,FALSE,N5D-Z69-GSAYT-KM,,"PAP Monitoring, Per device availability",A9279,,,,,,,PAP Monitor Type,Per device availability,,,,,,,,,,,PAP System,Resmed S10 Aircurve BiLevel
E5X-VSJS-B6AG-UR,BiLevel ST-A Package,Y87V-2N-NCDL-09V,PAP Monitoring,FALSE,ND5CU-8MDM-S8-P7,,"PAP Monitoring, Per device availability",A9279,,,,,,,,,PAP Monitor Type,Per device availability,,,,,,,,,PAP System,Resmed S10 Aircurve Auto BiLevel ASV
E5X-VSJS-B6AG-UR,BiLevel ST-A Package,Y87V-2N-NCDL-09V,PAP Monitoring,FALSE,NE-91U4-HX-9I-18,,"PAP Monitoring, Cellular Modem",A9279,,,,,,,PAP Monitor Type,Cellular Modem,,,,,,,,,PAP System,ResMed Auto,,
E5X-VSJS-B6AG-UR,BiLevel ST-A Package,Y87V-2N-NCDL-09V,PAP Monitoring,FALSE,NT-NB-0QTIG-RZR6,,"PAP Monitoring, SD Card (aka Card to Cloud)",A9279,,,,,,,,,PAP Monitor Type,SD Card (aka Card to Cloud),,,,,PAP System,Resmed S10 Aircurve Auto Bilevel C2C,,,,
E5X-VSJS-B6AG-UR,BiLevel ST-A Package,Y87V-2N-NCDL-09V,PAP Monitoring,FALSE,NU-KC-ILAS-EC-6Y,,"PAP Monitoring, Per device availability",A9279,,,,,PAP Monitor Type,Per device availability,,,,,,,,,,,,,PAP System,Drive Medical IntelliPAP
E5X-VSJS-B6AG-UR,BiLevel ST-A Package,Y87V-2N-NCDL-09V,PAP Monitoring,FALSE,NUQ1-2JUD8-9ASY6,,"PAP Monitoring, Cellular Modem",A9279,,,,,,,,,PAP Monitor Type,Cellular Modem,,,,,,,,,PAP System,Resmed Airsense 11 Fixed
E5X-VSJS-B6AG-UR,BiLevel ST-A Package,Y87V-2N-NCDL-09V,PAP Monitoring,FALSE,P5SVU-SVSEM-J15L,,"PAP Monitoring, Cellular Modem",A9279,,,,,,,,,PAP Monitor Type,Cellular Modem,,,,,,,,,PAP System,Devilbiss
E5X-VSJS-B6AG-UR,BiLevel ST-A Package,Y87V-2N-NCDL-09V,PAP Monitoring,FALSE,PHP-A3EF-0C-BGJQ,,"PAP Monitoring, Per device availability",A9279,,,,,PAP Monitor Type,Per device availability,,,,,,,,,PAP System,Fisher & Paykel (F&P) Icon,,,,
E5X-VSJS-B6AG-UR,BiLevel ST-A Package,Y87V-2N-NCDL-09V,PAP Monitoring,FALSE,PKI3-P5-0YHDF-AI,,"PAP Monitoring, Per device availability",A9279,PAP Monitor Type,Per device availability,,,,,,,,,,,PAP System,Fisher & Paykel (F&P) Icon Auto-CPAP Premium,,,,,,
E5X-VSJS-B6AG-UR,BiLevel ST-A Package,Y87V-2N-NCDL-09V,PAP Monitoring,FALSE,PQSKN-6I-MSAX-7N,,"PAP Monitoring, Cellular Modem",A9279,,,,,,,,,PAP Monitor Type,Cellular Modem,,,,,,,PAP System,Resmed S10 Aircurve Auto BiLevel,,
E5X-VSJS-B6AG-UR,BiLevel ST-A Package,Y87V-2N-NCDL-09V,PAP Monitoring,FALSE,PSDTL-IK-JF6P-86,,"PAP Monitoring, Per device availability",A9279,,,,,,,,,PAP Monitor Type,Per device availability,,,,,,,,,PAP System,Generic AVAPS
E5X-VSJS-B6AG-UR,BiLevel ST-A Package,Y87V-2N-NCDL-09V,PAP Monitoring,FALSE,Q75T-FB-GXTM3-E0,,"PAP Monitoring, Cellular Modem",A9279,,,,,,,,,PAP Monitor Type,Cellular Modem,,,,,,,,,PAP System,Resmed S10 Auto-BiPAP
E5X-VSJS-B6AG-UR,BiLevel ST-A Package,Y87V-2N-NCDL-09V,PAP Monitoring,FALSE,QB-75-PC-FVCY-8V,,"PAP Monitoring, Cellular Modem",A9279,PAP Monitor Type,Cellular Modem,,,,,,,,,,,,,,,,,PAP System,Respironics Dreamstation Auto BiPAP
E5X-VSJS-B6AG-UR,BiLevel ST-A Package,Y87V-2N-NCDL-09V,PAP Monitoring,FALSE,QBED-NY-36-G6-U1,,"PAP Monitoring, Cellular Modem",A9279,,,,,,,,,PAP Monitor Type,Cellular Modem,PAP System,Fisher & Paykel (F&P) Icon,,,,,,,,
E5X-VSJS-B6AG-UR,BiLevel ST-A Package,Y87V-2N-NCDL-09V,PAP Monitoring,FALSE,QG-NMD0-VAXUE-32,,"PAP Monitoring, Per device availability",A9279,,,,,,,,,PAP Monitor Type,Per device availability,,,,,,,,,PAP System,Drive Medical IntelliPAP BiLevel
E5X-VSJS-B6AG-UR,BiLevel ST-A Package,Y87V-2N-NCDL-09V,PAP Monitoring,FALSE,QIC-VSZ-1Y6-0YSZ,,"PAP Monitoring, Cellular Modem",A9279,,,,,,,PAP Monitor Type,Cellular Modem,,,,,,,,,,,PAP System,Resmed S10 Fixed CPAP
E5X-VSJS-B6AG-UR,BiLevel ST-A Package,Y87V-2N-NCDL-09V,PAP Monitoring,FALSE,QJ-G9I-FHVI4-453,,"PAP Monitoring, Cellular Modem",A9279,,,,,,,,,PAP Monitor Type,Cellular Modem,,,,,,,,,PAP System,Custom
E5X-VSJS-B6AG-UR,BiLevel ST-A Package,Y87V-2N-NCDL-09V,PAP Monitoring,FALSE,QY-XZ3-M7J-Y3B1E,,"PAP Monitoring, Cellular Modem",A9279,,,,,,,,,PAP Monitor Type,Cellular Modem,,,,,,,,,PAP System,Resmed S10 BiPAP ASV
E5X-VSJS-B6AG-UR,BiLevel ST-A Package,Y87V-2N-NCDL-09V,PAP Monitoring,FALSE,R6-V7AF-62TZ6-3D,,"PAP Monitoring, Cellular Modem",A9279,,,,,,,,,PAP Monitor Type,Cellular Modem,,,,,,,,,PAP System,Drive Medical IntelliPAP BiLevel
E5X-VSJS-B6AG-UR,BiLevel ST-A Package,Y87V-2N-NCDL-09V,PAP Monitoring,FALSE,RY-RC9C-CF-TA8J4,,"PAP Monitoring, Cellular Modem",A9279,,,,,,,,,PAP Monitor Type,Cellular Modem,,,,,,,PAP System,Respironics Dreamstation BiPAP ASV,,
E5X-VSJS-B6AG-UR,BiLevel ST-A Package,Y87V-2N-NCDL-09V,PAP Monitoring,FALSE,S3F9Y-HDQT-RL-AV,,"PAP Monitoring, Per device availability",A9279,,,,,,,,,PAP Monitor Type,Per device availability,,,,,,,,,PAP System,Drive Medical IntelliPAP Auto-CPAP
E5X-VSJS-B6AG-UR,BiLevel ST-A Package,Y87V-2N-NCDL-09V,PAP Monitoring,FALSE,SC-0Z69R-4ETG-53,,"PAP Monitoring, Cellular Modem",A9279,,,,,PAP Monitor Type,Cellular Modem,,,,,,,,,,,,,PAP System,Resmed AirSense 10 Elite
E5X-VSJS-B6AG-UR,BiLevel ST-A Package,Y87V-2N-NCDL-09V,PAP Monitoring,FALSE,SN-NMUAR-QJX5-GT,,"PAP Monitoring, Cellular Modem",A9279,,,,,PAP Monitor Type,Cellular Modem,,,,,,,,,PAP System,Resmed S10 Aircurve BiLevel,,,,
E5X-VSJS-B6AG-UR,BiLevel ST-A Package,Y87V-2N-NCDL-09V,PAP Monitoring,FALSE,T1AR5-ZIFK0-3G60,,"PAP Monitoring, Per device availability",A9279,,,,,,,,,PAP Monitor Type,Per device availability,,,,,,,,,PAP System,Custom
E5X-VSJS-B6AG-UR,BiLevel ST-A Package,Y87V-2N-NCDL-09V,PAP Monitoring,FALSE,T82JU-8LKLX-XK4P,,"PAP Monitoring, Per device availability",A9279,,,PAP Monitor Type,Per device availability,,,,,,,,,,,PAP System,Fisher & Paykel (F&P) Icon Auto-CPAP,,,,
E5X-VSJS-B6AG-UR,BiLevel ST-A Package,Y87V-2N-NCDL-09V,PAP Monitoring,FALSE,TM7-6C-9SUJ-25GF,,"PAP Monitoring, Per device availability",A9279,,,PAP Monitor Type,Per device availability,,,,,,,,,PAP System,Resvent iBreeze,,,,,,
E5X-VSJS-B6AG-UR,BiLevel ST-A Package,Y87V-2N-NCDL-09V,PAP Monitoring,FALSE,TSFYP-RM2Z9-KHJH,,"PAP Monitoring, Cellular Modem",A9279,,,,,,,,,PAP Monitor Type,Cellular Modem,,,,,PAP System,Resmed S10,,,,
E5X-VSJS-B6AG-UR,BiLevel ST-A Package,Y87V-2N-NCDL-09V,PAP Monitoring,FALSE,TVU1Z-PBP4V-9K35,,"PAP Monitoring, Cellular Modem",A9279,,,,,,,,,PAP Monitor Type,Cellular Modem,PAP System,3B Medical Luna II,,,,,,,,
E5X-VSJS-B6AG-UR,BiLevel ST-A Package,Y87V-2N-NCDL-09V,PAP Monitoring,FALSE,U1K83-QA-VLE9-9C,,"PAP Monitoring, Cellular Modem",A9279,,,,,PAP Monitor Type,Cellular Modem,,,,,,,,,,,,,PAP System,ResMed AirMini
E5X-VSJS-B6AG-UR,BiLevel ST-A Package,Y87V-2N-NCDL-09V,PAP Monitoring,FALSE,U3BCX-86M-P9-5JI,,"PAP Monitoring, Per device availability",A9279,,,,,,,,,PAP Monitor Type,Per device availability,,,,,,,,,PAP System,Drive Medical IntelliPAP BiLevel ST
E5X-VSJS-B6AG-UR,BiLevel ST-A Package,Y87V-2N-NCDL-09V,PAP Monitoring,FALSE,UBPI5-YG-RQZL-1U,,"PAP Monitoring, Per device availability",A9279,PAP Monitor Type,Per device availability,,,,,,,,,PAP System,ResMed S10 Auto-CPAP for Her,,,,,,,,
E5X-VSJS-B6AG-UR,BiLevel ST-A Package,Y87V-2N-NCDL-09V,PAP Monitoring,FALSE,UCJM-4VKQ-3X-G01,,"PAP Monitoring, Cellular Modem",A9279,,,,,,,,,PAP Monitor Type,Cellular Modem,,,,,,,,,PAP System,S8
E5X-VSJS-B6AG-UR,BiLevel ST-A Package,Y87V-2N-NCDL-09V,PAP Monitoring,FALSE,UMDFE-6K8B-0G-JC,,"PAP Monitoring, Cellular Modem",A9279,PAP Monitor Type,Cellular Modem,,,,,,,,,,,PAP System,Not Specified,,,,,,
E5X-VSJS-B6AG-UR,BiLevel ST-A Package,Y87V-2N-NCDL-09V,PAP Monitoring,FALSE,UQK7-4GYI-JBV-V9,,"PAP Monitoring, Cellular Modem",A9279,,,,,,,,,PAP Monitor Type,Cellular Modem,,,,,,,,,PAP System,Drive Medical IntelliPAP Auto BiLevel
E5X-VSJS-B6AG-UR,BiLevel ST-A Package,Y87V-2N-NCDL-09V,PAP Monitoring,FALSE,UTA-QZ-9T-J23-M1,,"PAP Monitoring, Per device availability",A9279,,,,,,,,,PAP Monitor Type,Per device availability,,,,,,,,,PAP System,Resmed S10 Auto-BiPAP
E5X-VSJS-B6AG-UR,BiLevel ST-A Package,Y87V-2N-NCDL-09V,PAP Monitoring,FALSE,UV-2ST4V-9Q-Y2KZ,,"PAP Monitoring, Cellular Modem",A9279,,,,,PAP Monitor Type,Cellular Modem,,,,,,,PAP System,Fixed,,,,,,
E5X-VSJS-B6AG-UR,BiLevel ST-A Package,Y87V-2N-NCDL-09V,PAP Monitoring,FALSE,V73-G7A-RAL-QP8C,,"PAP Monitoring, Per device availability",A9279,,,,,,,PAP Monitor Type,Per device availability,,,,,,,,,,,PAP System,Resmed Airsense 11 Fixed
E5X-VSJS-B6AG-UR,BiLevel ST-A Package,Y87V-2N-NCDL-09V,PAP Monitoring,FALSE,VDIU-H809-ULU-Z3,,"PAP Monitoring, Cellular Modem",A9279,,,,,PAP Monitor Type,Cellular Modem,,,,,,,,,PAP System,Respironics Deluxe,,,,
E5X-VSJS-B6AG-UR,BiLevel ST-A Package,Y87V-2N-NCDL-09V,PAP Monitoring,FALSE,VDQA-5USX9-4R-9I,,"PAP Monitoring, Cellular Modem",A9279,,,,,,,PAP Monitor Type,Cellular Modem,,,,,,,,,PAP System,Drive Medical IntelliPAP BiLevel ST,,
E5X-VSJS-B6AG-UR,BiLevel ST-A Package,Y87V-2N-NCDL-09V,PAP Monitoring,FALSE,VG2S-LM-3YHAL-ZM,,"PAP Monitoring, Per device availability",A9279,,,,,,,,,PAP Monitor Type,Per device availability,,,,,,,PAP System,"CPAP Machine, Respironics Dreamstation Auto-CPAP",,
E5X-VSJS-B6AG-UR,BiLevel ST-A Package,Y87V-2N-NCDL-09V,PAP Monitoring,FALSE,VK-76-5DZXN-ACP0,,"PAP Monitoring, Cellular Modem",A9279,,,,,,,,,PAP Monitor Type,Cellular Modem,,,,,,,,,PAP System,Resmed AirSense 10 AutoSet
E5X-VSJS-B6AG-UR,BiLevel ST-A Package,Y87V-2N-NCDL-09V,PAP Monitoring,FALSE,VQ-CE8Q-AXH71-8G,,"PAP Monitoring, Cellular Modem",A9279,,,,,,,,,PAP Monitor Type,Cellular Modem,,,,,,,,,PAP System,Respironics Dreamstation BiPAP AVAPS
E5X-VSJS-B6AG-UR,BiLevel ST-A Package,Y87V-2N-NCDL-09V,PAP Monitoring,FALSE,VUSP-RQ80T-9FCN7,,"PAP Monitoring, Per device availability",A9279,PAP Monitor Type,Per device availability,,,,,,,,,PAP System,Resmed S9 VPAP Auto BiLevel,,,,,,,,
E5X-VSJS-B6AG-UR,BiLevel ST-A Package,Y87V-2N-NCDL-09V,PAP Monitoring,FALSE,X2-9TEI0-VDYI-MR,,"PAP Monitoring, Per device availability",A9279,,,,,,,,,PAP Monitor Type,Per device availability,,,,,,,,,PAP System,Resmed S9 VPAP COPD
E5X-VSJS-B6AG-UR,BiLevel ST-A Package,Y87V-2N-NCDL-09V,PAP Monitoring,FALSE,X8L-N5IA-8F-LT7V,,"PAP Monitoring, Per device availability",A9279,,,,,,,,,PAP Monitor Type,Per device availability,,,,,,,,,PAP System,Respironics Premium
E5X-VSJS-B6AG-UR,BiLevel ST-A Package,Y87V-2N-NCDL-09V,PAP Monitoring,FALSE,XDZHK-QD6-6U5-CF,,"PAP Monitoring, Cellular Modem",A9279,,,,,,,,,PAP Monitor Type,Cellular Modem,,,,,,,,,PAP System,Respironics Premium
E5X-VSJS-B6AG-UR,BiLevel ST-A Package,Y87V-2N-NCDL-09V,PAP Monitoring,FALSE,XG41Q-95K4-FS-4Q,,"PAP Monitoring, Per device availability",A9279,,,,,,,,,PAP Monitor Type,Per device availability,,,,,,,,,PAP System,Fixed
E5X-VSJS-B6AG-UR,BiLevel ST-A Package,Y87V-2N-NCDL-09V,PAP Monitoring,FALSE,XKG-S5-JQ-IJ-I6Q,,"PAP Monitoring, ReactHealth",A9279,,,PAP Monitor Type,Per device availability,,,,,,,,,PAP System,ReactHealth,,,,,,
E5X-VSJS-B6AG-UR,BiLevel ST-A Package,Y87V-2N-NCDL-09V,PAP Monitoring,FALSE,XTL79-SK5I-GQTXY,,"PAP Monitoring, Cellular Modem",A9279,,,PAP Monitor Type,Cellular Modem,,,,,,,,,,,,,,,PAP System,Respironics Dreamstation Auto-CPAP
E5X-VSJS-B6AG-UR,BiLevel ST-A Package,Y87V-2N-NCDL-09V,PAP Monitoring,FALSE,XZJ-1JYUS-BF-6HB,,"PAP Monitoring, Per device availability",A9279,,,,,,,PAP Monitor Type,Per device availability,,,,,,,PAP System,S9 Cleanable,,,,
E5X-VSJS-B6AG-UR,BiLevel ST-A Package,Y87V-2N-NCDL-09V,PAP Monitoring,FALSE,Y35V-8I8JT-5T27Q,,"PAP Monitoring, Per device availability",A9279,,,,,,,PAP Monitor Type,Per device availability,,,,,,,,,PAP System,Respironics Deluxe,,
E5X-VSJS-B6AG-UR,BiLevel ST-A Package,Y87V-2N-NCDL-09V,PAP Monitoring,FALSE,Y5M9M-3Z9-MF2-18,,"PAP Monitoring, Cellular Modem",A9279,,,,,,,,,PAP Monitor Type,Cellular Modem,,,,,,,,,PAP System,Respironics Dreamstation 2 Auto-CPAP
E5X-VSJS-B6AG-UR,BiLevel ST-A Package,Y87V-2N-NCDL-09V,PAP Monitoring,FALSE,YBIE-YT-8I7K5-Y8,,"PAP Monitoring, Cellular Modem",A9279,,,,,PAP Monitor Type,Cellular Modem,,,,,,,,,,,,,PAP System,Fisher & Paykel (F&P) Icon Premium
E5X-VSJS-B6AG-UR,BiLevel ST-A Package,Y87V-2N-NCDL-09V,PAP Monitoring,FALSE,YD-H3S1-A0DE-XFJ,,"PAP Monitoring, Per device availability",A9279,,,,,,,,,PAP Monitor Type,Per device availability,,,,,,,,,PAP System,Automatic
E5X-VSJS-B6AG-UR,BiLevel ST-A Package,Y87V-2N-NCDL-09V,PAP Monitoring,FALSE,YHI-T1XT-AQB-1UJ,,"PAP Monitoring, Cellular Modem",A9279,,,,,PAP Monitor Type,Cellular Modem,,,,,,,,,PAP System,Resmed Auto for Her,,,,
E5X-VSJS-B6AG-UR,BiLevel ST-A Package,Y87V-2N-NCDL-09V,PAP Monitoring,FALSE,YS58-EPR3D-CB5Y0,,"PAP Monitoring, Per device availability",A9279,,,,,,,PAP Monitor Type,Per device availability,,,,,,,,,PAP System,Respironics,,
E5X-VSJS-B6AG-UR,BiLevel ST-A Package,Y87V-2N-NCDL-09V,PAP Monitoring,FALSE,YTM-FGQFX-MK-L6F,,"PAP Monitoring, Per device availability",A9279,,,,,,,PAP Monitor Type,Per device availability,,,,,,,PAP System,Resmed S10 Aircurve ST,,,,
E5X-VSJS-B6AG-UR,BiLevel ST-A Package,Y87V-2N-NCDL-09V,PAP Monitoring,FALSE,Z67T-N8-8D6-NJEB,,"PAP Monitoring, Per device availability",A9279,,,PAP Monitor Type,Per device availability,,,,,,,,,PAP System,Respironics Dreamstation,,,,,,
E5X-VSJS-B6AG-UR,BiLevel ST-A Package,Y87V-2N-NCDL-09V,PAP Monitoring,FALSE,Z6MT-G6F-XQM8-LZ,,"PAP Monitoring, Cellular Modem",A9279,,,,,PAP Monitor Type,Cellular Modem,,,,,,,,,,,,,PAP System,S9
E5X-VSJS-B6AG-UR,BiLevel ST-A Package,Y87V-2N-NCDL-09V,PAP Monitoring,FALSE,Z8P-THDHU-2GL-RY,,"PAP Monitoring, Cellular Modem",A9279,,,PAP Monitor Type,Cellular Modem,,,,,,,,,PAP System,ResMed AirMini Portable,,,,,,
E5X-VSJS-B6AG-UR,BiLevel ST-A Package,Y87V-2N-NCDL-09V,PAP Monitoring,FALSE,ZB-B2X5T-Z7ZL-9V,,"PAP Monitoring, Per device availability",A9279,PAP Monitor Type,Per device availability,,,,,,,,,PAP System,S10,,,,,,,,
E5X-VSJS-B6AG-UR,BiLevel ST-A Package,Y87V-2N-NCDL-09V,PAP Monitoring,FALSE,ZMA1-JQ-N6NK-1I2,,"PAP Monitoring, Cellular Modem",A9279,,,PAP Monitor Type,Cellular Modem,,,,,,,,,PAP System,Resmed S10 Aircurve Auto BiLevel ASV,,,,,,
E5X-VSJS-B6AG-UR,BiLevel ST-A Package,Y87V-2N-NCDL-09V,PAP Monitoring,FALSE,ZN-VPDK-LQ-9TFTN,,"PAP Monitoring, Cellular Modem",A9279,,,,,,,PAP Monitor Type,Cellular Modem,,,,,,,,,,,PAP System,S9 Cleanable
E5X-VSJS-B6AG-UR,BiLevel ST-A Package,Y87V-2N-NCDL-09V,PAP Monitoring,FALSE,ZQC1-RJS6-4H-BIP,,"PAP Monitoring, Cellular Modem",A9279,,,,,PAP Monitor Type,Cellular Modem,,,,,,,,,,,,,PAP System,Respironics Dreamstation
E5X-VSJS-B6AG-UR,BiLevel ST-A Package,Y87V-2N-NCDL-09V,PAP Monitoring,FALSE,ZUK1Z-VKTK-0B5VA,,"PAP Monitoring, Cellular Modem",A9279,,,,,PAP Monitor Type,Cellular Modem,,,,,,,,,PAP System,Generic AVAPS,,,,
EMN-0Y70-A1-9PMS,CPAP Titration,L72-LSK-18KBQ-SM,CPAP Titration,TRUE,7V-L4F9-5Q-YC-MU,,1/2 CPAP Titration,CPT95811,Polysomnography Test Type,Split-Night Study,,,,,,,,,,,,,,,,,,
EMN-0Y70-A1-9PMS,CPAP Titration,L72-LSK-18KBQ-SM,CPAP Titration,TRUE,DJXGH-6R-J5GF-4C,,Polysomnography Only,,Polysomnography Test Type,Polysomnography Only,,,,,,,,,,,,,,,,,,
EMN-0Y70-A1-9PMS,CPAP Titration,L72-LSK-18KBQ-SM,CPAP Titration,TRUE,SNHR7-KE507-EBQ7,,CPAP Titration,CPT95811,Polysomnography Test Type,CPAP Titration Only,,,,,,,,,,,,,,,,,,
EMN-0Y70-A1-9PMS,CPAP Titration,L72-LSK-18KBQ-SM,CPAP Titration,TRUE,ZMJM-G4CE-CX-AF4,,Follow-Up PAP Titration,CPT95811,Polysomnography Test Type,Comprehensive,,,,,,,,,,,,,,,,,,
GFU1U-J94G-H7HZE,Full Face Mask with Headgear,Uyl9S7OXSyQjzRVY,Full Face Mask to Fit,TRUE,TQmcIFj7v1ZhAKbd,,"Full Face Mask to Fit, 1 per 3 months",A7030,Frequency,1 per 3 months,,,,,,,,,,,,,,,,,,
HZD2F-28D1-CJ2YG,PAP Humidifier,LX6-GZH-U6JT-EYE,PAP Humidifier,TRUE,0MXJI-HV2V-NU5ZF,,"PAP Humidifier, Heated.",E0562,,,,,,,,,,,,,,,,,Humidifier Type,Heated.,,
HZD2F-28D1-CJ2YG,PAP Humidifier,LX6-GZH-U6JT-EYE,PAP Humidifier,TRUE,AZ-4I2-18N-EFVY9,,"PAP Humidifier, Patient Preference",E0561/E0562,,,,,Humidifier Type,Fit to Comfort,,,,,,,,,,,,,,
HZD2F-28D1-CJ2YG,PAP Humidifier,LX6-GZH-U6JT-EYE,PAP Humidifier,TRUE,FK2S-M4-L3-GL-CS,,"PAP Humidifier, Heated",E0562,,,Humidifier Type,Heated,,,,,,,,,,,,,,,,
HZD2F-28D1-CJ2YG,PAP Humidifier,LX6-GZH-U6JT-EYE,PAP Humidifier,TRUE,KZGM-EIJ80-D7-LS,,No PAP Humidifier,,Humidifier Type,N/A,,,,,,,,,,,,,,,,,,
HZD2F-28D1-CJ2YG,PAP Humidifier,LX6-GZH-U6JT-EYE,PAP Humidifier,TRUE,TUF2L-QT-7R4-8QN,,"PAP Humidifier, Non-Heated",E0561,,,Humidifier Type,Non-Heated,,,,,,,,,,,,,,,,
IFJ-HV-9CK-B9-VE,Non-Disposable PAP Filter,1P3-CS4E-VFQ-8EA,Non-Disposable PAP Filter,TRUE,IQFK-CA82-M0-4E1,,"Non-Disposable PAP Filter, 1 per 6 months",A7039,,,,,,,,,,,,,Non-Disposable PAP Filter,Included,,,,,,
J05-6ME-YNR-7XH8,PAP Accessories/Supplies Package,1P3-CS4E-VFQ-8EA,Non-Disposable PAP Filter,FALSE,IQFK-CA82-M0-4E1,,"Non-Disposable PAP Filter, 1 per 6 months",A7039,,,,,,,,,,,,,,,,,,,Non-Disposable PAP Filter,Included
J05-6ME-YNR-7XH8,PAP Accessories/Supplies Package,3SBObOsam8TLTD2F,Standard PAP Tubing,FALSE,3EZAN-KT13-DT-AI,,"Standard PAP Tubing, Non-Heated, 1 per 3 months",A7037,Tubing Type,Non-Heated,,,,,,,,,,,,,,,,,,
J05-6ME-YNR-7XH8,PAP Accessories/Supplies Package,3SBObOsam8TLTD2F,Standard PAP Tubing,FALSE,BAC-53-LVJBU-U2N,,"Standard PAP Tubing, Fit to Comfort, 1 per 3 months",A7037,Tubing Type,Fit to Comfort,,,,,,,,,,,,,,,,,,
J05-6ME-YNR-7XH8,PAP Accessories/Supplies Package,3SBObOsam8TLTD2F,Standard PAP Tubing,FALSE,URI9E-38A8U-3HIZ,,"Standard PAP Tubing, Heated, 1 per 3 months",A7037,Tubing Type,Heated,,,,,,,,,,,,,,,,,,
J05-6ME-YNR-7XH8,PAP Accessories/Supplies Package,6B-G8YD-QX5-Q0LA,PAP Mask Interface Cushion,FALSE,1M7F-B3-GJU-FNQH,,"PAP Mask Interface Cushion, Nasal, 2 per 1 month",A7032,,,,,Mask Frame,Nasal,,,,,,,,,,,,,,
J05-6ME-YNR-7XH8,PAP Accessories/Supplies Package,6B-G8YD-QX5-Q0LA,PAP Mask Interface Cushion,FALSE,97-UIGCM-N91-NKB,,"PAP Mask Interface Cushion, Fit to Comfort.",IFC,,,,,,,,,Mask Frame,Patient Preference,,,,,,,,,,
J05-6ME-YNR-7XH8,PAP Accessories/Supplies Package,6B-G8YD-QX5-Q0LA,PAP Mask Interface Cushion,FALSE,98VR5-ACDY-CMQAT,,"PAP Mask Interface Cushion, Oral / Nasal Hybrid, 2 per 1 month",A7028,,,,,,,,,Mask Frame,Oral / Nasal Hybrid,,,,,,,,,,
J05-6ME-YNR-7XH8,PAP Accessories/Supplies Package,6B-G8YD-QX5-Q0LA,PAP Mask Interface Cushion,FALSE,JE28-YGS3R-VM-9C,,"PAP Mask Interface Cushion, Full Face, 1 per 1 month",A7031,,,,,,,,,,,,,Mask Frame,Full Face,,,,,,
J05-6ME-YNR-7XH8,PAP Accessories/Supplies Package,6B-G8YD-QX5-Q0LA,PAP Mask Interface Cushion,FALSE,TNI-C7UN-6ZI-SU5,,"PAP Mask Interface Cushion, Fit to Comfort",IFC,,,,,Mask Frame,Fit to Comfort,,,,,,,,,,,,,,
J05-6ME-YNR-7XH8,PAP Accessories/Supplies Package,6I-CU-K6-MNT4-BF,PAP Machine Tubing,FALSE,10RK-4K8S2-T6-EV,,"PAP Machine Tubing, Heated, 1 per 3 months",A4604,,,,,,,,,Tubing Type,Heated,,,,,,,,,,
J05-6ME-YNR-7XH8,PAP Accessories/Supplies Package,6I-CU-K6-MNT4-BF,PAP Machine Tubing,FALSE,31JB8-VF7-2K-L04,,"Climate Line Air Pap Machine Tubing, Heated, 1 per 3 months",A4604,Tubing Type,Climate Line Air Heated,,,,,,,,,,,,,,,,,,
J05-6ME-YNR-7XH8,PAP Accessories/Supplies Package,6I-CU-K6-MNT4-BF,PAP Machine Tubing,FALSE,9JEVE-LS7S-IKST2,,"PAP Machine Tubing, Non-Heated, 1 per 3 months",A7037,,,,,,,,,,,,,Tubing Type,Non-Heated,,,,,,
J05-6ME-YNR-7XH8,PAP Accessories/Supplies Package,6I-CU-K6-MNT4-BF,PAP Machine Tubing,FALSE,CGHB-27DG6-SY-PQ,,"SlimLine PAP Machine Tubing, Non-Heated, 1 per 3 months",A7037,,,,,,,,,,,,,,,Tubing Type,SlimLine Non-Heated,,,,
J05-6ME-YNR-7XH8,PAP Accessories/Supplies Package,6I-CU-K6-MNT4-BF,PAP Machine Tubing,FALSE,L238-KQMY-KDT-2Q,,"PAP Machine Tubing, Fit to Comfort",A7037/A4604,,,,,,,,,,,,,,,Tubing Type,Patient Preference,,,,
J05-6ME-YNR-7XH8,PAP Accessories/Supplies Package,B29-DBQ-BC3PJ-VA,PAP Mask,FALSE,03AY8-G8Q64-B54P,,"PAP Mask, Full Face, Resmed Quattro Air, Large, 1 per 3 months",A7030,,,,,,,Mask Brand,Resmed Quattro Air,,,,,,,,,,,,
J05-6ME-YNR-7XH8,PAP Accessories/Supplies Package,B29-DBQ-BC3PJ-VA,PAP Mask,FALSE,04CT6-ZI-PDIP-4X,,"PAP Mask, Nasal, Resmed Airfit N20 for Her, Small, 1 per 3 months",A7034,,,,,,,,,,,Mask Brand,Resmed Airfit N20 for Her,,,,,,,,
J05-6ME-YNR-7XH8,PAP Accessories/Supplies Package,B29-DBQ-BC3PJ-VA,PAP Mask,FALSE,0KLA9-6X71-5AHMU,,"PAP Mask, Nasal, Airtouch N20, Small, 1 per 3 months",A7034,,,,,,,,,,,,,Mask Brand,Airtouch N20,,,,,,
J05-6ME-YNR-7XH8,PAP Accessories/Supplies Package,B29-DBQ-BC3PJ-VA,PAP Mask,FALSE,0Q-6C-QUY-DZ9-JP,,"PAP Mask, Nasal Pillow, Resmed Airfit P10, Medium, 1 per 3 months",A7034,,,,,,,,,,,,,,,,,Mask Brand,Resmed Airfit P10,,
J05-6ME-YNR-7XH8,PAP Accessories/Supplies Package,B29-DBQ-BC3PJ-VA,PAP Mask,FALSE,0RNGD-U9R2-4ZLDF,,"PAP Mask, Nasal, Fisher & Paykel Zest, Fit Upon Setup",A7034,,,,,,,,,,,,,Mask Brand,Fisher & Paykel Zest,,,,,,
J05-6ME-YNR-7XH8,PAP Accessories/Supplies Package,B29-DBQ-BC3PJ-VA,PAP Mask,FALSE,13JM-6JX3N-CI-78,,"PAP Mask, Fit to Comfort, Full Face, 1 per 3 months",A7030,,,,,,,,,,,,,,,Mask Brand,Fit Upon Setup,,,,
J05-6ME-YNR-7XH8,PAP Accessories/Supplies Package,B29-DBQ-BC3PJ-VA,PAP Mask,FALSE,14V-6RTC4-JVU-BU,,"PAP Mask, Oral / Nasal Hybrid, Fit Upon Setup, N/A, 1 per 3 months",A7027,,,,,,,,,Mask Brand,Fit Upon Setup,,,,,,,,,,
J05-6ME-YNR-7XH8,PAP Accessories/Supplies Package,B29-DBQ-BC3PJ-VA,PAP Mask,FALSE,1F7-50R6A-RQ9-U1,,"PAP Mask, Nasal Pillow, Fit Upon Setup, N/A, 1 per 3 months",A7034,,,,,Mask Brand,Fit Upon Setup,,,,,,,,,,,,,,
J05-6ME-YNR-7XH8,PAP Accessories/Supplies Package,B29-DBQ-BC3PJ-VA,PAP Mask,FALSE,1N0R-K7HQ-GV-RNC,,"PAP Mask, Full Face, Dreamwear, Small (SM Frame), 1 per 3 months",A7030,Mask Brand,Dreamwear,,,,,,,,,,,,,,,,,,
J05-6ME-YNR-7XH8,PAP Accessories/Supplies Package,B29-DBQ-BC3PJ-VA,PAP Mask,FALSE,21AIQ-8RX7-13-NZ,,"PAP Mask, Nasal, Respironics Wisp Fabric, Complete, 1 per 3 months",A7034,,,,,,,Mask Brand,Respironics Wisp Fabric,,,,,,,,,,,,
J05-6ME-YNR-7XH8,PAP Accessories/Supplies Package,B29-DBQ-BC3PJ-VA,PAP Mask,FALSE,2N-JGUA-Y4E-ZHXZ,,"PAP Mask, Nasal Pillow, Dreamwear, Large (SM Frame), 1 per 3 months",A7034,,,,,,,Mask Brand,Dreamwear,,,,,,,,,,,,
J05-6ME-YNR-7XH8,PAP Accessories/Supplies Package,B29-DBQ-BC3PJ-VA,PAP Mask,FALSE,2UP8-FY-C0EQH-UD,,"PAP Mask, Nasal Pillow, Airfit P10, X-Small, 2 per 1 month",A7033,,,,,,,,,,,,,Mask Brand,AirFit P10,,,,,,
J05-6ME-YNR-7XH8,PAP Accessories/Supplies Package,B29-DBQ-BC3PJ-VA,PAP Mask,FALSE,2V-RD0T-FLT-PEMY,,"PAP Mask, Nasal, Resmed Airfit N20, Fit Upon Setup, 1 per 3 months",A7034,,,,,,,Mask Brand,Resmed Airfit N20,,,,,,,,,,,,
J05-6ME-YNR-7XH8,PAP Accessories/Supplies Package,B29-DBQ-BC3PJ-VA,PAP Mask,FALSE,31BTL-1HJ6Y-3S58,,"PAP Mask, Nasal Pillow, Nuance Gel, Fit Upon Setup, 1 per 3 month",A7033,,,,,,,,,,,,,,,,,Mask Brand,Nuance,,
J05-6ME-YNR-7XH8,PAP Accessories/Supplies Package,B29-DBQ-BC3PJ-VA,PAP Mask,FALSE,362P-LN-CQ1LA-B4,,"PAP Mask, Full Face, Airfit F30I, Medium, 1 per 3 months",A7030,,,,,,,,,Mask Brand,Airfit F30I,,,,,,,,,,
J05-6ME-YNR-7XH8,PAP Accessories/Supplies Package,B29-DBQ-BC3PJ-VA,PAP Mask,FALSE,37LEV-4U6B-92HSG,,"PAP Mask, Nasal Pillow, Airfit P10, Fit Upon Setup, 2 per 1 month",A7033,,,,,Mask Brand,AirFit P10,,,,,,,,,,,,,,
J05-6ME-YNR-7XH8,PAP Accessories/Supplies Package,B29-DBQ-BC3PJ-VA,PAP Mask,FALSE,3GL5B-MI95P-CL3M,,"PAP Mask, Nasal Pillow, Resmed Airfit P10 for Her, Complete, 1 per 3 months",A7034,,,,,,,,,Mask Brand,Resmed Airfit P10 for Her,,,,,,,,,,
J05-6ME-YNR-7XH8,PAP Accessories/Supplies Package,B29-DBQ-BC3PJ-VA,PAP Mask,FALSE,3J3-GC-SI2-JE-YB,,"PAP Mask, Nasal, Fisher & Paykel Eson, Large, 1 per 3 months",A7034,,,,,,,,,,,,,Mask Brand,Fisher & Paykel Eson,,,,,,
J05-6ME-YNR-7XH8,PAP Accessories/Supplies Package,B29-DBQ-BC3PJ-VA,PAP Mask,FALSE,3K3GT-R0-XAT-20T,,"PAP Mask, Full Face, Respironics Amara View, Small, 1 per 3 months",A7030,,,,,,,,,,,,,Mask Brand,Respironics Amara View,,,,,,
J05-6ME-YNR-7XH8,PAP Accessories/Supplies Package,B29-DBQ-BC3PJ-VA,PAP Mask,FALSE,3KSX-GCTP1-H8C7Q,,"PAP Mask, Nasal Pillow, Nuance Gel, Medium, 2 per 1 month",A7033,,,,,,,,,,,,,,,Mask Brand,Nuance Gel,,,,
J05-6ME-YNR-7XH8,PAP Accessories/Supplies Package,B29-DBQ-BC3PJ-VA,PAP Mask,FALSE,3U-RT-X6JI-46TIQ,,"PAP Mask, Nasal, Fisher & Paykel Eson, Small, 1 per 3 months",A7034,,,,,,,,,,,,,,,Mask Brand,Fisher & Paykel Eson,,,,
J05-6ME-YNR-7XH8,PAP Accessories/Supplies Package,B29-DBQ-BC3PJ-VA,PAP Mask,FALSE,3Z2EG-FY1S0-PLVM,,"PAP Mask, Nasal, Fit Upon Setup, N/A, 1 per 3 months",A7034,,,,,,,,,,,,,,,,,Mask Brand,Fit Upon Setup,,
J05-6ME-YNR-7XH8,PAP Accessories/Supplies Package,B29-DBQ-BC3PJ-VA,PAP Mask,FALSE,43NX-0X9I-ZMS-6T,,"PAP Mask, Nasal, Fisher & Paykel Eson 2, Large, 1 per 3 months",A7034,,,,,,,,,,,,,,,Mask Brand,Fisher & Paykel Eson 2,,,,
J05-6ME-YNR-7XH8,PAP Accessories/Supplies Package,B29-DBQ-BC3PJ-VA,PAP Mask,FALSE,48B-SZD7B-S32-YX,,"PAP Mask, Nasal, Fisher & Paykel Evora, Fit Upon Setup, 1 per 3 months",A7034,,,,,Mask Brand,Fisher & Paykel Evora Nasal,,,,,,,,,,,,,,
J05-6ME-YNR-7XH8,PAP Accessories/Supplies Package,B29-DBQ-BC3PJ-VA,PAP Mask,FALSE,49D-P3U2V-NQ4-64,,"PAP Mask, Nasal, Respironics Dreamwear, Complete, 1 per 3 months",A7034,,,,,,,,,Mask Brand,Respironics Dreamwear,,,,,,,,,,
J05-6ME-YNR-7XH8,PAP Accessories/Supplies Package,B29-DBQ-BC3PJ-VA,PAP Mask,FALSE,4E-24V3-7BA-U8KN,,"PAP Mask, Nasal, Fisher & Paykel Eson 2, Medium, 1 per 3 months",A7034,,,,,Mask Brand,Fisher & Paykel Eson 2,,,,,,,,,,,,,,
J05-6ME-YNR-7XH8,PAP Accessories/Supplies Package,B29-DBQ-BC3PJ-VA,PAP Mask,FALSE,4F-KCB3-1ACK9-MB,,"PAP Mask, Full Face, Resmed Airfit F20, Small, 1 per 3 months",A7030,,,,,,,,,,,,,,,,,Mask Brand,Resmed Airfit F20,,
J05-6ME-YNR-7XH8,PAP Accessories/Supplies Package,B29-DBQ-BC3PJ-VA,PAP Mask,FALSE,4HR-AU9G-UMQ-Y2D,,"PAP Mask, Nasal, Resmed Mirage FX, Complete, 1 per 3 months",A7034,,,,,,,,,,,,,,,Mask Brand,Resmed Mirage FX,,,,
J05-6ME-YNR-7XH8,PAP Accessories/Supplies Package,B29-DBQ-BC3PJ-VA,PAP Mask,FALSE,4N-DI-94P-BQ9-HE,,"PAP Mask, Nasal, Airfit N30I, Fit Upon Setup, 1 per 3 months",A7034,,,,,,,,,,,Mask Brand,Airfit N30I,,,,,,,,
J05-6ME-YNR-7XH8,PAP Accessories/Supplies Package,B29-DBQ-BC3PJ-VA,PAP Mask,FALSE,4Y-GY-U4A9-R8NGI,,"PAP Mask, Nasal, Dreamwear, Medium Wide (MD Frame), 1 per 3 months",A7034,,,,,,,,,,,,,,,Mask Brand,Dreamwear,,,,
J05-6ME-YNR-7XH8,PAP Accessories/Supplies Package,B29-DBQ-BC3PJ-VA,PAP Mask,FALSE,5AC-L3-DI-7D-4T8,,"PAP Mask, Full Face, Dreamwear, Small (LG Frame), 1 per 3 months",A7030,,,,,,,,,,,,,,,Mask Brand,Dreamwear,,,,
J05-6ME-YNR-7XH8,PAP Accessories/Supplies Package,B29-DBQ-BC3PJ-VA,PAP Mask,FALSE,5G236-JL-EV3T-3D,,"PAP Mask, Nasal Pillow, Dreamwear, Small (SM Frame), 1 per 3 months",A7034,,,,,,,,,,,,,,,Mask Brand,Dreamwear,,,,
J05-6ME-YNR-7XH8,PAP Accessories/Supplies Package,B29-DBQ-BC3PJ-VA,PAP Mask,FALSE,5RHC-MYA9I-0K-5D,,"PAP Mask, Nasal Cushion, Respironics Wisp Fabric",A7034,,,,,,,,,Mask Brand,Respironics Wisp Fabric,,,,,,,,,,
J05-6ME-YNR-7XH8,PAP Accessories/Supplies Package,B29-DBQ-BC3PJ-VA,PAP Mask,FALSE,5S-V2J3-S7I8-TX1,,"PAP Mask, Full Face, Amara Gel, Medium, 1 per 3 months",A7030,,,,,,,,,,,,,,,,,,,Mask Brand,Amara Gel
J05-6ME-YNR-7XH8,PAP Accessories/Supplies Package,B29-DBQ-BC3PJ-VA,PAP Mask,FALSE,5U-0PF4M-EK-VD5S,,"PAP Mask, Nasal, Resmed Airfit N10, Complete, 1 per 3 months",A7034,,,,,,,,,,,,,Mask Brand,Resmed Airfit N10,,,,,,
J05-6ME-YNR-7XH8,PAP Accessories/Supplies Package,B29-DBQ-BC3PJ-VA,PAP Mask,FALSE,5YQ-0Y-1DS0-8NKJ,,"PAP Mask, Full Face, Resmed Airtouch F20 for Her, Medium, 1 per 3 months",A7030,,,,,,,,,,,,,Mask Brand,Resmed Airtouch F20 for Her,,,,,,
J05-6ME-YNR-7XH8,PAP Accessories/Supplies Package,B29-DBQ-BC3PJ-VA,PAP Mask,FALSE,65X0-MFUCL-6H-J8,,"PAP Mask, Full Face, Fisher & Paykel Vitera, Medium, 1 per 3 months",A7030,,,,,,,,,,,Mask Brand,Fisher & Paykel Vitera,,,,,,,,
J05-6ME-YNR-7XH8,PAP Accessories/Supplies Package,B29-DBQ-BC3PJ-VA,PAP Mask,FALSE,6U-CNQ-P2LUT-S32,,"PAP Mask, Full Face, Respironics Amara View, Fit Upon Setup, 1 per 3 months",A7030,,,,,,,,,,,Mask Brand,Respironics Amara View,,,,,,,,
J05-6ME-YNR-7XH8,PAP Accessories/Supplies Package,B29-DBQ-BC3PJ-VA,PAP Mask,FALSE,71K-Y6E93-CG-Z5E,,"PAP Mask, Nasal Pillow, Resmed Airfit P10, Large, 1 per 3 months",A7034,,,,,,,Mask Brand,Resmed Airfit P10,,,,,,,,,,,,
J05-6ME-YNR-7XH8,PAP Accessories/Supplies Package,B29-DBQ-BC3PJ-VA,PAP Mask,FALSE,7D8-CFD-9EYN-KBX,,"PAP Mask, Nasal, Fisher & Paykel Eson, Fit Upon Setup, 1 per 3 months",A7034,,,,,,,,,,,Mask Brand,Fisher & Paykel Eson,,,,,,,,
J05-6ME-YNR-7XH8,PAP Accessories/Supplies Package,B29-DBQ-BC3PJ-VA,PAP Mask,FALSE,7GX-5LY-Q1Y1F-0R,,"PAP Mask, Nasal Pillow, Dreamwear, Large (MD Frame), 1 per 3 months",A7034,,,,,,,,,,,,,,,,,Mask Brand,Dreamwear,,
J05-6ME-YNR-7XH8,PAP Accessories/Supplies Package,B29-DBQ-BC3PJ-VA,PAP Mask,FALSE,7NHX-4H-NMPT-EZM,,"PAP Mask, Nasal, Airfit N30I, Wide, 1 per 3 months",A7034,,,,,,,,,,,Mask Brand,Airfit N30I,,,,,,,,
J05-6ME-YNR-7XH8,PAP Accessories/Supplies Package,B29-DBQ-BC3PJ-VA,PAP Mask,FALSE,8AKDZ-IFJ9-C81BK,,"PAP Mask, Full Face, Dreamwear, Large (LG Frame), 1 per 3 months",A7030,,,,,,,,,,,,,,,Mask Brand,Dreamwear,,,,
J05-6ME-YNR-7XH8,PAP Accessories/Supplies Package,B29-DBQ-BC3PJ-VA,PAP Mask,FALSE,8SV6-Q6P3C-Q4-VM,,"PAP Mask, Nasal, Fisher & Paykel Eson, Medium, 1 per 3 months",A7034,,,,,,,,,,,,,Mask Brand,Fisher & Paykel Eson,,,,,,
J05-6ME-YNR-7XH8,PAP Accessories/Supplies Package,B29-DBQ-BC3PJ-VA,PAP Mask,FALSE,8U-7MCZ-AU7G-9YT,,"PAP Mask, Nasal, Resmed Mirage FX, Fit Upon Setup, 1 per 3 months",A7034,,,,,,,,,Mask Brand,Resmed Mirage FX,,,,,,,,,,
J05-6ME-YNR-7XH8,PAP Accessories/Supplies Package,B29-DBQ-BC3PJ-VA,PAP Mask,FALSE,95BV-4G7T0-2JUKM,,"PAP Mask, Full Face, Resmed Airfit F20 for Her, Medium, 1 per 3 months",A7030,,,,,,,,,,,Mask Brand,Resmed Airfit F20 for Her,,,,,,,,
J05-6ME-YNR-7XH8,PAP Accessories/Supplies Package,B29-DBQ-BC3PJ-VA,PAP Mask,FALSE,9G-PF5N8-E0DE-R2,,"PAP Mask, Full Face, Resmed Airfit F10, Medium, 1 per 3 months",A7030,,,,,,,,,,,,,,,Mask Brand,Resmed Airfit F10,,,,
J05-6ME-YNR-7XH8,PAP Accessories/Supplies Package,B29-DBQ-BC3PJ-VA,PAP Mask,FALSE,9M6D-PDBMJ-XEFZ4,,"PAP Mask, Nasal Pillow, Swift FX, Small, 2 per 1 month",A7033,,,,,,,,,,,Mask Brand,Swift FX,,,,,,,,
J05-6ME-YNR-7XH8,PAP Accessories/Supplies Package,B29-DBQ-BC3PJ-VA,PAP Mask,FALSE,9YFQ-KUZ-7B8E-XM,,"PAP Mask, Nasal Cushion, Resmed N30",A7034,,,,,,,Mask Brand,Resmed N30,,,,,,,,,,,,
J05-6ME-YNR-7XH8,PAP Accessories/Supplies Package,B29-DBQ-BC3PJ-VA,PAP Mask,FALSE,9YZ-MV0B9-MT4-9J,,"PAP Mask, Full Face, Fisher & Paykel Vitera, Large, 1 per 3 months",A7030,,,,,,,,,Mask Brand,Fisher & Paykel Vitera,,,,,,,,,,
J05-6ME-YNR-7XH8,PAP Accessories/Supplies Package,B29-DBQ-BC3PJ-VA,PAP Mask,FALSE,AT4GH-86-7HL-7HP,,"PAP Mask, Full Face, Resmed Quattro, Large, 1 per 3 months",A7030,,,,,,,,,,,,,,,,,,,Mask Brand,Resmed Quattro
J05-6ME-YNR-7XH8,PAP Accessories/Supplies Package,B29-DBQ-BC3PJ-VA,PAP Mask,FALSE,BP95-KNQ9P-QX-T5,,"PAP Mask, Nasal Pillow, Fisher & Paykel Pilairo Q, Standard, 1 per 3 months",A7034,,,Mask Brand,Fisher & Paykel Pilairo Q,,,,,,,,,,,,,,,,
J05-6ME-YNR-7XH8,PAP Accessories/Supplies Package,B29-DBQ-BC3PJ-VA,PAP Mask,FALSE,BQK2-5GU-BZVZ-UT,,"PAP Mask, Nasal, Airfit N30I, Small, 1 per 3 months",A7034,,,Mask Brand,Airfit N30I,,,,,,,,,,,,,,,,
J05-6ME-YNR-7XH8,PAP Accessories/Supplies Package,B29-DBQ-BC3PJ-VA,PAP Mask,FALSE,BX1-7H3N-GU-UE80,,"PAP Mask, Full Face, Resmed Quattro, Small, 1 per 3 months",A7030,,,,,,,Mask Brand,Resmed Quattro,,,,,,,,,,,,
J05-6ME-YNR-7XH8,PAP Accessories/Supplies Package,B29-DBQ-BC3PJ-VA,PAP Mask,FALSE,C4PX7-E6-URS-1U2,,"PAP Mask, Nasal, Other Brand, N/A, 1 per 3 months",A7034,,,,,,,,,,,,,,,,,,,Mask Brand,Other
J05-6ME-YNR-7XH8,PAP Accessories/Supplies Package,B29-DBQ-BC3PJ-VA,PAP Mask,FALSE,CD0J-GK-UH-GTGEV,,"PAP Mask, Nasal, Resmed Airfit N20, Small, 1 per 3 months",A7034,,,,,,,Mask Brand,Resmed Airfit N20,,,,,,,,,,,,
J05-6ME-YNR-7XH8,PAP Accessories/Supplies Package,B29-DBQ-BC3PJ-VA,PAP Mask,FALSE,D38D2-HMJT-QN-YA,,"PAP Mask, Full Face, Airfit F30I, Fit Upon Setup, 1 per 3 months",A7030,Mask Brand,Airfit F30I,,,,,,,,,,,,,,,,,,
J05-6ME-YNR-7XH8,PAP Accessories/Supplies Package,B29-DBQ-BC3PJ-VA,PAP Mask,FALSE,D9-UT-TQ-6CT-3NI,,"PAP Mask, Full Face, Amara Gel, Small, 1 per 3 months",A7030,,,,,Mask Brand,Amara Gel,,,,,,,,,,,,,,
J05-6ME-YNR-7XH8,PAP Accessories/Supplies Package,B29-DBQ-BC3PJ-VA,PAP Mask,FALSE,DFH-ZLE-U3F-VNYF,,"PAP Mask, Nasal, Respironics ComfortGel Blue, Large, 1 per 3 months",A7034,,,,,,,,,,,Mask Brand,Respironics ComfortGel Blue,,,,,,,,
J05-6ME-YNR-7XH8,PAP Accessories/Supplies Package,B29-DBQ-BC3PJ-VA,PAP Mask,FALSE,DJ6X-CTVUL-3Y-ED,,"PAP Mask, Nasal Pillow, Swift FX, Large, 2 per 1 month",A7033,,,,,,,,,,,,,,,,,,,Mask Brand,Swift FX
J05-6ME-YNR-7XH8,PAP Accessories/Supplies Package,B29-DBQ-BC3PJ-VA,PAP Mask,FALSE,DK626-NDJ3-F1-XF,,"PAP Mask, Nasal, Dreamwear, Large (MD Frame), 1 per 3 months",A7034,,,,,,,,,,,,,Mask Brand,Dreamwear,,,,,,
J05-6ME-YNR-7XH8,PAP Accessories/Supplies Package,B29-DBQ-BC3PJ-VA,PAP Mask,FALSE,DXP45-Z2D-LRN-7C,,"PAP Mask, Nasal, Dreamwear, Medium (LG Frame), 1 per 3 months",A7034,,,,,,,,,,,,,,,Mask Brand,Dreamwear,,,,
J05-6ME-YNR-7XH8,PAP Accessories/Supplies Package,B29-DBQ-BC3PJ-VA,PAP Mask,FALSE,E1NP-5NXZ1-7LIN3,,"PAP Mask, Full Face, Dreamwear, Large (MD Frame), 1 per 3 months",A7030,,,,,,,,,,,,,,,Mask Brand,Dreamwear,,,,
J05-6ME-YNR-7XH8,PAP Accessories/Supplies Package,B29-DBQ-BC3PJ-VA,PAP Mask,FALSE,E8M-UZA6-VAB-QFA,,"PAP Mask, Full Face, Fisher & Paykel Vitera",A7030,,,,,,,,,,,Mask Brand,Fisher & Paykel Vitera,,,,,,,,
J05-6ME-YNR-7XH8,PAP Accessories/Supplies Package,B29-DBQ-BC3PJ-VA,PAP Mask,FALSE,E9-BIY-CAR06-VX6,,"PAP Mask, Nasal Pillow, Nuance Gel, Large, 2 per 1 month",A7033,,,,,,,,,,,,,,,,,,,Mask Brand,Nuance Gel
J05-6ME-YNR-7XH8,PAP Accessories/Supplies Package,B29-DBQ-BC3PJ-VA,PAP Mask,FALSE,ENXVE-NAC-B4C-DK,,"PAP Mask, Full Face, AirFit F20, Fit Upon Setup, 1 per 3 months",A7030,,,,,,,,,,,Mask Brand,AirFit F20,,,,,,,,
J05-6ME-YNR-7XH8,PAP Accessories/Supplies Package,B29-DBQ-BC3PJ-VA,PAP Mask,FALSE,EP-NV-7J5YJ-1QPJ,,"PAP Mask, Fit to Comfort, 1 per 3 months.",MASK,,,,,,,,,,,,,,,,,Mask Brand,Fit Upon Setup,,
J05-6ME-YNR-7XH8,PAP Accessories/Supplies Package,B29-DBQ-BC3PJ-VA,PAP Mask,FALSE,EQC-U0-6RM-LN-GH,,"PAP Mask, Full Face, Airfit F30, Fit Upon Setup, 1 per 3 months",A7030,,,,,,,Mask Brand,Airfit F30,,,,,,,,,,,,
J05-6ME-YNR-7XH8,PAP Accessories/Supplies Package,B29-DBQ-BC3PJ-VA,PAP Mask,FALSE,EXSTH-FIJ-GJ9-UC,,"PAP Mask, Nasal Cushion, Resmed N30i",A7034,,,,,,,,,,,,,,,,,Mask Brand,Resmed N30i,,
J05-6ME-YNR-7XH8,PAP Accessories/Supplies Package,B29-DBQ-BC3PJ-VA,PAP Mask,FALSE,F84P-X7-ME89-8P1,,"PAP Mask, Nasal Pillow, Fisher & Paykel Brevida",A7034,,,,,,,,,,,,,Mask Brand,Fisher & Paykel Brevida,,,,,,
J05-6ME-YNR-7XH8,PAP Accessories/Supplies Package,B29-DBQ-BC3PJ-VA,PAP Mask,FALSE,G4D2B-V5Q4A-57IF,,"PAP Mask, Full Face, Other Brand, N/A, 1 per 3 months",A7030,,,,,,,,,,,,,Mask Brand,Other,,,,,,
J05-6ME-YNR-7XH8,PAP Accessories/Supplies Package,B29-DBQ-BC3PJ-VA,PAP Mask,FALSE,GAHB0-EZ-37-LEKL,,"PAP Mask, Nasal Pillow, Airfit P10, Large, 2 per 1 month",A7033,,,,,,,,,Mask Brand,AirFit P10,,,,,,,,,,
J05-6ME-YNR-7XH8,PAP Accessories/Supplies Package,B29-DBQ-BC3PJ-VA,PAP Mask,FALSE,GX7-8IJ3-UPB2-2P,,"PAP Mask, Full Face, Fisher & Paykel Simplus, Large, 1 per 3 months",A7030,,,,,,,,,,,,,,,,,Mask Brand,Fisher & Paykel Simplus,,
J05-6ME-YNR-7XH8,PAP Accessories/Supplies Package,B29-DBQ-BC3PJ-VA,PAP Mask,FALSE,H0GHK-A5C3-2M-F8,,"PAP Mask, Full Face, Resmed Quattro FX, Small, 1 per 3 months",A7030,,,,,,,,,,,,,,,Mask Brand,Resmed Quattro FX,,,,
J05-6ME-YNR-7XH8,PAP Accessories/Supplies Package,B29-DBQ-BC3PJ-VA,PAP Mask,FALSE,HG7Y-INVBS-H3V3K,,"PAP Mask, Nasal, Resmed Airfit N20, Large, 1 per 3 months",A7034,,,,,,,,,,,,,,,,,Mask Brand,Resmed Airfit N20,,
J05-6ME-YNR-7XH8,PAP Accessories/Supplies Package,B29-DBQ-BC3PJ-VA,PAP Mask,FALSE,HYGN-BAX-PMA8-HI,,"PAP Mask, Nasal, Fisher & Paykel Eson 2, Small, 1 per 3 months",A7034,,,,,,,,,,,,,,,,,,,Mask Brand,Fisher & Paykel Eson 2
J05-6ME-YNR-7XH8,PAP Accessories/Supplies Package,B29-DBQ-BC3PJ-VA,PAP Mask,FALSE,IA-M932P-P0-BV4D,,"PAP Mask, Full Face, Resmed Airfit F20, Medium, 1 per 3 months",A7030,,,,,,,,,,,,,,,,,,,Mask Brand,Resmed Airfit F20
J05-6ME-YNR-7XH8,PAP Accessories/Supplies Package,B29-DBQ-BC3PJ-VA,PAP Mask,FALSE,IE-H067-PS6M-ZKC,,"PAP Mask, Nasal Pillow, Resmed Airfit P10, Complete, 1 per 3 months",A7034,,,,,,,,,,,,,,,,,Mask Brand,Resmed Airfit P10,,
J05-6ME-YNR-7XH8,PAP Accessories/Supplies Package,B29-DBQ-BC3PJ-VA,PAP Mask,FALSE,IFVB-CYI-S6Q-7AQ,,"PAP Mask, Nasal Pillow, Airfit P10, Small, 2 per 1 month",A7033,Mask Brand,AirFit P10,,,,,,,,,,,,,,,,,,
J05-6ME-YNR-7XH8,PAP Accessories/Supplies Package,B29-DBQ-BC3PJ-VA,PAP Mask,FALSE,IXNM-4LMG-P4-3ME,,"PAP Mask, Full Face, Resmed Quattro Air, Small, 1 per 3 months",A7030,,,,,,,,,,,,,,,,,,,Mask Brand,Resmed Quattro Air
J05-6ME-YNR-7XH8,PAP Accessories/Supplies Package,B29-DBQ-BC3PJ-VA,PAP Mask,FALSE,J8-B6NL-3BQLY-CH,,"PAP Mask, Full Face, Resmed Airtouch F20, Large, 1 per 3 months",A7030,,,Mask Brand,Resmed Airtouch F20,,,,,,,,,,,,,,,,
J05-6ME-YNR-7XH8,PAP Accessories/Supplies Package,B29-DBQ-BC3PJ-VA,PAP Mask,FALSE,JNPAN-2X-MS47-8B,,"PAP Mask, Nasal Pillow, Dreamwear, Small (LG Frame), 1 per 3 months",A7034,,,,,,,Mask Brand,Dreamwear,,,,,,,,,,,,
J05-6ME-YNR-7XH8,PAP Accessories/Supplies Package,B29-DBQ-BC3PJ-VA,PAP Mask,FALSE,K15PK-QT-EN-58BK,,"PAP Mask, Full Face, Dreamwear Full, Fit Upon Setup, 1 per 3 months",A7030,,,,,Mask Brand,Dreamwear Full,,,,,,,,,,,,,,
J05-6ME-YNR-7XH8,PAP Accessories/Supplies Package,B29-DBQ-BC3PJ-VA,PAP Mask,FALSE,KRLQ5-8V-0I0J-X9,,"PAP Mask, Fit to Comfort, Nasal, 1 per 3 months",A7034,,,,,,,,,,,,,Mask Brand,Fit Upon Setup,,,,,,
J05-6ME-YNR-7XH8,PAP Accessories/Supplies Package,B29-DBQ-BC3PJ-VA,PAP Mask,FALSE,KX0E-LFRX-K42-MH,,"PAP Mask, Full Face, Amara Gel, Petite, 1 per 3 months",A7030,,,,,,,,,Mask Brand,Amara Gel,,,,,,,,,,
J05-6ME-YNR-7XH8,PAP Accessories/Supplies Package,B29-DBQ-BC3PJ-VA,PAP Mask,FALSE,KXENF-0N-8S6C-AJ,,"PAP Mask, Full Face, Airfit F30I, Small, 1 per 3 months",A7030,,,,,,,Mask Brand,Airfit F30I,,,,,,,,,,,,
J05-6ME-YNR-7XH8,PAP Accessories/Supplies Package,B29-DBQ-BC3PJ-VA,PAP Mask,FALSE,L06Y-BL3P-BP-L7J,,"PAP Mask, Nasal, Airfit N30, Fit Upon Setup, 1 per 3 months",A7034,,,Mask Brand,Airfit N30,,,,,,,,,,,,,,,,
J05-6ME-YNR-7XH8,PAP Accessories/Supplies Package,B29-DBQ-BC3PJ-VA,PAP Mask,FALSE,LCLIE-9V0IF-E03L,,"PAP Mask, Full Face, Resmed F30",A7030,,,,,,,Mask Brand,Resmed F30,,,,,,,,,,,,
J05-6ME-YNR-7XH8,PAP Accessories/Supplies Package,B29-DBQ-BC3PJ-VA,PAP Mask,FALSE,LJX-YC-85PM2-TSM,,"PAP Mask, Full Face, Respironics Dreamwear",A7030,,,,,,,,,,,,,Mask Brand,Respironics Dreamwear,,,,,,
J05-6ME-YNR-7XH8,PAP Accessories/Supplies Package,B29-DBQ-BC3PJ-VA,PAP Mask,FALSE,LXI-ZY3U1-DV0-ZA,,"PAP Mask, Nasal, Dreamwear, Small (SM Frame), 1 per 3 months",A7034,,,,,,,,,Mask Brand,Dreamwear,,,,,,,,,,
J05-6ME-YNR-7XH8,PAP Accessories/Supplies Package,B29-DBQ-BC3PJ-VA,PAP Mask,FALSE,LXN3N-03Q-KN0-L8,,"PAP Mask, Full Face, Fisher & Paykel Simplus, Small, 1 per 3 months",A7030,,,,,,,,,,,,,,,,,,,Mask Brand,Fisher & Paykel Simplus
J05-6ME-YNR-7XH8,PAP Accessories/Supplies Package,B29-DBQ-BC3PJ-VA,PAP Mask,FALSE,M1LED-NKH79-7BYL,,"PAP Mask, Nasal, Airtouch N20, Large, 1 per 3 months",A7034,,,,,,,,,Mask Brand,Airtouch N20,,,,,,,,,,
J05-6ME-YNR-7XH8,PAP Accessories/Supplies Package,B29-DBQ-BC3PJ-VA,PAP Mask,FALSE,MQK-RLS5-QKG-L7K,,"PAP Mask, Nasal, Dreamwear, Small (LG Frame), 1 per 3 months",A7034,,,,,,,,,,,,,,,Mask Brand,Dreamwear,,,,
J05-6ME-YNR-7XH8,PAP Accessories/Supplies Package,B29-DBQ-BC3PJ-VA,PAP Mask,FALSE,NH-N9P7-0SX-7B67,,"PAP Mask, Nasal, Dreamwear, Large (LG Frame), 1 per 3 months",A7034,,,,,,,,,,,,,,,,,,,Mask Brand,Dreamwear
J05-6ME-YNR-7XH8,PAP Accessories/Supplies Package,B29-DBQ-BC3PJ-VA,PAP Mask,FALSE,P0-FSF-T01K-0TD2,,"PAP Mask, Nasal Cushion, Respironics Wisp Pediatric",A7034,,,,,,,,,,,,,,,Mask Brand,Respironics Wisp Pediatric,,,,
J05-6ME-YNR-7XH8,PAP Accessories/Supplies Package,B29-DBQ-BC3PJ-VA,PAP Mask,FALSE,P2Y-AMC-90EQ-UM4,,"PAP Mask, Nasal, Dreamwear, Large (SM Frame), 1 per 3 months",A7034,,,,,Mask Brand,Dreamwear,,,,,,,,,,,,,,
J05-6ME-YNR-7XH8,PAP Accessories/Supplies Package,B29-DBQ-BC3PJ-VA,PAP Mask,FALSE,PB1DE-4T-G0CS-JE,,"PAP Mask, Full Face, Dreamwear, Medium (MD Frame), 1 per 3 months",A7030,,,Mask Brand,Dreamwear,,,,,,,,,,,,,,,,
J05-6ME-YNR-7XH8,PAP Accessories/Supplies Package,B29-DBQ-BC3PJ-VA,PAP Mask,FALSE,Q27-HL-N879-5RS1,,"PAP Mask, Nasal Pillow, Dreamwear, Medium (SM Frame), 1 per 3 months",A7034,,,,,Mask Brand,Dreamwear,,,,,,,,,,,,,,
J05-6ME-YNR-7XH8,PAP Accessories/Supplies Package,B29-DBQ-BC3PJ-VA,PAP Mask,FALSE,QV-3F-49P-831-76,,"PAP Mask, Nasal Pillow, Swift FX, Medium, 2 per 1 month",A7033,,,,,,,,,,,Mask Brand,Swift FX,,,,,,,,
J05-6ME-YNR-7XH8,PAP Accessories/Supplies Package,B29-DBQ-BC3PJ-VA,PAP Mask,FALSE,RA-MT-XZF6-CY-K6,,"PAP Mask, Full Face, Airfit F30I, Large, 1 per 3 months",A7030,,,,,Mask Brand,Airfit F30I,,,,,,,,,,,,,,
J05-6ME-YNR-7XH8,PAP Accessories/Supplies Package,B29-DBQ-BC3PJ-VA,PAP Mask,FALSE,RBM0-DLJ-MR-KVYQ,,"PAP Mask, Nasal, Dreamwear, Medium (MD Frame), 1 per 3 months",A7034,,,Mask Brand,Dreamwear,,,,,,,,,,,,,,,,
J05-6ME-YNR-7XH8,PAP Accessories/Supplies Package,B29-DBQ-BC3PJ-VA,PAP Mask,FALSE,SI-JE2-X8-K1-VRD,,"PAP Mask, Full Face, Resmed Airfit F20, Large, 1 per 3 months",A7030,,,,,,,,,,,,,,,,,Mask Brand,Resmed Airfit F20,,
J05-6ME-YNR-7XH8,PAP Accessories/Supplies Package,B29-DBQ-BC3PJ-VA,PAP Mask,FALSE,SX-Y8PKY-LU57-U5,,"PAP Mask, Nasal, Resmed Activa, Standard, 1 per 3 months",A7034,,,,,Mask Brand,Resmed Activa,,,,,,,,,,,,,,
J05-6ME-YNR-7XH8,PAP Accessories/Supplies Package,B29-DBQ-BC3PJ-VA,PAP Mask,FALSE,T14-NJM-PJADQ-MF,,"PAP Mask, Nasal Pillow, Dreamwear, Large (LG Frame), 1 per 3 months",A7034,,,,,,,,,Mask Brand,Dreamwear,,,,,,,,,,
J05-6ME-YNR-7XH8,PAP Accessories/Supplies Package,B29-DBQ-BC3PJ-VA,PAP Mask,FALSE,T9Z-DF6A-VGH1-UR,,"PAP Mask, Nasal Pillow, Respironics Nuance Gel, Complete, 1 per 3 months",A7034,,,,,,,,,,,,,,,,,Mask Brand,Respironics Nuance Gel,,
J05-6ME-YNR-7XH8,PAP Accessories/Supplies Package,B29-DBQ-BC3PJ-VA,PAP Mask,FALSE,TD-PBJFG-CA-2IY9,,"PAP Mask, Nasal, Dreamwear, Large (SM Frame), 1 per 3 months.",A7034,,,,,,,,,,,,,,,,,,,Mask Brand,Dreamwear
J05-6ME-YNR-7XH8,PAP Accessories/Supplies Package,B29-DBQ-BC3PJ-VA,PAP Mask,FALSE,TF5R-YHY4V-B8S5G,,"PAP Mask, Full Face, Fisher & Paykel Simplus, Fit Upon Setup, 1 per 3 months",A7030,,,,,,,,,,,,,,,,,,,Mask Brand,Fisher & Paykel Simplus
J05-6ME-YNR-7XH8,PAP Accessories/Supplies Package,B29-DBQ-BC3PJ-VA,PAP Mask,FALSE,TH-IBM-JA-VL-840,,"PAP Mask, Nasal, Dreamwear, Fit Upon Setup, 1 per 3 months",A7034,,,,,,,,,,,,,,,,,Mask Brand,Dreamwear,,
J05-6ME-YNR-7XH8,PAP Accessories/Supplies Package,B29-DBQ-BC3PJ-VA,PAP Mask,FALSE,TK-J5A4-AB7G-MN2,,"PAP Mask, Fit to Comfort, 1 per 3 months.",A7034,,,,,,,,,Mask Brand,Fit Upon Setup,,,,,,,,,,
J05-6ME-YNR-7XH8,PAP Accessories/Supplies Package,B29-DBQ-BC3PJ-VA,PAP Mask,FALSE,TLDUT-0EP0-M90C1,,"PAP Mask, Nasal Cushion, Respironics Dreamwisp",A7034,,,Mask Brand,Respironics Dreamwisp,,,,,,,,,,,,,,,,
J05-6ME-YNR-7XH8,PAP Accessories/Supplies Package,B29-DBQ-BC3PJ-VA,PAP Mask,FALSE,TUIC4-D813Y-YJ17,,"PAP Mask, Full Face, Dreamwear, Small (MD Frame), 1 per 3 months",A7030,,,,,,,,,,,,,,,Mask Brand,Dreamwear,,,,
J05-6ME-YNR-7XH8,PAP Accessories/Supplies Package,B29-DBQ-BC3PJ-VA,PAP Mask,FALSE,UEZM-SAJAC-J8F7L,,"PAP Mask, Full Face, Airfit F30I, Wide, 1 per 3 months",A7030,,,,,,,,,,,,,,,,,Mask Brand,Airfit F30I,,
J05-6ME-YNR-7XH8,PAP Accessories/Supplies Package,B29-DBQ-BC3PJ-VA,PAP Mask,FALSE,UJ59H-2I-6YC-SR6,,"PAP Mask, Nasal Cushion, Resmed Pixi Pediatric",A7034,,,,,,,,,,,,,Mask Brand,Resmed Pixi Pediatric,,,,,,
J05-6ME-YNR-7XH8,PAP Accessories/Supplies Package,B29-DBQ-BC3PJ-VA,PAP Mask,FALSE,URE3V-ZEP-8UX-MQ,,"PAP Mask, Nasal, Respironics ComfortGel Blue, Medium, 1 per 3 months",A7034,,,,,,,,,,,,,,,Mask Brand,Respironics ComfortGel Blue,,,,
J05-6ME-YNR-7XH8,PAP Accessories/Supplies Package,B29-DBQ-BC3PJ-VA,PAP Mask,FALSE,UTBPG-KJ-KL8-TQ0,,"PAP Mask, Full Face, Resmed Airfit F20 for Her, Small, 1 per 3 months",A7030,,,,,,,,,,,,,,,,,Mask Brand,Resmed Airfit F20 for Her,,
J05-6ME-YNR-7XH8,PAP Accessories/Supplies Package,B29-DBQ-BC3PJ-VA,PAP Mask,FALSE,UX-APBHG-8PV-DCB,,"PAP Mask, Full Face, Fit Upon Setup, N/A, 1 per 3 months",A7030,,,,,,,,,,,,,Mask Brand,Fit Upon Setup,,,,,,
J05-6ME-YNR-7XH8,PAP Accessories/Supplies Package,B29-DBQ-BC3PJ-VA,PAP Mask,FALSE,UY-KQC-BR-3Q-HG0,,"PAP Mask, Nasal Pillow, Dreamwear, Medium (MD Frame), 1 per 3 months",A7034,,,,,,,,,,,,,,,Mask Brand,Dreamwear,,,,
J05-6ME-YNR-7XH8,PAP Accessories/Supplies Package,B29-DBQ-BC3PJ-VA,PAP Mask,FALSE,V30C-K7V-ZN79-JI,,"PAP Mask, Nasal, Respironics Wisp Clear, 1 per 3 months",A7034,,,,,,,,,,,,,Mask Brand,Respironics Wisp Clear,,,,,,
J05-6ME-YNR-7XH8,PAP Accessories/Supplies Package,B29-DBQ-BC3PJ-VA,PAP Mask,FALSE,V98-9XGX-V1U-75F,,"PAP Mask, Nasal, Respironics Nuance Pro Gel, Standard, 1 per 3 months",A7034,,,,,,,,,,,,,Mask Brand,Respironics Nuance Pro Gel,,,,,,
J05-6ME-YNR-7XH8,PAP Accessories/Supplies Package,B29-DBQ-BC3PJ-VA,PAP Mask,FALSE,VY-KBIM-HDT08-73,,"PAP Mask, Nasal, Fisher & Paykel Brevida, Fit Upon Setup, 1 per 3 months",A7034,,,,,,,,,,,Mask Brand,Fisher & Paykel Brevida,,,,,,,,
J05-6ME-YNR-7XH8,PAP Accessories/Supplies Package,B29-DBQ-BC3PJ-VA,PAP Mask,FALSE,X0T-CUI7L-A5T-L5,,"PAP Mask, Nasal Pillow, Resmed Swift FX for Her, Complete, 1 per 3 months",A7034,,,,,,,,,,,,,,,,,Mask Brand,Resmed Swift FX for Her,,
J05-6ME-YNR-7XH8,PAP Accessories/Supplies Package,B29-DBQ-BC3PJ-VA,PAP Mask,FALSE,XTPXG-YEQ-1Y-MUC,,"PAP Mask, Nasal Cushion, Fisher & Paykel Evora",A7034,,,,,,,,,,,,,Mask Brand,Fisher & Paykel Evora Nasal,,,,,,
J05-6ME-YNR-7XH8,PAP Accessories/Supplies Package,B29-DBQ-BC3PJ-VA,PAP Mask,FALSE,XY-KQXHV-4R-9V76,,"PAP Mask, Full Face, Airfit F30I, Standard, 1 per 3 months",A7030,,,,,,,,,,,Mask Brand,Airfit F30I,,,,,,,,
J05-6ME-YNR-7XH8,PAP Accessories/Supplies Package,B29-DBQ-BC3PJ-VA,PAP Mask,FALSE,ZEZK-N73-RV0-XZP,,"PAP Mask, Full Face, Resmed Airtouch F20, Medium, 1 per 3 months",A7030,,,,,,,,,,,,,,,Mask Brand,Resmed Airtouch F20,,,,
J05-6ME-YNR-7XH8,PAP Accessories/Supplies Package,B29-DBQ-BC3PJ-VA,PAP Mask,FALSE,ZGIJ-ASYP-8FU-ZT,,"PAP Mask, Full Face, Amara Gel, Large, 1 per 3 months",A7030,,,,,,,,,,,,,Mask Brand,Amara Gel,,,,,,
J05-6ME-YNR-7XH8,PAP Accessories/Supplies Package,B29-DBQ-BC3PJ-VA,PAP Mask,FALSE,ZL-90J-5KH17-YMI,,"PAP Mask, Nasal Pillow, Dreamwear, Medium (LG Frame), 1 per 3 months",A7034,,,,,,,,,,,,,,,Mask Brand,Dreamwear,,,,
J05-6ME-YNR-7XH8,PAP Accessories/Supplies Package,B29-DBQ-BC3PJ-VA,PAP Mask,FALSE,ZTQZ-17FIL-RB-18,,"PAP Mask, Nasal, Respironics ComfortGel Blue, Petite, 1 per 3 months",A7034,,,Mask Brand,Respironics ComfortGel Blue,,,,,,,,,,,,,,,,
J05-6ME-YNR-7XH8,PAP Accessories/Supplies Package,B29-DBQ-BC3PJ-VA,PAP Mask,FALSE,ZV-8PBRY-EDF9-KU,,"PAP Mask, Full Face, Resmed Quattro FX, Medium, 1 per 3 months",A7030,,,,,Mask Brand,Resmed Quattro FX,,,,,,,,,,,,,,
J05-6ME-YNR-7XH8,PAP Accessories/Supplies Package,HUPL-N9-KTS-PKHF,PAP Chinstrap,FALSE,CB-Q76BH-A20Y-1T,,"PAP Chinstrap, 1 per 6 months",A7036,,,,,PAP Chinstrap Included,PAP Chinstrap Included,,,,,,,,,,,,,,
J05-6ME-YNR-7XH8,PAP Accessories/Supplies Package,IH-RL-7H6N-Q2-Q6,PAP Nasal Pillows,FALSE,24-91A5-QPGV-2ZI,,"Nasal Pillows, Fit to Comfort, 2 per 1 month",A7029/A7033,,,,,Mask Frame,Fit to Comfort,,,,,Nasal Pillows Included,Nasal Pillows Included,,,,,,,,
J05-6ME-YNR-7XH8,PAP Accessories/Supplies Package,IH-RL-7H6N-Q2-Q6,PAP Nasal Pillows,FALSE,7RH2-J7-BY2BI-NS,,No Nasal Pillows,,Mask Frame,N/A,,,,,,,,,,,,,,,,,,
J05-6ME-YNR-7XH8,PAP Accessories/Supplies Package,IH-RL-7H6N-Q2-Q6,PAP Nasal Pillows,FALSE,AE58P-IV-B03-JV8,,"Nasal Pillows, Fit to Comfort, 2 per 1 month",A7033,,,,,Mask Frame,Fit to Comfort,,,,,Nasal Pillows Included,Nasal Pillows Included,,,,,,,,
J05-6ME-YNR-7XH8,PAP Accessories/Supplies Package,IH-RL-7H6N-Q2-Q6,PAP Nasal Pillows,FALSE,AS-KTED-K4YUZ-H3,,No Nasal Pillows Included,,,,Mask Frame,Oral,,,,,,,,,,,,,,,,
J05-6ME-YNR-7XH8,PAP Accessories/Supplies Package,IH-RL-7H6N-Q2-Q6,PAP Nasal Pillows,FALSE,CM-VD-7B-SF-B3P4,,No Nasal Pillows Included,,,,,,,,Mask Frame,Full Face,,,,,,,,,,,,
J05-6ME-YNR-7XH8,PAP Accessories/Supplies Package,IH-RL-7H6N-Q2-Q6,PAP Nasal Pillows,FALSE,EN5N-6FXH7-PG27M,,No Nasal Pillows Included,,,,,,,,,,,,,,,,Mask Frame,Nasal,,,,
J05-6ME-YNR-7XH8,PAP Accessories/Supplies Package,IH-RL-7H6N-Q2-Q6,PAP Nasal Pillows,FALSE,GTCDT-PUP64-T5NT,,"Nasal Pillows Included, Nasal Pillow Mask, 2 per 1 month",A7033,Mask Frame,Nasal Pillow,,,,,,,,,,,,,,,,,,
J05-6ME-YNR-7XH8,PAP Accessories/Supplies Package,IH-RL-7H6N-Q2-Q6,PAP Nasal Pillows,FALSE,HLXQ-8E84-LMR-TP,,No Nasal Pillows Included,,Mask Frame,Oral / Nasal Hybrid,,,,,,,,,,,,,,,,,,
J05-6ME-YNR-7XH8,PAP Accessories/Supplies Package,IH-RL-7H6N-Q2-Q6,PAP Nasal Pillows,FALSE,I69F-RY75S-IE-KB,,"Nasal Pillows Included, Oral / Nasal Hybrid Mask, 2 per 1 month",A7029,,,Mask Frame,Oral / Nasal Hybrid,,,,,,,,,,,,,,,,
J05-6ME-YNR-7XH8,PAP Accessories/Supplies Package,IH-RL-7H6N-Q2-Q6,PAP Nasal Pillows,FALSE,LKUH-84K-28FU-FA,,"Nasal Pillows, Fit to Comfort.",,,,,,,,,,Mask Frame,Nasal,,,,,,,,,,
J05-6ME-YNR-7XH8,PAP Accessories/Supplies Package,IH-RL-7H6N-Q2-Q6,PAP Nasal Pillows,FALSE,QK4-FJCPL-YQH-NS,,No Nasal Pillows Included,,,,,,,,Mask Frame,Fit to Comfort,,,,,,,,,,,,
J05-6ME-YNR-7XH8,PAP Accessories/Supplies Package,IH-RL-7H6N-Q2-Q6,PAP Nasal Pillows,FALSE,QSZ-AE-63LKU-5DB,,"Nasal Pillows Included, Full Face Mask, 2 per 1 month",A7033,Mask Frame,Full Face,,,,,,,,,,,,,,,,,,
J05-6ME-YNR-7XH8,PAP Accessories/Supplies Package,IH-RL-7H6N-Q2-Q6,PAP Nasal Pillows,FALSE,S81-RJ-TB-3VM-62,,"Nasal Pillows Included, Nasal Mask, 2 per 1 month",A7033,,,,,Mask Frame,Nasal,,,,,,,,,,,,,,
J05-6ME-YNR-7XH8,PAP Accessories/Supplies Package,IH-RL-7H6N-Q2-Q6,PAP Nasal Pillows,FALSE,T5E-ZP-SD-F2-2VK,,"Nasal Pillows, Patient Preference",,,,,,,,Mask Frame,Nasal,,,,,,,,,,,,
J05-6ME-YNR-7XH8,PAP Accessories/Supplies Package,IH-RL-7H6N-Q2-Q6,PAP Nasal Pillows,FALSE,T9-4C6-7RGJL-CLX,,"Nasal Pillows, Virtual Fitting",A7029/A7033,,,,,Mask Frame,Virtual Fitting,Nasal Pillows Included,Nasal Pillows Included,,,,,,,,,,,,
J05-6ME-YNR-7XH8,PAP Accessories/Supplies Package,IH-RL-7H6N-Q2-Q6,PAP Nasal Pillows,FALSE,UACF-YIR-YG-Q2EH,,"A7029 Nasal Pillows, Fit to Comfort",A7033,,,,,,,,,Mask Frame,Patient Preference,,,,,,,,,,
J05-6ME-YNR-7XH8,PAP Accessories/Supplies Package,IH-RL-7H6N-Q2-Q6,PAP Nasal Pillows,FALSE,Y8ZQ6-LEU3-VU50L,,No Nasal Pillows Included,,,,,,Mask Frame,Virtual Fitting,,,Nasal Pillows Included,No Nasal Pillows Included,,,,,,,,,,
J05-6ME-YNR-7XH8,PAP Accessories/Supplies Package,IH-RL-7H6N-Q2-Q6,PAP Nasal Pillows,FALSE,YKF-0IF-XLV9-ZNU,,No Nasal Pillows Included,,,,,,,,,,,,,,,,,,,,Mask Frame,Patient Preference
J05-6ME-YNR-7XH8,PAP Accessories/Supplies Package,IH-RL-7H6N-Q2-Q6,PAP Nasal Pillows,FALSE,YVYFS-3G-37FT-IP,,"Nasal Pillows, Fit to Comfort",A7029/A7033,Mask Frame,Fit to Comfort,,,,,,,,,,,,,,,,,,
J05-6ME-YNR-7XH8,PAP Accessories/Supplies Package,LX6-GZH-U6JT-EYE,PAP Humidifier,FALSE,0MXJI-HV2V-NU5ZF,,"PAP Humidifier, Heated.",E0562,,,,,,,,,,,,,,,,,,,Humidifier Type,Heated.
J05-6ME-YNR-7XH8,PAP Accessories/Supplies Package,LX6-GZH-U6JT-EYE,PAP Humidifier,FALSE,DRXE-1DLC6-0R-FU,,"PAP Humidifier, Patient Preference",,,,,,,,,,,,,,,,Humidifier Type,Patient Preference,,,,
J05-6ME-YNR-7XH8,PAP Accessories/Supplies Package,LX6-GZH-U6JT-EYE,PAP Humidifier,FALSE,FK2S-M4-L3-GL-CS,,"PAP Humidifier, Heated",E0562,,,,,,,,,,,,,,,,,Humidifier Type,Heated,,
J05-6ME-YNR-7XH8,PAP Accessories/Supplies Package,LX6-GZH-U6JT-EYE,PAP Humidifier,FALSE,KZGM-EIJ80-D7-LS,,No PAP Humidifier,,,,,,,,,,,,,,,,,,,,Humidifier Type,N/A
J05-6ME-YNR-7XH8,PAP Accessories/Supplies Package,LX6-GZH-U6JT-EYE,PAP Humidifier,FALSE,TUF2L-QT-7R4-8QN,,"PAP Humidifier, Non-Heated",E0561,,,,,,,Humidifier Type,Non-Heated,,,,,,,,,,,,
J2T-UYBX-2Z-936E,"BiLevel Machine, 5+ year Replacement",1P3-CS4E-VFQ-8EA,Non-Disposable PAP Filter,TRUE,IQFK-CA82-M0-4E1,,"Non-Disposable PAP Filter, 1 per 6 months",A7039,,,Non-Disposable PAP Filter,Included,,,,,,,,,,,,,,,,
J2T-UYBX-2Z-936E,"BiLevel Machine, 5+ year Replacement",6B-G8YD-QX5-Q0LA,PAP Mask Interface Cushion,FALSE,1M7F-B3-GJU-FNQH,,"PAP Mask Interface Cushion, Nasal, 2 per 1 month",A7032,Mask Frame,Nasal,,,,,,,,,,,,,,,,,,
J2T-UYBX-2Z-936E,"BiLevel Machine, 5+ year Replacement",6B-G8YD-QX5-Q0LA,PAP Mask Interface Cushion,FALSE,29X1-MA-FT-JY-CT,,"PAP Mask Interface Cushion, Nasal Pillow, 2 per 1 month",A7033,,,,,Mask Frame,Nasal Pillow,,,,,,,,,,,,,,
J2T-UYBX-2Z-936E,"BiLevel Machine, 5+ year Replacement",6B-G8YD-QX5-Q0LA,PAP Mask Interface Cushion,FALSE,98VR5-ACDY-CMQAT,,"PAP Mask Interface Cushion, Oral / Nasal Hybrid, 2 per 1 month",A7028,,,,,,,,,,,,,,,,,,,Mask Frame,Oral / Nasal Hybrid
J2T-UYBX-2Z-936E,"BiLevel Machine, 5+ year Replacement",6I-CU-K6-MNT4-BF,PAP Machine Tubing,FALSE,10RK-4K8S2-T6-EV,,"PAP Machine Tubing, Heated, 1 per 3 months",A4604,,,,,,,,,,,,,,,,,,,Tubing Type,Heated
J2T-UYBX-2Z-936E,"BiLevel Machine, 5+ year Replacement",6I-CU-K6-MNT4-BF,PAP Machine Tubing,FALSE,31JB8-VF7-2K-L04,,"Climate Line Air Pap Machine Tubing, Heated, 1 per 3 months",A4604,,,,,,,,,,,,,,,,,,,Tubing Type,Climate Line Air Heated
J2T-UYBX-2Z-936E,"BiLevel Machine, 5+ year Replacement",6I-CU-K6-MNT4-BF,PAP Machine Tubing,FALSE,9JEVE-LS7S-IKST2,,"PAP Machine Tubing, Non-Heated, 1 per 3 months",A7037,,,,,,,,,,,Tubing Type,Non-Heated,,,,,,,,
J2T-UYBX-2Z-936E,"BiLevel Machine, 5+ year Replacement",6I-CU-K6-MNT4-BF,PAP Machine Tubing,FALSE,CGHB-27DG6-SY-PQ,,"SlimLine PAP Machine Tubing, Non-Heated, 1 per 3 months",A7037,,,,,,,,,,,,,Tubing Type,SlimLine Non-Heated,,,,,,
J2T-UYBX-2Z-936E,"BiLevel Machine, 5+ year Replacement",6I-CU-K6-MNT4-BF,PAP Machine Tubing,FALSE,L238-KQMY-KDT-2Q,,"PAP Machine Tubing, Fit to Comfort",A7037/A4604,,,Tubing Type,Patient Preference,,,,,,,,,,,,,,,,
J2T-UYBX-2Z-936E,"BiLevel Machine, 5+ year Replacement",949X-865-0I-SCBR,"BiLevel Machine, 5+ year Replacement",TRUE,0CS-APRV5-28-7J2,,"BiLevel Machine, Resmed (5+ year Replacement)",E0470,PAP System,ResMed,,,,,,,,,,,,,,,,,,
J2T-UYBX-2Z-936E,"BiLevel Machine, 5+ year Replacement",949X-865-0I-SCBR,"BiLevel Machine, 5+ year Replacement",TRUE,134-DF-RB-797-HG,,"BiLevel Machine, Resmed S10 Aircurve Fixed BiLevel ASV (5+ year Replacement)",E0471,PAP System,Resmed S10 Aircurve Fixed BiLevel ASV,,,,,,,,,,,,,,,,,,
J2T-UYBX-2Z-936E,"BiLevel Machine, 5+ year Replacement",949X-865-0I-SCBR,"BiLevel Machine, 5+ year Replacement",TRUE,1H0-CJP3S-NG-9R9,,"BiLevel Machine, Drive Medical IntelliPAP Auto BiLevel (5+ year Replacement)",E0470,PAP System,Drive Medical IntelliPAP Auto BiLevel,,,,,,,,,,,,,,,,,,
J2T-UYBX-2Z-936E,"BiLevel Machine, 5+ year Replacement",949X-865-0I-SCBR,"BiLevel Machine, 5+ year Replacement",TRUE,3X-4XFTR-F5P-1YM,,"BiLevel ASV Machine, Generic (5+ year Replacement)",E0471,PAP System,Generic ASV,,,,,,,,,,,,,,,,,,
J2T-UYBX-2Z-936E,"BiLevel Machine, 5+ year Replacement",949X-865-0I-SCBR,"BiLevel Machine, 5+ year Replacement",TRUE,837Q-KDEQ-KC5-JG,,"BiLevel AVAPS Machine, Generic (5+ year Replacement)",E0471,PAP System,Generic AVAPS,,,,,,,,,,,,,,,,,,
J2T-UYBX-2Z-936E,"BiLevel Machine, 5+ year Replacement",949X-865-0I-SCBR,"BiLevel Machine, 5+ year Replacement",TRUE,A14J-S9J6-4K1-4J,,"BiLevel ASV Machine, Resmed S10 Aircurve BiLevel ASV (5+ year Replacement)",E0471,PAP System,Resmed S10 Aircurve BiLevel ASV,,,,,,,,,,,,,,,,,,
J2T-UYBX-2Z-936E,"BiLevel Machine, 5+ year Replacement",949X-865-0I-SCBR,"BiLevel Machine, 5+ year Replacement",TRUE,AVUE-1T-P0-C2-ZT,,"BiLevel ASV Machine, Respironics Dreamstation BiPAP ASV (5+ year Replacement)",E0471,PAP System,Respironics Dreamstation BiPAP ASV,,,,,,,,,,,,,,,,,,
J2T-UYBX-2Z-936E,"BiLevel Machine, 5+ year Replacement",949X-865-0I-SCBR,"BiLevel Machine, 5+ year Replacement",TRUE,EB9-4Y-Y9-AP-2S2,,"BiLevel ST Machine, Fit Upon Setup (5+ year Replacement)",E0471,PAP System,Fit Upon Setup,,,,,,,,,,,,,,,,,,
J2T-UYBX-2Z-936E,"BiLevel Machine, 5+ year Replacement",949X-865-0I-SCBR,"BiLevel Machine, 5+ year Replacement",TRUE,FBG-9X-HMS-82-3S,,"BiLevel Machine, Generic (5+ year Replacement)",E0470,PAP System,Generic,,,,,,,,,,,,,,,,,,
J2T-UYBX-2Z-936E,"BiLevel Machine, 5+ year Replacement",949X-865-0I-SCBR,"BiLevel Machine, 5+ year Replacement",TRUE,JY-7J-014-U3-RSZ,,Resmed S10 Aircurve BiLevel ST-A (5+ year Replacement),E0471,PAP System,Resmed S10 Aircurve BiLevel ST-A,,,,,,,,,,,,,,,,,,
J2T-UYBX-2Z-936E,"BiLevel Machine, 5+ year Replacement",949X-865-0I-SCBR,"BiLevel Machine, 5+ year Replacement",TRUE,KCT-NX-HE3-UF-SX,,"BiLevel Machine, Resvent iBreeze (5+ year Replacement)",E0470,PAP System,Resvent iBreeze,,,,,,,,,,,,,,,,,,
J2T-UYBX-2Z-936E,"BiLevel Machine, 5+ year Replacement",949X-865-0I-SCBR,"BiLevel Machine, 5+ year Replacement",TRUE,MA0-K9-8NQ1-JRM4,,"BiLevel Machine, Resmed S9 VPAP Auto BiLevel (5+ year Replacement)",E0470,PAP System,Resmed S9 VPAP Auto BiLevel,,,,,,,,,,,,,,,,,,
J2T-UYBX-2Z-936E,"BiLevel Machine, 5+ year Replacement",949X-865-0I-SCBR,"BiLevel Machine, 5+ year Replacement",TRUE,NI3-XRC-QX0J-Z2D,,"BiLevel ST Machine, Resmed S10 Aircurve BiLevel ST (5+ year Replacement)",E0471,PAP System,Resmed S10 Aircurve BiLevel ST,,,,,,,,,,,,,,,,,,
J2T-UYBX-2Z-936E,"BiLevel Machine, 5+ year Replacement",949X-865-0I-SCBR,"BiLevel Machine, 5+ year Replacement",TRUE,NS6J9-5AQ2C-MJ9G,,"BiLevel AVAPS Machine, Respironics Dreamstation BiPAP AVAPS (5+ year Replacement)",E0471,PAP System,Respironics Dreamstation BiPAP AVAPS,,,,,,,,,,,,,,,,,,
J2T-UYBX-2Z-936E,"BiLevel Machine, 5+ year Replacement",949X-865-0I-SCBR,"BiLevel Machine, 5+ year Replacement",TRUE,NT90-NV0-EA7-5YZ,,"BiLevel Machine, Respironics Dreamstation Auto BiPAP (5+ year Replacement)",E0470,PAP System,Respironics Dreamstation Auto BiPAP,,,,,,,,,,,,,,,,,,
J2T-UYBX-2Z-936E,"BiLevel Machine, 5+ year Replacement",949X-865-0I-SCBR,"BiLevel Machine, 5+ year Replacement",TRUE,RE-XVFNM-XPSN-J4,,"BiLevel Machine, Resmed S9 VPAP COPD (5+ year Replacement)",E0470,PAP System,Resmed S9 VPAP COPD,,,,,,,,,,,,,,,,,,
J2T-UYBX-2Z-936E,"BiLevel Machine, 5+ year Replacement",949X-865-0I-SCBR,"BiLevel Machine, 5+ year Replacement",TRUE,S8EQ-CB-I50-E2HD,,"BiLevel Machine, ReactHealth Luna II (5+ year Replacement)",E0470,PAP System,ReactHealth Luna II,,,,,,,,,,,,,,,,,,
J2T-UYBX-2Z-936E,"BiLevel Machine, 5+ year Replacement",949X-865-0I-SCBR,"BiLevel Machine, 5+ year Replacement",TRUE,VS6IG-HT-YMAZ-3E,,"BiLevel Machine, Respironics (5+ year Replacement)",E0470,PAP System,Respironics,,,,,,,,,,,,,,,,,,
J2T-UYBX-2Z-936E,"BiLevel Machine, 5+ year Replacement",949X-865-0I-SCBR,"BiLevel Machine, 5+ year Replacement",TRUE,XUX-QPV1L-0H8-AK,,"BiLevel Machine, Resmed S10 Aircurve Auto BiLevel ASV (5+ year Replacement)",E0471,PAP System,Resmed S10 Aircurve Auto BiLevel ASV,,,,,,,,,,,,,,,,,,
J2T-UYBX-2Z-936E,"BiLevel Machine, 5+ year Replacement",949X-865-0I-SCBR,"BiLevel Machine, 5+ year Replacement",TRUE,YCDGJ-QCB-NAV-P7,,"BiLevel Machine, Resmed S10 Aircurve Auto BiLevel (5+ year Replacement)",E0470,PAP System,Resmed S10 Aircurve Auto BiLevel,,,,,,,,,,,,,,,,,,
J2T-UYBX-2Z-936E,"BiLevel Machine, 5+ year Replacement",949X-865-0I-SCBR,"BiLevel Machine, 5+ year Replacement",TRUE,ZYT3-E0G-DLV-S52,,"BiLevel Machine, Resmed S10 Aircurve Fixed BiLevel (5+ year Replacement)",E0470,PAP System,Resmed S10 Aircurve Fixed BiLevel,,,,,,,,,,,,,,,,,,
J2T-UYBX-2Z-936E,"BiLevel Machine, 5+ year Replacement",A4DJ-QS-NZK-EJ6I,PAP Sanitizer with Mask Wipes and Filter,FALSE,LJG9F-8Y-CAVB-Y4,,SoClean 2 Setup with Mask Wipes and Filter,X9999,,,,,,,,,,,,,PAP Sanitizer Brand,SoClean 2,,,,,,
J2T-UYBX-2Z-936E,"BiLevel Machine, 5+ year Replacement",B29-DBQ-BC3PJ-VA,PAP Mask,TRUE,04CT6-ZI-PDIP-4X,,"PAP Mask, Nasal, Resmed Airfit N20 for Her, Small, 1 per 3 months",A7034,,,,,Mask Brand,Resmed Airfit N20 for Her,,,,,,,,,,,,,,
J2T-UYBX-2Z-936E,"BiLevel Machine, 5+ year Replacement",B29-DBQ-BC3PJ-VA,PAP Mask,TRUE,0KLA9-6X71-5AHMU,,"PAP Mask, Nasal, Airtouch N20, Small, 1 per 3 months",A7034,,,,,,,,,,,,,,,,,Mask Brand,Airtouch N20,,
J2T-UYBX-2Z-936E,"BiLevel Machine, 5+ year Replacement",B29-DBQ-BC3PJ-VA,PAP Mask,TRUE,0Q-6C-QUY-DZ9-JP,,"PAP Mask, Nasal Pillow, Resmed Airfit P10, Medium, 1 per 3 months",A7034,,,,,,,,,Mask Brand,Resmed Airfit P10,,,,,,,,,,
J2T-UYBX-2Z-936E,"BiLevel Machine, 5+ year Replacement",B29-DBQ-BC3PJ-VA,PAP Mask,TRUE,0RNGD-U9R2-4ZLDF,,"PAP Mask, Nasal, Fisher & Paykel Zest, Fit Upon Setup",A7034,,,,,Mask Brand,Fisher & Paykel Zest,,,,,,,,,,,,,,
J2T-UYBX-2Z-936E,"BiLevel Machine, 5+ year Replacement",B29-DBQ-BC3PJ-VA,PAP Mask,TRUE,13JM-6JX3N-CI-78,,"PAP Mask, Fit to Comfort, Full Face, 1 per 3 months",A7030,,,,,,,,,,,,,,,,,Mask Brand,Fit Upon Setup,,
J2T-UYBX-2Z-936E,"BiLevel Machine, 5+ year Replacement",B29-DBQ-BC3PJ-VA,PAP Mask,TRUE,1F7-50R6A-RQ9-U1,,"PAP Mask, Nasal Pillow, Fit Upon Setup, N/A, 1 per 3 months",A7034,Mask Brand,Fit Upon Setup,,,,,,,,,,,,,,,,,,
J2T-UYBX-2Z-936E,"BiLevel Machine, 5+ year Replacement",B29-DBQ-BC3PJ-VA,PAP Mask,TRUE,1N0R-K7HQ-GV-RNC,,"PAP Mask, Full Face, Dreamwear, Small (SM Frame), 1 per 3 months",A7030,,,,,,,,,,,,,,,,,,,Mask Brand,Dreamwear
J2T-UYBX-2Z-936E,"BiLevel Machine, 5+ year Replacement",B29-DBQ-BC3PJ-VA,PAP Mask,TRUE,21AIQ-8RX7-13-NZ,,"PAP Mask, Nasal, Respironics Wisp Fabric, Complete, 1 per 3 months",A7034,,,,,Mask Brand,Respironics Wisp Fabric,,,,,,,,,,,,,,
J2T-UYBX-2Z-936E,"BiLevel Machine, 5+ year Replacement",B29-DBQ-BC3PJ-VA,PAP Mask,TRUE,2R-K5-6G-TCEF-UB,,"PAP Mask, Full Face, Fisher & Paykel Vitera, Small, 1 per 3 months",A7030,,,,,,,,,,,,,,,,,,,Mask Brand,Fisher & Paykel Vitera
J2T-UYBX-2Z-936E,"BiLevel Machine, 5+ year Replacement",B29-DBQ-BC3PJ-VA,PAP Mask,TRUE,2UP8-FY-C0EQH-UD,,"PAP Mask, Nasal Pillow, Airfit P10, X-Small, 2 per 1 month",A7033,,,,,Mask Brand,AirFit P10,,,,,,,,,,,,,,
J2T-UYBX-2Z-936E,"BiLevel Machine, 5+ year Replacement",B29-DBQ-BC3PJ-VA,PAP Mask,TRUE,2V-RD0T-FLT-PEMY,,"PAP Mask, Nasal, Resmed Airfit N20, Fit Upon Setup, 1 per 3 months",A7034,Mask Brand,Resmed Airfit N20,,,,,,,,,,,,,,,,,,
J2T-UYBX-2Z-936E,"BiLevel Machine, 5+ year Replacement",B29-DBQ-BC3PJ-VA,PAP Mask,TRUE,31BTL-1HJ6Y-3S58,,"PAP Mask, Nasal Pillow, Nuance Gel, Fit Upon Setup, 1 per 3 month",A7033,,,,,,,,,,,Mask Brand,Nuance,,,,,,,,
J2T-UYBX-2Z-936E,"BiLevel Machine, 5+ year Replacement",B29-DBQ-BC3PJ-VA,PAP Mask,TRUE,362P-LN-CQ1LA-B4,,"PAP Mask, Full Face, Airfit F30I, Medium, 1 per 3 months",A7030,,,,,,,,,,,Mask Brand,Airfit F30I,,,,,,,,
J2T-UYBX-2Z-936E,"BiLevel Machine, 5+ year Replacement",B29-DBQ-BC3PJ-VA,PAP Mask,TRUE,3BUPB-0E-RPZ-NZ0,,"PAP Mask, Nasal, Resmed Airfit N20, Medium, 1 per 3 months",A7034,,,,,Mask Brand,Resmed Airfit N20,,,,,,,,,,,,,,
J2T-UYBX-2Z-936E,"BiLevel Machine, 5+ year Replacement",B29-DBQ-BC3PJ-VA,PAP Mask,TRUE,3GL5B-MI95P-CL3M,,"PAP Mask, Nasal Pillow, Resmed Airfit P10 for Her, Complete, 1 per 3 months",A7034,,,,,,,Mask Brand,Resmed Airfit P10 for Her,,,,,,,,,,,,
J2T-UYBX-2Z-936E,"BiLevel Machine, 5+ year Replacement",B29-DBQ-BC3PJ-VA,PAP Mask,TRUE,3J3-GC-SI2-JE-YB,,"PAP Mask, Nasal, Fisher & Paykel Eson, Large, 1 per 3 months",A7034,,,,,,,,,,,Mask Brand,Fisher & Paykel Eson,,,,,,,,
J2T-UYBX-2Z-936E,"BiLevel Machine, 5+ year Replacement",B29-DBQ-BC3PJ-VA,PAP Mask,TRUE,3K3GT-R0-XAT-20T,,"PAP Mask, Full Face, Respironics Amara View, Small, 1 per 3 months",A7030,,,,,,,,,Mask Brand,Respironics Amara View,,,,,,,,,,
J2T-UYBX-2Z-936E,"BiLevel Machine, 5+ year Replacement",B29-DBQ-BC3PJ-VA,PAP Mask,TRUE,3KSX-GCTP1-H8C7Q,,"PAP Mask, Nasal Pillow, Nuance Gel, Medium, 2 per 1 month",A7033,,,,,,,,,Mask Brand,Nuance Gel,,,,,,,,,,
J2T-UYBX-2Z-936E,"BiLevel Machine, 5+ year Replacement",B29-DBQ-BC3PJ-VA,PAP Mask,TRUE,3U-RT-X6JI-46TIQ,,"PAP Mask, Nasal, Fisher & Paykel Eson, Small, 1 per 3 months",A7034,,,,,,,,,,,Mask Brand,Fisher & Paykel Eson,,,,,,,,
J2T-UYBX-2Z-936E,"BiLevel Machine, 5+ year Replacement",B29-DBQ-BC3PJ-VA,PAP Mask,TRUE,3Z2EG-FY1S0-PLVM,,"PAP Mask, Nasal, Fit Upon Setup, N/A, 1 per 3 months",A7034,,,,,,,,,Mask Brand,Fit Upon Setup,,,,,,,,,,
J2T-UYBX-2Z-936E,"BiLevel Machine, 5+ year Replacement",B29-DBQ-BC3PJ-VA,PAP Mask,TRUE,3ZN0-9M-U9X-CDE6,,"PAP Mask, Nasal, Dreamwisp Fit, Fit Upon Setup, 1 per 3 months",A7034,,,,,,,,,,,,,,,,,Mask Brand,Dreamwisp Fit,,
J2T-UYBX-2Z-936E,"BiLevel Machine, 5+ year Replacement",B29-DBQ-BC3PJ-VA,PAP Mask,TRUE,43NX-0X9I-ZMS-6T,,"PAP Mask, Nasal, Fisher & Paykel Eson 2, Large, 1 per 3 months",A7034,,,,,,,,,,,,,,,,,Mask Brand,Fisher & Paykel Eson 2,,
J2T-UYBX-2Z-936E,"BiLevel Machine, 5+ year Replacement",B29-DBQ-BC3PJ-VA,PAP Mask,TRUE,48B-SZD7B-S32-YX,,"PAP Mask, Nasal, Fisher & Paykel Evora, Fit Upon Setup, 1 per 3 months",A7034,Mask Brand,Fisher & Paykel Evora Nasal,,,,,,,,,,,,,,,,,,
J2T-UYBX-2Z-936E,"BiLevel Machine, 5+ year Replacement",B29-DBQ-BC3PJ-VA,PAP Mask,TRUE,49D-P3U2V-NQ4-64,,"PAP Mask, Nasal, Respironics Dreamwear, Complete, 1 per 3 months",A7034,,,,,,,Mask Brand,Respironics Dreamwear,,,,,,,,,,,,
J2T-UYBX-2Z-936E,"BiLevel Machine, 5+ year Replacement",B29-DBQ-BC3PJ-VA,PAP Mask,TRUE,4E-24V3-7BA-U8KN,,"PAP Mask, Nasal, Fisher & Paykel Eson 2, Medium, 1 per 3 months",A7034,Mask Brand,Fisher & Paykel Eson 2,,,,,,,,,,,,,,,,,,
J2T-UYBX-2Z-936E,"BiLevel Machine, 5+ year Replacement",B29-DBQ-BC3PJ-VA,PAP Mask,TRUE,4HR-AU9G-UMQ-Y2D,,"PAP Mask, Nasal, Resmed Mirage FX, Complete, 1 per 3 months",A7034,,,,,,,,,Mask Brand,Resmed Mirage FX,,,,,,,,,,
J2T-UYBX-2Z-936E,"BiLevel Machine, 5+ year Replacement",B29-DBQ-BC3PJ-VA,PAP Mask,TRUE,4N-DI-94P-BQ9-HE,,"PAP Mask, Nasal, Airfit N30I, Fit Upon Setup, 1 per 3 months",A7034,,,,,,,Mask Brand,Airfit N30I,,,,,,,,,,,,
J2T-UYBX-2Z-936E,"BiLevel Machine, 5+ year Replacement",B29-DBQ-BC3PJ-VA,PAP Mask,TRUE,4Y-GY-U4A9-R8NGI,,"PAP Mask, Nasal, Dreamwear, Medium Wide (MD Frame), 1 per 3 months",A7034,,,,,,,,,,,Mask Brand,Dreamwear,,,,,,,,
J2T-UYBX-2Z-936E,"BiLevel Machine, 5+ year Replacement",B29-DBQ-BC3PJ-VA,PAP Mask,TRUE,5AC-L3-DI-7D-4T8,,"PAP Mask, Full Face, Dreamwear, Small (LG Frame), 1 per 3 months",A7030,Mask Brand,Dreamwear,,,,,,,,,,,,,,,,,,
J2T-UYBX-2Z-936E,"BiLevel Machine, 5+ year Replacement",B29-DBQ-BC3PJ-VA,PAP Mask,TRUE,5D-3X-H8-86-71HZ,,"PAP Mask, Nasal Pillow, Airfit P10, Medium, 2 per 1 month",A7033,,,Mask Brand,AirFit P10,,,,,,,,,,,,,,,,
J2T-UYBX-2Z-936E,"BiLevel Machine, 5+ year Replacement",B29-DBQ-BC3PJ-VA,PAP Mask,TRUE,5G236-JL-EV3T-3D,,"PAP Mask, Nasal Pillow, Dreamwear, Small (SM Frame), 1 per 3 months",A7034,Mask Brand,Dreamwear,,,,,,,,,,,,,,,,,,
J2T-UYBX-2Z-936E,"BiLevel Machine, 5+ year Replacement",B29-DBQ-BC3PJ-VA,PAP Mask,TRUE,5RHC-MYA9I-0K-5D,,"PAP Mask, Nasal Cushion, Respironics Wisp Fabric",A7034,,,,,Mask Brand,Respironics Wisp Fabric,,,,,,,,,,,,,,
J2T-UYBX-2Z-936E,"BiLevel Machine, 5+ year Replacement",B29-DBQ-BC3PJ-VA,PAP Mask,TRUE,5S-V2J3-S7I8-TX1,,"PAP Mask, Full Face, Amara Gel, Medium, 1 per 3 months",A7030,,,,,,,,,,,,,,,Mask Brand,Amara Gel,,,,
J2T-UYBX-2Z-936E,"BiLevel Machine, 5+ year Replacement",B29-DBQ-BC3PJ-VA,PAP Mask,TRUE,5YQ-0Y-1DS0-8NKJ,,"PAP Mask, Full Face, Resmed Airtouch F20 for Her, Medium, 1 per 3 months",A7030,,,,,,,,,,,Mask Brand,Resmed Airtouch F20 for Her,,,,,,,,
J2T-UYBX-2Z-936E,"BiLevel Machine, 5+ year Replacement",B29-DBQ-BC3PJ-VA,PAP Mask,TRUE,65X0-MFUCL-6H-J8,,"PAP Mask, Full Face, Fisher & Paykel Vitera, Medium, 1 per 3 months",A7030,,,,,Mask Brand,Fisher & Paykel Vitera,,,,,,,,,,,,,,
J2T-UYBX-2Z-936E,"BiLevel Machine, 5+ year Replacement",B29-DBQ-BC3PJ-VA,PAP Mask,TRUE,6N5-3Z2-CMQDH-ZF,,"PAP Mask, Full Face, Resmed Quattro FX, Large, 1 per 3 months",A7030,,,,,,,,,,,,,,,Mask Brand,Resmed Quattro FX,,,,
J2T-UYBX-2Z-936E,"BiLevel Machine, 5+ year Replacement",B29-DBQ-BC3PJ-VA,PAP Mask,TRUE,6U-CNQ-P2LUT-S32,,"PAP Mask, Full Face, Respironics Amara View, Fit Upon Setup, 1 per 3 months",A7030,,,,,,,,,,,,,,,,,Mask Brand,Respironics Amara View,,
J2T-UYBX-2Z-936E,"BiLevel Machine, 5+ year Replacement",B29-DBQ-BC3PJ-VA,PAP Mask,TRUE,6YL-IBI8-0PK-6S6,,"PAP Mask, Nasal Pillow, Airfit P30I, Standard, 1 per 3 months",A7034,,,,,,,,,,,,,,,Mask Brand,Airfit P30I,,,,
J2T-UYBX-2Z-936E,"BiLevel Machine, 5+ year Replacement",B29-DBQ-BC3PJ-VA,PAP Mask,TRUE,71K-Y6E93-CG-Z5E,,"PAP Mask, Nasal Pillow, Resmed Airfit P10, Large, 1 per 3 months",A7034,,,Mask Brand,Resmed Airfit P10,,,,,,,,,,,,,,,,
J2T-UYBX-2Z-936E,"BiLevel Machine, 5+ year Replacement",B29-DBQ-BC3PJ-VA,PAP Mask,TRUE,7D8-CFD-9EYN-KBX,,"PAP Mask, Nasal, Fisher & Paykel Eson, Fit Upon Setup, 1 per 3 months",A7034,,,,,,,Mask Brand,Fisher & Paykel Eson,,,,,,,,,,,,
J2T-UYBX-2Z-936E,"BiLevel Machine, 5+ year Replacement",B29-DBQ-BC3PJ-VA,PAP Mask,TRUE,7GX-5LY-Q1Y1F-0R,,"PAP Mask, Nasal Pillow, Dreamwear, Large (MD Frame), 1 per 3 months",A7034,,,,,,,,,,,,,Mask Brand,Dreamwear,,,,,,
J2T-UYBX-2Z-936E,"BiLevel Machine, 5+ year Replacement",B29-DBQ-BC3PJ-VA,PAP Mask,TRUE,7NHX-4H-NMPT-EZM,,"PAP Mask, Nasal, Airfit N30I, Wide, 1 per 3 months",A7034,,,,,,,,,,,,,,,,,Mask Brand,Airfit N30I,,
J2T-UYBX-2Z-936E,"BiLevel Machine, 5+ year Replacement",B29-DBQ-BC3PJ-VA,PAP Mask,TRUE,8AKDZ-IFJ9-C81BK,,"PAP Mask, Full Face, Dreamwear, Large (LG Frame), 1 per 3 months",A7030,,,,,,,,,,,,,,,,,Mask Brand,Dreamwear,,
J2T-UYBX-2Z-936E,"BiLevel Machine, 5+ year Replacement",B29-DBQ-BC3PJ-VA,PAP Mask,TRUE,8L8-Z9-SYZN-5DLA,,"PAP Mask, Nasal Pillow, Airfit P30I, Large, 2 per 1 month",A7033,,,,,,,Mask Brand,Airfit P30I,,,,,,,,,,,,
J2T-UYBX-2Z-936E,"BiLevel Machine, 5+ year Replacement",B29-DBQ-BC3PJ-VA,PAP Mask,TRUE,8SV6-Q6P3C-Q4-VM,,"PAP Mask, Nasal, Fisher & Paykel Eson, Medium, 1 per 3 months",A7034,,,,,,,,,Mask Brand,Fisher & Paykel Eson,,,,,,,,,,
J2T-UYBX-2Z-936E,"BiLevel Machine, 5+ year Replacement",B29-DBQ-BC3PJ-VA,PAP Mask,TRUE,8U-7MCZ-AU7G-9YT,,"PAP Mask, Nasal, Resmed Mirage FX, Fit Upon Setup, 1 per 3 months",A7034,,,Mask Brand,Resmed Mirage FX,,,,,,,,,,,,,,,,
J2T-UYBX-2Z-936E,"BiLevel Machine, 5+ year Replacement",B29-DBQ-BC3PJ-VA,PAP Mask,TRUE,95BV-4G7T0-2JUKM,,"PAP Mask, Full Face, Resmed Airfit F20 for Her, Medium, 1 per 3 months",A7030,,,,,,,Mask Brand,Resmed Airfit F20 for Her,,,,,,,,,,,,
J2T-UYBX-2Z-936E,"BiLevel Machine, 5+ year Replacement",B29-DBQ-BC3PJ-VA,PAP Mask,TRUE,97J-AB4-LKG6-FEJ,,"PAP Mask, Nasal Pillow, Airfit P30I, Medium, 2 per 1 month",A7033,,,,,,,,,,,,,,,,,,,Mask Brand,Airfit P30I
J2T-UYBX-2Z-936E,"BiLevel Machine, 5+ year Replacement",B29-DBQ-BC3PJ-VA,PAP Mask,TRUE,980FC-YAMY-NMEPI,,"PAP Mask, Fit to Comfort, Nasal Pillow, 1 per 3 months",A7034,,,,,Mask Brand,Fit Upon Setup,,,,,,,,,,,,,,
J2T-UYBX-2Z-936E,"BiLevel Machine, 5+ year Replacement",B29-DBQ-BC3PJ-VA,PAP Mask,TRUE,9G-PF5N8-E0DE-R2,,"PAP Mask, Full Face, Resmed Airfit F10, Medium, 1 per 3 months",A7030,,,,,,,,,,,,,,,,,Mask Brand,Resmed Airfit F10,,
J2T-UYBX-2Z-936E,"BiLevel Machine, 5+ year Replacement",B29-DBQ-BC3PJ-VA,PAP Mask,TRUE,9M6D-PDBMJ-XEFZ4,,"PAP Mask, Nasal Pillow, Swift FX, Small, 2 per 1 month",A7033,,,,,Mask Brand,Swift FX,,,,,,,,,,,,,,
J2T-UYBX-2Z-936E,"BiLevel Machine, 5+ year Replacement",B29-DBQ-BC3PJ-VA,PAP Mask,TRUE,9YFQ-KUZ-7B8E-XM,,"PAP Mask, Nasal Cushion, Resmed N30",A7034,,,Mask Brand,Resmed N30,,,,,,,,,,,,,,,,
J2T-UYBX-2Z-936E,"BiLevel Machine, 5+ year Replacement",B29-DBQ-BC3PJ-VA,PAP Mask,TRUE,9YZ-MV0B9-MT4-9J,,"PAP Mask, Full Face, Fisher & Paykel Vitera, Large, 1 per 3 months",A7030,,,,,Mask Brand,Fisher & Paykel Vitera,,,,,,,,,,,,,,
J2T-UYBX-2Z-936E,"BiLevel Machine, 5+ year Replacement",B29-DBQ-BC3PJ-VA,PAP Mask,TRUE,A5G-YA26-PHXU-Z7,,"PAP Mask, Nasal, Airtouch N20, Medium, 1 per 3 months",A7034,,,,,,,,,Mask Brand,Airtouch N20,,,,,,,,,,
J2T-UYBX-2Z-936E,"BiLevel Machine, 5+ year Replacement",B29-DBQ-BC3PJ-VA,PAP Mask,TRUE,AS-TN-P6IB-I03K8,,"PAP Mask, Nasal, Wisp, Fit Upon Setup, 1 per 3 months",A7034,,,,,,,,,,,,,Mask Brand,Wisp,,,,,,
J2T-UYBX-2Z-936E,"BiLevel Machine, 5+ year Replacement",B29-DBQ-BC3PJ-VA,PAP Mask,TRUE,AT4GH-86-7HL-7HP,,"PAP Mask, Full Face, Resmed Quattro, Large, 1 per 3 months",A7030,,,,,,,,,,,,,,,Mask Brand,Resmed Quattro,,,,
J2T-UYBX-2Z-936E,"BiLevel Machine, 5+ year Replacement",B29-DBQ-BC3PJ-VA,PAP Mask,TRUE,B18-YIPD-2K-4IT7,,"PAP Mask, Full Face, Resmed Airtouch F20 for Her, Small, 1 per 3 months",A7030,,,,,,,,,Mask Brand,Resmed Airtouch F20 for Her,,,,,,,,,,
J2T-UYBX-2Z-936E,"BiLevel Machine, 5+ year Replacement",B29-DBQ-BC3PJ-VA,PAP Mask,TRUE,BP95-KNQ9P-QX-T5,,"PAP Mask, Nasal Pillow, Fisher & Paykel Pilairo Q, Standard, 1 per 3 months",A7034,,,,,,,Mask Brand,Fisher & Paykel Pilairo Q,,,,,,,,,,,,
J2T-UYBX-2Z-936E,"BiLevel Machine, 5+ year Replacement",B29-DBQ-BC3PJ-VA,PAP Mask,TRUE,BQK2-5GU-BZVZ-UT,,"PAP Mask, Nasal, Airfit N30I, Small, 1 per 3 months",A7034,,,,,,,,,,,,,,,,,Mask Brand,Airfit N30I,,
J2T-UYBX-2Z-936E,"BiLevel Machine, 5+ year Replacement",B29-DBQ-BC3PJ-VA,PAP Mask,TRUE,BX1-7H3N-GU-UE80,,"PAP Mask, Full Face, Resmed Quattro, Small, 1 per 3 months",A7030,,,Mask Brand,Resmed Quattro,,,,,,,,,,,,,,,,
J2T-UYBX-2Z-936E,"BiLevel Machine, 5+ year Replacement",B29-DBQ-BC3PJ-VA,PAP Mask,TRUE,C4PX7-E6-URS-1U2,,"PAP Mask, Nasal, Other Brand, N/A, 1 per 3 months",A7034,,,,,,,,,,,,,Mask Brand,Other,,,,,,
J2T-UYBX-2Z-936E,"BiLevel Machine, 5+ year Replacement",B29-DBQ-BC3PJ-VA,PAP Mask,TRUE,CD0J-GK-UH-GTGEV,,"PAP Mask, Nasal, Resmed Airfit N20, Small, 1 per 3 months",A7034,Mask Brand,Resmed Airfit N20,,,,,,,,,,,,,,,,,,
J2T-UYBX-2Z-936E,"BiLevel Machine, 5+ year Replacement",B29-DBQ-BC3PJ-VA,PAP Mask,TRUE,CH-GS-TLH-DS1-N6,,"PAP Mask, Nasal Pillow, Dreamwear Pillows, Fit Upon Setup, 1 per 3 months",A7033,,,,,,,,,,,,,,,,,,,Mask Brand,Dreamwear Pillows
J2T-UYBX-2Z-936E,"BiLevel Machine, 5+ year Replacement",B29-DBQ-BC3PJ-VA,PAP Mask,TRUE,CKH-454CH-CKB-SC,,"PAP Mask, Nasal, Airfit N30I, Medium, 1 per 3 months",A7034,,,,,Mask Brand,Airfit N30I,,,,,,,,,,,,,,
J2T-UYBX-2Z-936E,"BiLevel Machine, 5+ year Replacement",B29-DBQ-BC3PJ-VA,PAP Mask,TRUE,DFH-ZLE-U3F-VNYF,,"PAP Mask, Nasal, Respironics ComfortGel Blue, Large, 1 per 3 months",A7034,,,,,,,Mask Brand,Respironics ComfortGel Blue,,,,,,,,,,,,
J2T-UYBX-2Z-936E,"BiLevel Machine, 5+ year Replacement",B29-DBQ-BC3PJ-VA,PAP Mask,TRUE,DJ6X-CTVUL-3Y-ED,,"PAP Mask, Nasal Pillow, Swift FX, Large, 2 per 1 month",A7033,,,,,,,,,,,,,,,Mask Brand,Swift FX,,,,
J2T-UYBX-2Z-936E,"BiLevel Machine, 5+ year Replacement",B29-DBQ-BC3PJ-VA,PAP Mask,TRUE,DK626-NDJ3-F1-XF,,"PAP Mask, Nasal, Dreamwear, Large (MD Frame), 1 per 3 months",A7034,Mask Brand,Dreamwear,,,,,,,,,,,,,,,,,,
J2T-UYBX-2Z-936E,"BiLevel Machine, 5+ year Replacement",B29-DBQ-BC3PJ-VA,PAP Mask,TRUE,DXP45-Z2D-LRN-7C,,"PAP Mask, Nasal, Dreamwear, Medium (LG Frame), 1 per 3 months",A7034,,,,,,,,,Mask Brand,Dreamwear,,,,,,,,,,
J2T-UYBX-2Z-936E,"BiLevel Machine, 5+ year Replacement",B29-DBQ-BC3PJ-VA,PAP Mask,TRUE,E1NP-5NXZ1-7LIN3,,"PAP Mask, Full Face, Dreamwear, Large (MD Frame), 1 per 3 months",A7030,,,,,,,,,Mask Brand,Dreamwear,,,,,,,,,,
J2T-UYBX-2Z-936E,"BiLevel Machine, 5+ year Replacement",B29-DBQ-BC3PJ-VA,PAP Mask,TRUE,E7Q-NXQ5-FCIK-1J,,"PAP Mask, Nasal Cushion, Respironics Dreamwear",A7034,,,,,,,,,,,,,,,,,,,Mask Brand,Respironics Dreamwear
J2T-UYBX-2Z-936E,"BiLevel Machine, 5+ year Replacement",B29-DBQ-BC3PJ-VA,PAP Mask,TRUE,E8M-UZA6-VAB-QFA,,"PAP Mask, Full Face, Fisher & Paykel Vitera",A7030,,,Mask Brand,Fisher & Paykel Vitera,,,,,,,,,,,,,,,,
J2T-UYBX-2Z-936E,"BiLevel Machine, 5+ year Replacement",B29-DBQ-BC3PJ-VA,PAP Mask,TRUE,E9-BIY-CAR06-VX6,,"PAP Mask, Nasal Pillow, Nuance Gel, Large, 2 per 1 month",A7033,,,,,,,,,,,,,,,Mask Brand,Nuance Gel,,,,
J2T-UYBX-2Z-936E,"BiLevel Machine, 5+ year Replacement",B29-DBQ-BC3PJ-VA,PAP Mask,TRUE,EGF0-Z2-IDS7V-6D,,"PAP Mask, Nasal Pillow, Respironics Dreamwear Silicone",A7034,,,Mask Brand,Respironics Dreamwear Silicone,,,,,,,,,,,,,,,,
J2T-UYBX-2Z-936E,"BiLevel Machine, 5+ year Replacement",B29-DBQ-BC3PJ-VA,PAP Mask,TRUE,ENXVE-NAC-B4C-DK,,"PAP Mask, Full Face, AirFit F20, Fit Upon Setup, 1 per 3 months",A7030,,,,,,,,,,,,,,,,,Mask Brand,AirFit F20,,
J2T-UYBX-2Z-936E,"BiLevel Machine, 5+ year Replacement",B29-DBQ-BC3PJ-VA,PAP Mask,TRUE,EP-NV-7J5YJ-1QPJ,,"PAP Mask, Fit to Comfort, 1 per 3 months.",MASK,,,,,,,,,,,Mask Brand,Fit Upon Setup,,,,,,,,
J2T-UYBX-2Z-936E,"BiLevel Machine, 5+ year Replacement",B29-DBQ-BC3PJ-VA,PAP Mask,TRUE,EQC-U0-6RM-LN-GH,,"PAP Mask, Full Face, Airfit F30, Fit Upon Setup, 1 per 3 months",A7030,,,,,,,,,,,,,,,,,,,Mask Brand,Airfit F30
J2T-UYBX-2Z-936E,"BiLevel Machine, 5+ year Replacement",B29-DBQ-BC3PJ-VA,PAP Mask,TRUE,EXSTH-FIJ-GJ9-UC,,"PAP Mask, Nasal Cushion, Resmed N30i",A7034,,,,,,,,,,,,,Mask Brand,Resmed N30i,,,,,,
J2T-UYBX-2Z-936E,"BiLevel Machine, 5+ year Replacement",B29-DBQ-BC3PJ-VA,PAP Mask,TRUE,G4D2B-V5Q4A-57IF,,"PAP Mask, Full Face, Other Brand, N/A, 1 per 3 months",A7030,,,,,,,,,Mask Brand,Other,,,,,,,,,,
J2T-UYBX-2Z-936E,"BiLevel Machine, 5+ year Replacement",B29-DBQ-BC3PJ-VA,PAP Mask,TRUE,GAHB0-EZ-37-LEKL,,"PAP Mask, Nasal Pillow, Airfit P10, Large, 2 per 1 month",A7033,,,,,,,,,,,,,,,,,Mask Brand,AirFit P10,,
J2T-UYBX-2Z-936E,"BiLevel Machine, 5+ year Replacement",B29-DBQ-BC3PJ-VA,PAP Mask,TRUE,GX7-8IJ3-UPB2-2P,,"PAP Mask, Full Face, Fisher & Paykel Simplus, Large, 1 per 3 months",A7030,,,Mask Brand,Fisher & Paykel Simplus,,,,,,,,,,,,,,,,
J2T-UYBX-2Z-936E,"BiLevel Machine, 5+ year Replacement",B29-DBQ-BC3PJ-VA,PAP Mask,TRUE,GY4-NLY-148F8-46,,"PAP Mask, Nasal, Airtouch F20 for Her, 1 per 3 months",A7034,,,,,,,,,,,,,,,,,,,Mask Brand,Airtouch F20 for Her
J2T-UYBX-2Z-936E,"BiLevel Machine, 5+ year Replacement",B29-DBQ-BC3PJ-VA,PAP Mask,TRUE,HG7Y-INVBS-H3V3K,,"PAP Mask, Nasal, Resmed Airfit N20, Large, 1 per 3 months",A7034,,,,,,,,,,,Mask Brand,Resmed Airfit N20,,,,,,,,
J2T-UYBX-2Z-936E,"BiLevel Machine, 5+ year Replacement",B29-DBQ-BC3PJ-VA,PAP Mask,TRUE,HYGN-BAX-PMA8-HI,,"PAP Mask, Nasal, Fisher & Paykel Eson 2, Small, 1 per 3 months",A7034,,,,,,,,,,,Mask Brand,Fisher & Paykel Eson 2,,,,,,,,
J2T-UYBX-2Z-936E,"BiLevel Machine, 5+ year Replacement",B29-DBQ-BC3PJ-VA,PAP Mask,TRUE,I7CMF-AE-6DXE-2J,,"PAP Mask, Full Face, Airtouch F20, Fit Upon Setup, 1 per 3 months",A7030,,,,,,,,,,,,,,,,,Mask Brand,Airtouch F20,,
J2T-UYBX-2Z-936E,"BiLevel Machine, 5+ year Replacement",B29-DBQ-BC3PJ-VA,PAP Mask,TRUE,IA-M932P-P0-BV4D,,"PAP Mask, Full Face, Resmed Airfit F20, Medium, 1 per 3 months",A7030,,,,,,,,,,,,,,,,,Mask Brand,Resmed Airfit F20,,
J2T-UYBX-2Z-936E,"BiLevel Machine, 5+ year Replacement",B29-DBQ-BC3PJ-VA,PAP Mask,TRUE,IE-H067-PS6M-ZKC,,"PAP Mask, Nasal Pillow, Resmed Airfit P10, Complete, 1 per 3 months",A7034,,,Mask Brand,Resmed Airfit P10,,,,,,,,,,,,,,,,
J2T-UYBX-2Z-936E,"BiLevel Machine, 5+ year Replacement",B29-DBQ-BC3PJ-VA,PAP Mask,TRUE,IFVB-CYI-S6Q-7AQ,,"PAP Mask, Nasal Pillow, Airfit P10, Small, 2 per 1 month",A7033,,,,,,,,,,,,,,,,,Mask Brand,AirFit P10,,
J2T-UYBX-2Z-936E,"BiLevel Machine, 5+ year Replacement",B29-DBQ-BC3PJ-VA,PAP Mask,TRUE,IXNM-4LMG-P4-3ME,,"PAP Mask, Full Face, Resmed Quattro Air, Small, 1 per 3 months",A7030,,,,,,,,,,,,,Mask Brand,Resmed Quattro Air,,,,,,
J2T-UYBX-2Z-936E,"BiLevel Machine, 5+ year Replacement",B29-DBQ-BC3PJ-VA,PAP Mask,TRUE,JNAU4-X0RKE-RPJ8,,"PAP Mask, Nasal, Fit Upon Setup, N/A, 1 per 3 months",A7034,,,Mask Brand,Fit Upon Setup,,,,,,,,,,,,,,,,
J2T-UYBX-2Z-936E,"BiLevel Machine, 5+ year Replacement",B29-DBQ-BC3PJ-VA,PAP Mask,TRUE,JNPAN-2X-MS47-8B,,"PAP Mask, Nasal Pillow, Dreamwear, Small (LG Frame), 1 per 3 months",A7034,,,,,Mask Brand,Dreamwear,,,,,,,,,,,,,,
J2T-UYBX-2Z-936E,"BiLevel Machine, 5+ year Replacement",B29-DBQ-BC3PJ-VA,PAP Mask,TRUE,K15PK-QT-EN-58BK,,"PAP Mask, Full Face, Dreamwear Full, Fit Upon Setup, 1 per 3 months",A7030,,,,,,,,,,,Mask Brand,Dreamwear Full,,,,,,,,
J2T-UYBX-2Z-936E,"BiLevel Machine, 5+ year Replacement",B29-DBQ-BC3PJ-VA,PAP Mask,TRUE,KRLQ5-8V-0I0J-X9,,"PAP Mask, Fit to Comfort, Nasal, 1 per 3 months",A7034,,,,,Mask Brand,Fit Upon Setup,,,,,,,,,,,,,,
J2T-UYBX-2Z-936E,"BiLevel Machine, 5+ year Replacement",B29-DBQ-BC3PJ-VA,PAP Mask,TRUE,KX0E-LFRX-K42-MH,,"PAP Mask, Full Face, Amara Gel, Petite, 1 per 3 months",A7030,,,,,,,,,,,,,Mask Brand,Amara Gel,,,,,,
J2T-UYBX-2Z-936E,"BiLevel Machine, 5+ year Replacement",B29-DBQ-BC3PJ-VA,PAP Mask,TRUE,KXENF-0N-8S6C-AJ,,"PAP Mask, Full Face, Airfit F30I, Small, 1 per 3 months",A7030,Mask Brand,Airfit F30I,,,,,,,,,,,,,,,,,,
J2T-UYBX-2Z-936E,"BiLevel Machine, 5+ year Replacement",B29-DBQ-BC3PJ-VA,PAP Mask,TRUE,LCLIE-9V0IF-E03L,,"PAP Mask, Full Face, Resmed F30",A7030,,,Mask Brand,Resmed F30,,,,,,,,,,,,,,,,
J2T-UYBX-2Z-936E,"BiLevel Machine, 5+ year Replacement",B29-DBQ-BC3PJ-VA,PAP Mask,TRUE,LJX-YC-85PM2-TSM,,"PAP Mask, Full Face, Respironics Dreamwear",A7030,,,,,,,Mask Brand,Respironics Dreamwear,,,,,,,,,,,,
J2T-UYBX-2Z-936E,"BiLevel Machine, 5+ year Replacement",B29-DBQ-BC3PJ-VA,PAP Mask,TRUE,LNEQ-83-BDL84-53,,"PAP Mask, Nasal, Airfit N30I, Small-Wide, 1 per 3 months",A7034,,,Mask Brand,Airfit N30I,,,,,,,,,,,,,,,,
J2T-UYBX-2Z-936E,"BiLevel Machine, 5+ year Replacement",B29-DBQ-BC3PJ-VA,PAP Mask,TRUE,LXH0C-XUH6-6BKUF,,"PAP Mask, Nasal Pillow, Dreamwear, Small (MD Frame), 1 per 3 months",A7034,,,,,,,,,,,,,,,Mask Brand,Dreamwear,,,,
J2T-UYBX-2Z-936E,"BiLevel Machine, 5+ year Replacement",B29-DBQ-BC3PJ-VA,PAP Mask,TRUE,LXI-ZY3U1-DV0-ZA,,"PAP Mask, Nasal, Dreamwear, Small (SM Frame), 1 per 3 months",A7034,,,,,Mask Brand,Dreamwear,,,,,,,,,,,,,,
J2T-UYBX-2Z-936E,"BiLevel Machine, 5+ year Replacement",B29-DBQ-BC3PJ-VA,PAP Mask,TRUE,LXN3N-03Q-KN0-L8,,"PAP Mask, Full Face, Fisher & Paykel Simplus, Small, 1 per 3 months",A7030,,,,,,,,,,,Mask Brand,Fisher & Paykel Simplus,,,,,,,,
J2T-UYBX-2Z-936E,"BiLevel Machine, 5+ year Replacement",B29-DBQ-BC3PJ-VA,PAP Mask,TRUE,M1LED-NKH79-7BYL,,"PAP Mask, Nasal, Airtouch N20, Large, 1 per 3 months",A7034,,,Mask Brand,Airtouch N20,,,,,,,,,,,,,,,,
J2T-UYBX-2Z-936E,"BiLevel Machine, 5+ year Replacement",B29-DBQ-BC3PJ-VA,PAP Mask,TRUE,MQK-RLS5-QKG-L7K,,"PAP Mask, Nasal, Dreamwear, Small (LG Frame), 1 per 3 months",A7034,,,,,,,,,,,,,Mask Brand,Dreamwear,,,,,,
J2T-UYBX-2Z-936E,"BiLevel Machine, 5+ year Replacement",B29-DBQ-BC3PJ-VA,PAP Mask,TRUE,NH-N9P7-0SX-7B67,,"PAP Mask, Nasal, Dreamwear, Large (LG Frame), 1 per 3 months",A7034,,,Mask Brand,Dreamwear,,,,,,,,,,,,,,,,
J2T-UYBX-2Z-936E,"BiLevel Machine, 5+ year Replacement",B29-DBQ-BC3PJ-VA,PAP Mask,TRUE,NL28E-UR-L7-S09A,,"PAP Mask, Full Face, Resmed Quattro Air, Medium, 1 per 3 months",A7030,,,,,,,,,Mask Brand,Resmed Quattro Air,,,,,,,,,,
J2T-UYBX-2Z-936E,"BiLevel Machine, 5+ year Replacement",B29-DBQ-BC3PJ-VA,PAP Mask,TRUE,P0-FSF-T01K-0TD2,,"PAP Mask, Nasal Cushion, Respironics Wisp Pediatric",A7034,,,,,Mask Brand,Respironics Wisp Pediatric,,,,,,,,,,,,,,
J2T-UYBX-2Z-936E,"BiLevel Machine, 5+ year Replacement",B29-DBQ-BC3PJ-VA,PAP Mask,TRUE,P2Y-AMC-90EQ-UM4,,"PAP Mask, Nasal, Dreamwear, Large (SM Frame), 1 per 3 months",A7034,Mask Brand,Dreamwear,,,,,,,,,,,,,,,,,,
J2T-UYBX-2Z-936E,"BiLevel Machine, 5+ year Replacement",B29-DBQ-BC3PJ-VA,PAP Mask,TRUE,P6PR-N9PC-GU-U5V,,"PAP Mask, Full Face, Respironics Amara View, Medium, 1 per 3 months",A7030,,,,,,,,,,,Mask Brand,Respironics Amara View,,,,,,,,
J2T-UYBX-2Z-936E,"BiLevel Machine, 5+ year Replacement",B29-DBQ-BC3PJ-VA,PAP Mask,TRUE,PF-80S-59CN-9ZRF,,"PAP Mask, Full Face, Resmed Quattro, Medium, 1 per 3 months",A7030,,,,,,,,,,,,,,,,,Mask Brand,Resmed Quattro,,
J2T-UYBX-2Z-936E,"BiLevel Machine, 5+ year Replacement",B29-DBQ-BC3PJ-VA,PAP Mask,TRUE,Q27-HL-N879-5RS1,,"PAP Mask, Nasal Pillow, Dreamwear, Medium (SM Frame), 1 per 3 months",A7034,,,Mask Brand,Dreamwear,,,,,,,,,,,,,,,,
J2T-UYBX-2Z-936E,"BiLevel Machine, 5+ year Replacement",B29-DBQ-BC3PJ-VA,PAP Mask,TRUE,RA-MT-XZF6-CY-K6,,"PAP Mask, Full Face, Airfit F30I, Large, 1 per 3 months",A7030,Mask Brand,Airfit F30I,,,,,,,,,,,,,,,,,,
J2T-UYBX-2Z-936E,"BiLevel Machine, 5+ year Replacement",B29-DBQ-BC3PJ-VA,PAP Mask,TRUE,RBM0-DLJ-MR-KVYQ,,"PAP Mask, Nasal, Dreamwear, Medium (MD Frame), 1 per 3 months",A7034,,,,,,,,,,,,,,,,,,,Mask Brand,Dreamwear
J2T-UYBX-2Z-936E,"BiLevel Machine, 5+ year Replacement",B29-DBQ-BC3PJ-VA,PAP Mask,TRUE,SI-JE2-X8-K1-VRD,,"PAP Mask, Full Face, Resmed Airfit F20, Large, 1 per 3 months",A7030,,,,,,,,,,,Mask Brand,Resmed Airfit F20,,,,,,,,
J2T-UYBX-2Z-936E,"BiLevel Machine, 5+ year Replacement",B29-DBQ-BC3PJ-VA,PAP Mask,TRUE,SK-B63H-XRD-GIQ6,,"PAP Mask, Nasal Pillow, Airfit P30I, Small, 1 per 3 months",A7034,,,,,,,,,,,,,Mask Brand,Airfit P30I,,,,,,
J2T-UYBX-2Z-936E,"BiLevel Machine, 5+ year Replacement",B29-DBQ-BC3PJ-VA,PAP Mask,TRUE,SLE-BL-A8CD-5TET,,"PAP Mask, Full Face, Fisher & Paykel Simplus, Medium, 1 per 3 months",A7030,,,,,Mask Brand,Fisher & Paykel Simplus,,,,,,,,,,,,,,
J2T-UYBX-2Z-936E,"BiLevel Machine, 5+ year Replacement",B29-DBQ-BC3PJ-VA,PAP Mask,TRUE,SX-Y8PKY-LU57-U5,,"PAP Mask, Nasal, Resmed Activa, Standard, 1 per 3 months",A7034,Mask Brand,Resmed Activa,,,,,,,,,,,,,,,,,,
J2T-UYBX-2Z-936E,"BiLevel Machine, 5+ year Replacement",B29-DBQ-BC3PJ-VA,PAP Mask,TRUE,T14-NJM-PJADQ-MF,,"PAP Mask, Nasal Pillow, Dreamwear, Large (LG Frame), 1 per 3 months",A7034,,,Mask Brand,Dreamwear,,,,,,,,,,,,,,,,
J2T-UYBX-2Z-936E,"BiLevel Machine, 5+ year Replacement",B29-DBQ-BC3PJ-VA,PAP Mask,TRUE,T7KVR-JA86M-H5A9,,"PAP Mask, Nasal, Respironics Pico, S/M/L/XL (fitpack), 1 per 3 months",A7034,,,,,,,,,,,,,,,,,,,Mask Brand,Respironics Pico
J2T-UYBX-2Z-936E,"BiLevel Machine, 5+ year Replacement",B29-DBQ-BC3PJ-VA,PAP Mask,TRUE,TD-PBJFG-CA-2IY9,,"PAP Mask, Nasal, Dreamwear, Large (SM Frame), 1 per 3 months.",A7034,,,,,,,,,,,,,,,Mask Brand,Dreamwear,,,,
J2T-UYBX-2Z-936E,"BiLevel Machine, 5+ year Replacement",B29-DBQ-BC3PJ-VA,PAP Mask,TRUE,TH-IBM-JA-VL-840,,"PAP Mask, Nasal, Dreamwear, Fit Upon Setup, 1 per 3 months",A7034,,,,,,,,,,,Mask Brand,Dreamwear,,,,,,,,
J2T-UYBX-2Z-936E,"BiLevel Machine, 5+ year Replacement",B29-DBQ-BC3PJ-VA,PAP Mask,TRUE,TK-J5A4-AB7G-MN2,,"PAP Mask, Fit to Comfort, 1 per 3 months.",A7034,,,,,,,Mask Brand,Fit Upon Setup,,,,,,,,,,,,
J2T-UYBX-2Z-936E,"BiLevel Machine, 5+ year Replacement",B29-DBQ-BC3PJ-VA,PAP Mask,TRUE,TK-NS9F2-7T8D-EM,,"PAP Mask, Nasal Pillow, Airfit P30I, Fit Upon Setup, 2 per 1 month",A7033,,,,,,,,,,,,,,,,,Mask Brand,Airfit P30I,,
J2T-UYBX-2Z-936E,"BiLevel Machine, 5+ year Replacement",B29-DBQ-BC3PJ-VA,PAP Mask,TRUE,TUIC4-D813Y-YJ17,,"PAP Mask, Full Face, Dreamwear, Small (MD Frame), 1 per 3 months",A7030,,,,,,,,,,,Mask Brand,Dreamwear,,,,,,,,
J2T-UYBX-2Z-936E,"BiLevel Machine, 5+ year Replacement",B29-DBQ-BC3PJ-VA,PAP Mask,TRUE,UEZM-SAJAC-J8F7L,,"PAP Mask, Full Face, Airfit F30I, Wide, 1 per 3 months",A7030,,,,,,,,,,,,,Mask Brand,Airfit F30I,,,,,,
J2T-UYBX-2Z-936E,"BiLevel Machine, 5+ year Replacement",B29-DBQ-BC3PJ-VA,PAP Mask,TRUE,UJ59H-2I-6YC-SR6,,"PAP Mask, Nasal Cushion, Resmed Pixi Pediatric",A7034,,,Mask Brand,Resmed Pixi Pediatric,,,,,,,,,,,,,,,,
J2T-UYBX-2Z-936E,"BiLevel Machine, 5+ year Replacement",B29-DBQ-BC3PJ-VA,PAP Mask,TRUE,URE3V-ZEP-8UX-MQ,,"PAP Mask, Nasal, Respironics ComfortGel Blue, Medium, 1 per 3 months",A7034,,,,,,,,,,,Mask Brand,Respironics ComfortGel Blue,,,,,,,,
J2T-UYBX-2Z-936E,"BiLevel Machine, 5+ year Replacement",B29-DBQ-BC3PJ-VA,PAP Mask,TRUE,UTBPG-KJ-KL8-TQ0,,"PAP Mask, Full Face, Resmed Airfit F20 for Her, Small, 1 per 3 months",A7030,,,,,,,,,Mask Brand,Resmed Airfit F20 for Her,,,,,,,,,,
J2T-UYBX-2Z-936E,"BiLevel Machine, 5+ year Replacement",B29-DBQ-BC3PJ-VA,PAP Mask,TRUE,UX-APBHG-8PV-DCB,,"PAP Mask, Full Face, Fit Upon Setup, N/A, 1 per 3 months",A7030,,,,,,,,,Mask Brand,Fit Upon Setup,,,,,,,,,,
J2T-UYBX-2Z-936E,"BiLevel Machine, 5+ year Replacement",B29-DBQ-BC3PJ-VA,PAP Mask,TRUE,UY-KQC-BR-3Q-HG0,,"PAP Mask, Nasal Pillow, Dreamwear, Medium (MD Frame), 1 per 3 months",A7034,Mask Brand,Dreamwear,,,,,,,,,,,,,,,,,,
J2T-UYBX-2Z-936E,"BiLevel Machine, 5+ year Replacement",B29-DBQ-BC3PJ-VA,PAP Mask,TRUE,V30C-K7V-ZN79-JI,,"PAP Mask, Nasal, Respironics Wisp Clear, 1 per 3 months",A7034,,,,,,,,,Mask Brand,Respironics Wisp Clear,,,,,,,,,,
J2T-UYBX-2Z-936E,"BiLevel Machine, 5+ year Replacement",B29-DBQ-BC3PJ-VA,PAP Mask,TRUE,V98-9XGX-V1U-75F,,"PAP Mask, Nasal, Respironics Nuance Pro Gel, Standard, 1 per 3 months",A7034,,,,,,,Mask Brand,Respironics Nuance Pro Gel,,,,,,,,,,,,
J2T-UYBX-2Z-936E,"BiLevel Machine, 5+ year Replacement",B29-DBQ-BC3PJ-VA,PAP Mask,TRUE,VY-KBIM-HDT08-73,,"PAP Mask, Nasal, Fisher & Paykel Brevida, Fit Upon Setup, 1 per 3 months",A7034,,,Mask Brand,Fisher & Paykel Brevida,,,,,,,,,,,,,,,,
J2T-UYBX-2Z-936E,"BiLevel Machine, 5+ year Replacement",B29-DBQ-BC3PJ-VA,PAP Mask,TRUE,X0T-CUI7L-A5T-L5,,"PAP Mask, Nasal Pillow, Resmed Swift FX for Her, Complete, 1 per 3 months",A7034,,,,,,,,,,,,,,,,,,,Mask Brand,Resmed Swift FX for Her
J2T-UYBX-2Z-936E,"BiLevel Machine, 5+ year Replacement",B29-DBQ-BC3PJ-VA,PAP Mask,TRUE,XTPXG-YEQ-1Y-MUC,,"PAP Mask, Nasal Cushion, Fisher & Paykel Evora",A7034,,,,,,,,,Mask Brand,Fisher & Paykel Evora Nasal,,,,,,,,,,
J2T-UYBX-2Z-936E,"BiLevel Machine, 5+ year Replacement",B29-DBQ-BC3PJ-VA,PAP Mask,TRUE,XY-KQXHV-4R-9V76,,"PAP Mask, Full Face, Airfit F30I, Standard, 1 per 3 months",A7030,,,Mask Brand,Airfit F30I,,,,,,,,,,,,,,,,
J2T-UYBX-2Z-936E,"BiLevel Machine, 5+ year Replacement",B29-DBQ-BC3PJ-VA,PAP Mask,TRUE,Z12IS-MT5P6-SPHK,,"PAP Mask, Nasal, Respironics ComfortGel Blue, Small, 1 per 3 months",A7034,,,,,,,,,,,,,,,,,Mask Brand,Respironics ComfortGel Blue,,
J2T-UYBX-2Z-936E,"BiLevel Machine, 5+ year Replacement",B29-DBQ-BC3PJ-VA,PAP Mask,TRUE,Z1R-PZ-HZQJH-1UD,,"PAP Mask, Nasal, Dreamwear, Small (MD Frame), 1 per 3 months",A7034,,,,,,,,,,,Mask Brand,Dreamwear,,,,,,,,
J2T-UYBX-2Z-936E,"BiLevel Machine, 5+ year Replacement",B29-DBQ-BC3PJ-VA,PAP Mask,TRUE,ZEZK-N73-RV0-XZP,,"PAP Mask, Full Face, Resmed Airtouch F20, Medium, 1 per 3 months",A7030,,,,,,,,,,,,,,,,,Mask Brand,Resmed Airtouch F20,,
J2T-UYBX-2Z-936E,"BiLevel Machine, 5+ year Replacement",B29-DBQ-BC3PJ-VA,PAP Mask,TRUE,ZGIJ-ASYP-8FU-ZT,,"PAP Mask, Full Face, Amara Gel, Large, 1 per 3 months",A7030,,,,,,,,,Mask Brand,Amara Gel,,,,,,,,,,
J2T-UYBX-2Z-936E,"BiLevel Machine, 5+ year Replacement",B29-DBQ-BC3PJ-VA,PAP Mask,TRUE,ZL-90J-5KH17-YMI,,"PAP Mask, Nasal Pillow, Dreamwear, Medium (LG Frame), 1 per 3 months",A7034,,,,,,,,,,,,,,,,,Mask Brand,Dreamwear,,
J2T-UYBX-2Z-936E,"BiLevel Machine, 5+ year Replacement",B29-DBQ-BC3PJ-VA,PAP Mask,TRUE,ZTQZ-17FIL-RB-18,,"PAP Mask, Nasal, Respironics ComfortGel Blue, Petite, 1 per 3 months",A7034,,,,,,,,,,,,,,,,,Mask Brand,Respironics ComfortGel Blue,,
J2T-UYBX-2Z-936E,"BiLevel Machine, 5+ year Replacement",B29-DBQ-BC3PJ-VA,PAP Mask,TRUE,ZV-8PBRY-EDF9-KU,,"PAP Mask, Full Face, Resmed Quattro FX, Medium, 1 per 3 months",A7030,Mask Brand,Resmed Quattro FX,,,,,,,,,,,,,,,,,,
J2T-UYBX-2Z-936E,"BiLevel Machine, 5+ year Replacement",HUPL-N9-KTS-PKHF,PAP Chinstrap,FALSE,18S-X7-61A0H-I2P,,No Chinstrap Included,,,,,,,,,,,,PAP Chinstrap Included,PAP Chinstrap Not Included,,,,,,,,
J2T-UYBX-2Z-936E,"BiLevel Machine, 5+ year Replacement",HUPL-N9-KTS-PKHF,PAP Chinstrap,FALSE,CB-Q76BH-A20Y-1T,,"PAP Chinstrap, 1 per 6 months",A7036,,,PAP Chinstrap Included,PAP Chinstrap Included,,,,,,,,,,,,,,,,
J2T-UYBX-2Z-936E,"BiLevel Machine, 5+ year Replacement",IH-RL-7H6N-Q2-Q6,PAP Nasal Pillows,FALSE,7RH2-J7-BY2BI-NS,,No Nasal Pillows,,,,,,,,,,,,Mask Frame,N/A,,,,,,,,
J2T-UYBX-2Z-936E,"BiLevel Machine, 5+ year Replacement",IH-RL-7H6N-Q2-Q6,PAP Nasal Pillows,FALSE,AS-KTED-K4YUZ-H3,,No Nasal Pillows Included,,,,,,,,Mask Frame,Oral,,,,,,,,,,,,
J2T-UYBX-2Z-936E,"BiLevel Machine, 5+ year Replacement",IH-RL-7H6N-Q2-Q6,PAP Nasal Pillows,FALSE,CM-VD-7B-SF-B3P4,,No Nasal Pillows Included,,,,,,,,,,,,Mask Frame,Full Face,,,,,,,,
J2T-UYBX-2Z-936E,"BiLevel Machine, 5+ year Replacement",IH-RL-7H6N-Q2-Q6,PAP Nasal Pillows,FALSE,GTCDT-PUP64-T5NT,,"Nasal Pillows Included, Nasal Pillow Mask, 2 per 1 month",A7033,,,,,,,,,,,,,,,Mask Frame,Nasal Pillow,,,,
J2T-UYBX-2Z-936E,"BiLevel Machine, 5+ year Replacement",IH-RL-7H6N-Q2-Q6,PAP Nasal Pillows,FALSE,HLXQ-8E84-LMR-TP,,No Nasal Pillows Included,,,,,,,,Mask Frame,Oral / Nasal Hybrid,,,,,,,,,,,,
J2T-UYBX-2Z-936E,"BiLevel Machine, 5+ year Replacement",IH-RL-7H6N-Q2-Q6,PAP Nasal Pillows,FALSE,I69F-RY75S-IE-KB,,"Nasal Pillows Included, Oral / Nasal Hybrid Mask, 2 per 1 month",A7029,,,,,,,,,,,,,,,,,Mask Frame,Oral / Nasal Hybrid,,
J2T-UYBX-2Z-936E,"BiLevel Machine, 5+ year Replacement",IH-RL-7H6N-Q2-Q6,PAP Nasal Pillows,FALSE,LKUH-84K-28FU-FA,,"Nasal Pillows, Fit to Comfort.",,,,,,,,,,,,,,Mask Frame,Nasal,,,,,,
J2T-UYBX-2Z-936E,"BiLevel Machine, 5+ year Replacement",IH-RL-7H6N-Q2-Q6,PAP Nasal Pillows,FALSE,QK4-FJCPL-YQH-NS,,No Nasal Pillows Included,,,,,,,,,,,,,,,,Mask Frame,Fit to Comfort,,,,
J2T-UYBX-2Z-936E,"BiLevel Machine, 5+ year Replacement",IH-RL-7H6N-Q2-Q6,PAP Nasal Pillows,FALSE,QSZ-AE-63LKU-5DB,,"Nasal Pillows Included, Full Face Mask, 2 per 1 month",A7033,,,,,,,,,,,Mask Frame,Full Face,,,,,,,,
J2T-UYBX-2Z-936E,"BiLevel Machine, 5+ year Replacement",IH-RL-7H6N-Q2-Q6,PAP Nasal Pillows,FALSE,S81-RJ-TB-3VM-62,,"Nasal Pillows Included, Nasal Mask, 2 per 1 month",A7033,,,,,,,,,,,,,,,Mask Frame,Nasal,,,,
J2T-UYBX-2Z-936E,"BiLevel Machine, 5+ year Replacement",IH-RL-7H6N-Q2-Q6,PAP Nasal Pillows,FALSE,T5E-ZP-SD-F2-2VK,,"Nasal Pillows, Patient Preference",,,,,,,,,,,,,,,,Mask Frame,Nasal,,,,
J2T-UYBX-2Z-936E,"BiLevel Machine, 5+ year Replacement",IH-RL-7H6N-Q2-Q6,PAP Nasal Pillows,FALSE,UACF-YIR-YG-Q2EH,,"A7029 Nasal Pillows, Fit to Comfort",A7033,,,,,,,,,,,,,Mask Frame,Patient Preference,,,,,,
J2T-UYBX-2Z-936E,"BiLevel Machine, 5+ year Replacement",IH-RL-7H6N-Q2-Q6,PAP Nasal Pillows,FALSE,YVYFS-3G-37FT-IP,,"Nasal Pillows, Fit to Comfort",A7029/A7033,,,,,,,,,,,,,Mask Frame,Fit to Comfort,,,,,,
J2T-UYBX-2Z-936E,"BiLevel Machine, 5+ year Replacement",LX6-GZH-U6JT-EYE,PAP Humidifier,TRUE,AZ-4I2-18N-EFVY9,,"PAP Humidifier, Patient Preference",E0561/E0562,,,,,,,,,Humidifier Type,Fit to Comfort,,,,,,,,,,
J2T-UYBX-2Z-936E,"BiLevel Machine, 5+ year Replacement",LX6-GZH-U6JT-EYE,PAP Humidifier,TRUE,DRXE-1DLC6-0R-FU,,"PAP Humidifier, Patient Preference",,,,,,,,,,,,,,,,,,,,Humidifier Type,Patient Preference
J2T-UYBX-2Z-936E,"BiLevel Machine, 5+ year Replacement",LX6-GZH-U6JT-EYE,PAP Humidifier,TRUE,FK2S-M4-L3-GL-CS,,"PAP Humidifier, Heated",E0562,,,,,,,,,Humidifier Type,Heated,,,,,,,,,,
J2T-UYBX-2Z-936E,"BiLevel Machine, 5+ year Replacement",LX6-GZH-U6JT-EYE,PAP Humidifier,TRUE,KZGM-EIJ80-D7-LS,,No PAP Humidifier,,,,,,,,,,,,Humidifier Type,N/A,,,,,,,,
J2T-UYBX-2Z-936E,"BiLevel Machine, 5+ year Replacement",LX6-GZH-U6JT-EYE,PAP Humidifier,TRUE,TUF2L-QT-7R4-8QN,,"PAP Humidifier, Non-Heated",E0561,,,,,,,,,,,,,,,,,,,Humidifier Type,Non-Heated
J2T-UYBX-2Z-936E,"BiLevel Machine, 5+ year Replacement",N8-2XZT-BJRLY-G4,Disposable PAP Filter,TRUE,9P-BDPD-M46HF-L7,,"Disposable PAP Filter, 2 per 1 month",A7038,,,,,,,,,,,,,Disposable PAP Filter,Included,,,,,,
KD8U-BVKY9-H8-VR,PAP Mask,B29-DBQ-BC3PJ-VA,PAP Mask,TRUE,03AY8-G8Q64-B54P,,"PAP Mask, Full Face, Resmed Quattro Air, Large, 1 per 3 months",A7030,,,,,,,,,,,Mask Brand,Resmed Quattro Air,,,,,,,,
KD8U-BVKY9-H8-VR,PAP Mask,B29-DBQ-BC3PJ-VA,PAP Mask,TRUE,0KLA9-6X71-5AHMU,,"PAP Mask, Nasal, Airtouch N20, Small, 1 per 3 months",A7034,,,Mask Brand,Airtouch N20,,,,,,,,,,,,,,,,
KD8U-BVKY9-H8-VR,PAP Mask,B29-DBQ-BC3PJ-VA,PAP Mask,TRUE,0Q-6C-QUY-DZ9-JP,,"PAP Mask, Nasal Pillow, Resmed Airfit P10, Medium, 1 per 3 months",A7034,,,,,,,Mask Brand,Resmed Airfit P10,,,,,,,,,,,,
KD8U-BVKY9-H8-VR,PAP Mask,B29-DBQ-BC3PJ-VA,PAP Mask,TRUE,0RNGD-U9R2-4ZLDF,,"PAP Mask, Nasal, Fisher & Paykel Zest, Fit Upon Setup",A7034,,,,,,,,,,,,,,,Mask Brand,Fisher & Paykel Zest,,,,
KD8U-BVKY9-H8-VR,PAP Mask,B29-DBQ-BC3PJ-VA,PAP Mask,TRUE,13JM-6JX3N-CI-78,,"PAP Mask, Fit to Comfort, Full Face, 1 per 3 months",A7030,,,Mask Brand,Fit Upon Setup,,,,,,,,,,,,,,,,
KD8U-BVKY9-H8-VR,PAP Mask,B29-DBQ-BC3PJ-VA,PAP Mask,TRUE,14V-6RTC4-JVU-BU,,"PAP Mask, Oral / Nasal Hybrid, Fit Upon Setup, N/A, 1 per 3 months",A7027,,,,,Mask Brand,Fit Upon Setup,,,,,,,,,,,,,,
KD8U-BVKY9-H8-VR,PAP Mask,B29-DBQ-BC3PJ-VA,PAP Mask,TRUE,1F7-50R6A-RQ9-U1,,"PAP Mask, Nasal Pillow, Fit Upon Setup, N/A, 1 per 3 months",A7034,,,,,,,,,,,,,Mask Brand,Fit Upon Setup,,,,,,
KD8U-BVKY9-H8-VR,PAP Mask,B29-DBQ-BC3PJ-VA,PAP Mask,TRUE,21AIQ-8RX7-13-NZ,,"PAP Mask, Nasal, Respironics Wisp Fabric, Complete, 1 per 3 months",A7034,,,,,,,,,,,,,Mask Brand,Respironics Wisp Fabric,,,,,,
KD8U-BVKY9-H8-VR,PAP Mask,B29-DBQ-BC3PJ-VA,PAP Mask,TRUE,2LK4L-DAJH-D74N7,,"PAP Mask, Fit to Comfort, Oral, 1 per 3 months",A7044,,,,,,,,,,,Mask Brand,Fit Upon Setup,,,,,,,,
KD8U-BVKY9-H8-VR,PAP Mask,B29-DBQ-BC3PJ-VA,PAP Mask,TRUE,2N-JGUA-Y4E-ZHXZ,,"PAP Mask, Nasal Pillow, Dreamwear, Large (SM Frame), 1 per 3 months",A7034,,,Mask Brand,Dreamwear,,,,,,,,,,,,,,,,
KD8U-BVKY9-H8-VR,PAP Mask,B29-DBQ-BC3PJ-VA,PAP Mask,TRUE,2R-K5-6G-TCEF-UB,,"PAP Mask, Full Face, Fisher & Paykel Vitera, Small, 1 per 3 months",A7030,,,,,,,,,Mask Brand,Fisher & Paykel Vitera,,,,,,,,,,
KD8U-BVKY9-H8-VR,PAP Mask,B29-DBQ-BC3PJ-VA,PAP Mask,TRUE,2UP8-FY-C0EQH-UD,,"PAP Mask, Nasal Pillow, Airfit P10, X-Small, 2 per 1 month",A7033,,,,,,,,,,,,,,,,,Mask Brand,AirFit P10,,
KD8U-BVKY9-H8-VR,PAP Mask,B29-DBQ-BC3PJ-VA,PAP Mask,TRUE,2V-RD0T-FLT-PEMY,,"PAP Mask, Nasal, Resmed Airfit N20, Fit Upon Setup, 1 per 3 months",A7034,,,,,,,,,,,,,Mask Brand,Resmed Airfit N20,,,,,,
KD8U-BVKY9-H8-VR,PAP Mask,B29-DBQ-BC3PJ-VA,PAP Mask,TRUE,362P-LN-CQ1LA-B4,,"PAP Mask, Full Face, Airfit F30I, Medium, 1 per 3 months",A7030,,,,,,,,,,,,,,,,,,,Mask Brand,Airfit F30I
KD8U-BVKY9-H8-VR,PAP Mask,B29-DBQ-BC3PJ-VA,PAP Mask,TRUE,37LEV-4U6B-92HSG,,"PAP Mask, Nasal Pillow, Airfit P10, Fit Upon Setup, 2 per 1 month",A7033,,,,,,,,,,,Mask Brand,AirFit P10,,,,,,,,
KD8U-BVKY9-H8-VR,PAP Mask,B29-DBQ-BC3PJ-VA,PAP Mask,TRUE,3BUPB-0E-RPZ-NZ0,,"PAP Mask, Nasal, Resmed Airfit N20, Medium, 1 per 3 months",A7034,,,,,,,,,Mask Brand,Resmed Airfit N20,,,,,,,,,,
KD8U-BVKY9-H8-VR,PAP Mask,B29-DBQ-BC3PJ-VA,PAP Mask,TRUE,3J3-GC-SI2-JE-YB,,"PAP Mask, Nasal, Fisher & Paykel Eson, Large, 1 per 3 months",A7034,Mask Brand,Fisher & Paykel Eson,,,,,,,,,,,,,,,,,,
KD8U-BVKY9-H8-VR,PAP Mask,B29-DBQ-BC3PJ-VA,PAP Mask,TRUE,3K3GT-R0-XAT-20T,,"PAP Mask, Full Face, Respironics Amara View, Small, 1 per 3 months",A7030,,,,,,,,,,,,,,,,,Mask Brand,Respironics Amara View,,
KD8U-BVKY9-H8-VR,PAP Mask,B29-DBQ-BC3PJ-VA,PAP Mask,TRUE,3KSX-GCTP1-H8C7Q,,"PAP Mask, Nasal Pillow, Nuance Gel, Medium, 2 per 1 month",A7033,,,,,,,,,,,,,,,,,,,Mask Brand,Nuance Gel
KD8U-BVKY9-H8-VR,PAP Mask,B29-DBQ-BC3PJ-VA,PAP Mask,TRUE,3U-RT-X6JI-46TIQ,,"PAP Mask, Nasal, Fisher & Paykel Eson, Small, 1 per 3 months",A7034,,,Mask Brand,Fisher & Paykel Eson,,,,,,,,,,,,,,,,
KD8U-BVKY9-H8-VR,PAP Mask,B29-DBQ-BC3PJ-VA,PAP Mask,TRUE,3Z2EG-FY1S0-PLVM,,"PAP Mask, Nasal, Fit Upon Setup, N/A, 1 per 3 months",A7034,,,,,,,Mask Brand,Fit Upon Setup,,,,,,,,,,,,
KD8U-BVKY9-H8-VR,PAP Mask,B29-DBQ-BC3PJ-VA,PAP Mask,TRUE,48B-SZD7B-S32-YX,,"PAP Mask, Nasal, Fisher & Paykel Evora, Fit Upon Setup, 1 per 3 months",A7034,,,,,,,,,,,,,Mask Brand,Fisher & Paykel Evora Nasal,,,,,,
KD8U-BVKY9-H8-VR,PAP Mask,B29-DBQ-BC3PJ-VA,PAP Mask,TRUE,4E-24V3-7BA-U8KN,,"PAP Mask, Nasal, Fisher & Paykel Eson 2, Medium, 1 per 3 months",A7034,,,,,,,,,,,,,Mask Brand,Fisher & Paykel Eson 2,,,,,,
KD8U-BVKY9-H8-VR,PAP Mask,B29-DBQ-BC3PJ-VA,PAP Mask,TRUE,4F-KCB3-1ACK9-MB,,"PAP Mask, Full Face, Resmed Airfit F20, Small, 1 per 3 months",A7030,,,Mask Brand,Resmed Airfit F20,,,,,,,,,,,,,,,,
KD8U-BVKY9-H8-VR,PAP Mask,B29-DBQ-BC3PJ-VA,PAP Mask,TRUE,4Y-GY-U4A9-R8NGI,,"PAP Mask, Nasal, Dreamwear, Medium Wide (MD Frame), 1 per 3 months",A7034,,,,,,,,,,,,,,,,,,,Mask Brand,Dreamwear
KD8U-BVKY9-H8-VR,PAP Mask,B29-DBQ-BC3PJ-VA,PAP Mask,TRUE,51M-9D5QM-ST4-CG,,"PAP Mask, Nasal Cushion, Fisher & Paykel Eson 2",A7034,,,,,,,,,,,,,Mask Brand,Fisher & Paykel Eson 2,,,,,,
KD8U-BVKY9-H8-VR,PAP Mask,B29-DBQ-BC3PJ-VA,PAP Mask,TRUE,57-E8D6-QM5T1-3C,,"PAP Mask, Nasal, Dreamwear, Medium (SM Frame), 1 per 3 months",A7034,,,,,,,,,Mask Brand,Dreamwear,,,,,,,,,,
KD8U-BVKY9-H8-VR,PAP Mask,B29-DBQ-BC3PJ-VA,PAP Mask,TRUE,5D-3X-H8-86-71HZ,,"PAP Mask, Nasal Pillow, Airfit P10, Medium, 2 per 1 month",A7033,,,,,,,,,Mask Brand,AirFit P10,,,,,,,,,,
KD8U-BVKY9-H8-VR,PAP Mask,B29-DBQ-BC3PJ-VA,PAP Mask,TRUE,5G236-JL-EV3T-3D,,"PAP Mask, Nasal Pillow, Dreamwear, Small (SM Frame), 1 per 3 months",A7034,,,,,,,,,,,,,,,,,,,Mask Brand,Dreamwear
KD8U-BVKY9-H8-VR,PAP Mask,B29-DBQ-BC3PJ-VA,PAP Mask,TRUE,5S-KABP-7Q8CR-F8,,"PAP Mask, Full Face, Resmed Airfit F10, Large, 1 per 3 months",A7030,,,,,,,,,,,,,,,Mask Brand,Resmed Airfit F10,,,,
KD8U-BVKY9-H8-VR,PAP Mask,B29-DBQ-BC3PJ-VA,PAP Mask,TRUE,5S-V2J3-S7I8-TX1,,"PAP Mask, Full Face, Amara Gel, Medium, 1 per 3 months",A7030,,,Mask Brand,Amara Gel,,,,,,,,,,,,,,,,
KD8U-BVKY9-H8-VR,PAP Mask,B29-DBQ-BC3PJ-VA,PAP Mask,TRUE,5U-0PF4M-EK-VD5S,,"PAP Mask, Nasal, Resmed Airfit N10, Complete, 1 per 3 months",A7034,,,,,,,,,,,,,,,Mask Brand,Resmed Airfit N10,,,,
KD8U-BVKY9-H8-VR,PAP Mask,B29-DBQ-BC3PJ-VA,PAP Mask,TRUE,5YQ-0Y-1DS0-8NKJ,,"PAP Mask, Full Face, Resmed Airtouch F20 for Her, Medium, 1 per 3 months",A7030,,,,,,,,,,,,,,,,,,,Mask Brand,Resmed Airtouch F20 for Her
KD8U-BVKY9-H8-VR,PAP Mask,B29-DBQ-BC3PJ-VA,PAP Mask,TRUE,65X0-MFUCL-6H-J8,,"PAP Mask, Full Face, Fisher & Paykel Vitera, Medium, 1 per 3 months",A7030,,,Mask Brand,Fisher & Paykel Vitera,,,,,,,,,,,,,,,,
KD8U-BVKY9-H8-VR,PAP Mask,B29-DBQ-BC3PJ-VA,PAP Mask,TRUE,6I-N0-S4Y-TVN-MD,,"PAP Mask, Nasal Pillow, Swift FX, X-Small, 2 per 1 month",A7033,,,,,,,,,,,,,,,Mask Brand,Swift FX,,,,
KD8U-BVKY9-H8-VR,PAP Mask,B29-DBQ-BC3PJ-VA,PAP Mask,TRUE,6U-CNQ-P2LUT-S32,,"PAP Mask, Full Face, Respironics Amara View, Fit Upon Setup, 1 per 3 months",A7030,Mask Brand,Respironics Amara View,,,,,,,,,,,,,,,,,,
KD8U-BVKY9-H8-VR,PAP Mask,B29-DBQ-BC3PJ-VA,PAP Mask,TRUE,6YL-IBI8-0PK-6S6,,"PAP Mask, Nasal Pillow, Airfit P30I, Standard, 1 per 3 months",A7034,,,,,Mask Brand,Airfit P30I,,,,,,,,,,,,,,
KD8U-BVKY9-H8-VR,PAP Mask,B29-DBQ-BC3PJ-VA,PAP Mask,TRUE,71K-Y6E93-CG-Z5E,,"PAP Mask, Nasal Pillow, Resmed Airfit P10, Large, 1 per 3 months",A7034,,,,,,,,,,,Mask Brand,Resmed Airfit P10,,,,,,,,
KD8U-BVKY9-H8-VR,PAP Mask,B29-DBQ-BC3PJ-VA,PAP Mask,TRUE,7D8-CFD-9EYN-KBX,,"PAP Mask, Nasal, Fisher & Paykel Eson, Fit Upon Setup, 1 per 3 months",A7034,,,,,,,,,,,,,,,Mask Brand,Fisher & Paykel Eson,,,,
KD8U-BVKY9-H8-VR,PAP Mask,B29-DBQ-BC3PJ-VA,PAP Mask,TRUE,7GX-5LY-Q1Y1F-0R,,"PAP Mask, Nasal Pillow, Dreamwear, Large (MD Frame), 1 per 3 months",A7034,,,,,Mask Brand,Dreamwear,,,,,,,,,,,,,,
KD8U-BVKY9-H8-VR,PAP Mask,B29-DBQ-BC3PJ-VA,PAP Mask,TRUE,7NHX-4H-NMPT-EZM,,"PAP Mask, Nasal, Airfit N30I, Wide, 1 per 3 months",A7034,,,,,,,,,,,,,Mask Brand,Airfit N30I,,,,,,
KD8U-BVKY9-H8-VR,PAP Mask,B29-DBQ-BC3PJ-VA,PAP Mask,TRUE,7ZG-CNK-CSPMT-29,,"PAP Mask, Nasal Pillow, Resmed P30i",A7034,,,,,,,,,,,,,,,Mask Brand,Resmed P30i,,,,
KD8U-BVKY9-H8-VR,PAP Mask,B29-DBQ-BC3PJ-VA,PAP Mask,TRUE,8AKDZ-IFJ9-C81BK,,"PAP Mask, Full Face, Dreamwear, Large (LG Frame), 1 per 3 months",A7030,,,,,Mask Brand,Dreamwear,,,,,,,,,,,,,,
KD8U-BVKY9-H8-VR,PAP Mask,B29-DBQ-BC3PJ-VA,PAP Mask,TRUE,8L8-Z9-SYZN-5DLA,,"PAP Mask, Nasal Pillow, Airfit P30I, Large, 2 per 1 month",A7033,,,,,Mask Brand,Airfit P30I,,,,,,,,,,,,,,
KD8U-BVKY9-H8-VR,PAP Mask,B29-DBQ-BC3PJ-VA,PAP Mask,TRUE,8SV6-Q6P3C-Q4-VM,,"PAP Mask, Nasal, Fisher & Paykel Eson, Medium, 1 per 3 months",A7034,,,,,,,,,,,,,,,,,Mask Brand,Fisher & Paykel Eson,,
KD8U-BVKY9-H8-VR,PAP Mask,B29-DBQ-BC3PJ-VA,PAP Mask,TRUE,8ZS-M5D-HQKFM-2E,,"PAP Mask, Fit to Comfort, Oral / Nasal Hybrid, 1 per 3 months",A7027,,,,,,,,,,,,,,,Mask Brand,Fit Upon Setup,,,,
KD8U-BVKY9-H8-VR,PAP Mask,B29-DBQ-BC3PJ-VA,PAP Mask,TRUE,95BV-4G7T0-2JUKM,,"PAP Mask, Full Face, Resmed Airfit F20 for Her, Medium, 1 per 3 months",A7030,,,,,Mask Brand,Resmed Airfit F20 for Her,,,,,,,,,,,,,,
KD8U-BVKY9-H8-VR,PAP Mask,B29-DBQ-BC3PJ-VA,PAP Mask,TRUE,97J-AB4-LKG6-FEJ,,"PAP Mask, Nasal Pillow, Airfit P30I, Medium, 2 per 1 month",A7033,,,,,,,,,Mask Brand,Airfit P30I,,,,,,,,,,
KD8U-BVKY9-H8-VR,PAP Mask,B29-DBQ-BC3PJ-VA,PAP Mask,TRUE,980FC-YAMY-NMEPI,,"PAP Mask, Fit to Comfort, Nasal Pillow, 1 per 3 months",A7034,,,,,,,,,,,,,,,Mask Brand,Fit Upon Setup,,,,
KD8U-BVKY9-H8-VR,PAP Mask,B29-DBQ-BC3PJ-VA,PAP Mask,TRUE,9G-PF5N8-E0DE-R2,,"PAP Mask, Full Face, Resmed Airfit F10, Medium, 1 per 3 months",A7030,,,,,Mask Brand,Resmed Airfit F10,,,,,,,,,,,,,,
KD8U-BVKY9-H8-VR,PAP Mask,B29-DBQ-BC3PJ-VA,PAP Mask,TRUE,9M6D-PDBMJ-XEFZ4,,"PAP Mask, Nasal Pillow, Swift FX, Small, 2 per 1 month",A7033,,,,,,,,,,,,,,,Mask Brand,Swift FX,,,,
KD8U-BVKY9-H8-VR,PAP Mask,B29-DBQ-BC3PJ-VA,PAP Mask,TRUE,9YFQ-KUZ-7B8E-XM,,"PAP Mask, Nasal Cushion, Resmed N30",A7034,,,,,,,,,,,,,Mask Brand,Resmed N30,,,,,,
KD8U-BVKY9-H8-VR,PAP Mask,B29-DBQ-BC3PJ-VA,PAP Mask,TRUE,9YZ-MV0B9-MT4-9J,,"PAP Mask, Full Face, Fisher & Paykel Vitera, Large, 1 per 3 months",A7030,,,,,,,,,,,,,Mask Brand,Fisher & Paykel Vitera,,,,,,
KD8U-BVKY9-H8-VR,PAP Mask,B29-DBQ-BC3PJ-VA,PAP Mask,TRUE,A5G-YA26-PHXU-Z7,,"PAP Mask, Nasal, Airtouch N20, Medium, 1 per 3 months",A7034,,,,,,,,,,,,,,,,,Mask Brand,Airtouch N20,,
KD8U-BVKY9-H8-VR,PAP Mask,B29-DBQ-BC3PJ-VA,PAP Mask,TRUE,AS-TN-P6IB-I03K8,,"PAP Mask, Nasal, Wisp, Fit Upon Setup, 1 per 3 months",A7034,,,,,,,,,,,Mask Brand,Wisp,,,,,,,,
KD8U-BVKY9-H8-VR,PAP Mask,B29-DBQ-BC3PJ-VA,PAP Mask,TRUE,AT4GH-86-7HL-7HP,,"PAP Mask, Full Face, Resmed Quattro, Large, 1 per 3 months",A7030,,,,,,,,,,,,,Mask Brand,Resmed Quattro,,,,,,
KD8U-BVKY9-H8-VR,PAP Mask,B29-DBQ-BC3PJ-VA,PAP Mask,TRUE,B18-YIPD-2K-4IT7,,"PAP Mask, Full Face, Resmed Airtouch F20 for Her, Small, 1 per 3 months",A7030,,,Mask Brand,Resmed Airtouch F20 for Her,,,,,,,,,,,,,,,,
KD8U-BVKY9-H8-VR,PAP Mask,B29-DBQ-BC3PJ-VA,PAP Mask,TRUE,BP95-KNQ9P-QX-T5,,"PAP Mask, Nasal Pillow, Fisher & Paykel Pilairo Q, Standard, 1 per 3 months",A7034,,,,,,,,,,,,,Mask Brand,Fisher & Paykel Pilairo Q,,,,,,
KD8U-BVKY9-H8-VR,PAP Mask,B29-DBQ-BC3PJ-VA,PAP Mask,TRUE,BQK2-5GU-BZVZ-UT,,"PAP Mask, Nasal, Airfit N30I, Small, 1 per 3 months",A7034,,,,,,,,,Mask Brand,Airfit N30I,,,,,,,,,,
KD8U-BVKY9-H8-VR,PAP Mask,B29-DBQ-BC3PJ-VA,PAP Mask,TRUE,BX1-7H3N-GU-UE80,,"PAP Mask, Full Face, Resmed Quattro, Small, 1 per 3 months",A7030,,,,,,,,,,,,,Mask Brand,Resmed Quattro,,,,,,
KD8U-BVKY9-H8-VR,PAP Mask,B29-DBQ-BC3PJ-VA,PAP Mask,TRUE,C4PX7-E6-URS-1U2,,"PAP Mask, Nasal, Other Brand, N/A, 1 per 3 months",A7034,,,,,Mask Brand,Other,,,,,,,,,,,,,,
KD8U-BVKY9-H8-VR,PAP Mask,B29-DBQ-BC3PJ-VA,PAP Mask,TRUE,CH-GS-TLH-DS1-N6,,"PAP Mask, Nasal Pillow, Dreamwear Pillows, Fit Upon Setup, 1 per 3 months",A7033,,,,,,,,,,,,,,,,,Mask Brand,Dreamwear Pillows,,
KD8U-BVKY9-H8-VR,PAP Mask,B29-DBQ-BC3PJ-VA,PAP Mask,TRUE,CI3G-GN-B35P-9I9,,"PAP Mask, Oral, Fit Upon Setup, N/A, 1 per 3 months",A7044,,,,,,,,,,,,,,,Mask Brand,Fit Upon Setup,,,,
KD8U-BVKY9-H8-VR,PAP Mask,B29-DBQ-BC3PJ-VA,PAP Mask,TRUE,CKH-454CH-CKB-SC,,"PAP Mask, Nasal, Airfit N30I, Medium, 1 per 3 months",A7034,,,Mask Brand,Airfit N30I,,,,,,,,,,,,,,,,
KD8U-BVKY9-H8-VR,PAP Mask,B29-DBQ-BC3PJ-VA,PAP Mask,TRUE,D38D2-HMJT-QN-YA,,"PAP Mask, Full Face, Airfit F30I, Fit Upon Setup, 1 per 3 months",A7030,,,,,,,Mask Brand,Airfit F30I,,,,,,,,,,,,
KD8U-BVKY9-H8-VR,PAP Mask,B29-DBQ-BC3PJ-VA,PAP Mask,TRUE,D9-UT-TQ-6CT-3NI,,"PAP Mask, Full Face, Amara Gel, Small, 1 per 3 months",A7030,,,,,,,,,,,Mask Brand,Amara Gel,,,,,,,,
KD8U-BVKY9-H8-VR,PAP Mask,B29-DBQ-BC3PJ-VA,PAP Mask,TRUE,DFH-ZLE-U3F-VNYF,,"PAP Mask, Nasal, Respironics ComfortGel Blue, Large, 1 per 3 months",A7034,,,,,,,,,,,,,,,,,Mask Brand,Respironics ComfortGel Blue,,
KD8U-BVKY9-H8-VR,PAP Mask,B29-DBQ-BC3PJ-VA,PAP Mask,TRUE,DJ6X-CTVUL-3Y-ED,,"PAP Mask, Nasal Pillow, Swift FX, Large, 2 per 1 month",A7033,,,Mask Brand,Swift FX,,,,,,,,,,,,,,,,
KD8U-BVKY9-H8-VR,PAP Mask,B29-DBQ-BC3PJ-VA,PAP Mask,TRUE,DK626-NDJ3-F1-XF,,"PAP Mask, Nasal, Dreamwear, Large (MD Frame), 1 per 3 months",A7034,,,,,,,,,,,,,,,,,,,Mask Brand,Dreamwear
KD8U-BVKY9-H8-VR,PAP Mask,B29-DBQ-BC3PJ-VA,PAP Mask,TRUE,DXP45-Z2D-LRN-7C,,"PAP Mask, Nasal, Dreamwear, Medium (LG Frame), 1 per 3 months",A7034,,,,,Mask Brand,Dreamwear,,,,,,,,,,,,,,
KD8U-BVKY9-H8-VR,PAP Mask,B29-DBQ-BC3PJ-VA,PAP Mask,TRUE,E1NP-5NXZ1-7LIN3,,"PAP Mask, Full Face, Dreamwear, Large (MD Frame), 1 per 3 months",A7030,,,,,,,,,,,,,,,,,,,Mask Brand,Dreamwear
KD8U-BVKY9-H8-VR,PAP Mask,B29-DBQ-BC3PJ-VA,PAP Mask,TRUE,E7Q-NXQ5-FCIK-1J,,"PAP Mask, Nasal Cushion, Respironics Dreamwear",A7034,,,,,,,,,,,Mask Brand,Respironics Dreamwear,,,,,,,,
KD8U-BVKY9-H8-VR,PAP Mask,B29-DBQ-BC3PJ-VA,PAP Mask,TRUE,E8M-UZA6-VAB-QFA,,"PAP Mask, Full Face, Fisher & Paykel Vitera",A7030,Mask Brand,Fisher & Paykel Vitera,,,,,,,,,,,,,,,,,,
KD8U-BVKY9-H8-VR,PAP Mask,B29-DBQ-BC3PJ-VA,PAP Mask,TRUE,E9-BIY-CAR06-VX6,,"PAP Mask, Nasal Pillow, Nuance Gel, Large, 2 per 1 month",A7033,,,Mask Brand,Nuance Gel,,,,,,,,,,,,,,,,
KD8U-BVKY9-H8-VR,PAP Mask,B29-DBQ-BC3PJ-VA,PAP Mask,TRUE,EGF0-Z2-IDS7V-6D,,"PAP Mask, Nasal Pillow, Respironics Dreamwear Silicone",A7034,,,,,,,,,,,Mask Brand,Respironics Dreamwear Silicone,,,,,,,,
KD8U-BVKY9-H8-VR,PAP Mask,B29-DBQ-BC3PJ-VA,PAP Mask,TRUE,ENXVE-NAC-B4C-DK,,"PAP Mask, Full Face, AirFit F20, Fit Upon Setup, 1 per 3 months",A7030,,,,,,,Mask Brand,AirFit F20,,,,,,,,,,,,
KD8U-BVKY9-H8-VR,PAP Mask,B29-DBQ-BC3PJ-VA,PAP Mask,TRUE,EQC-U0-6RM-LN-GH,,"PAP Mask, Full Face, Airfit F30, Fit Upon Setup, 1 per 3 months",A7030,,,,,,,,,,,,,,,,,Mask Brand,Airfit F30,,
KD8U-BVKY9-H8-VR,PAP Mask,B29-DBQ-BC3PJ-VA,PAP Mask,TRUE,EXSTH-FIJ-GJ9-UC,,"PAP Mask, Nasal Cushion, Resmed N30i",A7034,,,,,Mask Brand,Resmed N30i,,,,,,,,,,,,,,
KD8U-BVKY9-H8-VR,PAP Mask,B29-DBQ-BC3PJ-VA,PAP Mask,TRUE,F84P-X7-ME89-8P1,,"PAP Mask, Nasal Pillow, Fisher & Paykel Brevida",A7034,,,,,,,Mask Brand,Fisher & Paykel Brevida,,,,,,,,,,,,
KD8U-BVKY9-H8-VR,PAP Mask,B29-DBQ-BC3PJ-VA,PAP Mask,TRUE,G4D2B-V5Q4A-57IF,,"PAP Mask, Full Face, Other Brand, N/A, 1 per 3 months",A7030,,,,,,,,,,,,,,,,,,,Mask Brand,Other
KD8U-BVKY9-H8-VR,PAP Mask,B29-DBQ-BC3PJ-VA,PAP Mask,TRUE,GAHB0-EZ-37-LEKL,,"PAP Mask, Nasal Pillow, Airfit P10, Large, 2 per 1 month",A7033,,,,,,,,,,,,,Mask Brand,AirFit P10,,,,,,
KD8U-BVKY9-H8-VR,PAP Mask,B29-DBQ-BC3PJ-VA,PAP Mask,TRUE,GY4-NLY-148F8-46,,"PAP Mask, Nasal, Airtouch F20 for Her, 1 per 3 months",A7034,,,Mask Brand,Airtouch F20 for Her,,,,,,,,,,,,,,,,
KD8U-BVKY9-H8-VR,PAP Mask,B29-DBQ-BC3PJ-VA,PAP Mask,TRUE,H0GHK-A5C3-2M-F8,,"PAP Mask, Full Face, Resmed Quattro FX, Small, 1 per 3 months",A7030,,,,,,,,,,,,,,,,,,,Mask Brand,Resmed Quattro FX
KD8U-BVKY9-H8-VR,PAP Mask,B29-DBQ-BC3PJ-VA,PAP Mask,TRUE,HG7Y-INVBS-H3V3K,,"PAP Mask, Nasal, Resmed Airfit N20, Large, 1 per 3 months",A7034,,,,,,,Mask Brand,Resmed Airfit N20,,,,,,,,,,,,
KD8U-BVKY9-H8-VR,PAP Mask,B29-DBQ-BC3PJ-VA,PAP Mask,TRUE,HYGN-BAX-PMA8-HI,,"PAP Mask, Nasal, Fisher & Paykel Eson 2, Small, 1 per 3 months",A7034,,,Mask Brand,Fisher & Paykel Eson 2,,,,,,,,,,,,,,,,
KD8U-BVKY9-H8-VR,PAP Mask,B29-DBQ-BC3PJ-VA,PAP Mask,TRUE,I2PTE-Q68X3-BNDX,,"PAP Mask, Nasal Pillow, Resmed Swift FX, Complete, 1 per 3 months",A7034,,,,,,,,,,,,,,,Mask Brand,Resmed Swift FX,,,,
KD8U-BVKY9-H8-VR,PAP Mask,B29-DBQ-BC3PJ-VA,PAP Mask,TRUE,I7CMF-AE-6DXE-2J,,"PAP Mask, Full Face, Airtouch F20, Fit Upon Setup, 1 per 3 months",A7030,,,Mask Brand,Airtouch F20,,,,,,,,,,,,,,,,
KD8U-BVKY9-H8-VR,PAP Mask,B29-DBQ-BC3PJ-VA,PAP Mask,TRUE,IA-M932P-P0-BV4D,,"PAP Mask, Full Face, Resmed Airfit F20, Medium, 1 per 3 months",A7030,,,Mask Brand,Resmed Airfit F20,,,,,,,,,,,,,,,,
KD8U-BVKY9-H8-VR,PAP Mask,B29-DBQ-BC3PJ-VA,PAP Mask,TRUE,IFVB-CYI-S6Q-7AQ,,"PAP Mask, Nasal Pillow, Airfit P10, Small, 2 per 1 month",A7033,,,,,,,Mask Brand,AirFit P10,,,,,,,,,,,,
KD8U-BVKY9-H8-VR,PAP Mask,B29-DBQ-BC3PJ-VA,PAP Mask,TRUE,IXNM-4LMG-P4-3ME,,"PAP Mask, Full Face, Resmed Quattro Air, Small, 1 per 3 months",A7030,Mask Brand,Resmed Quattro Air,,,,,,,,,,,,,,,,,,
KD8U-BVKY9-H8-VR,PAP Mask,B29-DBQ-BC3PJ-VA,PAP Mask,TRUE,J8-B6NL-3BQLY-CH,,"PAP Mask, Full Face, Resmed Airtouch F20, Large, 1 per 3 months",A7030,,,,,,,,,Mask Brand,Resmed Airtouch F20,,,,,,,,,,
KD8U-BVKY9-H8-VR,PAP Mask,B29-DBQ-BC3PJ-VA,PAP Mask,TRUE,JNAU4-X0RKE-RPJ8,,"PAP Mask, Nasal, Fit Upon Setup, N/A, 1 per 3 months",A7034,,,,,,,,,,,,,,,Mask Brand,Fit Upon Setup,,,,
KD8U-BVKY9-H8-VR,PAP Mask,B29-DBQ-BC3PJ-VA,PAP Mask,TRUE,JNPAN-2X-MS47-8B,,"PAP Mask, Nasal Pillow, Dreamwear, Small (LG Frame), 1 per 3 months",A7034,,,,,,,,,,,,,Mask Brand,Dreamwear,,,,,,
KD8U-BVKY9-H8-VR,PAP Mask,B29-DBQ-BC3PJ-VA,PAP Mask,TRUE,K15PK-QT-EN-58BK,,"PAP Mask, Full Face, Dreamwear Full, Fit Upon Setup, 1 per 3 months",A7030,,,,,,,,,,,,,,,,,,,Mask Brand,Dreamwear Full
KD8U-BVKY9-H8-VR,PAP Mask,B29-DBQ-BC3PJ-VA,PAP Mask,TRUE,KX0E-LFRX-K42-MH,,"PAP Mask, Full Face, Amara Gel, Petite, 1 per 3 months",A7030,Mask Brand,Amara Gel,,,,,,,,,,,,,,,,,,
KD8U-BVKY9-H8-VR,PAP Mask,B29-DBQ-BC3PJ-VA,PAP Mask,TRUE,KXENF-0N-8S6C-AJ,,"PAP Mask, Full Face, Airfit F30I, Small, 1 per 3 months",A7030,,,,,,,,,,,Mask Brand,Airfit F30I,,,,,,,,
KD8U-BVKY9-H8-VR,PAP Mask,B29-DBQ-BC3PJ-VA,PAP Mask,TRUE,L06Y-BL3P-BP-L7J,,"PAP Mask, Nasal, Airfit N30, Fit Upon Setup, 1 per 3 months",A7034,,,,,,,,,Mask Brand,Airfit N30,,,,,,,,,,
KD8U-BVKY9-H8-VR,PAP Mask,B29-DBQ-BC3PJ-VA,PAP Mask,TRUE,L730-SE-A51YQ-3L,,"PAP Mask, Fit to Comfort, 1 per 3 months",MASK,,,Mask Brand,Fit Upon Setup,,,,,,,,,,,,,,,,
KD8U-BVKY9-H8-VR,PAP Mask,B29-DBQ-BC3PJ-VA,PAP Mask,TRUE,LA-M9J8-RL6C5-VU,,"PAP Mask, Full Face, Dreamwear, Medium (LG Frame), 1 per 3 months",A7030,,,,,,,,,,,,,Mask Brand,Dreamwear,,,,,,
KD8U-BVKY9-H8-VR,PAP Mask,B29-DBQ-BC3PJ-VA,PAP Mask,TRUE,LCLIE-9V0IF-E03L,,"PAP Mask, Full Face, Resmed F30",A7030,,,,,,,,,,,,,,,Mask Brand,Resmed F30,,,,
KD8U-BVKY9-H8-VR,PAP Mask,B29-DBQ-BC3PJ-VA,PAP Mask,TRUE,LJX-YC-85PM2-TSM,,"PAP Mask, Full Face, Respironics Dreamwear",A7030,,,Mask Brand,Respironics Dreamwear,,,,,,,,,,,,,,,,
KD8U-BVKY9-H8-VR,PAP Mask,B29-DBQ-BC3PJ-VA,PAP Mask,TRUE,LXH0C-XUH6-6BKUF,,"PAP Mask, Nasal Pillow, Dreamwear, Small (MD Frame), 1 per 3 months",A7034,,,Mask Brand,Dreamwear,,,,,,,,,,,,,,,,
KD8U-BVKY9-H8-VR,PAP Mask,B29-DBQ-BC3PJ-VA,PAP Mask,TRUE,LXI-ZY3U1-DV0-ZA,,"PAP Mask, Nasal, Dreamwear, Small (SM Frame), 1 per 3 months",A7034,,,Mask Brand,Dreamwear,,,,,,,,,,,,,,,,
KD8U-BVKY9-H8-VR,PAP Mask,B29-DBQ-BC3PJ-VA,PAP Mask,TRUE,LXN3N-03Q-KN0-L8,,"PAP Mask, Full Face, Fisher & Paykel Simplus, Small, 1 per 3 months",A7030,,,,,Mask Brand,Fisher & Paykel Simplus,,,,,,,,,,,,,,
KD8U-BVKY9-H8-VR,PAP Mask,B29-DBQ-BC3PJ-VA,PAP Mask,TRUE,M1LED-NKH79-7BYL,,"PAP Mask, Nasal, Airtouch N20, Large, 1 per 3 months",A7034,,,,,,,,,,,,,,,,,,,Mask Brand,Airtouch N20
KD8U-BVKY9-H8-VR,PAP Mask,B29-DBQ-BC3PJ-VA,PAP Mask,TRUE,MA4-HKD8-S4IK-UC,,"PAP Mask, Nasal Pillow, Resmed Airfit P10, Small, 1 per 3 months",A7034,,,,,,,,,,,,,,,,,,,Mask Brand,Resmed Airfit P10
KD8U-BVKY9-H8-VR,PAP Mask,B29-DBQ-BC3PJ-VA,PAP Mask,TRUE,MQK-RLS5-QKG-L7K,,"PAP Mask, Nasal, Dreamwear, Small (LG Frame), 1 per 3 months",A7034,,,Mask Brand,Dreamwear,,,,,,,,,,,,,,,,
KD8U-BVKY9-H8-VR,PAP Mask,B29-DBQ-BC3PJ-VA,PAP Mask,TRUE,NH-N9P7-0SX-7B67,,"PAP Mask, Nasal, Dreamwear, Large (LG Frame), 1 per 3 months",A7034,Mask Brand,Dreamwear,,,,,,,,,,,,,,,,,,
KD8U-BVKY9-H8-VR,PAP Mask,B29-DBQ-BC3PJ-VA,PAP Mask,TRUE,NL28E-UR-L7-S09A,,"PAP Mask, Full Face, Resmed Quattro Air, Medium, 1 per 3 months",A7030,,,,,,,,,,,,,,,Mask Brand,Resmed Quattro Air,,,,
KD8U-BVKY9-H8-VR,PAP Mask,B29-DBQ-BC3PJ-VA,PAP Mask,TRUE,P0-FSF-T01K-0TD2,,"PAP Mask, Nasal Cushion, Respironics Wisp Pediatric",A7034,,,,,,,,,,,,,,,,,,,Mask Brand,Respironics Wisp Pediatric
KD8U-BVKY9-H8-VR,PAP Mask,B29-DBQ-BC3PJ-VA,PAP Mask,TRUE,P2Y-AMC-90EQ-UM4,,"PAP Mask, Nasal, Dreamwear, Large (SM Frame), 1 per 3 months",A7034,,,,,,,,,,,,,Mask Brand,Dreamwear,,,,,,
KD8U-BVKY9-H8-VR,PAP Mask,B29-DBQ-BC3PJ-VA,PAP Mask,TRUE,P6PR-N9PC-GU-U5V,,"PAP Mask, Full Face, Respironics Amara View, Medium, 1 per 3 months",A7030,,,,,,,,,Mask Brand,Respironics Amara View,,,,,,,,,,
KD8U-BVKY9-H8-VR,PAP Mask,B29-DBQ-BC3PJ-VA,PAP Mask,TRUE,PF-80S-59CN-9ZRF,,"PAP Mask, Full Face, Resmed Quattro, Medium, 1 per 3 months",A7030,,,Mask Brand,Resmed Quattro,,,,,,,,,,,,,,,,
KD8U-BVKY9-H8-VR,PAP Mask,B29-DBQ-BC3PJ-VA,PAP Mask,TRUE,PNGE-3RPCL-L915D,,"PAP Mask, Full Face, Resmed Airfit F10, Small, 1 per 3 months",A7030,,,,,,,,,,,,,,,,,,,Mask Brand,Resmed Airfit F10
KD8U-BVKY9-H8-VR,PAP Mask,B29-DBQ-BC3PJ-VA,PAP Mask,TRUE,Q27-HL-N879-5RS1,,"PAP Mask, Nasal Pillow, Dreamwear, Medium (SM Frame), 1 per 3 months",A7034,,,,,,,,,,,Mask Brand,Dreamwear,,,,,,,,
KD8U-BVKY9-H8-VR,PAP Mask,B29-DBQ-BC3PJ-VA,PAP Mask,TRUE,QV-3F-49P-831-76,,"PAP Mask, Nasal Pillow, Swift FX, Medium, 2 per 1 month",A7033,,,,,,,,,,,,,Mask Brand,Swift FX,,,,,,
KD8U-BVKY9-H8-VR,PAP Mask,B29-DBQ-BC3PJ-VA,PAP Mask,TRUE,RA-MT-XZF6-CY-K6,,"PAP Mask, Full Face, Airfit F30I, Large, 1 per 3 months",A7030,,,,,,,,,,,,,Mask Brand,Airfit F30I,,,,,,
KD8U-BVKY9-H8-VR,PAP Mask,B29-DBQ-BC3PJ-VA,PAP Mask,TRUE,RBM0-DLJ-MR-KVYQ,,"PAP Mask, Nasal, Dreamwear, Medium (MD Frame), 1 per 3 months",A7034,,,,,,,,,,,,,,,,,Mask Brand,Dreamwear,,
KD8U-BVKY9-H8-VR,PAP Mask,B29-DBQ-BC3PJ-VA,PAP Mask,TRUE,SI-JE2-X8-K1-VRD,,"PAP Mask, Full Face, Resmed Airfit F20, Large, 1 per 3 months",A7030,,,Mask Brand,Resmed Airfit F20,,,,,,,,,,,,,,,,
KD8U-BVKY9-H8-VR,PAP Mask,B29-DBQ-BC3PJ-VA,PAP Mask,TRUE,SK-B63H-XRD-GIQ6,,"PAP Mask, Nasal Pillow, Airfit P30I, Small, 1 per 3 months",A7034,,,,,,,,,,,Mask Brand,Airfit P30I,,,,,,,,
KD8U-BVKY9-H8-VR,PAP Mask,B29-DBQ-BC3PJ-VA,PAP Mask,TRUE,SLE-BL-A8CD-5TET,,"PAP Mask, Full Face, Fisher & Paykel Simplus, Medium, 1 per 3 months",A7030,,,,,,,,,,,,,Mask Brand,Fisher & Paykel Simplus,,,,,,
KD8U-BVKY9-H8-VR,PAP Mask,B29-DBQ-BC3PJ-VA,PAP Mask,TRUE,SX-Y8PKY-LU57-U5,,"PAP Mask, Nasal, Resmed Activa, Standard, 1 per 3 months",A7034,,,,,,,,,Mask Brand,Resmed Activa,,,,,,,,,,
KD8U-BVKY9-H8-VR,PAP Mask,B29-DBQ-BC3PJ-VA,PAP Mask,TRUE,T7KVR-JA86M-H5A9,,"PAP Mask, Nasal, Respironics Pico, S/M/L/XL (fitpack), 1 per 3 months",A7034,,,Mask Brand,Respironics Pico,,,,,,,,,,,,,,,,
KD8U-BVKY9-H8-VR,PAP Mask,B29-DBQ-BC3PJ-VA,PAP Mask,TRUE,TD-PBJFG-CA-2IY9,,"PAP Mask, Nasal, Dreamwear, Large (SM Frame), 1 per 3 months.",A7034,,,,,Mask Brand,Dreamwear,,,,,,,,,,,,,,
KD8U-BVKY9-H8-VR,PAP Mask,B29-DBQ-BC3PJ-VA,PAP Mask,TRUE,TF5R-YHY4V-B8S5G,,"PAP Mask, Full Face, Fisher & Paykel Simplus, Fit Upon Setup, 1 per 3 months",A7030,,,,,,,,,Mask Brand,Fisher & Paykel Simplus,,,,,,,,,,
KD8U-BVKY9-H8-VR,PAP Mask,B29-DBQ-BC3PJ-VA,PAP Mask,TRUE,TH-IBM-JA-VL-840,,"PAP Mask, Nasal, Dreamwear, Fit Upon Setup, 1 per 3 months",A7034,,,Mask Brand,Dreamwear,,,,,,,,,,,,,,,,
KD8U-BVKY9-H8-VR,PAP Mask,B29-DBQ-BC3PJ-VA,PAP Mask,TRUE,TK-J5A4-AB7G-MN2,,"PAP Mask, Fit to Comfort, 1 per 3 months.",A7034,,,,,,,,,,,,,,,,,Mask Brand,Fit Upon Setup,,
KD8U-BVKY9-H8-VR,PAP Mask,B29-DBQ-BC3PJ-VA,PAP Mask,TRUE,TK-NS9F2-7T8D-EM,,"PAP Mask, Nasal Pillow, Airfit P30I, Fit Upon Setup, 2 per 1 month",A7033,,,,,,,,,,,,,,,Mask Brand,Airfit P30I,,,,
KD8U-BVKY9-H8-VR,PAP Mask,B29-DBQ-BC3PJ-VA,PAP Mask,TRUE,TUIC4-D813Y-YJ17,,"PAP Mask, Full Face, Dreamwear, Small (MD Frame), 1 per 3 months",A7030,,,,,,,,,,,,,,,,,,,Mask Brand,Dreamwear
KD8U-BVKY9-H8-VR,PAP Mask,B29-DBQ-BC3PJ-VA,PAP Mask,TRUE,TYSC-8M-IFR0U-NX,,"PAP Mask, Full Face, Resmed F30i",A7030,,,,,,,,,,,,,,,,,,,Mask Brand,Resmed F30i
KD8U-BVKY9-H8-VR,PAP Mask,B29-DBQ-BC3PJ-VA,PAP Mask,TRUE,UAPQ-2G-493P-F5C,,"PAP Mask, Nasal, Dreamwear, Medium Wide (LG Frame), 1 per 3 months",A7034,,,,,,,Mask Brand,Dreamwear,,,,,,,,,,,,
KD8U-BVKY9-H8-VR,PAP Mask,B29-DBQ-BC3PJ-VA,PAP Mask,TRUE,UEZM-SAJAC-J8F7L,,"PAP Mask, Full Face, Airfit F30I, Wide, 1 per 3 months",A7030,,,Mask Brand,Airfit F30I,,,,,,,,,,,,,,,,
KD8U-BVKY9-H8-VR,PAP Mask,B29-DBQ-BC3PJ-VA,PAP Mask,TRUE,URE3V-ZEP-8UX-MQ,,"PAP Mask, Nasal, Respironics ComfortGel Blue, Medium, 1 per 3 months",A7034,,,,,,,,,,,,,,,,,,,Mask Brand,Respironics ComfortGel Blue
KD8U-BVKY9-H8-VR,PAP Mask,B29-DBQ-BC3PJ-VA,PAP Mask,TRUE,UTBPG-KJ-KL8-TQ0,,"PAP Mask, Full Face, Resmed Airfit F20 for Her, Small, 1 per 3 months",A7030,,,,,,,Mask Brand,Resmed Airfit F20 for Her,,,,,,,,,,,,
KD8U-BVKY9-H8-VR,PAP Mask,B29-DBQ-BC3PJ-VA,PAP Mask,TRUE,UX-APBHG-8PV-DCB,,"PAP Mask, Full Face, Fit Upon Setup, N/A, 1 per 3 months",A7030,,,Mask Brand,Fit Upon Setup,,,,,,,,,,,,,,,,
KD8U-BVKY9-H8-VR,PAP Mask,B29-DBQ-BC3PJ-VA,PAP Mask,TRUE,V30C-K7V-ZN79-JI,,"PAP Mask, Nasal, Respironics Wisp Clear, 1 per 3 months",A7034,,,Mask Brand,Respironics Wisp Clear,,,,,,,,,,,,,,,,
KD8U-BVKY9-H8-VR,PAP Mask,B29-DBQ-BC3PJ-VA,PAP Mask,TRUE,V98-9XGX-V1U-75F,,"PAP Mask, Nasal, Respironics Nuance Pro Gel, Standard, 1 per 3 months",A7034,,,,,,,,,,,,,,,,,Mask Brand,Respironics Nuance Pro Gel,,
KD8U-BVKY9-H8-VR,PAP Mask,B29-DBQ-BC3PJ-VA,PAP Mask,TRUE,VDU2V-GICV-UM-P9,,"PAP Mask, Nasal Pillow, Swift FX Bella, For Her, 1 per 3 months",A7033,,,,,,,,,,,,,,,Mask Brand,Swift FX Bella,,,,
KD8U-BVKY9-H8-VR,PAP Mask,B29-DBQ-BC3PJ-VA,PAP Mask,TRUE,VY-KBIM-HDT08-73,,"PAP Mask, Nasal, Fisher & Paykel Brevida, Fit Upon Setup, 1 per 3 months",A7034,,,,,,,,,,,,,,,Mask Brand,Fisher & Paykel Brevida,,,,
KD8U-BVKY9-H8-VR,PAP Mask,B29-DBQ-BC3PJ-VA,PAP Mask,TRUE,X0T-CUI7L-A5T-L5,,"PAP Mask, Nasal Pillow, Resmed Swift FX for Her, Complete, 1 per 3 months",A7034,,,,,Mask Brand,Resmed Swift FX for Her,,,,,,,,,,,,,,
KD8U-BVKY9-H8-VR,PAP Mask,B29-DBQ-BC3PJ-VA,PAP Mask,TRUE,XTPXG-YEQ-1Y-MUC,,"PAP Mask, Nasal Cushion, Fisher & Paykel Evora",A7034,,,,,,,,,,,,,,,,,,,Mask Brand,Fisher & Paykel Evora Nasal
KD8U-BVKY9-H8-VR,PAP Mask,B29-DBQ-BC3PJ-VA,PAP Mask,TRUE,Y2-PHVF-AU5GS-FZ,,"PAP Mask, Full Face, Resmed Airtouch F20, Small, 1 per 3 months",A7030,,,,,,,,,,,,,,,Mask Brand,Resmed Airtouch F20,,,,
KD8U-BVKY9-H8-VR,PAP Mask,B29-DBQ-BC3PJ-VA,PAP Mask,TRUE,Z12IS-MT5P6-SPHK,,"PAP Mask, Nasal, Respironics ComfortGel Blue, Small, 1 per 3 months",A7034,,,,,,,,,,,Mask Brand,Respironics ComfortGel Blue,,,,,,,,
KD8U-BVKY9-H8-VR,PAP Mask,B29-DBQ-BC3PJ-VA,PAP Mask,TRUE,Z1R-PZ-HZQJH-1UD,,"PAP Mask, Nasal, Dreamwear, Small (MD Frame), 1 per 3 months",A7034,,,,,Mask Brand,Dreamwear,,,,,,,,,,,,,,
KD8U-BVKY9-H8-VR,PAP Mask,B29-DBQ-BC3PJ-VA,PAP Mask,TRUE,ZEZK-N73-RV0-XZP,,"PAP Mask, Full Face, Resmed Airtouch F20, Medium, 1 per 3 months",A7030,,,,,Mask Brand,Resmed Airtouch F20,,,,,,,,,,,,,,
KD8U-BVKY9-H8-VR,PAP Mask,B29-DBQ-BC3PJ-VA,PAP Mask,TRUE,ZGIJ-ASYP-8FU-ZT,,"PAP Mask, Full Face, Amara Gel, Large, 1 per 3 months",A7030,,,,,,,,,,,,,,,,,Mask Brand,Amara Gel,,
KD8U-BVKY9-H8-VR,PAP Mask,B29-DBQ-BC3PJ-VA,PAP Mask,TRUE,ZL-90J-5KH17-YMI,,"PAP Mask, Nasal Pillow, Dreamwear, Medium (LG Frame), 1 per 3 months",A7034,,,,,Mask Brand,Dreamwear,,,,,,,,,,,,,,
KD8U-BVKY9-H8-VR,PAP Mask,B29-DBQ-BC3PJ-VA,PAP Mask,TRUE,ZTQZ-17FIL-RB-18,,"PAP Mask, Nasal, Respironics ComfortGel Blue, Petite, 1 per 3 months",A7034,,,,,,,,,Mask Brand,Respironics ComfortGel Blue,,,,,,,,,,
KD8U-BVKY9-H8-VR,PAP Mask,B29-DBQ-BC3PJ-VA,PAP Mask,TRUE,ZV-8PBRY-EDF9-KU,,"PAP Mask, Full Face, Resmed Quattro FX, Medium, 1 per 3 months",A7030,,,,,,,,,Mask Brand,Resmed Quattro FX,,,,,,,,,,
KSFQF-3GLM-VA-MA,Disposable PAP Filter,N8-2XZT-BJRLY-G4,Disposable PAP Filter,TRUE,9P-BDPD-M46HF-L7,,"Disposable PAP Filter, 2 per 1 month",A7038,,,,,,,,,,,Disposable PAP Filter,Included,,,,,,,,
QNJHD-R0N-YXT-1I,BiLevel PAP Package (Quick Order),ML-B1UFQ-0PZ-UR5,BiLevel PAP Product,TRUE,96L-VA8-UP4KD-UY,,BiLevel Auto PAP Product (See Description),E0470,BiLevel Type,BiLevel Automatic,,,,,,,,,,,,,,,,,,
QNJHD-R0N-YXT-1I,BiLevel PAP Package (Quick Order),ML-B1UFQ-0PZ-UR5,BiLevel PAP Product,TRUE,JRGK-TS1-PX4-BPX,,BiLevel ST PAP Product (See Description),E0471,BiLevel Type,BiLevel ST,,,,,,,,,,,,,,,,,,
QNJHD-R0N-YXT-1I,BiLevel PAP Package (Quick Order),ML-B1UFQ-0PZ-UR5,BiLevel PAP Product,TRUE,Q8QA-Z6H-PX-TQ7S,,BiLevel ASV PAP Product (See Description),E0471,BiLevel Type,BiLevel ASV,,,,,,,,,,,,,,,,,,
T86HX-8VCM3-0PUI,PAP Chinstrap,HUPL-N9-KTS-PKHF,PAP Chinstrap,TRUE,0HI8-4VBI8-4V5F0,,"PAP Chinstrap, Fit to Comfort, 1 per 6 months",A7036,,,,,,,,,,,,,,,PAP Chinstrap Included,Fit to Comfort,,,,
T86HX-8VCM3-0PUI,PAP Chinstrap,HUPL-N9-KTS-PKHF,PAP Chinstrap,TRUE,18S-X7-61A0H-I2P,,No Chinstrap Included,,,,,,,,PAP Chinstrap Included,PAP Chinstrap Not Included,,,,,,,,,,,,
T86HX-8VCM3-0PUI,PAP Chinstrap,HUPL-N9-KTS-PKHF,PAP Chinstrap,TRUE,CB-Q76BH-A20Y-1T,,"PAP Chinstrap, 1 per 6 months",A7036,,,,,,,,,,,,,,,,,PAP Chinstrap Included,PAP Chinstrap Included,,
THA3-7JK6-78-HP0,CPAP Package,1P3-CS4E-VFQ-8EA,Non-Disposable PAP Filter,FALSE,IQFK-CA82-M0-4E1,,"Non-Disposable PAP Filter, 1 per 6 months",A7039,,,,,,,,,,,,,,,,,Non-Disposable PAP Filter,Included,,
THA3-7JK6-78-HP0,CPAP Package,2h7Qc9C0MAIU6iCd,Overnight Oximetry Test,FALSE,A5-ZJVZH-FY8R-NJ,,"Overnight Oximetry Test, On or About 30 Days Post Setup",CPT94762,Demographic,Standard,,,,,,,,,,,,,,,,,,
THA3-7JK6-78-HP0,CPAP Package,2h7Qc9C0MAIU6iCd,Overnight Oximetry Test,FALSE,F7BQ-R2-76-GP-I1,,Overnight Oximetry Test,CPT94762,Demographic,N/A,,,,,,,,,,,,,,,,,,
THA3-7JK6-78-HP0,CPAP Package,2h7Qc9C0MAIU6iCd,Overnight Oximetry Test,FALSE,G0IGC-MFXQJ-64RY,,"Overnight Oximetry Test, Pediatric",CPT94762,Demographic,Pediatric,,,,,,,,,,,,,,,,,,
THA3-7JK6-78-HP0,CPAP Package,2h7Qc9C0MAIU6iCd,Overnight Oximetry Test,FALSE,Pfqof9UIijy4ojX3,,Overnight Oximetry Test,CPT94762,Demographic,Standard,,,,,,,,,,,,,,,,,,
THA3-7JK6-78-HP0,CPAP Package,6B-G8YD-QX5-Q0LA,PAP Mask Interface Cushion,FALSE,1M7F-B3-GJU-FNQH,,"PAP Mask Interface Cushion, Nasal, 2 per 1 month",A7032,,,,,,,,,,,,,,,,,,,Mask Frame,Nasal
THA3-7JK6-78-HP0,CPAP Package,6B-G8YD-QX5-Q0LA,PAP Mask Interface Cushion,FALSE,97-UIGCM-N91-NKB,,"PAP Mask Interface Cushion, Fit to Comfort.",IFC,,,,,Mask Frame,Patient Preference,,,,,,,,,,,,,,
THA3-7JK6-78-HP0,CPAP Package,6B-G8YD-QX5-Q0LA,PAP Mask Interface Cushion,FALSE,98VR5-ACDY-CMQAT,,"PAP Mask Interface Cushion, Oral / Nasal Hybrid, 2 per 1 month",A7028,,,,,,,Mask Frame,Oral / Nasal Hybrid,,,,,,,,,,,,
THA3-7JK6-78-HP0,CPAP Package,6B-G8YD-QX5-Q0LA,PAP Mask Interface Cushion,FALSE,PDCBV-TAB-ESL-15,,"PAP Mask Interface Cushion, Oral, 2 per 1 month",A7028,,,,,,,Mask Frame,Oral,,,,,,,,,,,,
THA3-7JK6-78-HP0,CPAP Package,6I-CU-K6-MNT4-BF,PAP Machine Tubing,FALSE,10RK-4K8S2-T6-EV,,"PAP Machine Tubing, Heated, 1 per 3 months",A4604,,,,,,,,,,,,,Tubing Type,Heated,,,,,,
THA3-7JK6-78-HP0,CPAP Package,6I-CU-K6-MNT4-BF,PAP Machine Tubing,FALSE,31JB8-VF7-2K-L04,,"Climate Line Air Pap Machine Tubing, Heated, 1 per 3 months",A4604,,,,,,,,,,,,,Tubing Type,Climate Line Air Heated,,,,,,
THA3-7JK6-78-HP0,CPAP Package,6I-CU-K6-MNT4-BF,PAP Machine Tubing,FALSE,9JEVE-LS7S-IKST2,,"PAP Machine Tubing, Non-Heated, 1 per 3 months",A7037,,,,,,,,,,,,,,,,,Tubing Type,Non-Heated,,
THA3-7JK6-78-HP0,CPAP Package,6I-CU-K6-MNT4-BF,PAP Machine Tubing,FALSE,L238-KQMY-KDT-2Q,,"PAP Machine Tubing, Fit to Comfort",A7037/A4604,,,,,,,,,Tubing Type,Patient Preference,,,,,,,,,,
THA3-7JK6-78-HP0,CPAP Package,B29-DBQ-BC3PJ-VA,PAP Mask,TRUE,03AY8-G8Q64-B54P,,"PAP Mask, Full Face, Resmed Quattro Air, Large, 1 per 3 months",A7030,,,Mask Brand,Resmed Quattro Air,,,,,,,,,,,,,,,,
THA3-7JK6-78-HP0,CPAP Package,B29-DBQ-BC3PJ-VA,PAP Mask,TRUE,04CT6-ZI-PDIP-4X,,"PAP Mask, Nasal, Resmed Airfit N20 for Her, Small, 1 per 3 months",A7034,,,,,,,Mask Brand,Resmed Airfit N20 for Her,,,,,,,,,,,,
THA3-7JK6-78-HP0,CPAP Package,B29-DBQ-BC3PJ-VA,PAP Mask,TRUE,0Q-6C-QUY-DZ9-JP,,"PAP Mask, Nasal Pillow, Resmed Airfit P10, Medium, 1 per 3 months",A7034,,,,,,,,,,,,,Mask Brand,Resmed Airfit P10,,,,,,
THA3-7JK6-78-HP0,CPAP Package,B29-DBQ-BC3PJ-VA,PAP Mask,TRUE,0RNGD-U9R2-4ZLDF,,"PAP Mask, Nasal, Fisher & Paykel Zest, Fit Upon Setup",A7034,,,,,,,,,Mask Brand,Fisher & Paykel Zest,,,,,,,,,,
THA3-7JK6-78-HP0,CPAP Package,B29-DBQ-BC3PJ-VA,PAP Mask,TRUE,13JM-6JX3N-CI-78,,"PAP Mask, Fit to Comfort, Full Face, 1 per 3 months",A7030,,,,,,,,,,,,,Mask Brand,Fit Upon Setup,,,,,,
THA3-7JK6-78-HP0,CPAP Package,B29-DBQ-BC3PJ-VA,PAP Mask,TRUE,14V-6RTC4-JVU-BU,,"PAP Mask, Oral / Nasal Hybrid, Fit Upon Setup, N/A, 1 per 3 months",A7027,,,,,,,Mask Brand,Fit Upon Setup,,,,,,,,,,,,
THA3-7JK6-78-HP0,CPAP Package,B29-DBQ-BC3PJ-VA,PAP Mask,TRUE,1F7-50R6A-RQ9-U1,,"PAP Mask, Nasal Pillow, Fit Upon Setup, N/A, 1 per 3 months",A7034,,,,,,,,,,,,,,,,,Mask Brand,Fit Upon Setup,,
THA3-7JK6-78-HP0,CPAP Package,B29-DBQ-BC3PJ-VA,PAP Mask,TRUE,2LK4L-DAJH-D74N7,,"PAP Mask, Fit to Comfort, Oral, 1 per 3 months",A7044,,,Mask Brand,Fit Upon Setup,,,,,,,,,,,,,,,,
THA3-7JK6-78-HP0,CPAP Package,B29-DBQ-BC3PJ-VA,PAP Mask,TRUE,2UP8-FY-C0EQH-UD,,"PAP Mask, Nasal Pillow, Airfit P10, X-Small, 2 per 1 month",A7033,,,,,,,,,,,Mask Brand,AirFit P10,,,,,,,,
THA3-7JK6-78-HP0,CPAP Package,B29-DBQ-BC3PJ-VA,PAP Mask,TRUE,2V-RD0T-FLT-PEMY,,"PAP Mask, Nasal, Resmed Airfit N20, Fit Upon Setup, 1 per 3 months",A7034,,,Mask Brand,Resmed Airfit N20,,,,,,,,,,,,,,,,
THA3-7JK6-78-HP0,CPAP Package,B29-DBQ-BC3PJ-VA,PAP Mask,TRUE,31BTL-1HJ6Y-3S58,,"PAP Mask, Nasal Pillow, Nuance Gel, Fit Upon Setup, 1 per 3 month",A7033,,,,,,,,,,,,,Mask Brand,Nuance,,,,,,
THA3-7JK6-78-HP0,CPAP Package,B29-DBQ-BC3PJ-VA,PAP Mask,TRUE,362P-LN-CQ1LA-B4,,"PAP Mask, Full Face, Airfit F30I, Medium, 1 per 3 months",A7030,,,,,,,,,,,,,Mask Brand,Airfit F30I,,,,,,
THA3-7JK6-78-HP0,CPAP Package,B29-DBQ-BC3PJ-VA,PAP Mask,TRUE,37LEV-4U6B-92HSG,,"PAP Mask, Nasal Pillow, Airfit P10, Fit Upon Setup, 2 per 1 month",A7033,Mask Brand,AirFit P10,,,,,,,,,,,,,,,,,,
THA3-7JK6-78-HP0,CPAP Package,B29-DBQ-BC3PJ-VA,PAP Mask,TRUE,3J3-GC-SI2-JE-YB,,"PAP Mask, Nasal, Fisher & Paykel Eson, Large, 1 per 3 months",A7034,,,,,,,,,,,,,,,,,,,Mask Brand,Fisher & Paykel Eson
THA3-7JK6-78-HP0,CPAP Package,B29-DBQ-BC3PJ-VA,PAP Mask,TRUE,3K3GT-R0-XAT-20T,,"PAP Mask, Full Face, Respironics Amara View, Small, 1 per 3 months",A7030,,,,,,,,,,,Mask Brand,Respironics Amara View,,,,,,,,
THA3-7JK6-78-HP0,CPAP Package,B29-DBQ-BC3PJ-VA,PAP Mask,TRUE,3KSX-GCTP1-H8C7Q,,"PAP Mask, Nasal Pillow, Nuance Gel, Medium, 2 per 1 month",A7033,,,,,,,,,,,,,Mask Brand,Nuance Gel,,,,,,
THA3-7JK6-78-HP0,CPAP Package,B29-DBQ-BC3PJ-VA,PAP Mask,TRUE,3U-RT-X6JI-46TIQ,,"PAP Mask, Nasal, Fisher & Paykel Eson, Small, 1 per 3 months",A7034,,,,,,,,,,,,,Mask Brand,Fisher & Paykel Eson,,,,,,
THA3-7JK6-78-HP0,CPAP Package,B29-DBQ-BC3PJ-VA,PAP Mask,TRUE,3Z2EG-FY1S0-PLVM,,"PAP Mask, Nasal, Fit Upon Setup, N/A, 1 per 3 months",A7034,,,,,,,,,,,,,Mask Brand,Fit Upon Setup,,,,,,
THA3-7JK6-78-HP0,CPAP Package,B29-DBQ-BC3PJ-VA,PAP Mask,TRUE,43NX-0X9I-ZMS-6T,,"PAP Mask, Nasal, Fisher & Paykel Eson 2, Large, 1 per 3 months",A7034,,,,,,,,,,,,,,,,,,,Mask Brand,Fisher & Paykel Eson 2
THA3-7JK6-78-HP0,CPAP Package,B29-DBQ-BC3PJ-VA,PAP Mask,TRUE,48B-SZD7B-S32-YX,,"PAP Mask, Nasal, Fisher & Paykel Evora, Fit Upon Setup, 1 per 3 months",A7034,,,,,,,,,,,,,,,Mask Brand,Fisher & Paykel Evora Nasal,,,,
THA3-7JK6-78-HP0,CPAP Package,B29-DBQ-BC3PJ-VA,PAP Mask,TRUE,49D-P3U2V-NQ4-64,,"PAP Mask, Nasal, Respironics Dreamwear, Complete, 1 per 3 months",A7034,,,,,Mask Brand,Respironics Dreamwear,,,,,,,,,,,,,,
THA3-7JK6-78-HP0,CPAP Package,B29-DBQ-BC3PJ-VA,PAP Mask,TRUE,4F-KCB3-1ACK9-MB,,"PAP Mask, Full Face, Resmed Airfit F20, Small, 1 per 3 months",A7030,,,,,,,,,,,,,Mask Brand,Resmed Airfit F20,,,,,,
THA3-7JK6-78-HP0,CPAP Package,B29-DBQ-BC3PJ-VA,PAP Mask,TRUE,4Y-GY-U4A9-R8NGI,,"PAP Mask, Nasal, Dreamwear, Medium Wide (MD Frame), 1 per 3 months",A7034,,,,,,,,,Mask Brand,Dreamwear,,,,,,,,,,
THA3-7JK6-78-HP0,CPAP Package,B29-DBQ-BC3PJ-VA,PAP Mask,TRUE,51M-9D5QM-ST4-CG,,"PAP Mask, Nasal Cushion, Fisher & Paykel Eson 2",A7034,,,Mask Brand,Fisher & Paykel Eson 2,,,,,,,,,,,,,,,,
THA3-7JK6-78-HP0,CPAP Package,B29-DBQ-BC3PJ-VA,PAP Mask,TRUE,57-E8D6-QM5T1-3C,,"PAP Mask, Nasal, Dreamwear, Medium (SM Frame), 1 per 3 months",A7034,,,,,,,,,,,,,,,,,,,Mask Brand,Dreamwear
THA3-7JK6-78-HP0,CPAP Package,B29-DBQ-BC3PJ-VA,PAP Mask,TRUE,5D-3X-H8-86-71HZ,,"PAP Mask, Nasal Pillow, Airfit P10, Medium, 2 per 1 month",A7033,,,,,Mask Brand,AirFit P10,,,,,,,,,,,,,,
THA3-7JK6-78-HP0,CPAP Package,B29-DBQ-BC3PJ-VA,PAP Mask,TRUE,5RHC-MYA9I-0K-5D,,"PAP Mask, Nasal Cushion, Respironics Wisp Fabric",A7034,,,,,,,Mask Brand,Respironics Wisp Fabric,,,,,,,,,,,,
THA3-7JK6-78-HP0,CPAP Package,B29-DBQ-BC3PJ-VA,PAP Mask,TRUE,5S-KABP-7Q8CR-F8,,"PAP Mask, Full Face, Resmed Airfit F10, Large, 1 per 3 months",A7030,,,,,,,,,,,Mask Brand,Resmed Airfit F10,,,,,,,,
THA3-7JK6-78-HP0,CPAP Package,B29-DBQ-BC3PJ-VA,PAP Mask,TRUE,5U-0PF4M-EK-VD5S,,"PAP Mask, Nasal, Resmed Airfit N10, Complete, 1 per 3 months",A7034,,,,,,,,,,,Mask Brand,Resmed Airfit N10,,,,,,,,
THA3-7JK6-78-HP0,CPAP Package,B29-DBQ-BC3PJ-VA,PAP Mask,TRUE,5YQ-0Y-1DS0-8NKJ,,"PAP Mask, Full Face, Resmed Airtouch F20 for Her, Medium, 1 per 3 months",A7030,Mask Brand,Resmed Airtouch F20 for Her,,,,,,,,,,,,,,,,,,
THA3-7JK6-78-HP0,CPAP Package,B29-DBQ-BC3PJ-VA,PAP Mask,TRUE,65X0-MFUCL-6H-J8,,"PAP Mask, Full Face, Fisher & Paykel Vitera, Medium, 1 per 3 months",A7030,,,,,,,Mask Brand,Fisher & Paykel Vitera,,,,,,,,,,,,
THA3-7JK6-78-HP0,CPAP Package,B29-DBQ-BC3PJ-VA,PAP Mask,TRUE,6N5-3Z2-CMQDH-ZF,,"PAP Mask, Full Face, Resmed Quattro FX, Large, 1 per 3 months",A7030,,,,,,,,,,,,,,,,,Mask Brand,Resmed Quattro FX,,
THA3-7JK6-78-HP0,CPAP Package,B29-DBQ-BC3PJ-VA,PAP Mask,TRUE,6U-CNQ-P2LUT-S32,,"PAP Mask, Full Face, Respironics Amara View, Fit Upon Setup, 1 per 3 months",A7030,,,,,,,,,Mask Brand,Respironics Amara View,,,,,,,,,,
THA3-7JK6-78-HP0,CPAP Package,B29-DBQ-BC3PJ-VA,PAP Mask,TRUE,6YL-IBI8-0PK-6S6,,"PAP Mask, Nasal Pillow, Airfit P30I, Standard, 1 per 3 months",A7034,,,,,,,,,,,,,,,,,,,Mask Brand,Airfit P30I
THA3-7JK6-78-HP0,CPAP Package,B29-DBQ-BC3PJ-VA,PAP Mask,TRUE,7D8-CFD-9EYN-KBX,,"PAP Mask, Nasal, Fisher & Paykel Eson, Fit Upon Setup, 1 per 3 months",A7034,,,,,,,,,Mask Brand,Fisher & Paykel Eson,,,,,,,,,,
THA3-7JK6-78-HP0,CPAP Package,B29-DBQ-BC3PJ-VA,PAP Mask,TRUE,7GX-5LY-Q1Y1F-0R,,"PAP Mask, Nasal Pillow, Dreamwear, Large (MD Frame), 1 per 3 months",A7034,,,,,,,,,Mask Brand,Dreamwear,,,,,,,,,,
THA3-7JK6-78-HP0,CPAP Package,B29-DBQ-BC3PJ-VA,PAP Mask,TRUE,7NHX-4H-NMPT-EZM,,"PAP Mask, Nasal, Airfit N30I, Wide, 1 per 3 months",A7034,,,Mask Brand,Airfit N30I,,,,,,,,,,,,,,,,
THA3-7JK6-78-HP0,CPAP Package,B29-DBQ-BC3PJ-VA,PAP Mask,TRUE,8AKDZ-IFJ9-C81BK,,"PAP Mask, Full Face, Dreamwear, Large (LG Frame), 1 per 3 months",A7030,,,,,,,,,Mask Brand,Dreamwear,,,,,,,,,,
THA3-7JK6-78-HP0,CPAP Package,B29-DBQ-BC3PJ-VA,PAP Mask,TRUE,8L8-Z9-SYZN-5DLA,,"PAP Mask, Nasal Pillow, Airfit P30I, Large, 2 per 1 month",A7033,,,,,,,,,,,Mask Brand,Airfit P30I,,,,,,,,
THA3-7JK6-78-HP0,CPAP Package,B29-DBQ-BC3PJ-VA,PAP Mask,TRUE,8SV6-Q6P3C-Q4-VM,,"PAP Mask, Nasal, Fisher & Paykel Eson, Medium, 1 per 3 months",A7034,,,Mask Brand,Fisher & Paykel Eson,,,,,,,,,,,,,,,,
THA3-7JK6-78-HP0,CPAP Package,B29-DBQ-BC3PJ-VA,PAP Mask,TRUE,8U-7MCZ-AU7G-9YT,,"PAP Mask, Nasal, Resmed Mirage FX, Fit Upon Setup, 1 per 3 months",A7034,,,,,,,Mask Brand,Resmed Mirage FX,,,,,,,,,,,,
THA3-7JK6-78-HP0,CPAP Package,B29-DBQ-BC3PJ-VA,PAP Mask,TRUE,8ZS-M5D-HQKFM-2E,,"PAP Mask, Fit to Comfort, Oral / Nasal Hybrid, 1 per 3 months",A7027,,,,,,,,,,,Mask Brand,Fit Upon Setup,,,,,,,,
THA3-7JK6-78-HP0,CPAP Package,B29-DBQ-BC3PJ-VA,PAP Mask,TRUE,95BV-4G7T0-2JUKM,,"PAP Mask, Full Face, Resmed Airfit F20 for Her, Medium, 1 per 3 months",A7030,,,,,,,,,,,,,,,,,Mask Brand,Resmed Airfit F20 for Her,,
THA3-7JK6-78-HP0,CPAP Package,B29-DBQ-BC3PJ-VA,PAP Mask,TRUE,97J-AB4-LKG6-FEJ,,"PAP Mask, Nasal Pillow, Airfit P30I, Medium, 2 per 1 month",A7033,,,Mask Brand,Airfit P30I,,,,,,,,,,,,,,,,
THA3-7JK6-78-HP0,CPAP Package,B29-DBQ-BC3PJ-VA,PAP Mask,TRUE,980FC-YAMY-NMEPI,,"PAP Mask, Fit to Comfort, Nasal Pillow, 1 per 3 months",A7034,,,,,,,Mask Brand,Fit Upon Setup,,,,,,,,,,,,
THA3-7JK6-78-HP0,CPAP Package,B29-DBQ-BC3PJ-VA,PAP Mask,TRUE,9G-PF5N8-E0DE-R2,,"PAP Mask, Full Face, Resmed Airfit F10, Medium, 1 per 3 months",A7030,,,,,,,,,Mask Brand,Resmed Airfit F10,,,,,,,,,,
THA3-7JK6-78-HP0,CPAP Package,B29-DBQ-BC3PJ-VA,PAP Mask,TRUE,A5G-YA26-PHXU-Z7,,"PAP Mask, Nasal, Airtouch N20, Medium, 1 per 3 months",A7034,,,,,,,,,,,Mask Brand,Airtouch N20,,,,,,,,
THA3-7JK6-78-HP0,CPAP Package,B29-DBQ-BC3PJ-VA,PAP Mask,TRUE,AS-TN-P6IB-I03K8,,"PAP Mask, Nasal, Wisp, Fit Upon Setup, 1 per 3 months",A7034,,,,,,,,,,,,,,,,,,,Mask Brand,Wisp
THA3-7JK6-78-HP0,CPAP Package,B29-DBQ-BC3PJ-VA,PAP Mask,TRUE,AT4GH-86-7HL-7HP,,"PAP Mask, Full Face, Resmed Quattro, Large, 1 per 3 months",A7030,,,,,,,,,,,,,,,,,Mask Brand,Resmed Quattro,,
THA3-7JK6-78-HP0,CPAP Package,B29-DBQ-BC3PJ-VA,PAP Mask,TRUE,B18-YIPD-2K-4IT7,,"PAP Mask, Full Face, Resmed Airtouch F20 for Her, Small, 1 per 3 months",A7030,,,,,,,,,,,Mask Brand,Resmed Airtouch F20 for Her,,,,,,,,
THA3-7JK6-78-HP0,CPAP Package,B29-DBQ-BC3PJ-VA,PAP Mask,TRUE,BP95-KNQ9P-QX-T5,,"PAP Mask, Nasal Pillow, Fisher & Paykel Pilairo Q, Standard, 1 per 3 months",A7034,,,,,,,,,,,,,,,Mask Brand,Fisher & Paykel Pilairo Q,,,,
THA3-7JK6-78-HP0,CPAP Package,B29-DBQ-BC3PJ-VA,PAP Mask,TRUE,BQK2-5GU-BZVZ-UT,,"PAP Mask, Nasal, Airfit N30I, Small, 1 per 3 months",A7034,,,,,,,,,,,,,,,,,,,Mask Brand,Airfit N30I
THA3-7JK6-78-HP0,CPAP Package,B29-DBQ-BC3PJ-VA,PAP Mask,TRUE,C4PX7-E6-URS-1U2,,"PAP Mask, Nasal, Other Brand, N/A, 1 per 3 months",A7034,,,,,,,Mask Brand,Other,,,,,,,,,,,,
THA3-7JK6-78-HP0,CPAP Package,B29-DBQ-BC3PJ-VA,PAP Mask,TRUE,D9-UT-TQ-6CT-3NI,,"PAP Mask, Full Face, Amara Gel, Small, 1 per 3 months",A7030,,,,,,,,,,,,,,,,,Mask Brand,Amara Gel,,
THA3-7JK6-78-HP0,CPAP Package,B29-DBQ-BC3PJ-VA,PAP Mask,TRUE,DFH-ZLE-U3F-VNYF,,"PAP Mask, Nasal, Respironics ComfortGel Blue, Large, 1 per 3 months",A7034,,,,,,,,,Mask Brand,Respironics ComfortGel Blue,,,,,,,,,,
THA3-7JK6-78-HP0,CPAP Package,B29-DBQ-BC3PJ-VA,PAP Mask,TRUE,DJ6X-CTVUL-3Y-ED,,"PAP Mask, Nasal Pillow, Swift FX, Large, 2 per 1 month",A7033,,,,,,,,,,,,,,,,,Mask Brand,Swift FX,,
THA3-7JK6-78-HP0,CPAP Package,B29-DBQ-BC3PJ-VA,PAP Mask,TRUE,DK626-NDJ3-F1-XF,,"PAP Mask, Nasal, Dreamwear, Large (MD Frame), 1 per 3 months",A7034,,,,,,,,,Mask Brand,Dreamwear,,,,,,,,,,
THA3-7JK6-78-HP0,CPAP Package,B29-DBQ-BC3PJ-VA,PAP Mask,TRUE,DXP45-Z2D-LRN-7C,,"PAP Mask, Nasal, Dreamwear, Medium (LG Frame), 1 per 3 months",A7034,,,,,,,,,,,Mask Brand,Dreamwear,,,,,,,,
THA3-7JK6-78-HP0,CPAP Package,B29-DBQ-BC3PJ-VA,PAP Mask,TRUE,E1NP-5NXZ1-7LIN3,,"PAP Mask, Full Face, Dreamwear, Large (MD Frame), 1 per 3 months",A7030,,,,,,,,,,,,,Mask Brand,Dreamwear,,,,,,
THA3-7JK6-78-HP0,CPAP Package,B29-DBQ-BC3PJ-VA,PAP Mask,TRUE,E7Q-NXQ5-FCIK-1J,,"PAP Mask, Nasal Cushion, Respironics Dreamwear",A7034,,,,,,,,,,,,,,,Mask Brand,Respironics Dreamwear,,,,
THA3-7JK6-78-HP0,CPAP Package,B29-DBQ-BC3PJ-VA,PAP Mask,TRUE,E8M-UZA6-VAB-QFA,,"PAP Mask, Full Face, Fisher & Paykel Vitera",A7030,,,,,Mask Brand,Fisher & Paykel Vitera,,,,,,,,,,,,,,
THA3-7JK6-78-HP0,CPAP Package,B29-DBQ-BC3PJ-VA,PAP Mask,TRUE,E9-BIY-CAR06-VX6,,"PAP Mask, Nasal Pillow, Nuance Gel, Large, 2 per 1 month",A7033,,,,,,,Mask Brand,Nuance Gel,,,,,,,,,,,,
THA3-7JK6-78-HP0,CPAP Package,B29-DBQ-BC3PJ-VA,PAP Mask,TRUE,ENXVE-NAC-B4C-DK,,"PAP Mask, Full Face, AirFit F20, Fit Upon Setup, 1 per 3 months",A7030,,,,,,,,,Mask Brand,AirFit F20,,,,,,,,,,
THA3-7JK6-78-HP0,CPAP Package,B29-DBQ-BC3PJ-VA,PAP Mask,TRUE,EP-NV-7J5YJ-1QPJ,,"PAP Mask, Fit to Comfort, 1 per 3 months.",MASK,,,,,,,,,,,,,Mask Brand,Fit Upon Setup,,,,,,
THA3-7JK6-78-HP0,CPAP Package,B29-DBQ-BC3PJ-VA,PAP Mask,TRUE,EQC-U0-6RM-LN-GH,,"PAP Mask, Full Face, Airfit F30, Fit Upon Setup, 1 per 3 months",A7030,,,Mask Brand,Airfit F30,,,,,,,,,,,,,,,,
THA3-7JK6-78-HP0,CPAP Package,B29-DBQ-BC3PJ-VA,PAP Mask,TRUE,F84P-X7-ME89-8P1,,"PAP Mask, Nasal Pillow, Fisher & Paykel Brevida",A7034,,,,,,,,,Mask Brand,Fisher & Paykel Brevida,,,,,,,,,,
THA3-7JK6-78-HP0,CPAP Package,B29-DBQ-BC3PJ-VA,PAP Mask,TRUE,G4D2B-V5Q4A-57IF,,"PAP Mask, Full Face, Other Brand, N/A, 1 per 3 months",A7030,,,Mask Brand,Other,,,,,,,,,,,,,,,,
THA3-7JK6-78-HP0,CPAP Package,B29-DBQ-BC3PJ-VA,PAP Mask,TRUE,GX7-8IJ3-UPB2-2P,,"PAP Mask, Full Face, Fisher & Paykel Simplus, Large, 1 per 3 months",A7030,,,,,Mask Brand,Fisher & Paykel Simplus,,,,,,,,,,,,,,
THA3-7JK6-78-HP0,CPAP Package,B29-DBQ-BC3PJ-VA,PAP Mask,TRUE,GY4-NLY-148F8-46,,"PAP Mask, Nasal, Airtouch F20 for Her, 1 per 3 months",A7034,,,,,,,,,,,,,,,Mask Brand,Airtouch F20 for Her,,,,
THA3-7JK6-78-HP0,CPAP Package,B29-DBQ-BC3PJ-VA,PAP Mask,TRUE,H0GHK-A5C3-2M-F8,,"PAP Mask, Full Face, Resmed Quattro FX, Small, 1 per 3 months",A7030,,,,,,,Mask Brand,Resmed Quattro FX,,,,,,,,,,,,
THA3-7JK6-78-HP0,CPAP Package,B29-DBQ-BC3PJ-VA,PAP Mask,TRUE,HG7Y-INVBS-H3V3K,,"PAP Mask, Nasal, Resmed Airfit N20, Large, 1 per 3 months",A7034,,,,,,,,,,,,,Mask Brand,Resmed Airfit N20,,,,,,
THA3-7JK6-78-HP0,CPAP Package,B29-DBQ-BC3PJ-VA,PAP Mask,TRUE,HYGN-BAX-PMA8-HI,,"PAP Mask, Nasal, Fisher & Paykel Eson 2, Small, 1 per 3 months",A7034,,,,,,,,,,,,,,,Mask Brand,Fisher & Paykel Eson 2,,,,
THA3-7JK6-78-HP0,CPAP Package,B29-DBQ-BC3PJ-VA,PAP Mask,TRUE,I2PTE-Q68X3-BNDX,,"PAP Mask, Nasal Pillow, Resmed Swift FX, Complete, 1 per 3 months",A7034,Mask Brand,Resmed Swift FX,,,,,,,,,,,,,,,,,,
THA3-7JK6-78-HP0,CPAP Package,B29-DBQ-BC3PJ-VA,PAP Mask,TRUE,IA-M932P-P0-BV4D,,"PAP Mask, Full Face, Resmed Airfit F20, Medium, 1 per 3 months",A7030,,,,,,,,,Mask Brand,Resmed Airfit F20,,,,,,,,,,
THA3-7JK6-78-HP0,CPAP Package,B29-DBQ-BC3PJ-VA,PAP Mask,TRUE,IE-H067-PS6M-ZKC,,"PAP Mask, Nasal Pillow, Resmed Airfit P10, Complete, 1 per 3 months",A7034,,,,,,,Mask Brand,Resmed Airfit P10,,,,,,,,,,,,
THA3-7JK6-78-HP0,CPAP Package,B29-DBQ-BC3PJ-VA,PAP Mask,TRUE,IXNM-4LMG-P4-3ME,,"PAP Mask, Full Face, Resmed Quattro Air, Small, 1 per 3 months",A7030,,,,,,,,,,,,,,,,,Mask Brand,Resmed Quattro Air,,
THA3-7JK6-78-HP0,CPAP Package,B29-DBQ-BC3PJ-VA,PAP Mask,TRUE,JNAU4-X0RKE-RPJ8,,"PAP Mask, Nasal, Fit Upon Setup, N/A, 1 per 3 months",A7034,,,,,,,Mask Brand,Fit Upon Setup,,,,,,,,,,,,
THA3-7JK6-78-HP0,CPAP Package,B29-DBQ-BC3PJ-VA,PAP Mask,TRUE,JNPAN-2X-MS47-8B,,"PAP Mask, Nasal Pillow, Dreamwear, Small (LG Frame), 1 per 3 months",A7034,,,,,,,,,,,,,,,,,Mask Brand,Dreamwear,,
THA3-7JK6-78-HP0,CPAP Package,B29-DBQ-BC3PJ-VA,PAP Mask,TRUE,K15PK-QT-EN-58BK,,"PAP Mask, Full Face, Dreamwear Full, Fit Upon Setup, 1 per 3 months",A7030,Mask Brand,Dreamwear Full,,,,,,,,,,,,,,,,,,
THA3-7JK6-78-HP0,CPAP Package,B29-DBQ-BC3PJ-VA,PAP Mask,TRUE,KRLQ5-8V-0I0J-X9,,"PAP Mask, Fit to Comfort, Nasal, 1 per 3 months",A7034,,,,,,,,,,,Mask Brand,Fit Upon Setup,,,,,,,,
THA3-7JK6-78-HP0,CPAP Package,B29-DBQ-BC3PJ-VA,PAP Mask,TRUE,KX0E-LFRX-K42-MH,,"PAP Mask, Full Face, Amara Gel, Petite, 1 per 3 months",A7030,,,,,,,,,,,,,,,,,Mask Brand,Amara Gel,,
THA3-7JK6-78-HP0,CPAP Package,B29-DBQ-BC3PJ-VA,PAP Mask,TRUE,KXENF-0N-8S6C-AJ,,"PAP Mask, Full Face, Airfit F30I, Small, 1 per 3 months",A7030,,,Mask Brand,Airfit F30I,,,,,,,,,,,,,,,,
THA3-7JK6-78-HP0,CPAP Package,B29-DBQ-BC3PJ-VA,PAP Mask,TRUE,L730-SE-A51YQ-3L,,"PAP Mask, Fit to Comfort, 1 per 3 months",MASK,,,,,,,Mask Brand,Fit Upon Setup,,,,,,,,,,,,
THA3-7JK6-78-HP0,CPAP Package,B29-DBQ-BC3PJ-VA,PAP Mask,TRUE,LA-M9J8-RL6C5-VU,,"PAP Mask, Full Face, Dreamwear, Medium (LG Frame), 1 per 3 months",A7030,,,,,Mask Brand,Dreamwear,,,,,,,,,,,,,,
THA3-7JK6-78-HP0,CPAP Package,B29-DBQ-BC3PJ-VA,PAP Mask,TRUE,LCLIE-9V0IF-E03L,,"PAP Mask, Full Face, Resmed F30",A7030,,,,,,,,,,,Mask Brand,Resmed F30,,,,,,,,
THA3-7JK6-78-HP0,CPAP Package,B29-DBQ-BC3PJ-VA,PAP Mask,TRUE,LNEQ-83-BDL84-53,,"PAP Mask, Nasal, Airfit N30I, Small-Wide, 1 per 3 months",A7034,,,,,,,,,Mask Brand,Airfit N30I,,,,,,,,,,
THA3-7JK6-78-HP0,CPAP Package,B29-DBQ-BC3PJ-VA,PAP Mask,TRUE,LXH0C-XUH6-6BKUF,,"PAP Mask, Nasal Pillow, Dreamwear, Small (MD Frame), 1 per 3 months",A7034,,,,,,,,,,,,,,,,,Mask Brand,Dreamwear,,
THA3-7JK6-78-HP0,CPAP Package,B29-DBQ-BC3PJ-VA,PAP Mask,TRUE,LXI-ZY3U1-DV0-ZA,,"PAP Mask, Nasal, Dreamwear, Small (SM Frame), 1 per 3 months",A7034,,,,,,,Mask Brand,Dreamwear,,,,,,,,,,,,
THA3-7JK6-78-HP0,CPAP Package,B29-DBQ-BC3PJ-VA,PAP Mask,TRUE,LXN3N-03Q-KN0-L8,,"PAP Mask, Full Face, Fisher & Paykel Simplus, Small, 1 per 3 months",A7030,,,,,,,,,,,,,Mask Brand,Fisher & Paykel Simplus,,,,,,
THA3-7JK6-78-HP0,CPAP Package,B29-DBQ-BC3PJ-VA,PAP Mask,TRUE,M1LED-NKH79-7BYL,,"PAP Mask, Nasal, Airtouch N20, Large, 1 per 3 months",A7034,,,,,,,Mask Brand,Airtouch N20,,,,,,,,,,,,
THA3-7JK6-78-HP0,CPAP Package,B29-DBQ-BC3PJ-VA,PAP Mask,TRUE,MA4-HKD8-S4IK-UC,,"PAP Mask, Nasal Pillow, Resmed Airfit P10, Small, 1 per 3 months",A7034,Mask Brand,Resmed Airfit P10,,,,,,,,,,,,,,,,,,
THA3-7JK6-78-HP0,CPAP Package,B29-DBQ-BC3PJ-VA,PAP Mask,TRUE,MQK-RLS5-QKG-L7K,,"PAP Mask, Nasal, Dreamwear, Small (LG Frame), 1 per 3 months",A7034,,,,,,,,,,,,,,,,,Mask Brand,Dreamwear,,
THA3-7JK6-78-HP0,CPAP Package,B29-DBQ-BC3PJ-VA,PAP Mask,TRUE,NL28E-UR-L7-S09A,,"PAP Mask, Full Face, Resmed Quattro Air, Medium, 1 per 3 months",A7030,,,,,,,,,,,,,,,,,,,Mask Brand,Resmed Quattro Air
THA3-7JK6-78-HP0,CPAP Package,B29-DBQ-BC3PJ-VA,PAP Mask,TRUE,P0-FSF-T01K-0TD2,,"PAP Mask, Nasal Cushion, Respironics Wisp Pediatric",A7034,,,,,,,,,,,,,Mask Brand,Respironics Wisp Pediatric,,,,,,
THA3-7JK6-78-HP0,CPAP Package,B29-DBQ-BC3PJ-VA,PAP Mask,TRUE,P6PR-N9PC-GU-U5V,,"PAP Mask, Full Face, Respironics Amara View, Medium, 1 per 3 months",A7030,,,,,,,,,,,,,,,,,Mask Brand,Respironics Amara View,,
THA3-7JK6-78-HP0,CPAP Package,B29-DBQ-BC3PJ-VA,PAP Mask,TRUE,PB1DE-4T-G0CS-JE,,"PAP Mask, Full Face, Dreamwear, Medium (MD Frame), 1 per 3 months",A7030,,,,,,,,,,,Mask Brand,Dreamwear,,,,,,,,
THA3-7JK6-78-HP0,CPAP Package,B29-DBQ-BC3PJ-VA,PAP Mask,TRUE,PF-80S-59CN-9ZRF,,"PAP Mask, Full Face, Resmed Quattro, Medium, 1 per 3 months",A7030,,,,,,,,,,,,,,,,,,,Mask Brand,Resmed Quattro
THA3-7JK6-78-HP0,CPAP Package,B29-DBQ-BC3PJ-VA,PAP Mask,TRUE,PNGE-3RPCL-L915D,,"PAP Mask, Full Face, Resmed Airfit F10, Small, 1 per 3 months",A7030,,,Mask Brand,Resmed Airfit F10,,,,,,,,,,,,,,,,
THA3-7JK6-78-HP0,CPAP Package,B29-DBQ-BC3PJ-VA,PAP Mask,TRUE,QV-3F-49P-831-76,,"PAP Mask, Nasal Pillow, Swift FX, Medium, 2 per 1 month",A7033,,,,,,,,,Mask Brand,Swift FX,,,,,,,,,,
THA3-7JK6-78-HP0,CPAP Package,B29-DBQ-BC3PJ-VA,PAP Mask,TRUE,SI-JE2-X8-K1-VRD,,"PAP Mask, Full Face, Resmed Airfit F20, Large, 1 per 3 months",A7030,,,,,,,,,,,,,,,Mask Brand,Resmed Airfit F20,,,,
THA3-7JK6-78-HP0,CPAP Package,B29-DBQ-BC3PJ-VA,PAP Mask,TRUE,SK-B63H-XRD-GIQ6,,"PAP Mask, Nasal Pillow, Airfit P30I, Small, 1 per 3 months",A7034,,,,,,,,,,,,,,,,,,,Mask Brand,Airfit P30I
THA3-7JK6-78-HP0,CPAP Package,B29-DBQ-BC3PJ-VA,PAP Mask,TRUE,SLE-BL-A8CD-5TET,,"PAP Mask, Full Face, Fisher & Paykel Simplus, Medium, 1 per 3 months",A7030,,,,,,,,,,,,,,,,,Mask Brand,Fisher & Paykel Simplus,,
THA3-7JK6-78-HP0,CPAP Package,B29-DBQ-BC3PJ-VA,PAP Mask,TRUE,SX-Y8PKY-LU57-U5,,"PAP Mask, Nasal, Resmed Activa, Standard, 1 per 3 months",A7034,,,,,,,,,,,Mask Brand,Resmed Activa,,,,,,,,
THA3-7JK6-78-HP0,CPAP Package,B29-DBQ-BC3PJ-VA,PAP Mask,TRUE,SXE3I-RC2-9EU-PL,,"PAP Mask, Full Face, Respironics Amara View, Large, 1 per 3 months",A7030,,,Mask Brand,Respironics Amara View,,,,,,,,,,,,,,,,
THA3-7JK6-78-HP0,CPAP Package,B29-DBQ-BC3PJ-VA,PAP Mask,TRUE,T14-NJM-PJADQ-MF,,"PAP Mask, Nasal Pillow, Dreamwear, Large (LG Frame), 1 per 3 months",A7034,,,,,,,Mask Brand,Dreamwear,,,,,,,,,,,,
THA3-7JK6-78-HP0,CPAP Package,B29-DBQ-BC3PJ-VA,PAP Mask,TRUE,T9Z-DF6A-VGH1-UR,,"PAP Mask, Nasal Pillow, Respironics Nuance Gel, Complete, 1 per 3 months",A7034,,,,,Mask Brand,Respironics Nuance Gel,,,,,,,,,,,,,,
THA3-7JK6-78-HP0,CPAP Package,B29-DBQ-BC3PJ-VA,PAP Mask,TRUE,TD-PBJFG-CA-2IY9,,"PAP Mask, Nasal, Dreamwear, Large (SM Frame), 1 per 3 months.",A7034,,,,,,,,,,,,,,,,,Mask Brand,Dreamwear,,
THA3-7JK6-78-HP0,CPAP Package,B29-DBQ-BC3PJ-VA,PAP Mask,TRUE,TF5R-YHY4V-B8S5G,,"PAP Mask, Full Face, Fisher & Paykel Simplus, Fit Upon Setup, 1 per 3 months",A7030,,,,,,,,,,,,,,,Mask Brand,Fisher & Paykel Simplus,,,,
THA3-7JK6-78-HP0,CPAP Package,B29-DBQ-BC3PJ-VA,PAP Mask,TRUE,TH-IBM-JA-VL-840,,"PAP Mask, Nasal, Dreamwear, Fit Upon Setup, 1 per 3 months",A7034,,,,,,,,,,,,,Mask Brand,Dreamwear,,,,,,
THA3-7JK6-78-HP0,CPAP Package,B29-DBQ-BC3PJ-VA,PAP Mask,TRUE,TK-J5A4-AB7G-MN2,,"PAP Mask, Fit to Comfort, 1 per 3 months.",A7034,Mask Brand,Fit Upon Setup,,,,,,,,,,,,,,,,,,
THA3-7JK6-78-HP0,CPAP Package,B29-DBQ-BC3PJ-VA,PAP Mask,TRUE,TK-NS9F2-7T8D-EM,,"PAP Mask, Nasal Pillow, Airfit P30I, Fit Upon Setup, 2 per 1 month",A7033,,,,,,,,,,,,,,,,,,,Mask Brand,Airfit P30I
THA3-7JK6-78-HP0,CPAP Package,B29-DBQ-BC3PJ-VA,PAP Mask,TRUE,TLDUT-0EP0-M90C1,,"PAP Mask, Nasal Cushion, Respironics Dreamwisp",A7034,,,,,,,,,,,Mask Brand,Respironics Dreamwisp,,,,,,,,
THA3-7JK6-78-HP0,CPAP Package,B29-DBQ-BC3PJ-VA,PAP Mask,TRUE,TUIC4-D813Y-YJ17,,"PAP Mask, Full Face, Dreamwear, Small (MD Frame), 1 per 3 months",A7030,,,,,,,,,,,,,Mask Brand,Dreamwear,,,,,,
THA3-7JK6-78-HP0,CPAP Package,B29-DBQ-BC3PJ-VA,PAP Mask,TRUE,TYSC-8M-IFR0U-NX,,"PAP Mask, Full Face, Resmed F30i",A7030,,,,,,,,,,,,,Mask Brand,Resmed F30i,,,,,,
THA3-7JK6-78-HP0,CPAP Package,B29-DBQ-BC3PJ-VA,PAP Mask,TRUE,UAPQ-2G-493P-F5C,,"PAP Mask, Nasal, Dreamwear, Medium Wide (LG Frame), 1 per 3 months",A7034,,,,,,,,,,,Mask Brand,Dreamwear,,,,,,,,
THA3-7JK6-78-HP0,CPAP Package,B29-DBQ-BC3PJ-VA,PAP Mask,TRUE,UEZM-SAJAC-J8F7L,,"PAP Mask, Full Face, Airfit F30I, Wide, 1 per 3 months",A7030,,,,,,,,,,,,,,,Mask Brand,Airfit F30I,,,,
THA3-7JK6-78-HP0,CPAP Package,B29-DBQ-BC3PJ-VA,PAP Mask,TRUE,URE3V-ZEP-8UX-MQ,,"PAP Mask, Nasal, Respironics ComfortGel Blue, Medium, 1 per 3 months",A7034,,,,,,,Mask Brand,Respironics ComfortGel Blue,,,,,,,,,,,,
THA3-7JK6-78-HP0,CPAP Package,B29-DBQ-BC3PJ-VA,PAP Mask,TRUE,UTBPG-KJ-KL8-TQ0,,"PAP Mask, Full Face, Resmed Airfit F20 for Her, Small, 1 per 3 months",A7030,,,,,,,,,,,,,Mask Brand,Resmed Airfit F20 for Her,,,,,,
THA3-7JK6-78-HP0,CPAP Package,B29-DBQ-BC3PJ-VA,PAP Mask,TRUE,UY-KQC-BR-3Q-HG0,,"PAP Mask, Nasal Pillow, Dreamwear, Medium (MD Frame), 1 per 3 months",A7034,,,,,Mask Brand,Dreamwear,,,,,,,,,,,,,,
THA3-7JK6-78-HP0,CPAP Package,B29-DBQ-BC3PJ-VA,PAP Mask,TRUE,V98-9XGX-V1U-75F,,"PAP Mask, Nasal, Respironics Nuance Pro Gel, Standard, 1 per 3 months",A7034,,,,,,,,,,,Mask Brand,Respironics Nuance Pro Gel,,,,,,,,
THA3-7JK6-78-HP0,CPAP Package,B29-DBQ-BC3PJ-VA,PAP Mask,TRUE,VDU2V-GICV-UM-P9,,"PAP Mask, Nasal Pillow, Swift FX Bella, For Her, 1 per 3 months",A7033,,,,,,,Mask Brand,Swift FX Bella,,,,,,,,,,,,
THA3-7JK6-78-HP0,CPAP Package,B29-DBQ-BC3PJ-VA,PAP Mask,TRUE,VY-KBIM-HDT08-73,,"PAP Mask, Nasal, Fisher & Paykel Brevida, Fit Upon Setup, 1 per 3 months",A7034,,,,,,,Mask Brand,Fisher & Paykel Brevida,,,,,,,,,,,,
THA3-7JK6-78-HP0,CPAP Package,B29-DBQ-BC3PJ-VA,PAP Mask,TRUE,XTPXG-YEQ-1Y-MUC,,"PAP Mask, Nasal Cushion, Fisher & Paykel Evora",A7034,,,,,,,,,,,Mask Brand,Fisher & Paykel Evora Nasal,,,,,,,,
THA3-7JK6-78-HP0,CPAP Package,B29-DBQ-BC3PJ-VA,PAP Mask,TRUE,XY-KQXHV-4R-9V76,,"PAP Mask, Full Face, Airfit F30I, Standard, 1 per 3 months",A7030,,,,,,,Mask Brand,Airfit F30I,,,,,,,,,,,,
THA3-7JK6-78-HP0,CPAP Package,B29-DBQ-BC3PJ-VA,PAP Mask,TRUE,Y2-PHVF-AU5GS-FZ,,"PAP Mask, Full Face, Resmed Airtouch F20, Small, 1 per 3 months",A7030,,,,,,,Mask Brand,Resmed Airtouch F20,,,,,,,,,,,,
THA3-7JK6-78-HP0,CPAP Package,B29-DBQ-BC3PJ-VA,PAP Mask,TRUE,Z12IS-MT5P6-SPHK,,"PAP Mask, Nasal, Respironics ComfortGel Blue, Small, 1 per 3 months",A7034,,,,,,,,,,,,,,,Mask Brand,Respironics ComfortGel Blue,,,,
THA3-7JK6-78-HP0,CPAP Package,B29-DBQ-BC3PJ-VA,PAP Mask,TRUE,ZL-90J-5KH17-YMI,,"PAP Mask, Nasal Pillow, Dreamwear, Medium (LG Frame), 1 per 3 months",A7034,,,,,,,,,,,,,,,,,,,Mask Brand,Dreamwear
THA3-7JK6-78-HP0,CPAP Package,B29-DBQ-BC3PJ-VA,PAP Mask,TRUE,ZV-8PBRY-EDF9-KU,,"PAP Mask, Full Face, Resmed Quattro FX, Medium, 1 per 3 months",A7030,,,Mask Brand,Resmed Quattro FX,,,,,,,,,,,,,,,,
THA3-7JK6-78-HP0,CPAP Package,HUPL-N9-KTS-PKHF,PAP Chinstrap,FALSE,18S-X7-61A0H-I2P,,No Chinstrap Included,,,,,,,,,,,,,,,,PAP Chinstrap Included,PAP Chinstrap Not Included,,,,
THA3-7JK6-78-HP0,CPAP Package,IH-RL-7H6N-Q2-Q6,PAP Nasal Pillows,FALSE,AS-KTED-K4YUZ-H3,,No Nasal Pillows Included,,,,,,,,,,,,,,,,,,Mask Frame,Oral,,
THA3-7JK6-78-HP0,CPAP Package,IH-RL-7H6N-Q2-Q6,PAP Nasal Pillows,FALSE,CM-VD-7B-SF-B3P4,,No Nasal Pillows Included,,,,,,,,,,,,,,Mask Frame,Full Face,,,,,,
THA3-7JK6-78-HP0,CPAP Package,IH-RL-7H6N-Q2-Q6,PAP Nasal Pillows,FALSE,EN5N-6FXH7-PG27M,,No Nasal Pillows Included,,,,,,Mask Frame,Nasal,,,,,,,,,,,,,,
THA3-7JK6-78-HP0,CPAP Package,IH-RL-7H6N-Q2-Q6,PAP Nasal Pillows,FALSE,GTCDT-PUP64-T5NT,,"Nasal Pillows Included, Nasal Pillow Mask, 2 per 1 month",A7033,,,,,Mask Frame,Nasal Pillow,,,,,,,,,,,,,,
THA3-7JK6-78-HP0,CPAP Package,IH-RL-7H6N-Q2-Q6,PAP Nasal Pillows,FALSE,HLXQ-8E84-LMR-TP,,No Nasal Pillows Included,,,,,,,,,,,,,,Mask Frame,Oral / Nasal Hybrid,,,,,,
THA3-7JK6-78-HP0,CPAP Package,IH-RL-7H6N-Q2-Q6,PAP Nasal Pillows,FALSE,I69F-RY75S-IE-KB,,"Nasal Pillows Included, Oral / Nasal Hybrid Mask, 2 per 1 month",A7029,,,,,Mask Frame,Oral / Nasal Hybrid,,,,,,,,,,,,,,
THA3-7JK6-78-HP0,CPAP Package,IH-RL-7H6N-Q2-Q6,PAP Nasal Pillows,FALSE,LKUH-84K-28FU-FA,,"Nasal Pillows, Fit to Comfort.",,,,,,,,,,,,,,,,,,,,Mask Frame,Nasal
THA3-7JK6-78-HP0,CPAP Package,IH-RL-7H6N-Q2-Q6,PAP Nasal Pillows,FALSE,QK4-FJCPL-YQH-NS,,No Nasal Pillows Included,,,,Mask Frame,Fit to Comfort,,,,,,,,,,,,,,,,
THA3-7JK6-78-HP0,CPAP Package,IH-RL-7H6N-Q2-Q6,PAP Nasal Pillows,FALSE,S81-RJ-TB-3VM-62,,"Nasal Pillows Included, Nasal Mask, 2 per 1 month",A7033,,,,,,,,,,,,,,,,,,,Mask Frame,Nasal
THA3-7JK6-78-HP0,CPAP Package,IH-RL-7H6N-Q2-Q6,PAP Nasal Pillows,FALSE,UACF-YIR-YG-Q2EH,,"A7029 Nasal Pillows, Fit to Comfort",A7033,,,,,,,,,,,,,,,,,,,Mask Frame,Patient Preference
THA3-7JK6-78-HP0,CPAP Package,IH-RL-7H6N-Q2-Q6,PAP Nasal Pillows,FALSE,YKF-0IF-XLV9-ZNU,,No Nasal Pillows Included,,,,Mask Frame,Patient Preference,,,,,,,,,,,,,,,,
THA3-7JK6-78-HP0,CPAP Package,IH-RL-7H6N-Q2-Q6,PAP Nasal Pillows,FALSE,YVYFS-3G-37FT-IP,,"Nasal Pillows, Fit to Comfort",A7029/A7033,,,,,,,,,Mask Frame,Fit to Comfort,,,,,,,,,,
THA3-7JK6-78-HP0,CPAP Package,LX6-GZH-U6JT-EYE,PAP Humidifier,TRUE,0MXJI-HV2V-NU5ZF,,"PAP Humidifier, Heated.",E0562,,,Humidifier Type,Heated.,,,,,,,,,,,,,,,,
THA3-7JK6-78-HP0,CPAP Package,LX6-GZH-U6JT-EYE,PAP Humidifier,TRUE,KZGM-EIJ80-D7-LS,,No PAP Humidifier,,,,Humidifier Type,N/A,,,,,,,,,,,,,,,,
THA3-7JK6-78-HP0,CPAP Package,N8-2XZT-BJRLY-G4,Disposable PAP Filter,FALSE,9P-BDPD-M46HF-L7,,"Disposable PAP Filter, 2 per 1 month",A7038,,,,,,,,,,,,,,,Disposable PAP Filter,Included,,,,
THA3-7JK6-78-HP0,CPAP Package,VM47Q-XL9D-ER2EJ,CPAP Machine,TRUE,0HLD-IEP07-1P-IB,,"CPAP Machine, Respironics",E0601,PAP System,Respironics,,,,,,,,,,,,,,,,,,
THA3-7JK6-78-HP0,CPAP Package,VM47Q-XL9D-ER2EJ,CPAP Machine,TRUE,3E-1U1-DGAK6-KVQ,,"CPAP Machine, Respironics Dreamstation 2",E0601,PAP System,Respironics Dreamstation 2,,,,,,,,,,,,,,,,,,
THA3-7JK6-78-HP0,CPAP Package,VM47Q-XL9D-ER2EJ,CPAP Machine,TRUE,75MF-VHRU-SDL-L4,,"CPAP Machine, ResMed AirMini Portable",E0601,PAP System,ResMed AirMini Portable,,,,,,,,,,,,,,,,,,
THA3-7JK6-78-HP0,CPAP Package,VM47Q-XL9D-ER2EJ,CPAP Machine,TRUE,7EAU-B9BE-U6-1FH,,"CPAP Machine, Fisher & Paykel (F&P) Icon Auto-CPAP Premium",E0601,PAP System,Fisher & Paykel (F&P) Icon Auto-CPAP Premium,,,,,,,,,,,,,,,,,,
THA3-7JK6-78-HP0,CPAP Package,VM47Q-XL9D-ER2EJ,CPAP Machine,TRUE,7TKP-18Z-YQRT-5C,,"CPAP Machine, Generic",E0601,PAP System,Generic,,,,,,,,,,,,,,,,,,
THA3-7JK6-78-HP0,CPAP Package,VM47Q-XL9D-ER2EJ,CPAP Machine,TRUE,7YQU-H4-7R-L7-6R,,"CPAP Machine, Resmed AirSense 10 Elite",E0601,PAP System,Resmed AirSense 10 Elite,,,,,,,,,,,,,,,,,,
THA3-7JK6-78-HP0,CPAP Package,VM47Q-XL9D-ER2EJ,CPAP Machine,TRUE,8A3-HAMA-EMQ6-3K,,"CPAP Machine, Respironics Dreamstation 2 Auto-CPAP",E0601,PAP System,Respironics Dreamstation 2 Auto-CPAP,,,,,,,,,,,,,,,,,,
THA3-7JK6-78-HP0,CPAP Package,VM47Q-XL9D-ER2EJ,CPAP Machine,TRUE,927Q-M1Z-E8B9-ED,,"CPAP Machine, Resmed Airsense 11, Auto-CPAP",E0601,PAP System,Resmed Airsense 11 Auto,,,,,,,,,,,,,,,,,,
THA3-7JK6-78-HP0,CPAP Package,VM47Q-XL9D-ER2EJ,CPAP Machine,TRUE,C73-E2-1B-JU-B14,,"CPAP Machine, Fisher & Paykel (F&P) Icon Auto-CPAP",E0601,PAP System,Fisher & Paykel (F&P) Icon Auto-CPAP,,,,,,,,,,,,,,,,,,
THA3-7JK6-78-HP0,CPAP Package,VM47Q-XL9D-ER2EJ,CPAP Machine,TRUE,DEG-LEB7-2E4-76Y,,"CPAP Machine, Resmed Airsense 11",E0601,PAP System,Resmed Airsense 11,,,,,,,,,,,,,,,,,,
THA3-7JK6-78-HP0,CPAP Package,VM47Q-XL9D-ER2EJ,CPAP Machine,TRUE,DKGK-VN-CV-MQ-Y6,,"CPAP Machine, Resvent iBreeze",E0601,PAP System,Resvent iBreeze,,,,,,,,,,,,,,,,,,
THA3-7JK6-78-HP0,CPAP Package,VM47Q-XL9D-ER2EJ,CPAP Machine,TRUE,FR1H6-0N-HGUX-DY,,"CPAP Machine, Respironics Dreamstation Auto-CPAP",E0601,PAP System,Respironics Dreamstation Auto-CPAP,,,,,,,,,,,,,,,,,,
THA3-7JK6-78-HP0,CPAP Package,VM47Q-XL9D-ER2EJ,CPAP Machine,TRUE,H91-86Z-S3BYU-LC,,"CPAP Machine, Resmed Auto-CPAP for Her",E0601,PAP System,Resmed Auto for Her,,,,,,,,,,,,,,,,,,
THA3-7JK6-78-HP0,CPAP Package,VM47Q-XL9D-ER2EJ,CPAP Machine,TRUE,HBAZQ-L9BPB-TPQC,,"CPAP Machine, Resmed Auto-CPAP",E0601,PAP System,ResMed Auto,,,,,,,,,,,,,,,,,,
THA3-7JK6-78-HP0,CPAP Package,VM47Q-XL9D-ER2EJ,CPAP Machine,TRUE,MP49R-8JS8-VA-8D,,"CPAP Machine, ResMed AirMini",E0601,PAP System,ResMed AirMini,,,,,,,,,,,,,,,,,,
THA3-7JK6-78-HP0,CPAP Package,VM47Q-XL9D-ER2EJ,CPAP Machine,TRUE,PY7-86-CJXJG-NQD,,"CPAP Machine, Resmed AirSense 10 Elite.",E0601,PAP System,Resmed AirSense 10 Elite,,,,,,,,,,,,,,,,,,
THA3-7JK6-78-HP0,CPAP Package,VM47Q-XL9D-ER2EJ,CPAP Machine,TRUE,QFXI-YS8S-X2-IY1,,"CPAP Machine, Pediatric",E0601,PAP System,Pediatric,,,,,,,,,,,,,,,,,,
THA3-7JK6-78-HP0,CPAP Package,VM47Q-XL9D-ER2EJ,CPAP Machine,TRUE,R3BVR-UFYN-VK-1T,,"CPAP Machine, Resmed S10 Fixed CPAP",E0601,PAP System,Resmed S10 Fixed CPAP,,,,,,,,,,,,,,,,,,
THA3-7JK6-78-HP0,CPAP Package,VM47Q-XL9D-ER2EJ,CPAP Machine,TRUE,S5-C1F7K-P3XB-8D,,"CPAP Machine, Resmed",E0601,PAP System,ResMed,,,,,,,,,,,,,,,,,,
THA3-7JK6-78-HP0,CPAP Package,VM47Q-XL9D-ER2EJ,CPAP Machine,TRUE,TL3-LQM6-YR0-H8E,,"CPAP Machine, Resmed Airsense 11, Fixed CPAP",E0601,PAP System,Resmed Airsense 11 Fixed,,,,,,,,,,,,,,,,,,
THA3-7JK6-78-HP0,CPAP Package,VM47Q-XL9D-ER2EJ,CPAP Machine,TRUE,U6-VZXM2-K0G3-DU,,"CPAP Machine, ReactHealth Luna II",E0601,PAP System,ReactHealth Luna II,,,,,,,,,,,,,,,,,,
THA3-7JK6-78-HP0,CPAP Package,VM47Q-XL9D-ER2EJ,CPAP Machine,TRUE,UNQI3-LZDNT-ELHL,,"CPAP Machine, Resmed S10 Auto-CPAP for Her",E0601,PAP System,ResMed S10 Auto-CPAP for Her,,,,,,,,,,,,,,,,,,
THA3-7JK6-78-HP0,CPAP Package,VM47Q-XL9D-ER2EJ,CPAP Machine,TRUE,V2MZ-X7UNL-XM-IK,,"CPAP Machine, Drive Medical IntelliPAP Auto-CPAP",E0601,PAP System,Drive Medical IntelliPAP Auto-CPAP,,,,,,,,,,,,,,,,,,
THA3-7JK6-78-HP0,CPAP Package,VM47Q-XL9D-ER2EJ,CPAP Machine,TRUE,YK-HDG-KC-9J8-B9,,"CPAP Machine, Resmed S10 Auto-CPAP",E0601,PAP System,Resmed S10 Auto-CPAP,,,,,,,,,,,,,,,,,,
THA3-7JK6-78-HP0,CPAP Package,VM47Q-XL9D-ER2EJ,CPAP Machine,TRUE,ZU2L2-LQ1-J4X-YN,,"CPAP Machine, Resmed Fixed CPAP",E0601,PAP System,ResMed Fixed,,,,,,,,,,,,,,,,,,
THA3-7JK6-78-HP0,CPAP Package,Y87V-2N-NCDL-09V,PAP Monitoring,FALSE,01-LR1F-6CNTQ-XZ,,"PAP Monitoring, Per device availability",A9279,PAP Monitor Type,Per device availability,,,,,,,,,PAP System,Resmed S10 Fixed CPAP,,,,,,,,
THA3-7JK6-78-HP0,CPAP Package,Y87V-2N-NCDL-09V,PAP Monitoring,FALSE,07H-H6PQ-PGM-SR6,,"PAP Monitoring, Per device availability",A9279,PAP Monitor Type,Per device availability,,,,,,,,,,,,,PAP System,ResMed Auto,,,,
THA3-7JK6-78-HP0,CPAP Package,Y87V-2N-NCDL-09V,PAP Monitoring,FALSE,0A2Z-X51ZH-MK-N0,,"PAP Monitoring, Per device availability",A9279,,,,,PAP Monitor Type,Per device availability,,,,,PAP System,Fisher & Paykel (F&P) Icon Premium,,,,,,,,
THA3-7JK6-78-HP0,CPAP Package,Y87V-2N-NCDL-09V,PAP Monitoring,FALSE,0K-VH-XI-BRH-P1D,,"PAP Monitoring, SD Card (aka Card to Cloud)",A9279,PAP Monitor Type,SD Card (aka Card to Cloud),,,,,,,,,,,PAP System,Resmed S10 Aircurve Fixed Bilevel ASV C2C,,,,,,
THA3-7JK6-78-HP0,CPAP Package,Y87V-2N-NCDL-09V,PAP Monitoring,FALSE,0X9V-YVQ9B-7L-GU,,"PAP Monitoring, Per device availability",A9279,PAP Monitor Type,Per device availability,,,,,,,,,,,,,PAP System,S9 Standard,,,,
THA3-7JK6-78-HP0,CPAP Package,Y87V-2N-NCDL-09V,PAP Monitoring,FALSE,134GP-70H-KL-UNI,,"PAP Monitoring, Per device availability",A9279,PAP Monitor Type,Per device availability,,,,,,,,,PAP System,Respironics Dreamstation Auto BiPAP,,,,,,,,
THA3-7JK6-78-HP0,CPAP Package,Y87V-2N-NCDL-09V,PAP Monitoring,FALSE,1KM-CT4-MLN-27QX,,"PAP Monitoring, Per device availability",A9279,PAP Monitor Type,Per device availability,,,,,,,,,,,PAP System,System to Fit,,,,,,
THA3-7JK6-78-HP0,CPAP Package,Y87V-2N-NCDL-09V,PAP Monitoring,FALSE,1PL-NBFCS-2MX-I9,,"PAP Monitoring, Per device availability",A9279,PAP Monitor Type,Per device availability,,,,,,,,,PAP System,Resmed S10,,,,,,,,
THA3-7JK6-78-HP0,CPAP Package,Y87V-2N-NCDL-09V,PAP Monitoring,FALSE,2B-INUES-UV2I-18,,"PAP Monitoring, Cellular Modem",A9279,PAP Monitor Type,Cellular Modem,,,,,,,,,PAP System,Resmed S10 Aircurve ASV,,,,,,,,
THA3-7JK6-78-HP0,CPAP Package,Y87V-2N-NCDL-09V,PAP Monitoring,FALSE,2HL-B38G-135D-BX,,"PAP Monitoring, Cellular Modem",A9279,,,PAP Monitor Type,Cellular Modem,,,,,,,,,PAP System,Generic,,,,,,
THA3-7JK6-78-HP0,CPAP Package,Y87V-2N-NCDL-09V,PAP Monitoring,FALSE,2S-ZY7-MFM5N-Z32,,"PAP Monitoring, Cellular Modem",A9279,PAP Monitor Type,Cellular Modem,,,,,,,,,PAP System,Respironics Ruby Topaz,,,,,,,,
THA3-7JK6-78-HP0,CPAP Package,Y87V-2N-NCDL-09V,PAP Monitoring,FALSE,2STR-6I9L-2E-9S5,,"PAP Monitoring, Per device availability",A9279,PAP Monitor Type,Per device availability,,,,,,,,,PAP System,S9/S10,,,,,,,,
THA3-7JK6-78-HP0,CPAP Package,Y87V-2N-NCDL-09V,PAP Monitoring,FALSE,37BV-A8-04FTU-38,,"PAP Monitoring, Per device availability",A9279,,,,,PAP Monitor Type,Per device availability,,,,,,,,,PAP System,Drive Medical Auto-CPAP,,,,
THA3-7JK6-78-HP0,CPAP Package,Y87V-2N-NCDL-09V,PAP Monitoring,FALSE,3V3KP-27MNJ-HRD3,,"PAP Monitoring, Per device availability",A9279,PAP Monitor Type,Per device availability,,,,,,,,,,,,,PAP System,Resmed Airsense 11,,,,
THA3-7JK6-78-HP0,CPAP Package,Y87V-2N-NCDL-09V,PAP Monitoring,FALSE,4P1PC-S01B-9EGUE,,"PAP Monitoring, Per device availability",A9279,PAP Monitor Type,Per device availability,,,,,,,,,PAP System,Respironics Dreamstation 2,,,,,,,,
THA3-7JK6-78-HP0,CPAP Package,Y87V-2N-NCDL-09V,PAP Monitoring,FALSE,4RPN-UQ-1SFCR-9K,,"PAP Monitoring, Cellular Modem",A9279,,,,,,,PAP Monitor Type,Cellular Modem,,,,,,,,,PAP System,Airsense / Aircurve 10,,
THA3-7JK6-78-HP0,CPAP Package,Y87V-2N-NCDL-09V,PAP Monitoring,FALSE,4SR-NY2I-3I-UV1Q,,"PAP Monitoring, Cellular Modem",A9279,PAP Monitor Type,Cellular Modem,,,,,,,,,PAP System,Resmed S10 Aircurve BiLevel ST,,,,,,,,
THA3-7JK6-78-HP0,CPAP Package,Y87V-2N-NCDL-09V,PAP Monitoring,FALSE,5C-PB01-AE-BD-Y9,,"PAP Monitoring, Per device availability",A9279,,,PAP Monitor Type,Per device availability,,,,,,,,,,,PAP System,ResMed Climate Line,,,,
THA3-7JK6-78-HP0,CPAP Package,Y87V-2N-NCDL-09V,PAP Monitoring,FALSE,5HT-3JT-J2QB-ELF,,"PAP Monitoring, Per device availability",A9279,,,,,,,PAP Monitor Type,Per device availability,,,,,PAP System,Fit Upon Setup,,,,,,
THA3-7JK6-78-HP0,CPAP Package,Y87V-2N-NCDL-09V,PAP Monitoring,FALSE,5MY-J1P-6YH9F-16,,"PAP Monitoring, Cellular Modem",A9279,,,,,PAP Monitor Type,Cellular Modem,,,,,,,,,PAP System,Pediatric,,,,
THA3-7JK6-78-HP0,CPAP Package,Y87V-2N-NCDL-09V,PAP Monitoring,FALSE,5X-J24V-2T1S-B7P,,"PAP Monitoring, Per device availability",A9279,PAP Monitor Type,Per device availability,,,,,,,,,,,PAP System,3B Medical Luna II,,,,,,
THA3-7JK6-78-HP0,CPAP Package,Y87V-2N-NCDL-09V,PAP Monitoring,FALSE,62K-GS-2X-G86-92,,"PAP Monitoring, Cellular Modem",A9279,,,,,,,PAP Monitor Type,Cellular Modem,,,,,,,,,PAP System,"Automatic, 5-20 cm",,
THA3-7JK6-78-HP0,CPAP Package,Y87V-2N-NCDL-09V,PAP Monitoring,FALSE,6M-0ZN-ATF-2HRCM,,"PAP Monitoring, Cellular Modem",A9279,PAP Monitor Type,Cellular Modem,,,,,,,,,PAP System,Respironics System One,,,,,,,,
THA3-7JK6-78-HP0,CPAP Package,Y87V-2N-NCDL-09V,PAP Monitoring,FALSE,6RE6-U1M-GES8-MA,,"PAP Monitoring, Cellular Modem",A9279,,,,,PAP Monitor Type,Cellular Modem,,,,,,,,,,,,,PAP System,Drive Medical IntelliPAP Auto-CPAP
THA3-7JK6-78-HP0,CPAP Package,Y87V-2N-NCDL-09V,PAP Monitoring,FALSE,6V-5152T-E0B9-5F,,"PAP Monitoring, Cellular Modem",A9279,,,,,,,PAP Monitor Type,Cellular Modem,,,,,,,,,PAP System,Fit Upon Setup,,
THA3-7JK6-78-HP0,CPAP Package,Y87V-2N-NCDL-09V,PAP Monitoring,FALSE,6V1I-LUCS2-KNUA8,,"PAP Monitoring, Per device availability",A9279,PAP Monitor Type,Per device availability,,,,,,,,,PAP System,Icon,,,,,,,,
THA3-7JK6-78-HP0,CPAP Package,Y87V-2N-NCDL-09V,PAP Monitoring,FALSE,74DG-AF4B-AH8-VI,,"PAP Monitoring, Cellular Modem",A9279,PAP Monitor Type,Cellular Modem,,,,,,,,,PAP System,Resmed Airsense 11 Auto,,,,,,,,
THA3-7JK6-78-HP0,CPAP Package,Y87V-2N-NCDL-09V,PAP Monitoring,FALSE,7AI3-35-NHQ-VRMT,,"PAP Monitoring, Cellular Modem",A9279,PAP Monitor Type,Cellular Modem,,,,,,,,,PAP System,Resmed Airsense 11,,,,,,,,
THA3-7JK6-78-HP0,CPAP Package,Y87V-2N-NCDL-09V,PAP Monitoring,FALSE,7AU8U-81L-BQZ-54,,"PAP Monitoring, Cellular Modem",A9279,,,PAP Monitor Type,Cellular Modem,,,,,,,,,PAP System,Resmed S10 Aircurve Fixed BiLevel,,,,,,
THA3-7JK6-78-HP0,CPAP Package,Y87V-2N-NCDL-09V,PAP Monitoring,FALSE,7B-FAZ4N-5T2R-83,,"PAP Monitoring, Cellular Modem",A9279,PAP Monitor Type,Cellular Modem,,,,,,,,,,,,,,,PAP System,ResMed Climate Line,,
THA3-7JK6-78-HP0,CPAP Package,Y87V-2N-NCDL-09V,PAP Monitoring,FALSE,7GE-0K3NV-R4-32E,,"PAP Monitoring, Cellular Modem",A9279,,,PAP Monitor Type,Cellular Modem,,,,,,,,,PAP System,Generic ASV,,,,,,
THA3-7JK6-78-HP0,CPAP Package,Y87V-2N-NCDL-09V,PAP Monitoring,FALSE,7IN-RI4-HJMCY-A9,,"PAP Monitoring, Per device availability",A9279,PAP Monitor Type,Per device availability,,,,,,,,,PAP System,ResMed AirMini Portable,,,,,,,,
THA3-7JK6-78-HP0,CPAP Package,Y87V-2N-NCDL-09V,PAP Monitoring,FALSE,7JC-29H4-R51U-JY,,"PAP Monitoring, Per device availability",A9279,PAP Monitor Type,Per device availability,,,,,,,,,PAP System,Respironics Dreamstation 2 Auto-CPAP,,,,,,,,
THA3-7JK6-78-HP0,CPAP Package,Y87V-2N-NCDL-09V,PAP Monitoring,FALSE,7LB89-0G7C-4R17P,,"PAP Monitoring, Per device availability",A9279,PAP Monitor Type,Per device availability,,,,,,,,,PAP System,Generic,,,,,,,,
THA3-7JK6-78-HP0,CPAP Package,Y87V-2N-NCDL-09V,PAP Monitoring,FALSE,87R6-H2-ET7VD-PS,,"PAP Monitoring, Cellular Modem",A9279,,,,,PAP Monitor Type,Cellular Modem,,,,,,,,,PAP System,Resvent iBreeze,,,,
THA3-7JK6-78-HP0,CPAP Package,Y87V-2N-NCDL-09V,PAP Monitoring,FALSE,8FM1J-SYU-6A-4KN,,"PAP Monitoring, Cellular Modem",A9279,,,,,,,PAP Monitor Type,Cellular Modem,,,,,,,,,PAP System,Respironics,,
THA3-7JK6-78-HP0,CPAP Package,Y87V-2N-NCDL-09V,PAP Monitoring,FALSE,8PSY-NP-AI-FVT18,,"PAP Monitoring, Cellular Modem",A9279,PAP Monitor Type,Cellular Modem,,,,,,,,,PAP System,Resmed S10 Aircurve Fixed BiLevel ASV,,,,,,,,
THA3-7JK6-78-HP0,CPAP Package,Y87V-2N-NCDL-09V,PAP Monitoring,FALSE,8QFA-HM-FLI-F1R8,,"PAP Monitoring, Per device availability",A9279,,,,,,,,,PAP Monitor Type,Per device availability,PAP System,Airsense / Aircurve 10,,,,,,,,
THA3-7JK6-78-HP0,CPAP Package,Y87V-2N-NCDL-09V,PAP Monitoring,FALSE,8Y-QAD6-0GY97-DN,,"PAP Monitoring, SD Card (aka Card to Cloud)",A9279,,,,,,,,,PAP Monitor Type,SD Card (aka Card to Cloud),PAP System,Resmed S10 Aircurve Bilevel ST C2C,,,,,,,,
THA3-7JK6-78-HP0,CPAP Package,Y87V-2N-NCDL-09V,PAP Monitoring,FALSE,91AVC-5X-21X-B86,,"PAP Monitoring, Per device availability",A9279,PAP Monitor Type,Per device availability,,,,,,,,,,,PAP System,Resmed S10 Aircurve Fixed BiLevel,,,,,,
THA3-7JK6-78-HP0,CPAP Package,Y87V-2N-NCDL-09V,PAP Monitoring,FALSE,9HE-J5P2-TZX-KYN,,"PAP Monitoring, Cellular Modem",A9279,,,,,,,PAP Monitor Type,Cellular Modem,,,,,,,,,PAP System,ResMed S10 for Her,,
THA3-7JK6-78-HP0,CPAP Package,Y87V-2N-NCDL-09V,PAP Monitoring,FALSE,9KT-YFS-QC-PR-SV,,"PAP Monitoring, Per device availability",A9279,PAP Monitor Type,Per device availability,,,,,,,,,,,,,,,PAP System,Generic ASV,,
THA3-7JK6-78-HP0,CPAP Package,Y87V-2N-NCDL-09V,PAP Monitoring,FALSE,9MD-7AD-U8ZR7-6C,,"PAP Monitoring, Per device availability",A9279,,,PAP Monitor Type,Per device availability,,,,,,,PAP System,"Automatic, 5-20 cm",,,,,,,,
THA3-7JK6-78-HP0,CPAP Package,Y87V-2N-NCDL-09V,PAP Monitoring,FALSE,9Y2-JXZQ-QAP-MJP,,"PAP Monitoring, Per device availability",A9279,,,,,PAP Monitor Type,Per device availability,,,,,PAP System,Resmed S10 Aircurve Fixed BiLevel ASV,,,,,,,,
THA3-7JK6-78-HP0,CPAP Package,Y87V-2N-NCDL-09V,PAP Monitoring,FALSE,AFJ-MK-CTGV-8IZK,,"PAP Monitoring, Cellular Modem",A9279,PAP Monitor Type,Cellular Modem,,,,,,,,,PAP System,Resmed S10 Aircurve BiLevel ASV,,,,,,,,
THA3-7JK6-78-HP0,CPAP Package,Y87V-2N-NCDL-09V,PAP Monitoring,FALSE,AH-Y1EZ-BI8P-4MK,,"PAP Monitoring, Per device availability",A9279,,,PAP Monitor Type,Per device availability,,,,,,,,,PAP System,Respironics Ruby Topaz,,,,,,
THA3-7JK6-78-HP0,CPAP Package,Y87V-2N-NCDL-09V,PAP Monitoring,FALSE,B2-3HPD3-QRE-YCA,,"PAP Monitoring, Cellular Modem",A9279,PAP Monitor Type,Cellular Modem,,,,,,,,,PAP System,"CPAP Machine, Respironics Dreamstation Auto-CPAP",,,,,,,,
THA3-7JK6-78-HP0,CPAP Package,Y87V-2N-NCDL-09V,PAP Monitoring,FALSE,BM-GE3ZG-A6AR-YQ,,"PAP Monitoring, Per device availability",A9279,PAP Monitor Type,Per device availability,,,,,,,,,PAP System,Devilbiss,,,,,,,,
THA3-7JK6-78-HP0,CPAP Package,Y87V-2N-NCDL-09V,PAP Monitoring,FALSE,BR-4CUB-AVN-K72P,,"PAP Monitoring, Per device availability",A9279,,,PAP Monitor Type,Per device availability,,,,,,,,,PAP System,Respironics Dreamstation BiPAP ASV,,,,,,
THA3-7JK6-78-HP0,CPAP Package,Y87V-2N-NCDL-09V,PAP Monitoring,FALSE,BRZ7S-8QX-9SE-BM,,"PAP Monitoring, Cellular Modem",A9279,PAP Monitor Type,Cellular Modem,,,,,,,,,,,PAP System,Drive Medical Auto-CPAP,,,,,,
THA3-7JK6-78-HP0,CPAP Package,Y87V-2N-NCDL-09V,PAP Monitoring,FALSE,C5-AQMG-HZQ8-R3J,,"PAP Monitoring, Per device availability",A9279,,,,,,,,,PAP Monitor Type,Per device availability,PAP System,Resmed AirSense 10 Elite Auto-CPAP,,,,,,,,
THA3-7JK6-78-HP0,CPAP Package,Y87V-2N-NCDL-09V,PAP Monitoring,FALSE,CD5-FT-AK7J-JIQJ,,"PAP Monitoring, Cellular Modem",A9279,PAP Monitor Type,Cellular Modem,,,,,,,,,PAP System,Resmed S9 VPAP COPD,,,,,,,,
THA3-7JK6-78-HP0,CPAP Package,Y87V-2N-NCDL-09V,PAP Monitoring,FALSE,CHMJ-ZC-GFT-4X6F,,"PAP Monitoring, Cellular Modem",A9279,,,,,PAP Monitor Type,Cellular Modem,,,,,,,PAP System,Sleepstyle 600,,,,,,
THA3-7JK6-78-HP0,CPAP Package,Y87V-2N-NCDL-09V,PAP Monitoring,FALSE,CIKH-87-04TGA-C4,,"PAP Monitoring, Cellular Modem",A9279,PAP Monitor Type,Cellular Modem,,,,,,,,,,,,,,,PAP System,S9 Standard,,
THA3-7JK6-78-HP0,CPAP Package,Y87V-2N-NCDL-09V,PAP Monitoring,FALSE,CLZD7-12-HX-5DQK,,"PAP Monitoring, Cellular Modem",A9279,PAP Monitor Type,Cellular Modem,,,,,,,,,PAP System,Resmed S10 Aircurve BiLevel ST-A,,,,,,,,
THA3-7JK6-78-HP0,CPAP Package,Y87V-2N-NCDL-09V,PAP Monitoring,FALSE,D1CJ8-X4-5JN-I89,,"PAP Monitoring, Per device availability",A9279,,,PAP Monitor Type,Per device availability,,,,,,,,,PAP System,Drive Medical,,,,,,
THA3-7JK6-78-HP0,CPAP Package,Y87V-2N-NCDL-09V,PAP Monitoring,FALSE,D7PE-Y0YD-83-DAM,,"PAP Monitoring, Per device availability",A9279,,,,,PAP Monitor Type,Per device availability,,,,,,,,,PAP System,Drive Medical IntelliPAP Auto BiLevel,,,,
THA3-7JK6-78-HP0,CPAP Package,Y87V-2N-NCDL-09V,PAP Monitoring,FALSE,DCUGS-Z5N-TYM-4B,,"PAP Monitoring, Cellular Modem",A9279,,,,,,,PAP Monitor Type,Cellular Modem,,,,,,,,,PAP System,ResMed,,
THA3-7JK6-78-HP0,CPAP Package,Y87V-2N-NCDL-09V,PAP Monitoring,FALSE,DGUT-AGR-QYJ-EFU,,"PAP Monitoring, Cellular Modem",A9279,,,,,,,,,PAP Monitor Type,Cellular Modem,,,,,,,,,PAP System,Resmed S10 Aircurve ST
THA3-7JK6-78-HP0,CPAP Package,Y87V-2N-NCDL-09V,PAP Monitoring,FALSE,DX-ELU3L-ATRI-7U,,"PAP Monitoring, Per device availability",A9279,,,,,,,PAP Monitor Type,Per device availability,,,,,,,,,PAP System,ResMed AirMini,,
THA3-7JK6-78-HP0,CPAP Package,Y87V-2N-NCDL-09V,PAP Monitoring,FALSE,DYHB-PZ7-9D-7ML2,,"PAP Monitoring, Per device availability",A9279,PAP Monitor Type,Per device availability,,,,,,,,,PAP System,Resmed S10 Auto-CPAP,,,,,,,,
THA3-7JK6-78-HP0,CPAP Package,Y87V-2N-NCDL-09V,PAP Monitoring,FALSE,E2542-6LJC1-JDMB,,"PAP Monitoring, SD Card (aka Card to Cloud)",A9279,PAP Monitor Type,SD Card (aka Card to Cloud),,,,,,,,,PAP System,Resmed S10 Aircurve Bilevel ST-A C2C,,,,,,,,
THA3-7JK6-78-HP0,CPAP Package,Y87V-2N-NCDL-09V,PAP Monitoring,FALSE,EJ-7KBM-0IURV-6D,,"PAP Monitoring, Cellular Modem",A9279,,,,,,,PAP Monitor Type,Cellular Modem,,,,,,,,,PAP System,Resmed AirSense 10 Elite Auto-CPAP,,
THA3-7JK6-78-HP0,CPAP Package,Y87V-2N-NCDL-09V,PAP Monitoring,FALSE,F2S-DH4-Q8ZV2-F0,,"PAP Monitoring, Per device availability",A9279,,,,,PAP Monitor Type,Per device availability,,,,,PAP System,Respironics Dreamstation Auto-CPAP,,,,,,,,
THA3-7JK6-78-HP0,CPAP Package,Y87V-2N-NCDL-09V,PAP Monitoring,FALSE,FB94M-0X-GC6D-6M,,"PAP Monitoring, Per device availability",A9279,,,,,,,PAP Monitor Type,Per device availability,,,,,,,,,PAP System,ResMed S10 for Her,,
THA3-7JK6-78-HP0,CPAP Package,Y87V-2N-NCDL-09V,PAP Monitoring,FALSE,FI-2K-HI-AF-RNHB,,"PAP Monitoring, Per device availability",A9279,,,PAP Monitor Type,Per device availability,,,,,,,,,PAP System,Resmed AirSense 10 Elite,,,,,,
THA3-7JK6-78-HP0,CPAP Package,Y87V-2N-NCDL-09V,PAP Monitoring,FALSE,G17Y2-10ASD-NILA,,"PAP Monitoring, Per device availability",A9279,,,,,,,PAP Monitor Type,Per device availability,,,,,PAP System,ResMed Fixed,,,,,,
THA3-7JK6-78-HP0,CPAP Package,Y87V-2N-NCDL-09V,PAP Monitoring,FALSE,G1S-2CH-9XLV-2TB,,"PAP Monitoring, Cellular Modem",A9279,,,PAP Monitor Type,Cellular Modem,,,,,,,,,PAP System,S9/S10,,,,,,
THA3-7JK6-78-HP0,CPAP Package,Y87V-2N-NCDL-09V,PAP Monitoring,FALSE,G9U-XD4-HSAU7-E4,,"PAP Monitoring, Per device availability",A9279,PAP Monitor Type,Per device availability,,,,,,,,,PAP System,Resmed S10 Aircurve Auto BiLevel,,,,,,,,
THA3-7JK6-78-HP0,CPAP Package,Y87V-2N-NCDL-09V,PAP Monitoring,FALSE,GP8-QU-LZ8-IB9VH,,"PAP Monitoring, Per device availability",A9279,,,PAP Monitor Type,Per device availability,,,,,,,,,,,,,PAP System,Resmed Auto for Her,,
THA3-7JK6-78-HP0,CPAP Package,Y87V-2N-NCDL-09V,PAP Monitoring,FALSE,GPTRZ-ZX-D0JC-0C,,"PAP Monitoring, Cellular Modem",A9279,,,,,,,PAP Monitor Type,Cellular Modem,,,PAP System,Fisher & Paykel (F&P) Icon Auto-CPAP Premium,,,,,,,,
THA3-7JK6-78-HP0,CPAP Package,Y87V-2N-NCDL-09V,PAP Monitoring,FALSE,GR3-Z5A9-614H-ZX,,"PAP Monitoring, Cellular Modem",A9279,,,,,,,PAP Monitor Type,Cellular Modem,,,,,,,,,PAP System,S10,,
THA3-7JK6-78-HP0,CPAP Package,Y87V-2N-NCDL-09V,PAP Monitoring,FALSE,GT-BU-IY-DXD-JYP,,"PAP Monitoring, Cellular Modem",A9279,,,,,PAP Monitor Type,Cellular Modem,,,,,,,,,PAP System,Drive Medical IntelliPAP,,,,
THA3-7JK6-78-HP0,CPAP Package,Y87V-2N-NCDL-09V,PAP Monitoring,FALSE,H02-PB-12IC-R176,,"PAP Monitoring, Per device availability",A9279,PAP Monitor Type,Per device availability,,,,,,,,,PAP System,ResMed,,,,,,,,
THA3-7JK6-78-HP0,CPAP Package,Y87V-2N-NCDL-09V,PAP Monitoring,FALSE,H5B1M-RJT-2M1-B7,,"PAP Monitoring, Per device availability",A9279,,,PAP Monitor Type,Per device availability,,,,,,,PAP System,Resmed S10 Aircurve BiLevel ST,,,,,,,,
THA3-7JK6-78-HP0,CPAP Package,Y87V-2N-NCDL-09V,PAP Monitoring,FALSE,H5FU-65H90-67-X3,,"PAP Monitoring, SD Card (aka Card to Cloud)",A9279,,,,,PAP Monitor Type,SD Card (aka Card to Cloud),,,,,,,PAP System,Resmed S10 Aircurve Auto Bilevel ASV C2C,,,,,,
THA3-7JK6-78-HP0,CPAP Package,Y87V-2N-NCDL-09V,PAP Monitoring,FALSE,H95P-RZY-HKU-I70,,"PAP Monitoring, Cellular Modem",A9279,PAP Monitor Type,Cellular Modem,,,,,,,,,PAP System,Fisher & Paykel (F&P) Icon Auto-CPAP,,,,,,,,
THA3-7JK6-78-HP0,CPAP Package,Y87V-2N-NCDL-09V,PAP Monitoring,FALSE,HC7-U7-7P-PHL-T7,,"PAP Monitoring, Per device availability",A9279,PAP Monitor Type,Per device availability,,,,,,,,,PAP System,Resmed S10 BiPAP ASV,,,,,,,,
THA3-7JK6-78-HP0,CPAP Package,Y87V-2N-NCDL-09V,PAP Monitoring,FALSE,HX2B-Z2-9GIRE-VU,,"PAP Monitoring, Cellular Modem",A9279,PAP Monitor Type,Cellular Modem,,,,,,,,,PAP System,Automatic,,,,,,,,
THA3-7JK6-78-HP0,CPAP Package,Y87V-2N-NCDL-09V,PAP Monitoring,FALSE,I2-TMZ7-N81-IEVT,,"PAP Monitoring, Per device availability",A9279,PAP Monitor Type,Per device availability,,,,,,,,,PAP System,Sleepstyle 600,,,,,,,,
THA3-7JK6-78-HP0,CPAP Package,Y87V-2N-NCDL-09V,PAP Monitoring,FALSE,IL6M1-F9GRE-9B2Q,,"PAP Monitoring, Per device availability",A9279,PAP Monitor Type,Per device availability,,,,,,,,,,,PAP System,Not Specified,,,,,,
THA3-7JK6-78-HP0,CPAP Package,Y87V-2N-NCDL-09V,PAP Monitoring,FALSE,ILFD-HDKTI-D8-90,,"PAP Monitoring, SD Card (aka Card to Cloud)",A9279,,,,,,,PAP Monitor Type,SD Card (aka Card to Cloud),,,,,,,,,PAP System,Resmed S10 Aircurve Fixed Bilevel C2C,,
THA3-7JK6-78-HP0,CPAP Package,Y87V-2N-NCDL-09V,PAP Monitoring,FALSE,IM7-3I0N-LU-BS2L,,"PAP Monitoring, Per device availability",A9279,PAP Monitor Type,Per device availability,,,,,,,,,PAP System,Resmed S10 Aircurve ASV,,,,,,,,
THA3-7JK6-78-HP0,CPAP Package,Y87V-2N-NCDL-09V,PAP Monitoring,FALSE,IT-MKQF9-7X2-18S,,"PAP Monitoring, Cellular Modem",A9279,,,PAP Monitor Type,Cellular Modem,,,,,,,,,PAP System,ResMed S10 Auto-CPAP for Her,,,,,,
THA3-7JK6-78-HP0,CPAP Package,Y87V-2N-NCDL-09V,PAP Monitoring,FALSE,IV3-XM-KZF9-YRQ5,,"PAP Monitoring, Cellular Modem",A9279,PAP Monitor Type,Cellular Modem,,,,,,,,,PAP System,Resmed S10 Auto-CPAP,,,,,,,,
THA3-7JK6-78-HP0,CPAP Package,Y87V-2N-NCDL-09V,PAP Monitoring,FALSE,JH-CSRT-BE-32-YP,,"PAP Monitoring, Cellular Modem",A9279,,,,,PAP Monitor Type,Cellular Modem,,,,,PAP System,Resmed S9 VPAP Auto BiLevel,,,,,,,,
THA3-7JK6-78-HP0,CPAP Package,Y87V-2N-NCDL-09V,PAP Monitoring,FALSE,JI9L-P2Q7-ZN-Q2N,,"PAP Monitoring, Cellular Modem",A9279,PAP Monitor Type,Cellular Modem,,,,,,,,,PAP System,System to Fit,,,,,,,,
THA3-7JK6-78-HP0,CPAP Package,Y87V-2N-NCDL-09V,PAP Monitoring,FALSE,K0GC-GY2TF-IR8UQ,,"PAP Monitoring, Per device availability",A9279,PAP Monitor Type,Per device availability,,,,,,,,,PAP System,S8,,,,,,,,
THA3-7JK6-78-HP0,CPAP Package,Y87V-2N-NCDL-09V,PAP Monitoring,FALSE,K6VBK-SR5-M8L-3G,,"PAP Monitoring, Per device availability",A9279,PAP Monitor Type,Per device availability,,,,,,,,,,,PAP System,Resmed S10 Aircurve BiLevel ST-A,,,,,,
THA3-7JK6-78-HP0,CPAP Package,Y87V-2N-NCDL-09V,PAP Monitoring,FALSE,KPM-XB-G4-QAB-VL,,"PAP Monitoring, Cellular Modem",A9279,,,,,PAP Monitor Type,Cellular Modem,,,,,,,,,PAP System,ResMed Fixed,,,,
THA3-7JK6-78-HP0,CPAP Package,Y87V-2N-NCDL-09V,PAP Monitoring,FALSE,L89-2K3H-PZ6-34J,,"PAP Monitoring, Per device availability",A9279,PAP Monitor Type,Per device availability,,,,,,,,,PAP System,Resmed Airsense 11 Auto,,,,,,,,
THA3-7JK6-78-HP0,CPAP Package,Y87V-2N-NCDL-09V,PAP Monitoring,FALSE,LI-MZ-B6ME-1S5ZX,,"PAP Monitoring, Per device availability",A9279,PAP Monitor Type,Per device availability,,,,,,,,,PAP System,Resmed S10 Aircurve BiLevel ASV,,,,,,,,
THA3-7JK6-78-HP0,CPAP Package,Y87V-2N-NCDL-09V,PAP Monitoring,FALSE,LP-853-N2N-PY-19,,"PAP Monitoring, Per device availability",A9279,,,,,,,PAP Monitor Type,Per device availability,,,,,,,,,PAP System,Respironics System One,,
THA3-7JK6-78-HP0,CPAP Package,Y87V-2N-NCDL-09V,PAP Monitoring,FALSE,M3X-M1-C1J29-6Q5,,"PAP Monitoring, Cellular Modem",A9279,PAP Monitor Type,Cellular Modem,,,,,,,,,,,,,PAP System,Icon,,,,
THA3-7JK6-78-HP0,CPAP Package,Y87V-2N-NCDL-09V,PAP Monitoring,FALSE,M7A-LF-V9ZLC-HJH,,"PAP Monitoring, Per device availability",A9279,,,PAP Monitor Type,Per device availability,,,,,,,PAP System,Pediatric,,,,,,,,
THA3-7JK6-78-HP0,CPAP Package,Y87V-2N-NCDL-09V,PAP Monitoring,FALSE,MC3F-NG-0LRQ-SKQ,,"PAP Monitoring, Cellular Modem",A9279,,,,,,,,,PAP Monitor Type,Cellular Modem,,,,,,,,,PAP System,Respironics Dreamstation 2
THA3-7JK6-78-HP0,CPAP Package,Y87V-2N-NCDL-09V,PAP Monitoring,FALSE,MEV-T8-47JM-PHBS,,"PAP Monitoring, Per device availability",A9279,,,PAP Monitor Type,Per device availability,,,,,,,PAP System,S9,,,,,,,,
THA3-7JK6-78-HP0,CPAP Package,Y87V-2N-NCDL-09V,PAP Monitoring,FALSE,MI75U-FM-8UI-H8H,,"PAP Monitoring, Per device availability",A9279,PAP Monitor Type,Per device availability,,,,,,,,,PAP System,Respironics Dreamstation BiPAP AVAPS,,,,,,,,
THA3-7JK6-78-HP0,CPAP Package,Y87V-2N-NCDL-09V,PAP Monitoring,FALSE,MTJ-VMCS-A8-ITSK,,"PAP Monitoring, Cellular Modem",A9279,PAP Monitor Type,Cellular Modem,,,,,,,,,PAP System,Drive Medical,,,,,,,,
THA3-7JK6-78-HP0,CPAP Package,Y87V-2N-NCDL-09V,PAP Monitoring,FALSE,N5D-Z69-GSAYT-KM,,"PAP Monitoring, Per device availability",A9279,PAP Monitor Type,Per device availability,,,,,,,,,,,PAP System,Resmed S10 Aircurve BiLevel,,,,,,
THA3-7JK6-78-HP0,CPAP Package,Y87V-2N-NCDL-09V,PAP Monitoring,FALSE,ND5CU-8MDM-S8-P7,,"PAP Monitoring, Per device availability",A9279,,,PAP Monitor Type,Per device availability,,,,,,,,,PAP System,Resmed S10 Aircurve Auto BiLevel ASV,,,,,,
THA3-7JK6-78-HP0,CPAP Package,Y87V-2N-NCDL-09V,PAP Monitoring,FALSE,NE-91U4-HX-9I-18,,"PAP Monitoring, Cellular Modem",A9279,PAP Monitor Type,Cellular Modem,,,,,,,,,PAP System,ResMed Auto,,,,,,,,
THA3-7JK6-78-HP0,CPAP Package,Y87V-2N-NCDL-09V,PAP Monitoring,FALSE,NT-NB-0QTIG-RZR6,,"PAP Monitoring, SD Card (aka Card to Cloud)",A9279,PAP Monitor Type,SD Card (aka Card to Cloud),,,,,,,,,,,,,,,PAP System,Resmed S10 Aircurve Auto Bilevel C2C,,
THA3-7JK6-78-HP0,CPAP Package,Y87V-2N-NCDL-09V,PAP Monitoring,FALSE,NU-KC-ILAS-EC-6Y,,"PAP Monitoring, Per device availability",A9279,,,,,,,PAP Monitor Type,Per device availability,,,PAP System,Drive Medical IntelliPAP,,,,,,,,
THA3-7JK6-78-HP0,CPAP Package,Y87V-2N-NCDL-09V,PAP Monitoring,FALSE,NUQ1-2JUD8-9ASY6,,"PAP Monitoring, Cellular Modem",A9279,,,PAP Monitor Type,Cellular Modem,,,,,,,,,PAP System,Resmed Airsense 11 Fixed,,,,,,
THA3-7JK6-78-HP0,CPAP Package,Y87V-2N-NCDL-09V,PAP Monitoring,FALSE,P5SVU-SVSEM-J15L,,"PAP Monitoring, Cellular Modem",A9279,PAP Monitor Type,Cellular Modem,,,,,,,,,PAP System,Devilbiss,,,,,,,,
THA3-7JK6-78-HP0,CPAP Package,Y87V-2N-NCDL-09V,PAP Monitoring,FALSE,PHP-A3EF-0C-BGJQ,,"PAP Monitoring, Per device availability",A9279,PAP Monitor Type,Per device availability,,,,,,,,,PAP System,Fisher & Paykel (F&P) Icon,,,,,,,,
THA3-7JK6-78-HP0,CPAP Package,Y87V-2N-NCDL-09V,PAP Monitoring,FALSE,PKI3-P5-0YHDF-AI,,"PAP Monitoring, Per device availability",A9279,,,PAP Monitor Type,Per device availability,,,,,,,,,,,PAP System,Fisher & Paykel (F&P) Icon Auto-CPAP Premium,,,,
THA3-7JK6-78-HP0,CPAP Package,Y87V-2N-NCDL-09V,PAP Monitoring,FALSE,PQSKN-6I-MSAX-7N,,"PAP Monitoring, Cellular Modem",A9279,PAP Monitor Type,Cellular Modem,,,,,,,,,,,,,,,,,PAP System,Resmed S10 Aircurve Auto BiLevel
THA3-7JK6-78-HP0,CPAP Package,Y87V-2N-NCDL-09V,PAP Monitoring,FALSE,PSDTL-IK-JF6P-86,,"PAP Monitoring, Per device availability",A9279,PAP Monitor Type,Per device availability,,,,,,,,,PAP System,Generic AVAPS,,,,,,,,
THA3-7JK6-78-HP0,CPAP Package,Y87V-2N-NCDL-09V,PAP Monitoring,FALSE,Q75T-FB-GXTM3-E0,,"PAP Monitoring, Cellular Modem",A9279,,,,,PAP Monitor Type,Cellular Modem,,,,,PAP System,Resmed S10 Auto-BiPAP,,,,,,,,
THA3-7JK6-78-HP0,CPAP Package,Y87V-2N-NCDL-09V,PAP Monitoring,FALSE,QB-75-PC-FVCY-8V,,"PAP Monitoring, Cellular Modem",A9279,,,PAP Monitor Type,Cellular Modem,,,,,,,PAP System,Respironics Dreamstation Auto BiPAP,,,,,,,,
THA3-7JK6-78-HP0,CPAP Package,Y87V-2N-NCDL-09V,PAP Monitoring,FALSE,QBED-NY-36-G6-U1,,"PAP Monitoring, Cellular Modem",A9279,,,PAP Monitor Type,Cellular Modem,,,,,,,,,,,PAP System,Fisher & Paykel (F&P) Icon,,,,
THA3-7JK6-78-HP0,CPAP Package,Y87V-2N-NCDL-09V,PAP Monitoring,FALSE,QG-NMD0-VAXUE-32,,"PAP Monitoring, Per device availability",A9279,PAP Monitor Type,Per device availability,,,,,,,,,PAP System,Drive Medical IntelliPAP BiLevel,,,,,,,,
THA3-7JK6-78-HP0,CPAP Package,Y87V-2N-NCDL-09V,PAP Monitoring,FALSE,QIC-VSZ-1Y6-0YSZ,,"PAP Monitoring, Cellular Modem",A9279,PAP Monitor Type,Cellular Modem,,,,,,,,,PAP System,Resmed S10 Fixed CPAP,,,,,,,,
THA3-7JK6-78-HP0,CPAP Package,Y87V-2N-NCDL-09V,PAP Monitoring,FALSE,QJ-G9I-FHVI4-453,,"PAP Monitoring, Cellular Modem",A9279,,,PAP Monitor Type,Cellular Modem,,,,,,,,,PAP System,Custom,,,,,,
THA3-7JK6-78-HP0,CPAP Package,Y87V-2N-NCDL-09V,PAP Monitoring,FALSE,QY-XZ3-M7J-Y3B1E,,"PAP Monitoring, Cellular Modem",A9279,,,,,,,PAP Monitor Type,Cellular Modem,,,,,PAP System,Resmed S10 BiPAP ASV,,,,,,
THA3-7JK6-78-HP0,CPAP Package,Y87V-2N-NCDL-09V,PAP Monitoring,FALSE,R6-V7AF-62TZ6-3D,,"PAP Monitoring, Cellular Modem",A9279,PAP Monitor Type,Cellular Modem,,,,,,,,,PAP System,Drive Medical IntelliPAP BiLevel,,,,,,,,
THA3-7JK6-78-HP0,CPAP Package,Y87V-2N-NCDL-09V,PAP Monitoring,FALSE,RY-RC9C-CF-TA8J4,,"PAP Monitoring, Cellular Modem",A9279,PAP Monitor Type,Cellular Modem,,,,,,,,,,,,,,,,,PAP System,Respironics Dreamstation BiPAP ASV
THA3-7JK6-78-HP0,CPAP Package,Y87V-2N-NCDL-09V,PAP Monitoring,FALSE,S3F9Y-HDQT-RL-AV,,"PAP Monitoring, Per device availability",A9279,PAP Monitor Type,Per device availability,,,,,,,,,PAP System,Drive Medical IntelliPAP Auto-CPAP,,,,,,,,
THA3-7JK6-78-HP0,CPAP Package,Y87V-2N-NCDL-09V,PAP Monitoring,FALSE,SC-0Z69R-4ETG-53,,"PAP Monitoring, Cellular Modem",A9279,PAP Monitor Type,Cellular Modem,,,,,,,,,PAP System,Resmed AirSense 10 Elite,,,,,,,,
THA3-7JK6-78-HP0,CPAP Package,Y87V-2N-NCDL-09V,PAP Monitoring,FALSE,SN-NMUAR-QJX5-GT,,"PAP Monitoring, Cellular Modem",A9279,,,PAP Monitor Type,Cellular Modem,,,,,,,,,PAP System,Resmed S10 Aircurve BiLevel,,,,,,
THA3-7JK6-78-HP0,CPAP Package,Y87V-2N-NCDL-09V,PAP Monitoring,FALSE,T1AR5-ZIFK0-3G60,,"PAP Monitoring, Per device availability",A9279,PAP Monitor Type,Per device availability,,,,,,,,,PAP System,Custom,,,,,,,,
THA3-7JK6-78-HP0,CPAP Package,Y87V-2N-NCDL-09V,PAP Monitoring,FALSE,T82JU-8LKLX-XK4P,,"PAP Monitoring, Per device availability",A9279,,,,,PAP Monitor Type,Per device availability,,,,,,,,,,,PAP System,Fisher & Paykel (F&P) Icon Auto-CPAP,,
THA3-7JK6-78-HP0,CPAP Package,Y87V-2N-NCDL-09V,PAP Monitoring,FALSE,TM7-6C-9SUJ-25GF,,"PAP Monitoring, Per device availability",A9279,PAP Monitor Type,Per device availability,,,,,,,,,PAP System,Resvent iBreeze,,,,,,,,
THA3-7JK6-78-HP0,CPAP Package,Y87V-2N-NCDL-09V,PAP Monitoring,FALSE,TSFYP-RM2Z9-KHJH,,"PAP Monitoring, Cellular Modem",A9279,,,,,PAP Monitor Type,Cellular Modem,,,,,PAP System,Resmed S10,,,,,,,,
THA3-7JK6-78-HP0,CPAP Package,Y87V-2N-NCDL-09V,PAP Monitoring,FALSE,TVU1Z-PBP4V-9K35,,"PAP Monitoring, Cellular Modem",A9279,PAP Monitor Type,Cellular Modem,,,,,,,,,,,PAP System,3B Medical Luna II,,,,,,
THA3-7JK6-78-HP0,CPAP Package,Y87V-2N-NCDL-09V,PAP Monitoring,FALSE,U1K83-QA-VLE9-9C,,"PAP Monitoring, Cellular Modem",A9279,,,,,,,PAP Monitor Type,Cellular Modem,,,PAP System,ResMed AirMini,,,,,,,,
THA3-7JK6-78-HP0,CPAP Package,Y87V-2N-NCDL-09V,PAP Monitoring,FALSE,U3BCX-86M-P9-5JI,,"PAP Monitoring, Per device availability",A9279,,,PAP Monitor Type,Per device availability,,,,,,,,,,,,,PAP System,Drive Medical IntelliPAP BiLevel ST,,
THA3-7JK6-78-HP0,CPAP Package,Y87V-2N-NCDL-09V,PAP Monitoring,FALSE,UBPI5-YG-RQZL-1U,,"PAP Monitoring, Per device availability",A9279,,,PAP Monitor Type,Per device availability,,,,,,,,,PAP System,ResMed S10 Auto-CPAP for Her,,,,,,
THA3-7JK6-78-HP0,CPAP Package,Y87V-2N-NCDL-09V,PAP Monitoring,FALSE,UCJM-4VKQ-3X-G01,,"PAP Monitoring, Cellular Modem",A9279,PAP Monitor Type,Cellular Modem,,,,,,,,,PAP System,S8,,,,,,,,
THA3-7JK6-78-HP0,CPAP Package,Y87V-2N-NCDL-09V,PAP Monitoring,FALSE,UMDFE-6K8B-0G-JC,,"PAP Monitoring, Cellular Modem",A9279,,,PAP Monitor Type,Cellular Modem,,,,,,,,,,,PAP System,Not Specified,,,,
THA3-7JK6-78-HP0,CPAP Package,Y87V-2N-NCDL-09V,PAP Monitoring,FALSE,UQK7-4GYI-JBV-V9,,"PAP Monitoring, Cellular Modem",A9279,PAP Monitor Type,Cellular Modem,,,,,,,,,PAP System,Drive Medical IntelliPAP Auto BiLevel,,,,,,,,
THA3-7JK6-78-HP0,CPAP Package,Y87V-2N-NCDL-09V,PAP Monitoring,FALSE,UTA-QZ-9T-J23-M1,,"PAP Monitoring, Per device availability",A9279,PAP Monitor Type,Per device availability,,,,,,,,,PAP System,Resmed S10 Auto-BiPAP,,,,,,,,
THA3-7JK6-78-HP0,CPAP Package,Y87V-2N-NCDL-09V,PAP Monitoring,FALSE,UV-2ST4V-9Q-Y2KZ,,"PAP Monitoring, Cellular Modem",A9279,PAP Monitor Type,Cellular Modem,,,,,,,,,,,,,PAP System,Fixed,,,,
THA3-7JK6-78-HP0,CPAP Package,Y87V-2N-NCDL-09V,PAP Monitoring,FALSE,V73-G7A-RAL-QP8C,,"PAP Monitoring, Per device availability",A9279,PAP Monitor Type,Per device availability,,,,,,,,,,,PAP System,Resmed Airsense 11 Fixed,,,,,,
THA3-7JK6-78-HP0,CPAP Package,Y87V-2N-NCDL-09V,PAP Monitoring,FALSE,VDIU-H809-ULU-Z3,,"PAP Monitoring, Cellular Modem",A9279,,,,,,,PAP Monitor Type,Cellular Modem,,,,,,,,,PAP System,Respironics Deluxe,,
THA3-7JK6-78-HP0,CPAP Package,Y87V-2N-NCDL-09V,PAP Monitoring,FALSE,VDQA-5USX9-4R-9I,,"PAP Monitoring, Cellular Modem",A9279,PAP Monitor Type,Cellular Modem,,,,,,,,,PAP System,Drive Medical IntelliPAP BiLevel ST,,,,,,,,
THA3-7JK6-78-HP0,CPAP Package,Y87V-2N-NCDL-09V,PAP Monitoring,FALSE,VG2S-LM-3YHAL-ZM,,"PAP Monitoring, Per device availability",A9279,,,PAP Monitor Type,Per device availability,,,,,,,PAP System,"CPAP Machine, Respironics Dreamstation Auto-CPAP",,,,,,,,
THA3-7JK6-78-HP0,CPAP Package,Y87V-2N-NCDL-09V,PAP Monitoring,FALSE,VK-76-5DZXN-ACP0,,"PAP Monitoring, Cellular Modem",A9279,PAP Monitor Type,Cellular Modem,,,,,,,,,PAP System,Resmed AirSense 10 AutoSet,,,,,,,,
THA3-7JK6-78-HP0,CPAP Package,Y87V-2N-NCDL-09V,PAP Monitoring,FALSE,VQ-CE8Q-AXH71-8G,,"PAP Monitoring, Cellular Modem",A9279,PAP Monitor Type,Cellular Modem,,,,,,,,,PAP System,Respironics Dreamstation BiPAP AVAPS,,,,,,,,
THA3-7JK6-78-HP0,CPAP Package,Y87V-2N-NCDL-09V,PAP Monitoring,FALSE,VUSP-RQ80T-9FCN7,,"PAP Monitoring, Per device availability",A9279,,,PAP Monitor Type,Per device availability,,,,,,,,,PAP System,Resmed S9 VPAP Auto BiLevel,,,,,,
THA3-7JK6-78-HP0,CPAP Package,Y87V-2N-NCDL-09V,PAP Monitoring,FALSE,X2-9TEI0-VDYI-MR,,"PAP Monitoring, Per device availability",A9279,PAP Monitor Type,Per device availability,,,,,,,,,PAP System,Resmed S9 VPAP COPD,,,,,,,,
THA3-7JK6-78-HP0,CPAP Package,Y87V-2N-NCDL-09V,PAP Monitoring,FALSE,X8L-N5IA-8F-LT7V,,"PAP Monitoring, Per device availability",A9279,PAP Monitor Type,Per device availability,,,,,,,,,PAP System,Respironics Premium,,,,,,,,
THA3-7JK6-78-HP0,CPAP Package,Y87V-2N-NCDL-09V,PAP Monitoring,FALSE,XDZHK-QD6-6U5-CF,,"PAP Monitoring, Cellular Modem",A9279,,,PAP Monitor Type,Cellular Modem,,,,,,,,,PAP System,Respironics Premium,,,,,,
THA3-7JK6-78-HP0,CPAP Package,Y87V-2N-NCDL-09V,PAP Monitoring,FALSE,XG41Q-95K4-FS-4Q,,"PAP Monitoring, Per device availability",A9279,PAP Monitor Type,Per device availability,,,,,,,,,PAP System,Fixed,,,,,,,,
THA3-7JK6-78-HP0,CPAP Package,Y87V-2N-NCDL-09V,PAP Monitoring,FALSE,XKG-S5-JQ-IJ-I6Q,,"PAP Monitoring, ReactHealth",A9279,PAP Monitor Type,Per device availability,,,,,,,,,PAP System,ReactHealth,,,,,,,,
THA3-7JK6-78-HP0,CPAP Package,Y87V-2N-NCDL-09V,PAP Monitoring,FALSE,XTL79-SK5I-GQTXY,,"PAP Monitoring, Cellular Modem",A9279,,,,,PAP Monitor Type,Cellular Modem,,,,,PAP System,Respironics Dreamstation Auto-CPAP,,,,,,,,
THA3-7JK6-78-HP0,CPAP Package,Y87V-2N-NCDL-09V,PAP Monitoring,FALSE,XZJ-1JYUS-BF-6HB,,"PAP Monitoring, Per device availability",A9279,PAP Monitor Type,Per device availability,,,,,,,,,PAP System,S9 Cleanable,,,,,,,,
THA3-7JK6-78-HP0,CPAP Package,Y87V-2N-NCDL-09V,PAP Monitoring,FALSE,Y35V-8I8JT-5T27Q,,"PAP Monitoring, Per device availability",A9279,PAP Monitor Type,Per device availability,,,,,,,,,PAP System,Respironics Deluxe,,,,,,,,
THA3-7JK6-78-HP0,CPAP Package,Y87V-2N-NCDL-09V,PAP Monitoring,FALSE,Y5M9M-3Z9-MF2-18,,"PAP Monitoring, Cellular Modem",A9279,PAP Monitor Type,Cellular Modem,,,,,,,,,PAP System,Respironics Dreamstation 2 Auto-CPAP,,,,,,,,
THA3-7JK6-78-HP0,CPAP Package,Y87V-2N-NCDL-09V,PAP Monitoring,FALSE,YBIE-YT-8I7K5-Y8,,"PAP Monitoring, Cellular Modem",A9279,PAP Monitor Type,Cellular Modem,,,,,,,,,PAP System,Fisher & Paykel (F&P) Icon Premium,,,,,,,,
THA3-7JK6-78-HP0,CPAP Package,Y87V-2N-NCDL-09V,PAP Monitoring,FALSE,YD-H3S1-A0DE-XFJ,,"PAP Monitoring, Per device availability",A9279,,,PAP Monitor Type,Per device availability,,,,,,,,,PAP System,Automatic,,,,,,
THA3-7JK6-78-HP0,CPAP Package,Y87V-2N-NCDL-09V,PAP Monitoring,FALSE,YHI-T1XT-AQB-1UJ,,"PAP Monitoring, Cellular Modem",A9279,,,PAP Monitor Type,Cellular Modem,,,,,,,,,PAP System,Resmed Auto for Her,,,,,,
THA3-7JK6-78-HP0,CPAP Package,Y87V-2N-NCDL-09V,PAP Monitoring,FALSE,YS58-EPR3D-CB5Y0,,"PAP Monitoring, Per device availability",A9279,PAP Monitor Type,Per device availability,,,,,,,,,PAP System,Respironics,,,,,,,,
THA3-7JK6-78-HP0,CPAP Package,Y87V-2N-NCDL-09V,PAP Monitoring,FALSE,YTM-FGQFX-MK-L6F,,"PAP Monitoring, Per device availability",A9279,PAP Monitor Type,Per device availability,,,,,,,,,,,,,,,,,PAP System,Resmed S10 Aircurve ST
THA3-7JK6-78-HP0,CPAP Package,Y87V-2N-NCDL-09V,PAP Monitoring,FALSE,Z67T-N8-8D6-NJEB,,"PAP Monitoring, Per device availability",A9279,PAP Monitor Type,Per device availability,,,,,,,,,PAP System,Respironics Dreamstation,,,,,,,,
THA3-7JK6-78-HP0,CPAP Package,Y87V-2N-NCDL-09V,PAP Monitoring,FALSE,Z6MT-G6F-XQM8-LZ,,"PAP Monitoring, Cellular Modem",A9279,,,,,,,PAP Monitor Type,Cellular Modem,,,PAP System,S9,,,,,,,,
THA3-7JK6-78-HP0,CPAP Package,Y87V-2N-NCDL-09V,PAP Monitoring,FALSE,Z8P-THDHU-2GL-RY,,"PAP Monitoring, Cellular Modem",A9279,,,,,PAP Monitor Type,Cellular Modem,,,,,,,,,PAP System,ResMed AirMini Portable,,,,
THA3-7JK6-78-HP0,CPAP Package,Y87V-2N-NCDL-09V,PAP Monitoring,FALSE,ZB-B2X5T-Z7ZL-9V,,"PAP Monitoring, Per device availability",A9279,,,PAP Monitor Type,Per device availability,,,,,,,,,PAP System,S10,,,,,,
THA3-7JK6-78-HP0,CPAP Package,Y87V-2N-NCDL-09V,PAP Monitoring,FALSE,ZMA1-JQ-N6NK-1I2,,"PAP Monitoring, Cellular Modem",A9279,,,,,PAP Monitor Type,Cellular Modem,,,,,,,,,PAP System,Resmed S10 Aircurve Auto BiLevel ASV,,,,
THA3-7JK6-78-HP0,CPAP Package,Y87V-2N-NCDL-09V,PAP Monitoring,FALSE,ZN-VPDK-LQ-9TFTN,,"PAP Monitoring, Cellular Modem",A9279,PAP Monitor Type,Cellular Modem,,,,,,,,,,,PAP System,S9 Cleanable,,,,,,
THA3-7JK6-78-HP0,CPAP Package,Y87V-2N-NCDL-09V,PAP Monitoring,FALSE,ZQC1-RJS6-4H-BIP,,"PAP Monitoring, Cellular Modem",A9279,,,,,,,PAP Monitor Type,Cellular Modem,,,PAP System,Respironics Dreamstation,,,,,,,,
THA3-7JK6-78-HP0,CPAP Package,Y87V-2N-NCDL-09V,PAP Monitoring,FALSE,ZUK1Z-VKTK-0B5VA,,"PAP Monitoring, Cellular Modem",A9279,PAP Monitor Type,Cellular Modem,,,,,,,,,PAP System,Generic AVAPS,,,,,,,,
V4-QS9HU-SMP-R2J,BiLevel Machine Package,6I-CU-K6-MNT4-BF,PAP Machine Tubing,TRUE,10RK-4K8S2-T6-EV,,"PAP Machine Tubing, Heated, 1 per 3 months",A4604,,,,,,,,,,,,,,,Tubing Type,Heated,,,,
V4-QS9HU-SMP-R2J,BiLevel Machine Package,6I-CU-K6-MNT4-BF,PAP Machine Tubing,TRUE,9JEVE-LS7S-IKST2,,"PAP Machine Tubing, Non-Heated, 1 per 3 months",A7037,,,,,,,,,,,,,,,,,,,Tubing Type,Non-Heated
V4-QS9HU-SMP-R2J,BiLevel Machine Package,8TN1-XV-BN890-HS,PAP Headgear Chinstrap,FALSE,LAR-IXT6N-XT6-C2,,"PAP Headgear Chinstrap, 1 per 6 months",A7036,Frequency,Max. Allowable,,,,,,,,,,,,,,,,,,
V4-QS9HU-SMP-R2J,BiLevel Machine Package,H9-36LS-PIBC-HC9,PAP Machine Humidifier,TRUE,3VFBT-MX-57C-AUV,,"PAP Machine Humidifier, Non-Heated",E0561,Frequency,Max. Allowable,Humidifier Type,Non-Heated,,,,,,,,,,,,,,,,
V4-QS9HU-SMP-R2J,BiLevel Machine Package,H9-36LS-PIBC-HC9,PAP Machine Humidifier,TRUE,DQ-ACF-Q6VG-BG3B,,"PAP Machine Humidifier, Heated",E0562,Frequency,Max. Allowable,Humidifier Type,Heated,,,,,,,,,,,,,,,,
V4-QS9HU-SMP-R2J,BiLevel Machine Package,H9-36LS-PIBC-HC9,PAP Machine Humidifier,TRUE,SYV-EIT-6MY-I8RF,,"PAP Machine Humidifier, Fit to Comfort",E0562/E0561,Frequency,Max. Allowable,Humidifier Type,Fit to Comfort,,,,,,,,,,,,,,,,
V4-QS9HU-SMP-R2J,BiLevel Machine Package,IH-H9T-G3ATX-BKT,PAP Mask Interface,TRUE,2E-PY-1Y-7CU-8UH,,"PAP Mask Interface, Fit to Comfort, 1 per 3 months",MASK,Mask Frame,Patient Preference,Mask Manufacturer,Patient Preference,Mask Style,Patient Preference,,,,,,,,,,,,,,
V4-QS9HU-SMP-R2J,BiLevel Machine Package,IH-H9T-G3ATX-BKT,PAP Mask Interface,TRUE,B5N-TDKU-B1DM-YU,,"PAP Mask Interface, Full Face, 1 per 3 months",A7030,Mask Frame,Full Face,Mask Manufacturer,Fit to Patient Comfort,Mask Style,Fit to Patient Comfort,,,,,,,,,,,,,,
V4-QS9HU-SMP-R2J,BiLevel Machine Package,IH-H9T-G3ATX-BKT,PAP Mask Interface,TRUE,EK-BVUQ-5F7K9-KF,,"PAP Mask Interface, Nasal Pillow, 1 per 3 months",A7034,Mask Frame,Nasal Pillow,Mask Manufacturer,Patient Preference,Mask Style,Patient Preference,,,,,,,,,,,,,,
V4-QS9HU-SMP-R2J,BiLevel Machine Package,IH-H9T-G3ATX-BKT,PAP Mask Interface,TRUE,GIP5H-Q6-BL-LJYU,,"PAP Mask Interface, Oral/Nasal, 1 per 3 months",A7027,Mask Frame,Oral / Nasal Hybrid,Mask Manufacturer,Fit to Patient Comfort,Mask Style,Fit to Patient Comfort,,,,,,,,,,,,,,
V4-QS9HU-SMP-R2J,BiLevel Machine Package,IH-H9T-G3ATX-BKT,PAP Mask Interface,TRUE,SXF2R-61Z2-EB-7Y,,"PAP Mask Interface, Nasal, 1 per 3 months",A7034,Mask Frame,Nasal,Mask Manufacturer,Fit to Patient Comfort,Mask Style,Fit to Patient Comfort,,,,,,,,,,,,,,
V4-QS9HU-SMP-R2J,BiLevel Machine Package,JRX-3F-ZD3DL-XB6,PAP Humidifier Water Chamber.,FALSE,L7Q4-F3XP-2EL-MG,,"PAP Humidifier Water Chamber, 1 per 6 months",A7046,Frequency,Max. Allowable,,,,,,,,,,,,,,,,,,
V4-QS9HU-SMP-R2J,BiLevel Machine Package,PE2Q5-U8V-XPL-ZC,BiLevel Machine.,TRUE,171U7-AR0-13-HQF,,"BiLevel VAPS Machine, Fit to Patient Comfort",E0471,BiLevel Type,BiLevel VAPS,Manufacturer,Fit to Comfort,,,,,,,,,,,,,,,,
V4-QS9HU-SMP-R2J,BiLevel Machine Package,PE2Q5-U8V-XPL-ZC,BiLevel Machine.,TRUE,1A924-S8Q79-D3IN,,"BiLevel S Machine, Generic",E0470,BiLevel Type,BiLevel S,Manufacturer,Generic,,,,,,,,,,,,,,,,
V4-QS9HU-SMP-R2J,BiLevel Machine Package,PE2Q5-U8V-XPL-ZC,BiLevel Machine.,TRUE,5U-A5-NYKE-F4-R7,,"BiLevel ST-A Machine, ResMed",E0471,BiLevel Type,BiLevel ST-A,Manufacturer,ResMed,,,,,,,,,,,,,,,,
V4-QS9HU-SMP-R2J,BiLevel Machine Package,PE2Q5-U8V-XPL-ZC,BiLevel Machine.,TRUE,65Q8-5IMAU-TD-4M,,"BiLevel S Machine, Drive Medical",E0470,BiLevel Type,BiLevel S,Manufacturer,Drive Medical,,,,,,,,,,,,,,,,
V4-QS9HU-SMP-R2J,BiLevel Machine Package,PE2Q5-U8V-XPL-ZC,BiLevel Machine.,TRUE,6BN4-IHR-AHLP-52,,"BiLevel ASV Machine, Fit to Patient Comfort",E0471,BiLevel Type,BiLevel ASV,Manufacturer,Fit to Comfort,,,,,,,,,,,,,,,,
V4-QS9HU-SMP-R2J,BiLevel Machine Package,PE2Q5-U8V-XPL-ZC,BiLevel Machine.,TRUE,D0-EK4-5P2-KX-BK,,"BiLevel VAPS Machine, ResMed iVAPS",E0471,BiLevel Type,BiLevel VAPS,Manufacturer,ResMed,,,,,,,,,,,,,,,,
V4-QS9HU-SMP-R2J,BiLevel Machine Package,PE2Q5-U8V-XPL-ZC,BiLevel Machine.,TRUE,GU0-0G-E2NZ-NJX6,,"BiLevel ST Machine, ResMed",E0471,BiLevel Type,BiLevel ST,Manufacturer,ResMed,,,,,,,,,,,,,,,,
V4-QS9HU-SMP-R2J,BiLevel Machine Package,PE2Q5-U8V-XPL-ZC,BiLevel Machine.,TRUE,HLXIN-7H1S-IC-QG,,"BiLevel VAPS Machine, Respironics AVAPS",E0471,BiLevel Type,BiLevel VAPS,Manufacturer,Phillips Respironics,,,,,,,,,,,,,,,,
V4-QS9HU-SMP-R2J,BiLevel Machine Package,PE2Q5-U8V-XPL-ZC,BiLevel Machine.,TRUE,IXH5-DK-HFX5I-98,,"BiLevel ST Machine, Fit to Patient Comfort",E0471,BiLevel Type,BiLevel ST,Manufacturer,Fit to Comfort,,,,,,,,,,,,,,,,
V4-QS9HU-SMP-R2J,BiLevel Machine Package,PE2Q5-U8V-XPL-ZC,BiLevel Machine.,TRUE,RH-AC76J-3UTF-TG,,"BiLevel S Machine, Fit to Patient Comfort",E0470,BiLevel Type,BiLevel S,Manufacturer,Fit to Comfort,,,,,,,,,,,,,,,,
V4-QS9HU-SMP-R2J,BiLevel Machine Package,PE2Q5-U8V-XPL-ZC,BiLevel Machine.,TRUE,S0K3D-US4-5P3-7U,,"BiLevel S Machine, ResMed",E0470,BiLevel Type,BiLevel S,Manufacturer,ResMed,,,,,,,,,,,,,,,,
V4-QS9HU-SMP-R2J,BiLevel Machine Package,PE2Q5-U8V-XPL-ZC,BiLevel Machine.,TRUE,SHV5L-U3I5R-GPMG,,"BiLevel ASV Machine, ResMed",E0471,BiLevel Type,BiLevel ASV,Manufacturer,ResMed,,,,,,,,,,,,,,,,
V4-QS9HU-SMP-R2J,BiLevel Machine Package,PE2Q5-U8V-XPL-ZC,BiLevel Machine.,TRUE,UBKM-ZB-U5V3C-JD,,"BiLevel S Machine, Respironics",E0470,BiLevel Type,BiLevel S,Manufacturer,Phillips Respironics,,,,,,,,,,,,,,,,
V4-QS9HU-SMP-R2J,BiLevel Machine Package,PE2Q5-U8V-XPL-ZC,BiLevel Machine.,TRUE,XIV-M7X-18-U4M4R,,"BiLevel ASV Machine, Respironics",E0471,BiLevel Type,BiLevel ASV,Manufacturer,Phillips Respironics,,,,,,,,,,,,,,,,
V4-QS9HU-SMP-R2J,BiLevel Machine Package,TBA-QZB2E-SNU-6B,PAP Interface Cushion,TRUE,2DQZ-1F-TCJC-XQJ,,"PAP Interface Cushion, Fit to Comfort",IFC,,,Mask Frame,Patient Preference,,,PAP Cushion Type,Patient Preference,,,,,,,,,,,,
V4-QS9HU-SMP-R2J,BiLevel Machine Package,TBA-QZB2E-SNU-6B,PAP Interface Cushion,TRUE,4Q7-V363-98P-I3Y,,"PAP Interface Cushion, Full Face, 1 per 1 month",A7031,Mask Frame,Full Face,,,PAP Cushion Type,Full Face,,,,,,,,,,,,,,
V4-QS9HU-SMP-R2J,BiLevel Machine Package,TBA-QZB2E-SNU-6B,PAP Interface Cushion,TRUE,BSTN8-MS-LHR-Q1Z,,"PAP Interface Cushion, Nasal Pillows, 2 per 1 month",A7033,Mask Frame,Nasal Pillow,,,PAP Cushion Type,Nasal Pillow,,,,,,,,,,,,,,
V4-QS9HU-SMP-R2J,BiLevel Machine Package,TBA-QZB2E-SNU-6B,PAP Interface Cushion,TRUE,CIXFS-Y4-P4-BCKM,,"PAP Interface Cushion, Oral, 2 per 1 month",A7028,,,Mask Frame,Oral,,,PAP Cushion Type,Oral,,,,,,,,,,,,
V4-QS9HU-SMP-R2J,BiLevel Machine Package,TBA-QZB2E-SNU-6B,PAP Interface Cushion,TRUE,DK-N6YTU-32PI-MU,,"PAP Interface Cushion, Nasal Pillows for Oral/Nasal Mask, 2 per 1 month",A7029,,,Mask Frame,Oral / Nasal Hybrid,,,PAP Cushion Type,Nasal Pillow,,,,,,,,,,,,
V4-QS9HU-SMP-R2J,BiLevel Machine Package,TBA-QZB2E-SNU-6B,PAP Interface Cushion,TRUE,LT9-XJ4-IEAZ-TDH,,"PAP Interface Cushion, Oral/Nasal Hybrid, 2 per 1 month",A7028,,,Mask Frame,Oral / Nasal Hybrid,,,PAP Cushion Type,Oral/Nasal,,,,,,,,,,,,
V4-QS9HU-SMP-R2J,BiLevel Machine Package,TBA-QZB2E-SNU-6B,PAP Interface Cushion,TRUE,PIZJ-AVEVL-GNK8D,,"PAP Interface Cushion, Nasal Pillow Mask for Nasal Mask, 2 per 1 month",A7033,Mask Frame,Nasal Pillow,,,PAP Cushion Type,Nasal Pillow,,,,,,,,,,,,,,
V4-QS9HU-SMP-R2J,BiLevel Machine Package,TBA-QZB2E-SNU-6B,PAP Interface Cushion,TRUE,Q59H-H2-MAKM-E49,,"PAP Interface Cushion, Fit to Comfort",IFC,,,Mask Frame,Fit to Comfort,,,PAP Cushion Type,Fit to Comfort,,,,,,,,,,,,
V4-QS9HU-SMP-R2J,BiLevel Machine Package,TBA-QZB2E-SNU-6B,PAP Interface Cushion,TRUE,YQ1-S4IKG-UIE-3B,,"PAP Interface Cushion, Nasal, 1 per 3 months",A7032,,,Mask Frame,Nasal,,,PAP Cushion Type,Nasal,,,,,,,,,,,,
V4-QS9HU-SMP-R2J,BiLevel Machine Package,V91-ETL5A-DI-3ZB,Disposable PAP Machine Filter,TRUE,YT0IG-N3JP1-FNYK,,"Disposable PAP Machine Filter, 2 per 1 month",A7038,Frequency,Max. Allowable,,,,,,,,,,,,,,,,,,
V4-QS9HU-SMP-R2J,BiLevel Machine Package,VHX-Z26CU-73-FNS,PAP Machine Headgear,TRUE,7K1-YZGH-D6M-H4D,,"PAP Machine Headgear, 1 per 6 months",A7035,Frequency,Max. Allowable,,,,,,,,,,,,,,,,,,
V4-QS9HU-SMP-R2J,BiLevel Machine Package,VZH-C4-NK-0M6-AR,Reusable PAP Machine Filter,TRUE,0E3M-ED-SYFZ-LFN,,"Non-Disposable PAP Machine Filter, 1 per 6 months",A7039,Frequency,Max. Allowable,,,,,,,,,,,,,,,,,,
Y45-N6Y-H87Z-QED,Travel CPAP Package [$],UHL-D8-53L2N-0Q6,Travel CPAP Machine,TRUE,SH0HD-IX8TP-GKER,,"Travel CPAP Machine, ReactHealth Luna TravelPAP",E0601,PAP System,ReactHealth Luna TravelPAP,,,,,,,,,,,,,,,,,,
Y45-N6Y-H87Z-QED,Travel CPAP Package [$],UHL-D8-53L2N-0Q6,Travel CPAP Machine,TRUE,VP-5G-GV2T-ZQ-EA,,"Travel CPAP Machine, ResMed AirMini Portable",E0601,PAP System,ResMed AirMini Portable,,,,,,,,,,,,,,,,,,
YXT-X346-08CL-B6,Bilevel AVAPS,6B-G8YD-QX5-Q0LA,PAP Mask Interface Cushion,FALSE,1M7F-B3-GJU-FNQH,,"PAP Mask Interface Cushion, Nasal, 2 per 1 month",A7032,,,Mask Frame,Nasal,,,,,,,,,,,,,,,,
YXT-X346-08CL-B6,Bilevel AVAPS,6B-G8YD-QX5-Q0LA,PAP Mask Interface Cushion,FALSE,JE28-YGS3R-VM-9C,,"PAP Mask Interface Cushion, Full Face, 1 per 1 month",A7031,,,,,,,,,,,Mask Frame,Full Face,,,,,,,,
YXT-X346-08CL-B6,Bilevel AVAPS,6B-G8YD-QX5-Q0LA,PAP Mask Interface Cushion,FALSE,TNI-C7UN-6ZI-SU5,,"PAP Mask Interface Cushion, Fit to Comfort",IFC,,,Mask Frame,Fit to Comfort,,,,,,,,,,,,,,,,
YXT-X346-08CL-B6,Bilevel AVAPS,6I-CU-K6-MNT4-BF,PAP Machine Tubing,TRUE,10RK-4K8S2-T6-EV,,"PAP Machine Tubing, Heated, 1 per 3 months",A4604,,,Tubing Type,Heated,,,,,,,,,,,,,,,,
YXT-X346-08CL-B6,Bilevel AVAPS,6I-CU-K6-MNT4-BF,PAP Machine Tubing,TRUE,31JB8-VF7-2K-L04,,"Climate Line Air Pap Machine Tubing, Heated, 1 per 3 months",A4604,,,,,,,,,,,Tubing Type,Climate Line Air Heated,,,,,,,,
YXT-X346-08CL-B6,Bilevel AVAPS,6I-CU-K6-MNT4-BF,PAP Machine Tubing,TRUE,CGHB-27DG6-SY-PQ,,"SlimLine PAP Machine Tubing, Non-Heated, 1 per 3 months",A7037,,,,,,,,,Tubing Type,SlimLine Non-Heated,,,,,,,,,,
YXT-X346-08CL-B6,Bilevel AVAPS,6I-CU-K6-MNT4-BF,PAP Machine Tubing,TRUE,L238-KQMY-KDT-2Q,,"PAP Machine Tubing, Fit to Comfort",A7037/A4604,,,,,,,Tubing Type,Patient Preference,,,,,,,,,,,,
YXT-X346-08CL-B6,Bilevel AVAPS,A4DJ-QS-NZK-EJ6I,PAP Sanitizer with Mask Wipes and Filter,FALSE,LJG9F-8Y-CAVB-Y4,,SoClean 2 Setup with Mask Wipes and Filter,X9999,,,,,,,,,,,,,,,,,,,PAP Sanitizer Brand,SoClean 2
YXT-X346-08CL-B6,Bilevel AVAPS,B29-DBQ-BC3PJ-VA,PAP Mask,TRUE,03AY8-G8Q64-B54P,,"PAP Mask, Full Face, Resmed Quattro Air, Large, 1 per 3 months",A7030,,,,,Mask Brand,Resmed Quattro Air,,,,,,,,,,,,,,
YXT-X346-08CL-B6,Bilevel AVAPS,B29-DBQ-BC3PJ-VA,PAP Mask,TRUE,04CT6-ZI-PDIP-4X,,"PAP Mask, Nasal, Resmed Airfit N20 for Her, Small, 1 per 3 months",A7034,,,,,,,,,Mask Brand,Resmed Airfit N20 for Her,,,,,,,,,,
YXT-X346-08CL-B6,Bilevel AVAPS,B29-DBQ-BC3PJ-VA,PAP Mask,TRUE,0Q-6C-QUY-DZ9-JP,,"PAP Mask, Nasal Pillow, Resmed Airfit P10, Medium, 1 per 3 months",A7034,,,,,,,,,,,,,,,Mask Brand,Resmed Airfit P10,,,,
YXT-X346-08CL-B6,Bilevel AVAPS,B29-DBQ-BC3PJ-VA,PAP Mask,TRUE,0RNGD-U9R2-4ZLDF,,"PAP Mask, Nasal, Fisher & Paykel Zest, Fit Upon Setup",A7034,,,,,,,,,,,Mask Brand,Fisher & Paykel Zest,,,,,,,,
YXT-X346-08CL-B6,Bilevel AVAPS,B29-DBQ-BC3PJ-VA,PAP Mask,TRUE,1N0R-K7HQ-GV-RNC,,"PAP Mask, Full Face, Dreamwear, Small (SM Frame), 1 per 3 months",A7030,,,,,,,,,,,,,,,Mask Brand,Dreamwear,,,,
YXT-X346-08CL-B6,Bilevel AVAPS,B29-DBQ-BC3PJ-VA,PAP Mask,TRUE,2LK4L-DAJH-D74N7,,"PAP Mask, Fit to Comfort, Oral, 1 per 3 months",A7044,,,,,Mask Brand,Fit Upon Setup,,,,,,,,,,,,,,
YXT-X346-08CL-B6,Bilevel AVAPS,B29-DBQ-BC3PJ-VA,PAP Mask,TRUE,2UP8-FY-C0EQH-UD,,"PAP Mask, Nasal Pillow, Airfit P10, X-Small, 2 per 1 month",A7033,,,,,,,Mask Brand,AirFit P10,,,,,,,,,,,,
YXT-X346-08CL-B6,Bilevel AVAPS,B29-DBQ-BC3PJ-VA,PAP Mask,TRUE,2V-RD0T-FLT-PEMY,,"PAP Mask, Nasal, Resmed Airfit N20, Fit Upon Setup, 1 per 3 months",A7034,,,,,Mask Brand,Resmed Airfit N20,,,,,,,,,,,,,,
YXT-X346-08CL-B6,Bilevel AVAPS,B29-DBQ-BC3PJ-VA,PAP Mask,TRUE,31BTL-1HJ6Y-3S58,,"PAP Mask, Nasal Pillow, Nuance Gel, Fit Upon Setup, 1 per 3 month",A7033,,,,,,,,,,,,,,,Mask Brand,Nuance,,,,
YXT-X346-08CL-B6,Bilevel AVAPS,B29-DBQ-BC3PJ-VA,PAP Mask,TRUE,362P-LN-CQ1LA-B4,,"PAP Mask, Full Face, Airfit F30I, Medium, 1 per 3 months",A7030,,,,,,,,,,,,,,,Mask Brand,Airfit F30I,,,,
YXT-X346-08CL-B6,Bilevel AVAPS,B29-DBQ-BC3PJ-VA,PAP Mask,TRUE,37LEV-4U6B-92HSG,,"PAP Mask, Nasal Pillow, Airfit P10, Fit Upon Setup, 2 per 1 month",A7033,,,Mask Brand,AirFit P10,,,,,,,,,,,,,,,,
YXT-X346-08CL-B6,Bilevel AVAPS,B29-DBQ-BC3PJ-VA,PAP Mask,TRUE,3J3-GC-SI2-JE-YB,,"PAP Mask, Nasal, Fisher & Paykel Eson, Large, 1 per 3 months",A7034,,,,,,,Mask Brand,Fisher & Paykel Eson,,,,,,,,,,,,
YXT-X346-08CL-B6,Bilevel AVAPS,B29-DBQ-BC3PJ-VA,PAP Mask,TRUE,3Z2EG-FY1S0-PLVM,,"PAP Mask, Nasal, Fit Upon Setup, N/A, 1 per 3 months",A7034,,,,,,,,,,,,,,,Mask Brand,Fit Upon Setup,,,,
YXT-X346-08CL-B6,Bilevel AVAPS,B29-DBQ-BC3PJ-VA,PAP Mask,TRUE,3ZN0-9M-U9X-CDE6,,"PAP Mask, Nasal, Dreamwisp Fit, Fit Upon Setup, 1 per 3 months",A7034,,,,,Mask Brand,Dreamwisp Fit,,,,,,,,,,,,,,
YXT-X346-08CL-B6,Bilevel AVAPS,B29-DBQ-BC3PJ-VA,PAP Mask,TRUE,43NX-0X9I-ZMS-6T,,"PAP Mask, Nasal, Fisher & Paykel Eson 2, Large, 1 per 3 months",A7034,,,,,,,,,,,Mask Brand,Fisher & Paykel Eson 2,,,,,,,,
YXT-X346-08CL-B6,Bilevel AVAPS,B29-DBQ-BC3PJ-VA,PAP Mask,TRUE,49D-P3U2V-NQ4-64,,"PAP Mask, Nasal, Respironics Dreamwear, Complete, 1 per 3 months",A7034,,,,,,,,,,,,,,,Mask Brand,Respironics Dreamwear,,,,
YXT-X346-08CL-B6,Bilevel AVAPS,B29-DBQ-BC3PJ-VA,PAP Mask,TRUE,4HR-AU9G-UMQ-Y2D,,"PAP Mask, Nasal, Resmed Mirage FX, Complete, 1 per 3 months",A7034,,,,,,,,,,,,,Mask Brand,Resmed Mirage FX,,,,,,
YXT-X346-08CL-B6,Bilevel AVAPS,B29-DBQ-BC3PJ-VA,PAP Mask,TRUE,4Y-GY-U4A9-R8NGI,,"PAP Mask, Nasal, Dreamwear, Medium Wide (MD Frame), 1 per 3 months",A7034,,,,,,,,,,,,,Mask Brand,Dreamwear,,,,,,
YXT-X346-08CL-B6,Bilevel AVAPS,B29-DBQ-BC3PJ-VA,PAP Mask,TRUE,51M-9D5QM-ST4-CG,,"PAP Mask, Nasal Cushion, Fisher & Paykel Eson 2",A7034,,,,,,,,,,,,,,,,,,,Mask Brand,Fisher & Paykel Eson 2
YXT-X346-08CL-B6,Bilevel AVAPS,B29-DBQ-BC3PJ-VA,PAP Mask,TRUE,57-E8D6-QM5T1-3C,,"PAP Mask, Nasal, Dreamwear, Medium (SM Frame), 1 per 3 months",A7034,,,Mask Brand,Dreamwear,,,,,,,,,,,,,,,,
YXT-X346-08CL-B6,Bilevel AVAPS,B29-DBQ-BC3PJ-VA,PAP Mask,TRUE,5AC-L3-DI-7D-4T8,,"PAP Mask, Full Face, Dreamwear, Small (LG Frame), 1 per 3 months",A7030,,,,,,,,,,,,,,,,,Mask Brand,Dreamwear,,
YXT-X346-08CL-B6,Bilevel AVAPS,B29-DBQ-BC3PJ-VA,PAP Mask,TRUE,5G236-JL-EV3T-3D,,"PAP Mask, Nasal Pillow, Dreamwear, Small (SM Frame), 1 per 3 months",A7034,,,Mask Brand,Dreamwear,,,,,,,,,,,,,,,,
YXT-X346-08CL-B6,Bilevel AVAPS,B29-DBQ-BC3PJ-VA,PAP Mask,TRUE,5RHC-MYA9I-0K-5D,,"PAP Mask, Nasal Cushion, Respironics Wisp Fabric",A7034,,,Mask Brand,Respironics Wisp Fabric,,,,,,,,,,,,,,,,
YXT-X346-08CL-B6,Bilevel AVAPS,B29-DBQ-BC3PJ-VA,PAP Mask,TRUE,5S-V2J3-S7I8-TX1,,"PAP Mask, Full Face, Amara Gel, Medium, 1 per 3 months",A7030,,,,,,,Mask Brand,Amara Gel,,,,,,,,,,,,
YXT-X346-08CL-B6,Bilevel AVAPS,B29-DBQ-BC3PJ-VA,PAP Mask,TRUE,5U-0PF4M-EK-VD5S,,"PAP Mask, Nasal, Resmed Airfit N10, Complete, 1 per 3 months",A7034,,,,,,,Mask Brand,Resmed Airfit N10,,,,,,,,,,,,
YXT-X346-08CL-B6,Bilevel AVAPS,B29-DBQ-BC3PJ-VA,PAP Mask,TRUE,65X0-MFUCL-6H-J8,,"PAP Mask, Full Face, Fisher & Paykel Vitera, Medium, 1 per 3 months",A7030,,,,,,,,,Mask Brand,Fisher & Paykel Vitera,,,,,,,,,,
YXT-X346-08CL-B6,Bilevel AVAPS,B29-DBQ-BC3PJ-VA,PAP Mask,TRUE,6I-N0-S4Y-TVN-MD,,"PAP Mask, Nasal Pillow, Swift FX, X-Small, 2 per 1 month",A7033,,,Mask Brand,Swift FX,,,,,,,,,,,,,,,,
YXT-X346-08CL-B6,Bilevel AVAPS,B29-DBQ-BC3PJ-VA,PAP Mask,TRUE,6N5-3Z2-CMQDH-ZF,,"PAP Mask, Full Face, Resmed Quattro FX, Large, 1 per 3 months",A7030,,,,,,,,,,,,,,,,,,,Mask Brand,Resmed Quattro FX
YXT-X346-08CL-B6,Bilevel AVAPS,B29-DBQ-BC3PJ-VA,PAP Mask,TRUE,6U-CNQ-P2LUT-S32,,"PAP Mask, Full Face, Respironics Amara View, Fit Upon Setup, 1 per 3 months",A7030,,,,,,,,,,,,,,,,,,,Mask Brand,Respironics Amara View
YXT-X346-08CL-B6,Bilevel AVAPS,B29-DBQ-BC3PJ-VA,PAP Mask,TRUE,71K-Y6E93-CG-Z5E,,"PAP Mask, Nasal Pillow, Resmed Airfit P10, Large, 1 per 3 months",A7034,,,,,Mask Brand,Resmed Airfit P10,,,,,,,,,,,,,,
YXT-X346-08CL-B6,Bilevel AVAPS,B29-DBQ-BC3PJ-VA,PAP Mask,TRUE,7D8-CFD-9EYN-KBX,,"PAP Mask, Nasal, Fisher & Paykel Eson, Fit Upon Setup, 1 per 3 months",A7034,,,,,,,,,,,,,,,,,,,Mask Brand,Fisher & Paykel Eson
YXT-X346-08CL-B6,Bilevel AVAPS,B29-DBQ-BC3PJ-VA,PAP Mask,TRUE,7GX-5LY-Q1Y1F-0R,,"PAP Mask, Nasal Pillow, Dreamwear, Large (MD Frame), 1 per 3 months",A7034,,,,,,,,,,,,,,,Mask Brand,Dreamwear,,,,
YXT-X346-08CL-B6,Bilevel AVAPS,B29-DBQ-BC3PJ-VA,PAP Mask,TRUE,7NHX-4H-NMPT-EZM,,"PAP Mask, Nasal, Airfit N30I, Wide, 1 per 3 months",A7034,,,,,,,,,,,,,,,,,,,Mask Brand,Airfit N30I
YXT-X346-08CL-B6,Bilevel AVAPS,B29-DBQ-BC3PJ-VA,PAP Mask,TRUE,7ZG-CNK-CSPMT-29,,"PAP Mask, Nasal Pillow, Resmed P30i",A7034,,,,,Mask Brand,Resmed P30i,,,,,,,,,,,,,,
YXT-X346-08CL-B6,Bilevel AVAPS,B29-DBQ-BC3PJ-VA,PAP Mask,TRUE,97J-AB4-LKG6-FEJ,,"PAP Mask, Nasal Pillow, Airfit P30I, Medium, 2 per 1 month",A7033,,,,,Mask Brand,Airfit P30I,,,,,,,,,,,,,,
YXT-X346-08CL-B6,Bilevel AVAPS,B29-DBQ-BC3PJ-VA,PAP Mask,TRUE,9G-PF5N8-E0DE-R2,,"PAP Mask, Full Face, Resmed Airfit F10, Medium, 1 per 3 months",A7030,,,,,,,,,,,,,,,,,,,Mask Brand,Resmed Airfit F10
YXT-X346-08CL-B6,Bilevel AVAPS,B29-DBQ-BC3PJ-VA,PAP Mask,TRUE,9YFQ-KUZ-7B8E-XM,,"PAP Mask, Nasal Cushion, Resmed N30",A7034,,,,,Mask Brand,Resmed N30,,,,,,,,,,,,,,
YXT-X346-08CL-B6,Bilevel AVAPS,B29-DBQ-BC3PJ-VA,PAP Mask,TRUE,9YZ-MV0B9-MT4-9J,,"PAP Mask, Full Face, Fisher & Paykel Vitera, Large, 1 per 3 months",A7030,,,,,,,,,,,,,,,,,Mask Brand,Fisher & Paykel Vitera,,
YXT-X346-08CL-B6,Bilevel AVAPS,B29-DBQ-BC3PJ-VA,PAP Mask,TRUE,A5G-YA26-PHXU-Z7,,"PAP Mask, Nasal, Airtouch N20, Medium, 1 per 3 months",A7034,,,,,,,,,,,,,Mask Brand,Airtouch N20,,,,,,
YXT-X346-08CL-B6,Bilevel AVAPS,B29-DBQ-BC3PJ-VA,PAP Mask,TRUE,AS-TN-P6IB-I03K8,,"PAP Mask, Nasal, Wisp, Fit Upon Setup, 1 per 3 months",A7034,,,,,,,Mask Brand,Wisp,,,,,,,,,,,,
YXT-X346-08CL-B6,Bilevel AVAPS,B29-DBQ-BC3PJ-VA,PAP Mask,TRUE,AT4GH-86-7HL-7HP,,"PAP Mask, Full Face, Resmed Quattro, Large, 1 per 3 months",A7030,,,,,,,,,Mask Brand,Resmed Quattro,,,,,,,,,,
YXT-X346-08CL-B6,Bilevel AVAPS,B29-DBQ-BC3PJ-VA,PAP Mask,TRUE,B18-YIPD-2K-4IT7,,"PAP Mask, Full Face, Resmed Airtouch F20 for Her, Small, 1 per 3 months",A7030,,,,,,,,,,,,,,,,,,,Mask Brand,Resmed Airtouch F20 for Her
YXT-X346-08CL-B6,Bilevel AVAPS,B29-DBQ-BC3PJ-VA,PAP Mask,TRUE,BP95-KNQ9P-QX-T5,,"PAP Mask, Nasal Pillow, Fisher & Paykel Pilairo Q, Standard, 1 per 3 months",A7034,,,,,,,,,,,,,,,,,Mask Brand,Fisher & Paykel Pilairo Q,,
YXT-X346-08CL-B6,Bilevel AVAPS,B29-DBQ-BC3PJ-VA,PAP Mask,TRUE,BX1-7H3N-GU-UE80,,"PAP Mask, Full Face, Resmed Quattro, Small, 1 per 3 months",A7030,,,,,Mask Brand,Resmed Quattro,,,,,,,,,,,,,,
YXT-X346-08CL-B6,Bilevel AVAPS,B29-DBQ-BC3PJ-VA,PAP Mask,TRUE,C4PX7-E6-URS-1U2,,"PAP Mask, Nasal, Other Brand, N/A, 1 per 3 months",A7034,,,,,,,,,,,,,,,,,Mask Brand,Other,,
YXT-X346-08CL-B6,Bilevel AVAPS,B29-DBQ-BC3PJ-VA,PAP Mask,TRUE,CD0J-GK-UH-GTGEV,,"PAP Mask, Nasal, Resmed Airfit N20, Small, 1 per 3 months",A7034,,,,,Mask Brand,Resmed Airfit N20,,,,,,,,,,,,,,
YXT-X346-08CL-B6,Bilevel AVAPS,B29-DBQ-BC3PJ-VA,PAP Mask,TRUE,CI3G-GN-B35P-9I9,,"PAP Mask, Oral, Fit Upon Setup, N/A, 1 per 3 months",A7044,,,,,Mask Brand,Fit Upon Setup,,,,,,,,,,,,,,
YXT-X346-08CL-B6,Bilevel AVAPS,B29-DBQ-BC3PJ-VA,PAP Mask,TRUE,D38D2-HMJT-QN-YA,,"PAP Mask, Full Face, Airfit F30I, Fit Upon Setup, 1 per 3 months",A7030,,,,,,,,,,,,,,,Mask Brand,Airfit F30I,,,,
YXT-X346-08CL-B6,Bilevel AVAPS,B29-DBQ-BC3PJ-VA,PAP Mask,TRUE,D9-UT-TQ-6CT-3NI,,"PAP Mask, Full Face, Amara Gel, Small, 1 per 3 months",A7030,,,Mask Brand,Amara Gel,,,,,,,,,,,,,,,,
YXT-X346-08CL-B6,Bilevel AVAPS,B29-DBQ-BC3PJ-VA,PAP Mask,TRUE,DXP45-Z2D-LRN-7C,,"PAP Mask, Nasal, Dreamwear, Medium (LG Frame), 1 per 3 months",A7034,,,,,,,,,,,,,Mask Brand,Dreamwear,,,,,,
YXT-X346-08CL-B6,Bilevel AVAPS,B29-DBQ-BC3PJ-VA,PAP Mask,TRUE,E8M-UZA6-VAB-QFA,,"PAP Mask, Full Face, Fisher & Paykel Vitera",A7030,,,,,,,Mask Brand,Fisher & Paykel Vitera,,,,,,,,,,,,
YXT-X346-08CL-B6,Bilevel AVAPS,B29-DBQ-BC3PJ-VA,PAP Mask,TRUE,ENXVE-NAC-B4C-DK,,"PAP Mask, Full Face, AirFit F20, Fit Upon Setup, 1 per 3 months",A7030,,,,,,,,,,,,,,,Mask Brand,AirFit F20,,,,
YXT-X346-08CL-B6,Bilevel AVAPS,B29-DBQ-BC3PJ-VA,PAP Mask,TRUE,EP-NV-7J5YJ-1QPJ,,"PAP Mask, Fit to Comfort, 1 per 3 months.",MASK,,,,,,,Mask Brand,Fit Upon Setup,,,,,,,,,,,,
YXT-X346-08CL-B6,Bilevel AVAPS,B29-DBQ-BC3PJ-VA,PAP Mask,TRUE,G4D2B-V5Q4A-57IF,,"PAP Mask, Full Face, Other Brand, N/A, 1 per 3 months",A7030,,,,,,,,,,,Mask Brand,Other,,,,,,,,
YXT-X346-08CL-B6,Bilevel AVAPS,B29-DBQ-BC3PJ-VA,PAP Mask,TRUE,GAHB0-EZ-37-LEKL,,"PAP Mask, Nasal Pillow, Airfit P10, Large, 2 per 1 month",A7033,,,,,,,Mask Brand,AirFit P10,,,,,,,,,,,,
YXT-X346-08CL-B6,Bilevel AVAPS,B29-DBQ-BC3PJ-VA,PAP Mask,TRUE,GY4-NLY-148F8-46,,"PAP Mask, Nasal, Airtouch F20 for Her, 1 per 3 months",A7034,,,,,,,,,Mask Brand,Airtouch F20 for Her,,,,,,,,,,
YXT-X346-08CL-B6,Bilevel AVAPS,B29-DBQ-BC3PJ-VA,PAP Mask,TRUE,H0GHK-A5C3-2M-F8,,"PAP Mask, Full Face, Resmed Quattro FX, Small, 1 per 3 months",A7030,,,,,,,,,,,,,Mask Brand,Resmed Quattro FX,,,,,,
YXT-X346-08CL-B6,Bilevel AVAPS,B29-DBQ-BC3PJ-VA,PAP Mask,TRUE,HYGN-BAX-PMA8-HI,,"PAP Mask, Nasal, Fisher & Paykel Eson 2, Small, 1 per 3 months",A7034,,,,,,,,,,,,,,,,,Mask Brand,Fisher & Paykel Eson 2,,
YXT-X346-08CL-B6,Bilevel AVAPS,B29-DBQ-BC3PJ-VA,PAP Mask,TRUE,I2PTE-Q68X3-BNDX,,"PAP Mask, Nasal Pillow, Resmed Swift FX, Complete, 1 per 3 months",A7034,,,Mask Brand,Resmed Swift FX,,,,,,,,,,,,,,,,
YXT-X346-08CL-B6,Bilevel AVAPS,B29-DBQ-BC3PJ-VA,PAP Mask,TRUE,I7CMF-AE-6DXE-2J,,"PAP Mask, Full Face, Airtouch F20, Fit Upon Setup, 1 per 3 months",A7030,,,,,,,,,,,,,,,,,,,Mask Brand,Airtouch F20
YXT-X346-08CL-B6,Bilevel AVAPS,B29-DBQ-BC3PJ-VA,PAP Mask,TRUE,IA-M932P-P0-BV4D,,"PAP Mask, Full Face, Resmed Airfit F20, Medium, 1 per 3 months",A7030,,,,,,,,,,,,,Mask Brand,Resmed Airfit F20,,,,,,
YXT-X346-08CL-B6,Bilevel AVAPS,B29-DBQ-BC3PJ-VA,PAP Mask,TRUE,IE-H067-PS6M-ZKC,,"PAP Mask, Nasal Pillow, Resmed Airfit P10, Complete, 1 per 3 months",A7034,,,,,,,,,Mask Brand,Resmed Airfit P10,,,,,,,,,,
YXT-X346-08CL-B6,Bilevel AVAPS,B29-DBQ-BC3PJ-VA,PAP Mask,TRUE,J8-B6NL-3BQLY-CH,,"PAP Mask, Full Face, Resmed Airtouch F20, Large, 1 per 3 months",A7030,Mask Brand,Resmed Airtouch F20,,,,,,,,,,,,,,,,,,
YXT-X346-08CL-B6,Bilevel AVAPS,B29-DBQ-BC3PJ-VA,PAP Mask,TRUE,JNPAN-2X-MS47-8B,,"PAP Mask, Nasal Pillow, Dreamwear, Small (LG Frame), 1 per 3 months",A7034,,,Mask Brand,Dreamwear,,,,,,,,,,,,,,,,
YXT-X346-08CL-B6,Bilevel AVAPS,B29-DBQ-BC3PJ-VA,PAP Mask,TRUE,K15PK-QT-EN-58BK,,"PAP Mask, Full Face, Dreamwear Full, Fit Upon Setup, 1 per 3 months",A7030,,,Mask Brand,Dreamwear Full,,,,,,,,,,,,,,,,
YXT-X346-08CL-B6,Bilevel AVAPS,B29-DBQ-BC3PJ-VA,PAP Mask,TRUE,KRLQ5-8V-0I0J-X9,,"PAP Mask, Fit to Comfort, Nasal, 1 per 3 months",A7034,,,,,,,,,Mask Brand,Fit Upon Setup,,,,,,,,,,
YXT-X346-08CL-B6,Bilevel AVAPS,B29-DBQ-BC3PJ-VA,PAP Mask,TRUE,KX0E-LFRX-K42-MH,,"PAP Mask, Full Face, Amara Gel, Petite, 1 per 3 months",A7030,,,Mask Brand,Amara Gel,,,,,,,,,,,,,,,,
YXT-X346-08CL-B6,Bilevel AVAPS,B29-DBQ-BC3PJ-VA,PAP Mask,TRUE,KXENF-0N-8S6C-AJ,,"PAP Mask, Full Face, Airfit F30I, Small, 1 per 3 months",A7030,,,,,Mask Brand,Airfit F30I,,,,,,,,,,,,,,
YXT-X346-08CL-B6,Bilevel AVAPS,B29-DBQ-BC3PJ-VA,PAP Mask,TRUE,L06Y-BL3P-BP-L7J,,"PAP Mask, Nasal, Airfit N30, Fit Upon Setup, 1 per 3 months",A7034,,,,,,,,,,,,,,,,,Mask Brand,Airfit N30,,
YXT-X346-08CL-B6,Bilevel AVAPS,B29-DBQ-BC3PJ-VA,PAP Mask,TRUE,L730-SE-A51YQ-3L,,"PAP Mask, Fit to Comfort, 1 per 3 months",MASK,,,,,,,,,,,,,,,,,Mask Brand,Fit Upon Setup,,
YXT-X346-08CL-B6,Bilevel AVAPS,B29-DBQ-BC3PJ-VA,PAP Mask,TRUE,LA-M9J8-RL6C5-VU,,"PAP Mask, Full Face, Dreamwear, Medium (LG Frame), 1 per 3 months",A7030,,,,,,,Mask Brand,Dreamwear,,,,,,,,,,,,
YXT-X346-08CL-B6,Bilevel AVAPS,B29-DBQ-BC3PJ-VA,PAP Mask,TRUE,LCLIE-9V0IF-E03L,,"PAP Mask, Full Face, Resmed F30",A7030,,,,,Mask Brand,Resmed F30,,,,,,,,,,,,,,
YXT-X346-08CL-B6,Bilevel AVAPS,B29-DBQ-BC3PJ-VA,PAP Mask,TRUE,LJX-YC-85PM2-TSM,,"PAP Mask, Full Face, Respironics Dreamwear",A7030,,,,,,,,,,,Mask Brand,Respironics Dreamwear,,,,,,,,
YXT-X346-08CL-B6,Bilevel AVAPS,B29-DBQ-BC3PJ-VA,PAP Mask,TRUE,LNEQ-83-BDL84-53,,"PAP Mask, Nasal, Airfit N30I, Small-Wide, 1 per 3 months",A7034,,,,,,,Mask Brand,Airfit N30I,,,,,,,,,,,,
YXT-X346-08CL-B6,Bilevel AVAPS,B29-DBQ-BC3PJ-VA,PAP Mask,TRUE,LXH0C-XUH6-6BKUF,,"PAP Mask, Nasal Pillow, Dreamwear, Small (MD Frame), 1 per 3 months",A7034,,,,,,,,,,,,,Mask Brand,Dreamwear,,,,,,
YXT-X346-08CL-B6,Bilevel AVAPS,B29-DBQ-BC3PJ-VA,PAP Mask,TRUE,LXI-ZY3U1-DV0-ZA,,"PAP Mask, Nasal, Dreamwear, Small (SM Frame), 1 per 3 months",A7034,,,,,,,,,,,,,,,Mask Brand,Dreamwear,,,,
YXT-X346-08CL-B6,Bilevel AVAPS,B29-DBQ-BC3PJ-VA,PAP Mask,TRUE,LXN3N-03Q-KN0-L8,,"PAP Mask, Full Face, Fisher & Paykel Simplus, Small, 1 per 3 months",A7030,,,,,,,,,,,,,,,,,Mask Brand,Fisher & Paykel Simplus,,
YXT-X346-08CL-B6,Bilevel AVAPS,B29-DBQ-BC3PJ-VA,PAP Mask,TRUE,MA4-HKD8-S4IK-UC,,"PAP Mask, Nasal Pillow, Resmed Airfit P10, Small, 1 per 3 months",A7034,,,Mask Brand,Resmed Airfit P10,,,,,,,,,,,,,,,,
YXT-X346-08CL-B6,Bilevel AVAPS,B29-DBQ-BC3PJ-VA,PAP Mask,TRUE,NH-N9P7-0SX-7B67,,"PAP Mask, Nasal, Dreamwear, Large (LG Frame), 1 per 3 months",A7034,,,,,Mask Brand,Dreamwear,,,,,,,,,,,,,,
YXT-X346-08CL-B6,Bilevel AVAPS,B29-DBQ-BC3PJ-VA,PAP Mask,TRUE,NL28E-UR-L7-S09A,,"PAP Mask, Full Face, Resmed Quattro Air, Medium, 1 per 3 months",A7030,,,,,,,,,,,Mask Brand,Resmed Quattro Air,,,,,,,,
YXT-X346-08CL-B6,Bilevel AVAPS,B29-DBQ-BC3PJ-VA,PAP Mask,TRUE,P0-FSF-T01K-0TD2,,"PAP Mask, Nasal Cushion, Respironics Wisp Pediatric",A7034,,,,,,,,,Mask Brand,Respironics Wisp Pediatric,,,,,,,,,,
YXT-X346-08CL-B6,Bilevel AVAPS,B29-DBQ-BC3PJ-VA,PAP Mask,TRUE,P2Y-AMC-90EQ-UM4,,"PAP Mask, Nasal, Dreamwear, Large (SM Frame), 1 per 3 months",A7034,,,Mask Brand,Dreamwear,,,,,,,,,,,,,,,,
YXT-X346-08CL-B6,Bilevel AVAPS,B29-DBQ-BC3PJ-VA,PAP Mask,TRUE,PB1DE-4T-G0CS-JE,,"PAP Mask, Full Face, Dreamwear, Medium (MD Frame), 1 per 3 months",A7030,,,,,,,,,,,,,,,Mask Brand,Dreamwear,,,,
YXT-X346-08CL-B6,Bilevel AVAPS,B29-DBQ-BC3PJ-VA,PAP Mask,TRUE,PF-80S-59CN-9ZRF,,"PAP Mask, Full Face, Resmed Quattro, Medium, 1 per 3 months",A7030,,,,,,,,,,,,,Mask Brand,Resmed Quattro,,,,,,
YXT-X346-08CL-B6,Bilevel AVAPS,B29-DBQ-BC3PJ-VA,PAP Mask,TRUE,PNGE-3RPCL-L915D,,"PAP Mask, Full Face, Resmed Airfit F10, Small, 1 per 3 months",A7030,,,,,,,Mask Brand,Resmed Airfit F10,,,,,,,,,,,,
YXT-X346-08CL-B6,Bilevel AVAPS,B29-DBQ-BC3PJ-VA,PAP Mask,TRUE,Q27-HL-N879-5RS1,,"PAP Mask, Nasal Pillow, Dreamwear, Medium (SM Frame), 1 per 3 months",A7034,,,,,,,Mask Brand,Dreamwear,,,,,,,,,,,,
YXT-X346-08CL-B6,Bilevel AVAPS,B29-DBQ-BC3PJ-VA,PAP Mask,TRUE,QV-3F-49P-831-76,,"PAP Mask, Nasal Pillow, Swift FX, Medium, 2 per 1 month",A7033,,,,,,,,,,,,,,,,,,,Mask Brand,Swift FX
YXT-X346-08CL-B6,Bilevel AVAPS,B29-DBQ-BC3PJ-VA,PAP Mask,TRUE,RBM0-DLJ-MR-KVYQ,,"PAP Mask, Nasal, Dreamwear, Medium (MD Frame), 1 per 3 months",A7034,,,,,,,,,Mask Brand,Dreamwear,,,,,,,,,,
YXT-X346-08CL-B6,Bilevel AVAPS,B29-DBQ-BC3PJ-VA,PAP Mask,TRUE,SK-B63H-XRD-GIQ6,,"PAP Mask, Nasal Pillow, Airfit P30I, Small, 1 per 3 months",A7034,,,,,,,Mask Brand,Airfit P30I,,,,,,,,,,,,
YXT-X346-08CL-B6,Bilevel AVAPS,B29-DBQ-BC3PJ-VA,PAP Mask,TRUE,SLE-BL-A8CD-5TET,,"PAP Mask, Full Face, Fisher & Paykel Simplus, Medium, 1 per 3 months",A7030,,,,,,,,,Mask Brand,Fisher & Paykel Simplus,,,,,,,,,,
YXT-X346-08CL-B6,Bilevel AVAPS,B29-DBQ-BC3PJ-VA,PAP Mask,TRUE,SXE3I-RC2-9EU-PL,,"PAP Mask, Full Face, Respironics Amara View, Large, 1 per 3 months",A7030,,,,,Mask Brand,Respironics Amara View,,,,,,,,,,,,,,
YXT-X346-08CL-B6,Bilevel AVAPS,B29-DBQ-BC3PJ-VA,PAP Mask,TRUE,T14-NJM-PJADQ-MF,,"PAP Mask, Nasal Pillow, Dreamwear, Large (LG Frame), 1 per 3 months",A7034,,,,,,,,,,,Mask Brand,Dreamwear,,,,,,,,
YXT-X346-08CL-B6,Bilevel AVAPS,B29-DBQ-BC3PJ-VA,PAP Mask,TRUE,T9Z-DF6A-VGH1-UR,,"PAP Mask, Nasal Pillow, Respironics Nuance Gel, Complete, 1 per 3 months",A7034,,,,,,,,,Mask Brand,Respironics Nuance Gel,,,,,,,,,,
YXT-X346-08CL-B6,Bilevel AVAPS,B29-DBQ-BC3PJ-VA,PAP Mask,TRUE,TD-PBJFG-CA-2IY9,,"PAP Mask, Nasal, Dreamwear, Large (SM Frame), 1 per 3 months.",A7034,,,,,,,,,,,Mask Brand,Dreamwear,,,,,,,,
YXT-X346-08CL-B6,Bilevel AVAPS,B29-DBQ-BC3PJ-VA,PAP Mask,TRUE,TF5R-YHY4V-B8S5G,,"PAP Mask, Full Face, Fisher & Paykel Simplus, Fit Upon Setup, 1 per 3 months",A7030,,,,,,,,,,,,,,,,,Mask Brand,Fisher & Paykel Simplus,,
YXT-X346-08CL-B6,Bilevel AVAPS,B29-DBQ-BC3PJ-VA,PAP Mask,TRUE,TH-IBM-JA-VL-840,,"PAP Mask, Nasal, Dreamwear, Fit Upon Setup, 1 per 3 months",A7034,,,,,,,,,,,,,,,Mask Brand,Dreamwear,,,,
YXT-X346-08CL-B6,Bilevel AVAPS,B29-DBQ-BC3PJ-VA,PAP Mask,TRUE,TK-J5A4-AB7G-MN2,,"PAP Mask, Fit to Comfort, 1 per 3 months.",A7034,,,,,,,,,,,Mask Brand,Fit Upon Setup,,,,,,,,
YXT-X346-08CL-B6,Bilevel AVAPS,B29-DBQ-BC3PJ-VA,PAP Mask,TRUE,TK-NS9F2-7T8D-EM,,"PAP Mask, Nasal Pillow, Airfit P30I, Fit Upon Setup, 2 per 1 month",A7033,,,,,,,,,,,,,Mask Brand,Airfit P30I,,,,,,
YXT-X346-08CL-B6,Bilevel AVAPS,B29-DBQ-BC3PJ-VA,PAP Mask,TRUE,TLDUT-0EP0-M90C1,,"PAP Mask, Nasal Cushion, Respironics Dreamwisp",A7034,,,,,,,,,,,,,,,Mask Brand,Respironics Dreamwisp,,,,
YXT-X346-08CL-B6,Bilevel AVAPS,B29-DBQ-BC3PJ-VA,PAP Mask,TRUE,TUIC4-D813Y-YJ17,,"PAP Mask, Full Face, Dreamwear, Small (MD Frame), 1 per 3 months",A7030,,,,,Mask Brand,Dreamwear,,,,,,,,,,,,,,
YXT-X346-08CL-B6,Bilevel AVAPS,B29-DBQ-BC3PJ-VA,PAP Mask,TRUE,UJ59H-2I-6YC-SR6,,"PAP Mask, Nasal Cushion, Resmed Pixi Pediatric",A7034,,,,,,,,,,,,,,,,,Mask Brand,Resmed Pixi Pediatric,,
YXT-X346-08CL-B6,Bilevel AVAPS,B29-DBQ-BC3PJ-VA,PAP Mask,TRUE,UTBPG-KJ-KL8-TQ0,,"PAP Mask, Full Face, Resmed Airfit F20 for Her, Small, 1 per 3 months",A7030,,,,,,,,,,,,,,,Mask Brand,Resmed Airfit F20 for Her,,,,
YXT-X346-08CL-B6,Bilevel AVAPS,B29-DBQ-BC3PJ-VA,PAP Mask,TRUE,UX-APBHG-8PV-DCB,,"PAP Mask, Full Face, Fit Upon Setup, N/A, 1 per 3 months",A7030,,,,,,,,,,,Mask Brand,Fit Upon Setup,,,,,,,,
YXT-X346-08CL-B6,Bilevel AVAPS,B29-DBQ-BC3PJ-VA,PAP Mask,TRUE,UY-KQC-BR-3Q-HG0,,"PAP Mask, Nasal Pillow, Dreamwear, Medium (MD Frame), 1 per 3 months",A7034,,,,,,,Mask Brand,Dreamwear,,,,,,,,,,,,
YXT-X346-08CL-B6,Bilevel AVAPS,B29-DBQ-BC3PJ-VA,PAP Mask,TRUE,VDU2V-GICV-UM-P9,,"PAP Mask, Nasal Pillow, Swift FX Bella, For Her, 1 per 3 months",A7033,,,,,,,,,Mask Brand,Swift FX Bella,,,,,,,,,,
YXT-X346-08CL-B6,Bilevel AVAPS,B29-DBQ-BC3PJ-VA,PAP Mask,TRUE,VY-KBIM-HDT08-73,,"PAP Mask, Nasal, Fisher & Paykel Brevida, Fit Upon Setup, 1 per 3 months",A7034,,,,,,,,,Mask Brand,Fisher & Paykel Brevida,,,,,,,,,,
YXT-X346-08CL-B6,Bilevel AVAPS,B29-DBQ-BC3PJ-VA,PAP Mask,TRUE,X0T-CUI7L-A5T-L5,,"PAP Mask, Nasal Pillow, Resmed Swift FX for Her, Complete, 1 per 3 months",A7034,,,,,,,,,,,Mask Brand,Resmed Swift FX for Her,,,,,,,,
YXT-X346-08CL-B6,Bilevel AVAPS,B29-DBQ-BC3PJ-VA,PAP Mask,TRUE,XTPXG-YEQ-1Y-MUC,,"PAP Mask, Nasal Cushion, Fisher & Paykel Evora",A7034,,,,,Mask Brand,Fisher & Paykel Evora Nasal,,,,,,,,,,,,,,
YXT-X346-08CL-B6,Bilevel AVAPS,B29-DBQ-BC3PJ-VA,PAP Mask,TRUE,XY-KQXHV-4R-9V76,,"PAP Mask, Full Face, Airfit F30I, Standard, 1 per 3 months",A7030,,,,,,,,,Mask Brand,Airfit F30I,,,,,,,,,,
YXT-X346-08CL-B6,Bilevel AVAPS,B29-DBQ-BC3PJ-VA,PAP Mask,TRUE,Y2-PHVF-AU5GS-FZ,,"PAP Mask, Full Face, Resmed Airtouch F20, Small, 1 per 3 months",A7030,,,,,,,,,Mask Brand,Resmed Airtouch F20,,,,,,,,,,
YXT-X346-08CL-B6,Bilevel AVAPS,B29-DBQ-BC3PJ-VA,PAP Mask,TRUE,Z12IS-MT5P6-SPHK,,"PAP Mask, Nasal, Respironics ComfortGel Blue, Small, 1 per 3 months",A7034,,,,,,,,,,,,,,,,,,,Mask Brand,Respironics ComfortGel Blue
YXT-X346-08CL-B6,Bilevel AVAPS,B29-DBQ-BC3PJ-VA,PAP Mask,TRUE,Z1R-PZ-HZQJH-1UD,,"PAP Mask, Nasal, Dreamwear, Small (MD Frame), 1 per 3 months",A7034,,,,,,,,,,,,,Mask Brand,Dreamwear,,,,,,
YXT-X346-08CL-B6,Bilevel AVAPS,B29-DBQ-BC3PJ-VA,PAP Mask,TRUE,ZEZK-N73-RV0-XZP,,"PAP Mask, Full Face, Resmed Airtouch F20, Medium, 1 per 3 months",A7030,,,,,,,,,,,Mask Brand,Resmed Airtouch F20,,,,,,,,
YXT-X346-08CL-B6,Bilevel AVAPS,B29-DBQ-BC3PJ-VA,PAP Mask,TRUE,ZL-90J-5KH17-YMI,,"PAP Mask, Nasal Pillow, Dreamwear, Medium (LG Frame), 1 per 3 months",A7034,,,,,,,,,,,,,Mask Brand,Dreamwear,,,,,,
YXT-X346-08CL-B6,Bilevel AVAPS,DQ8-AFJA-0ZR4-04,BiLevel AVAPS Machine,TRUE,9V-5RUN-GXS2Z-XN,,"BiLevel AVAPS Machine, Generic",E0471,BiLevel Type,BiLevel AVAPS,PAP System,Generic,,,,,,,,,,,,,,,,
YXT-X346-08CL-B6,Bilevel AVAPS,DQ8-AFJA-0ZR4-04,BiLevel AVAPS Machine,TRUE,H7MS-EHJ2-S2N-Q7,,"BiLevel AVAPS Machine, Respironics Dreamstation BiPAP AVAPS",E0471,BiLevel Type,BiLevel AVAPS,PAP System,Respironics Dreamstation BiPAP AVAPS,,,,,,,,,,,,,,,,
YXT-X346-08CL-B6,Bilevel AVAPS,HUPL-N9-KTS-PKHF,PAP Chinstrap,FALSE,0HI8-4VBI8-4V5F0,,"PAP Chinstrap, Fit to Comfort, 1 per 6 months",A7036,PAP Chinstrap Included,Fit to Comfort,,,,,,,,,,,,,,,,,,
YXT-X346-08CL-B6,Bilevel AVAPS,HUPL-N9-KTS-PKHF,PAP Chinstrap,FALSE,18S-X7-61A0H-I2P,,No Chinstrap Included,,,,,,,,,,,,,,,,,,PAP Chinstrap Included,PAP Chinstrap Not Included,,
YXT-X346-08CL-B6,Bilevel AVAPS,HUPL-N9-KTS-PKHF,PAP Chinstrap,FALSE,CB-Q76BH-A20Y-1T,,"PAP Chinstrap, 1 per 6 months",A7036,,,,,,,PAP Chinstrap Included,PAP Chinstrap Included,,,,,,,,,,,,
YXT-X346-08CL-B6,Bilevel AVAPS,LX6-GZH-U6JT-EYE,PAP Humidifier,TRUE,0MXJI-HV2V-NU5ZF,,"PAP Humidifier, Heated.",E0562,,,,,Humidifier Type,Heated.,,,,,,,,,,,,,,
YXT-X346-08CL-B6,Bilevel AVAPS,LX6-GZH-U6JT-EYE,PAP Humidifier,TRUE,AZ-4I2-18N-EFVY9,,"PAP Humidifier, Patient Preference",E0561/E0562,,,,,,,,,,,Humidifier Type,Fit to Comfort,,,,,,,,
YXT-X346-08CL-B6,Bilevel AVAPS,LX6-GZH-U6JT-EYE,PAP Humidifier,TRUE,DRXE-1DLC6-0R-FU,,"PAP Humidifier, Patient Preference",,,,Humidifier Type,Patient Preference,,,,,,,,,,,,,,,,
YXT-X346-08CL-B6,Bilevel AVAPS,LX6-GZH-U6JT-EYE,PAP Humidifier,TRUE,FK2S-M4-L3-GL-CS,,"PAP Humidifier, Heated",E0562,,,,,,,,,,,,,,,Humidifier Type,Heated,,,,
YXT-X346-08CL-B6,Bilevel AVAPS,LX6-GZH-U6JT-EYE,PAP Humidifier,TRUE,TUF2L-QT-7R4-8QN,,"PAP Humidifier, Non-Heated",E0561,,,,,Humidifier Type,Non-Heated,,,,,,,,,,,,,,
YXT-X346-08CL-B6,Bilevel AVAPS,N8-2XZT-BJRLY-G4,Disposable PAP Filter,TRUE,9P-BDPD-M46HF-L7,,"Disposable PAP Filter, 2 per 1 month",A7038,,,Disposable PAP Filter,Included,,,,,,,,,,,,,,,,
ZKQHG-RNYF7-DVQD,PAP Mask Full Face Cushion,Q9C-4XSH-8R-FDH4,PAP Mask Full Face Cushion,TRUE,1KNZ-RE-RV8C-YLN,,"PAP Mask Full Face Cushion, Dreamwear, Medium, 1 per 1 month",A7031,Mask Brand,Dreamwear,Mask Size,Medium,,,,,,,,,,,,,,,,
ZKQHG-RNYF7-DVQD,PAP Mask Full Face Cushion,Q9C-4XSH-8R-FDH4,PAP Mask Full Face Cushion,TRUE,1P0K-K9-EPR3L-HN,,"PAP Mask Full Face Cushion, Fisher & Paykel HC431, Large, 1 per 1 month",A7031,Mask Brand,Fisher & Paykel HC431,Mask Size,Large,,,,,,,,,,,,,,,,
ZKQHG-RNYF7-DVQD,PAP Mask Full Face Cushion,Q9C-4XSH-8R-FDH4,PAP Mask Full Face Cushion,TRUE,1U-QS-Y1QI-41BGD,,"PAP Mask Full Face Cushion, Airfit F30I, Medium, 1 per 1 month",A7031,Mask Brand,Airfit F30I,Mask Size,Medium,,,,,,,,,,,,,,,,
ZKQHG-RNYF7-DVQD,PAP Mask Full Face Cushion,Q9C-4XSH-8R-FDH4,PAP Mask Full Face Cushion,TRUE,23K1-UZP-CQKZ-MJ,,"PAP Mask Full Face Cushion, Fisher & Paykel Forma, Small, 1 per 1 month",A7031,Mask Brand,Fisher & Paykel Forma,Mask Size,Small,,,,,,,,,,,,,,,,
ZKQHG-RNYF7-DVQD,PAP Mask Full Face Cushion,Q9C-4XSH-8R-FDH4,PAP Mask Full Face Cushion,TRUE,279-C97JF-0V-0SZ,,"PAP Mask Full Face Cushion, Resmed Quattro FX, Large, 1 per 1 month",A7031,Mask Brand,Resmed Quattro FX,Mask Size,Large,,,,,,,,,,,,,,,,
ZKQHG-RNYF7-DVQD,PAP Mask Full Face Cushion,Q9C-4XSH-8R-FDH4,PAP Mask Full Face Cushion,TRUE,2E6TI-LN-C2QP-DB,,"PAP Mask Full Face Cushion, Resmed Quattro Air, Medium, 1 per 1 month",A7031,Mask Brand,Resmed Quattro Air,Mask Size,Medium,,,,,,,,,,,,,,,,
ZKQHG-RNYF7-DVQD,PAP Mask Full Face Cushion,Q9C-4XSH-8R-FDH4,PAP Mask Full Face Cushion,TRUE,35LI-V9R0-KT-0PG,,"PAP Mask Full Face Cushion, Resmed Mirage, Large Shallow, 1 per 1 month",A7031,Mask Brand,Resmed Mirage,Mask Size,Large Shallow,,,,,,,,,,,,,,,,
ZKQHG-RNYF7-DVQD,PAP Mask Full Face Cushion,Q9C-4XSH-8R-FDH4,PAP Mask Full Face Cushion,TRUE,3E70-S9-NGXCP-AU,,"PAP Mask Full Face Cushion, Fisher & Paykel Forma, Large, 1 per 1 month",A7031,Mask Brand,Fisher & Paykel Forma,Mask Size,Large,,,,,,,,,,,,,,,,
ZKQHG-RNYF7-DVQD,PAP Mask Full Face Cushion,Q9C-4XSH-8R-FDH4,PAP Mask Full Face Cushion,TRUE,50Q-BPAGR-HN-M26,,"PAP Mask Full Face Cushion, Fisher & Paykel Vitera, Medium, 1 per 1 month",A7031,Mask Brand,Fisher & Paykel Vitera,Mask Size,Medium,,,,,,,,,,,,,,,,
ZKQHG-RNYF7-DVQD,PAP Mask Full Face Cushion,Q9C-4XSH-8R-FDH4,PAP Mask Full Face Cushion,TRUE,52L0K-FN5F-ZS-9V,,"PAP Mask Full Face Cushion, Drive Comfort Fit Deluxe, Small, 1 per 1 month",A7031,Mask Brand,Drive Comfort Fit Deluxe,Mask Size,Small,,,,,,,,,,,,,,,,
ZKQHG-RNYF7-DVQD,PAP Mask Full Face Cushion,Q9C-4XSH-8R-FDH4,PAP Mask Full Face Cushion,TRUE,5RT-XKS-9HGHQ-8P,,"PAP Mask Full Face Cushion, Respironics ComfortGel Blue, Medium, 1 per 1 month",A7031,Mask Brand,Respironics ComfortGel Blue,Mask Size,Medium,,,,,,,,,,,,,,,,
ZKQHG-RNYF7-DVQD,PAP Mask Full Face Cushion,Q9C-4XSH-8R-FDH4,PAP Mask Full Face Cushion,TRUE,5S-59-RIVE-XI05A,,"PAP Mask Full Face Cushion, Roscoe Hybrid HYB500, Large, 1 per 1 month",A7031,Mask Brand,Roscoe Hybrid HYB500,Mask Size,Large,,,,,,,,,,,,,,,,
ZKQHG-RNYF7-DVQD,PAP Mask Full Face Cushion,Q9C-4XSH-8R-FDH4,PAP Mask Full Face Cushion,TRUE,7L8F-VUZ-4F-HSQY,,"PAP Mask Full Face Cushion, Airfit F30I, Small-Wide, 1 per 1 month",A7031,Mask Brand,Airfit F30I,Mask Size,Small-Wide,,,,,,,,,,,,,,,,
ZKQHG-RNYF7-DVQD,PAP Mask Full Face Cushion,Q9C-4XSH-8R-FDH4,PAP Mask Full Face Cushion,TRUE,7S2-YQ26-UA-857S,,"PAP Mask Full Face Cushion, Airfit F30I, Wide, 1 per 1 month",A7030,Mask Brand,Airfit F30I,Mask Size,Wide,,,,,,,,,,,,,,,,
ZKQHG-RNYF7-DVQD,PAP Mask Full Face Cushion,Q9C-4XSH-8R-FDH4,PAP Mask Full Face Cushion,TRUE,81J-ENS-RC-Z0-6U,,"PAP Mask Full Face Cushion, Respironics Amara Silicone, Medium, 1 per 1 month",A7031,Mask Brand,Respironics Amara Silicone,Mask Size,Medium,,,,,,,,,,,,,,,,
ZKQHG-RNYF7-DVQD,PAP Mask Full Face Cushion,Q9C-4XSH-8R-FDH4,PAP Mask Full Face Cushion,TRUE,8G2V-PJLRB-TS-ZP,,"PAP Mask Full Face Cushion, Fisher & Paykel HC432, Large, 1 per 1 month",A7031,Mask Brand,Fisher & Paykel HC432,Mask Size,Large,,,,,,,,,,,,,,,,
ZKQHG-RNYF7-DVQD,PAP Mask Full Face Cushion,Q9C-4XSH-8R-FDH4,PAP Mask Full Face Cushion,TRUE,8H-1Z-76BXJ-0S54,,"PAP Mask Full Face Cushion, Airtouch, Small, 1 per 1 month",A7031,Mask Brand,Airtouch F20,Mask Size,Small,,,,,,,,,,,,,,,,
ZKQHG-RNYF7-DVQD,PAP Mask Full Face Cushion,Q9C-4XSH-8R-FDH4,PAP Mask Full Face Cushion,TRUE,962-MTJD-S0EA-MA,,"PAP Mask Full Face Cushion, Resmed Quattro, Large, 1 per 1 month",A7031,Mask Brand,Resmed Quattro,Mask Size,Large,,,,,,,,,,,,,,,,
ZKQHG-RNYF7-DVQD,PAP Mask Full Face Cushion,Q9C-4XSH-8R-FDH4,PAP Mask Full Face Cushion,TRUE,98-GN-1Y0ZX-SXSJ,,"PAP Mask Full Face Cushion, Resmed Mirage, Medium Shallow, 1 per 1 month",A7031,Mask Brand,Resmed Mirage,Mask Size,Medium Shallow,,,,,,,,,,,,,,,,
ZKQHG-RNYF7-DVQD,PAP Mask Full Face Cushion,Q9C-4XSH-8R-FDH4,PAP Mask Full Face Cushion,TRUE,A2-Q52-ME-LG-CK5,,"PAP Mask Full Face Cushion, Respironics Amara Silicone, Large, 1 per 1 month",A7031,Mask Brand,Respironics Amara Silicone,Mask Size,Large,,,,,,,,,,,,,,,,
ZKQHG-RNYF7-DVQD,PAP Mask Full Face Cushion,Q9C-4XSH-8R-FDH4,PAP Mask Full Face Cushion,TRUE,A8SI-2EK-BZI-YI3,,"PAP Mask Full Face Cushion, Respironics ComfortGel, Medium, 1 per 1 month",A7031,Mask Brand,Respironics ComfortGel,Mask Size,Medium,,,,,,,,,,,,,,,,
ZKQHG-RNYF7-DVQD,PAP Mask Full Face Cushion,Q9C-4XSH-8R-FDH4,PAP Mask Full Face Cushion,TRUE,AX5-EA-2N-5Q-TQI,,"PAP Mask Full Face Cushion, Resmed Airfit F20, Medium, 1 per 1 month",A7031,Mask Brand,Resmed Airfit F20,Mask Size,Medium,,,,,,,,,,,,,,,,
ZKQHG-RNYF7-DVQD,PAP Mask Full Face Cushion,Q9C-4XSH-8R-FDH4,PAP Mask Full Face Cushion,TRUE,AZ5FI-T54GS-H9ET,,"PAP Mask Full Face Cushion, Resmed Quattro, Small, 1 per 1 month",A7031,Mask Brand,Resmed Quattro,Mask Size,Small,,,,,,,,,,,,,,,,
ZKQHG-RNYF7-DVQD,PAP Mask Full Face Cushion,Q9C-4XSH-8R-FDH4,PAP Mask Full Face Cushion,TRUE,BA9-SALK-EZK-23B,,"PAP Mask Full Face Cushion, Respironics Amara View, Small, 1 per 1 month",A7031,Mask Brand,Respironics Amara View,Mask Size,Small,,,,,,,,,,,,,,,,
ZKQHG-RNYF7-DVQD,PAP Mask Full Face Cushion,Q9C-4XSH-8R-FDH4,PAP Mask Full Face Cushion,TRUE,BJEA-RC-1I-CAL01,,"PAP Mask Full Face Cushion, Resmed Mirage, Small Shallow, 1 per 1 month",A7031,Mask Brand,Resmed Mirage,Mask Size,Small Shallow,,,,,,,,,,,,,,,,
ZKQHG-RNYF7-DVQD,PAP Mask Full Face Cushion,Q9C-4XSH-8R-FDH4,PAP Mask Full Face Cushion,TRUE,BP-GFG-1X-RH-PVK,,"PAP Mask Full Face Cushion, Respironics Amara Silicone, Small, 1 per 1 month",A7031,Mask Brand,Respironics Amara Silicone,Mask Size,Small,,,,,,,,,,,,,,,,
ZKQHG-RNYF7-DVQD,PAP Mask Full Face Cushion,Q9C-4XSH-8R-FDH4,PAP Mask Full Face Cushion,TRUE,CBYK6-YCLP-1JNTI,,"PAP Mask Full Face Cushion, Drive Comfort Fit Deluxe, Standard, 1 per 1 month",A7031,Mask Brand,Drive Comfort Fit Deluxe,Mask Size,Standard,,,,,,,,,,,,,,,,
ZKQHG-RNYF7-DVQD,PAP Mask Full Face Cushion,Q9C-4XSH-8R-FDH4,PAP Mask Full Face Cushion,TRUE,CIRI6-SPLB-0Y-Y3,,"PAP Mask Full Face Cushion, Fisher & Paykel Forma, Medium, 1 per 1 month",A7031,Mask Brand,Fisher & Paykel Forma,Mask Size,Medium,,,,,,,,,,,,,,,,
ZKQHG-RNYF7-DVQD,PAP Mask Full Face Cushion,Q9C-4XSH-8R-FDH4,PAP Mask Full Face Cushion,TRUE,DL-9PS14-TDJI-LV,,"PAP Mask Full Face Cushion, Airfit F30I, Standard, 1 per 1 month",A7030,Mask Brand,Airfit F30I,Mask Size,Standard,,,,,,,,,,,,,,,,
ZKQHG-RNYF7-DVQD,PAP Mask Full Face Cushion,Q9C-4XSH-8R-FDH4,PAP Mask Full Face Cushion,TRUE,DST-323I-6P-YPJY,,"PAP Mask Full Face Cushion, Respironics Amara Gel, Petite, 1 per 1 month",A7031,Mask Brand,Respironics Amara Gel,Mask Size,Petite,,,,,,,,,,,,,,,,
ZKQHG-RNYF7-DVQD,PAP Mask Full Face Cushion,Q9C-4XSH-8R-FDH4,PAP Mask Full Face Cushion,TRUE,FB1-B8U-6ZY-8NCN,,"PAP Mask Full Face Cushion, Airtouch, Medium, 1 per 1 month",A7031,Mask Brand,Airtouch F20,Mask Size,Medium,,,,,,,,,,,,,,,,
ZKQHG-RNYF7-DVQD,PAP Mask Full Face Cushion,Q9C-4XSH-8R-FDH4,PAP Mask Full Face Cushion,TRUE,FJ-HPHN7-YG9-PC6,,"PAP Mask Full Face Cushion, Respironics ComfortGel Blue, Small, 1 per 1 month",A7031,Mask Brand,Respironics ComfortGel Blue,Mask Size,Small,,,,,,,,,,,,,,,,
ZKQHG-RNYF7-DVQD,PAP Mask Full Face Cushion,Q9C-4XSH-8R-FDH4,PAP Mask Full Face Cushion,TRUE,FKAUT-TAZBY-P2AZ,,"PAP Mask Full Face Cushion, Resmed Mirage, Medium, 1 per 1 month",A7031,Mask Brand,Resmed Mirage,Mask Size,Medium,,,,,,,,,,,,,,,,
ZKQHG-RNYF7-DVQD,PAP Mask Full Face Cushion,Q9C-4XSH-8R-FDH4,PAP Mask Full Face Cushion,TRUE,FPNG-H9D-JT7Q-SK,,"PAP Mask Full Face Cushion, Respironics Amara Gel, Small, 1 per 1 month",A7031,Mask Brand,Respironics Amara Gel,Mask Size,Small,,,,,,,,,,,,,,,,
ZKQHG-RNYF7-DVQD,PAP Mask Full Face Cushion,Q9C-4XSH-8R-FDH4,PAP Mask Full Face Cushion,TRUE,FU7YJ-Z6-21-GVC3,,"PAP Mask Full Face Cushion, Resmed Airfit F10, Medium, 1 per 1 month",A7031,Mask Brand,Resmed Airfit F10,Mask Size,Medium,,,,,,,,,,,,,,,,
ZKQHG-RNYF7-DVQD,PAP Mask Full Face Cushion,Q9C-4XSH-8R-FDH4,PAP Mask Full Face Cushion,TRUE,H4-KJE-2PCV-M8S7,,"PAP Mask Full Face Cushion, Resmed Airfit F20, Small, 1 per 1 month",A7031,Mask Brand,Resmed Airfit F20,Mask Size,Small,,,,,,,,,,,,,,,,
ZKQHG-RNYF7-DVQD,PAP Mask Full Face Cushion,Q9C-4XSH-8R-FDH4,PAP Mask Full Face Cushion,TRUE,H50UA-4D-JK2Y-J8,,"PAP Mask Full Face Cushion, Respironics ComfortGel Blue, Large, 1 per 1 month",A7031,Mask Brand,Respironics ComfortGel Blue,Mask Size,Large,,,,,,,,,,,,,,,,
ZKQHG-RNYF7-DVQD,PAP Mask Full Face Cushion,Q9C-4XSH-8R-FDH4,PAP Mask Full Face Cushion,TRUE,HD-HUDV-PJKUT-YG,,"PAP Mask Full Face Cushion, Respironics Amara View, Large, 1 per 1 month",A7031,Mask Brand,Respironics Amara View,Mask Size,Large,,,,,,,,,,,,,,,,
ZKQHG-RNYF7-DVQD,PAP Mask Full Face Cushion,Q9C-4XSH-8R-FDH4,PAP Mask Full Face Cushion,TRUE,IVBR3-L5NFG-GTR1,,"PAP Mask Full Face Cushion, Resmed Quattro FX, Small, 1 per 1 month",A7031,Mask Brand,Resmed Quattro FX,Mask Size,Small,,,,,,,,,,,,,,,,
ZKQHG-RNYF7-DVQD,PAP Mask Full Face Cushion,Q9C-4XSH-8R-FDH4,PAP Mask Full Face Cushion,TRUE,J7XSB-LM-D6-F0YL,,"PAP Mask Full Face Cushion, Airfit F30I, Wide, 1 per 1 month",A7031,Mask Brand,Airfit F30I,Mask Size,Wide,,,,,,,,,,,,,,,,
ZKQHG-RNYF7-DVQD,PAP Mask Full Face Cushion,Q9C-4XSH-8R-FDH4,PAP Mask Full Face Cushion,TRUE,JG-KCY9-NUA49-2D,,"PAP Mask Full Face Cushion, Resmed Quattro Air, Extra Small, 1 per 1 month",A7031,Mask Brand,Resmed Quattro Air,Mask Size,X-Small,,,,,,,,,,,,,,,,
ZKQHG-RNYF7-DVQD,PAP Mask Full Face Cushion,Q9C-4XSH-8R-FDH4,PAP Mask Full Face Cushion,TRUE,JZX-EA3-ZGCI7-L5,,"PAP Mask Full Face Cushion, Respironics ComfortGel Blue, Extra Large, 1 per 1 month",A7031,Mask Brand,Respironics ComfortGel Blue,Mask Size,X-Large,,,,,,,,,,,,,,,,
ZKQHG-RNYF7-DVQD,PAP Mask Full Face Cushion,Q9C-4XSH-8R-FDH4,PAP Mask Full Face Cushion,TRUE,KBCJ-LE3VT-2D-CX,,"PAP Mask Full Face Cushion, Respironics Amara Silicone, Petite, 1 per 1 month",A7031,Mask Brand,Respironics Amara Silicone,Mask Size,Petite,,,,,,,,,,,,,,,,
ZKQHG-RNYF7-DVQD,PAP Mask Full Face Cushion,Q9C-4XSH-8R-FDH4,PAP Mask Full Face Cushion,TRUE,L212N-TMA05-84DJ,,"PAP Mask Full Face Cushion, Fisher & Paykel Simplus, Large, 1 per 1 month",A7031,Mask Brand,Fisher & Paykel Simplus,Mask Size,Large,,,,,,,,,,,,,,,,
ZKQHG-RNYF7-DVQD,PAP Mask Full Face Cushion,Q9C-4XSH-8R-FDH4,PAP Mask Full Face Cushion,TRUE,L6-49S-0SD94-2UP,,"PAP Mask Full Face Cushion, Resmed Airfit F10, Small, 1 per 1 month",A7031,Mask Brand,Resmed Airfit F10,Mask Size,Small,,,,,,,,,,,,,,,,
ZKQHG-RNYF7-DVQD,PAP Mask Full Face Cushion,Q9C-4XSH-8R-FDH4,PAP Mask Full Face Cushion,TRUE,LIH4-MS6Q-I18-NV,,"PAP Mask Full Face Cushion, Fisher & Paykel HC431, Small, 1 per 1 month",A7031,Mask Brand,Fisher & Paykel HC431,Mask Size,Small,,,,,,,,,,,,,,,,
ZKQHG-RNYF7-DVQD,PAP Mask Full Face Cushion,Q9C-4XSH-8R-FDH4,PAP Mask Full Face Cushion,TRUE,LQXD-G079-TJ-TIH,,"PAP Mask Full Face Cushion, Resmed Quattro FX, Medium, 1 per 1 month",A7031,Mask Brand,Resmed Quattro FX,Mask Size,Medium,,,,,,,,,,,,,,,,
ZKQHG-RNYF7-DVQD,PAP Mask Full Face Cushion,Q9C-4XSH-8R-FDH4,PAP Mask Full Face Cushion,TRUE,M0H6-VKV81-XSU2I,,"PAP Mask Full Face Cushion, Resmed Quattro Air, Large, 1 per 1 month",A7031,Mask Brand,Resmed Quattro Air,Mask Size,Large,,,,,,,,,,,,,,,,
ZKQHG-RNYF7-DVQD,PAP Mask Full Face Cushion,Q9C-4XSH-8R-FDH4,PAP Mask Full Face Cushion,TRUE,MAK-91I-GUNC0-KY,,"PAP Mask Full Face Cushion, Resmed Quattro, Extra Small, 1 per 1 month",A7031,Mask Brand,Resmed Quattro,Mask Size,X-Small,,,,,,,,,,,,,,,,
ZKQHG-RNYF7-DVQD,PAP Mask Full Face Cushion,Q9C-4XSH-8R-FDH4,PAP Mask Full Face Cushion,TRUE,MBG4-08N-KSR-7F4,,"PAP Mask Full Face Cushion, Respironics FullLife, Medium, 1 per 1 month",A7031,Mask Brand,Respironics FullLife,Mask Size,Medium,,,,,,,,,,,,,,,,
ZKQHG-RNYF7-DVQD,PAP Mask Full Face Cushion,Q9C-4XSH-8R-FDH4,PAP Mask Full Face Cushion,TRUE,MEI-X5Z-1IC-A5ZA,,"PAP Mask Full Face Cushion, Dreamwear, Large, 1 per 1 month",A7031,Mask Brand,Dreamwear,Mask Size,Large,,,,,,,,,,,,,,,,
ZKQHG-RNYF7-DVQD,PAP Mask Full Face Cushion,Q9C-4XSH-8R-FDH4,PAP Mask Full Face Cushion,TRUE,MF-1I8X-JAS0-VX4,,"PAP Mask Full Face Cushion, Resmed Airfit F10, Large, 1 per 1 month",A7031,Mask Brand,Resmed Airfit F10,Mask Size,Large,,,,,,,,,,,,,,,,
ZKQHG-RNYF7-DVQD,PAP Mask Full Face Cushion,Q9C-4XSH-8R-FDH4,PAP Mask Full Face Cushion,TRUE,MYV-N9-4AJ7-DCAK,,"PAP Mask Full Face Cushion, Dreamwear, Small, 1 per 1 month",A7031,Mask Brand,Dreamwear,Mask Size,Small,,,,,,,,,,,,,,,,
ZKQHG-RNYF7-DVQD,PAP Mask Full Face Cushion,Q9C-4XSH-8R-FDH4,PAP Mask Full Face Cushion,TRUE,N08-U0Q1A-D39-8T,,"PAP Mask Full Face Cushion, Fisher & Paykel HC432, Medium, 1 per 1 month",A7031,Mask Brand,Fisher & Paykel HC432,Mask Size,Medium,,,,,,,,,,,,,,,,
ZKQHG-RNYF7-DVQD,PAP Mask Full Face Cushion,Q9C-4XSH-8R-FDH4,PAP Mask Full Face Cushion,TRUE,N8A41-D9-QRGJ-NL,,"PAP Mask Full Face Cushion, DeVilbiss EasyFit, Large, 1 per 1 month",A7031,Mask Brand,DeVilbiss EasyFit,Mask Size,Large,,,,,,,,,,,,,,,,
ZKQHG-RNYF7-DVQD,PAP Mask Full Face Cushion,Q9C-4XSH-8R-FDH4,PAP Mask Full Face Cushion,TRUE,NBZ1-PR7K9-3Y-LD,,"PAP Mask Full Face Cushion, DeVilbiss EasyFit, Small, 1 per 1 month",A7031,Mask Brand,DeVilbiss EasyFit,Mask Size,Small,,,,,,,,,,,,,,,,
ZKQHG-RNYF7-DVQD,PAP Mask Full Face Cushion,Q9C-4XSH-8R-FDH4,PAP Mask Full Face Cushion,TRUE,NG-XF-VG-V42C-XP,,"PAP Mask Full Face Cushion, Fisher & Paykel HC432, Small, 1 per 1 month",A7031,Mask Brand,Fisher & Paykel HC432,Mask Size,Small,,,,,,,,,,,,,,,,
ZKQHG-RNYF7-DVQD,PAP Mask Full Face Cushion,Q9C-4XSH-8R-FDH4,PAP Mask Full Face Cushion,TRUE,NJ-2LT-Y7VY-I1X5,,"PAP Mask Full Face Cushion, Airfit F30I, Large, 1 per 1 month",A7030,Mask Brand,Airfit F30I,Mask Size,Large,,,,,,,,,,,,,,,,
ZKQHG-RNYF7-DVQD,PAP Mask Full Face Cushion,Q9C-4XSH-8R-FDH4,PAP Mask Full Face Cushion,TRUE,NLQI-K6VF-7YJ-IL,,"PAP Mask Full Face Cushion, Respironics Amara Gel, Large, 1 per 1 month",A7031,Mask Brand,Respironics Amara Gel,Mask Size,Large,,,,,,,,,,,,,,,,
ZKQHG-RNYF7-DVQD,PAP Mask Full Face Cushion,Q9C-4XSH-8R-FDH4,PAP Mask Full Face Cushion,TRUE,P76-LEN-9Y5IE-RC,,"PAP Mask Full Face Cushion, Airtouch, Large, 1 per 1 month",A7031,Mask Brand,Airtouch F20,Mask Size,Large,,,,,,,,,,,,,,,,
ZKQHG-RNYF7-DVQD,PAP Mask Full Face Cushion,Q9C-4XSH-8R-FDH4,PAP Mask Full Face Cushion,TRUE,P8CR-LE5J5-FTHDL,,"PAP Mask Full Face Cushion, Fisher & Paykel Simplus, Small, 1 per 1 month",A7031,Mask Brand,Fisher & Paykel Simplus,Mask Size,Small,,,,,,,,,,,,,,,,
ZKQHG-RNYF7-DVQD,PAP Mask Full Face Cushion,Q9C-4XSH-8R-FDH4,PAP Mask Full Face Cushion,TRUE,QBC-7YL-GIAMN-ER,,"PAP Mask Full Face Cushion, Resmed Mirage, Small, 1 per 1 month",A7031,Mask Brand,Resmed Mirage,Mask Size,Small,,,,,,,,,,,,,,,,
ZKQHG-RNYF7-DVQD,PAP Mask Full Face Cushion,Q9C-4XSH-8R-FDH4,PAP Mask Full Face Cushion,TRUE,QG-VX-92-QMB-PK3,,"PAP Mask Full Face Cushion, Fisher & Paykel HC432, Extra Large, 1 per 1 month",A7031,Mask Brand,Fisher & Paykel HC432,Mask Size,X-Large,,,,,,,,,,,,,,,,
ZKQHG-RNYF7-DVQD,PAP Mask Full Face Cushion,Q9C-4XSH-8R-FDH4,PAP Mask Full Face Cushion,TRUE,QSC-ILX3-EZJ9-0F,,"PAP Mask Full Face Cushion, Respironics Amara Gel, Medium, 1 per 1 month",A7031,Mask Brand,Respironics Amara Gel,Mask Size,Medium,,,,,,,,,,,,,,,,
ZKQHG-RNYF7-DVQD,PAP Mask Full Face Cushion,Q9C-4XSH-8R-FDH4,PAP Mask Full Face Cushion,TRUE,QU6UP-1LY-38-QR5,,"PAP Mask Full Face Cushion, Resmed Airfit F10, Extra Small, 1 per 1 month",A7031,Mask Brand,Resmed Airfit F10,Mask Size,X-Small,,,,,,,,,,,,,,,,
ZKQHG-RNYF7-DVQD,PAP Mask Full Face Cushion,Q9C-4XSH-8R-FDH4,PAP Mask Full Face Cushion,TRUE,RJQR-5M9J-3X-A2U,,"PAP Mask Full Face Cushion, Resmed Airfit F20, Large, 1 per 1 month",A7031,Mask Brand,Resmed Airfit F20,Mask Size,Large,,,,,,,,,,,,,,,,
ZKQHG-RNYF7-DVQD,PAP Mask Full Face Cushion,Q9C-4XSH-8R-FDH4,PAP Mask Full Face Cushion,TRUE,S0U-VTLI3-B3H-81,,"PAP Mask Full Face Cushion, Airfit F30I, Small, 1 per 1 month",A7031,Mask Brand,Airfit F30I,Mask Size,Small,,,,,,,,,,,,,,,,
ZKQHG-RNYF7-DVQD,PAP Mask Full Face Cushion,Q9C-4XSH-8R-FDH4,PAP Mask Full Face Cushion,TRUE,SLP7-NCLC-C80-Z3,,"PAP Mask Full Face Cushion, Roscoe Hybrid HYB500, Medium, 1 per 1 month",A7031,Mask Brand,Roscoe Hybrid HYB500,Mask Size,Medium,,,,,,,,,,,,,,,,
ZKQHG-RNYF7-DVQD,PAP Mask Full Face Cushion,Q9C-4XSH-8R-FDH4,PAP Mask Full Face Cushion,TRUE,T947H-HETK-CD6BZ,,"PAP Mask Full Face Cushion, Fisher & Paykel Vitera, Large, 1 per 1 month",A7031,Mask Brand,Fisher & Paykel Vitera,Mask Size,Large,,,,,,,,,,,,,,,,
ZKQHG-RNYF7-DVQD,PAP Mask Full Face Cushion,Q9C-4XSH-8R-FDH4,PAP Mask Full Face Cushion,TRUE,TRG-ZD-BZ9YD-TXT,,"PAP Mask Full Face Cushion, Resmed Quattro Air,  Small, 1 per 1 month",A7031,Mask Brand,Resmed Quattro Air,Mask Size,Small,,,,,,,,,,,,,,,,
ZKQHG-RNYF7-DVQD,PAP Mask Full Face Cushion,Q9C-4XSH-8R-FDH4,PAP Mask Full Face Cushion,TRUE,TUA-1KZC-IR-3EBM,,"PAP Mask Full Face Cushion, Fisher & Paykel HC431, Medium, 1 per 1 month",A7031,Mask Brand,Fisher & Paykel HC431,Mask Size,Medium,,,,,,,,,,,,,,,,
ZKQHG-RNYF7-DVQD,PAP Mask Full Face Cushion,Q9C-4XSH-8R-FDH4,PAP Mask Full Face Cushion,TRUE,X1BV-0DJ2-NF-4KT,,"PAP Mask Full Face Cushion, Airfit F30I, Medium, 1 per 1 month",A7030,Mask Brand,Airfit F30I,Mask Size,Medium,,,,,,,,,,,,,,,,
ZKQHG-RNYF7-DVQD,PAP Mask Full Face Cushion,Q9C-4XSH-8R-FDH4,PAP Mask Full Face Cushion,TRUE,XF9-7A5K-PU-ALNJ,,"PAP Mask Full Face Cushion, Resmed Quattro, Medium, 1 per 1 month",A7031,Mask Brand,Resmed Quattro,Mask Size,Medium,,,,,,,,,,,,,,,,
ZKQHG-RNYF7-DVQD,PAP Mask Full Face Cushion,Q9C-4XSH-8R-FDH4,PAP Mask Full Face Cushion,TRUE,XMN-0YE-ZK-1G1LV,,"PAP Mask Full Face Cushion, Fisher & Paykel Forma, Extra Large, 1 per 1 month",A7031,Mask Brand,Fisher & Paykel Forma,Mask Size,X-Large,,,,,,,,,,,,,,,,
ZKQHG-RNYF7-DVQD,PAP Mask Full Face Cushion,Q9C-4XSH-8R-FDH4,PAP Mask Full Face Cushion,TRUE,XYTPG-HS-9E-7B61,,"PAP Mask Full Face Cushion, Airfit F30I, Small, 1 per 1 month",A7030,Mask Brand,Airfit F30I,Mask Size,Small,,,,,,,,,,,,,,,,
ZKQHG-RNYF7-DVQD,PAP Mask Full Face Cushion,Q9C-4XSH-8R-FDH4,PAP Mask Full Face Cushion,TRUE,YC-3UJQ-KF08-12M,,"PAP Mask Full Face Cushion, Fisher & Paykel Vitera, Small, 1 per 1 month",A7031,Mask Brand,Fisher & Paykel Vitera,Mask Size,Small,,,,,,,,,,,,,,,,
ZKQHG-RNYF7-DVQD,PAP Mask Full Face Cushion,Q9C-4XSH-8R-FDH4,PAP Mask Full Face Cushion,TRUE,YR0MP-KUHI0-UXKE,,"PAP Mask Full Face Cushion, Resmed Mirage, Large, 1 per 1 month",A7031,Mask Brand,Resmed Mirage,Mask Size,Large,,,,,,,,,,,,,,,,
ZKQHG-RNYF7-DVQD,PAP Mask Full Face Cushion,Q9C-4XSH-8R-FDH4,PAP Mask Full Face Cushion,TRUE,Z079-L0KC-8J-GSE,,"PAP Mask Full Face Cushion, Respironics Amara View, Medium, 1 per 1 month",A7031,Mask Brand,Respironics Amara View,Mask Size,Medium,,,,,,,,,,,,,,,,
ZKQHG-RNYF7-DVQD,PAP Mask Full Face Cushion,Q9C-4XSH-8R-FDH4,PAP Mask Full Face Cushion,TRUE,Z46-IAEH-A4QN-8E,,"PAP Mask Full Face Cushion, Fisher & Paykel Simplus, Medium, 1 per 1 month",A7031,Mask Brand,Fisher & Paykel Simplus,Mask Size,Medium,,,,,,,,,,,,,,,,
ZKQHG-RNYF7-DVQD,PAP Mask Full Face Cushion,Q9C-4XSH-8R-FDH4,PAP Mask Full Face Cushion,TRUE,ZAQ-1V2-X7S-7YDS,,"PAP Mask Full Face Cushion, DeVilbiss EasyFit, Medium, 1 per 1 month",A7031,Mask Brand,DeVilbiss EasyFit,Mask Size,Medium,,,,,,,,,,,,,,,,
ZM-NJ3-ZSZX9-PRE,CPAP and BiLevel Resupply Package (New Patient Setup),1P3-CS4E-VFQ-8EA,Non-Disposable PAP Filter,FALSE,IQFK-CA82-M0-4E1,,"Non-Disposable PAP Filter, 1 per 6 months",A7039,,,,,,,Non-Disposable PAP Filter,Included,,,,,,,,,,,,
ZM-NJ3-ZSZX9-PRE,CPAP and BiLevel Resupply Package (New Patient Setup),1P3-CS4E-VFQ-8EA,Non-Disposable PAP Filter,FALSE,YV-FUK-7U6-8GX20,,No Non-Disposable PAP Filter,,Non-Disposable PAP Filter,Not Included,,,,,,,,,,,,,,,,,,
ZM-NJ3-ZSZX9-PRE,CPAP and BiLevel Resupply Package (New Patient Setup),6B-G8YD-QX5-Q0LA,PAP Mask Interface Cushion,FALSE,051G-X1-4J-FC1MZ,,"PAP Mask Interface Cushion, Fit to Comfort (A7031- 1 per month/ A7032- 2 per month/ A7033 - 2 per month)",IFC,,,Mask Frame,Fit to Comfort,,,,,,,,,,,,,,,,
ZM-NJ3-ZSZX9-PRE,CPAP and BiLevel Resupply Package (New Patient Setup),6B-G8YD-QX5-Q0LA,PAP Mask Interface Cushion,FALSE,1M7F-B3-GJU-FNQH,,"PAP Mask Interface Cushion, Nasal, 2 per 1 month",A7032,,,,,,,,,,,,,,,Mask Frame,Nasal,,,,
ZM-NJ3-ZSZX9-PRE,CPAP and BiLevel Resupply Package (New Patient Setup),6B-G8YD-QX5-Q0LA,PAP Mask Interface Cushion,FALSE,1TI-ZGIA-ZBR8-T6,,"PAP Mask Interface Cushion, Virtual Fitting",IFC,,,Mask Frame,Virtual Fitting,,,,,,,,,,,,,,,,
ZM-NJ3-ZSZX9-PRE,CPAP and BiLevel Resupply Package (New Patient Setup),6B-G8YD-QX5-Q0LA,PAP Mask Interface Cushion,FALSE,29X1-MA-FT-JY-CT,,"PAP Mask Interface Cushion, Nasal Pillow, 2 per 1 month",A7033,Mask Frame,Nasal Pillow,,,,,,,,,,,,,,,,,,
ZM-NJ3-ZSZX9-PRE,CPAP and BiLevel Resupply Package (New Patient Setup),6B-G8YD-QX5-Q0LA,PAP Mask Interface Cushion,FALSE,58U-N8-SXLUD-8AX,,"PAP Mask Interface Cushion, Fit to Comfort (A7031- 1 per month/ A7032- 2 per month/ A7033 - 2 per month) - may include A7031 (full face cushion) or A7032/A7033 (nasal cushion/nasal pillow cushion)",IFC,,,Mask Frame,Fit to Comfort,,,,,,,,,,,,,,,,
ZM-NJ3-ZSZX9-PRE,CPAP and BiLevel Resupply Package (New Patient Setup),6B-G8YD-QX5-Q0LA,PAP Mask Interface Cushion,FALSE,7L-TIDF-V9-8S-AH,,"PAP Mask Interface Cushion, Fit to Comfort (A7031- 1 per month/ A7032- 2 per month/ A7033 - 2 per month/ A7028 - 2 per month)",IFC,,,Mask Frame,Fit to Comfort,,,,,,,,,,,,,,,,
ZM-NJ3-ZSZX9-PRE,CPAP and BiLevel Resupply Package (New Patient Setup),6B-G8YD-QX5-Q0LA,PAP Mask Interface Cushion,FALSE,97-UIGCM-N91-NKB,,"PAP Mask Interface Cushion, Fit to Comfort.",IFC,,,,,,,,,,,,,,,Mask Frame,Patient Preference,,,,
ZM-NJ3-ZSZX9-PRE,CPAP and BiLevel Resupply Package (New Patient Setup),6B-G8YD-QX5-Q0LA,PAP Mask Interface Cushion,FALSE,98VR5-ACDY-CMQAT,,"PAP Mask Interface Cushion, Oral / Nasal Hybrid, 2 per 1 month",A7028,Mask Frame,Oral / Nasal Hybrid,,,,,,,,,,,,,,,,,,
ZM-NJ3-ZSZX9-PRE,CPAP and BiLevel Resupply Package (New Patient Setup),6B-G8YD-QX5-Q0LA,PAP Mask Interface Cushion,FALSE,AQ-GQ9-KDMLT-2XB,,"A7031/ A7032/ A7033 PAP Mask Interface Cushion, Fit to Comfort",IFC,,,Mask Frame,Fit to Comfort,,,,,,,,,,,,,,,,
ZM-NJ3-ZSZX9-PRE,CPAP and BiLevel Resupply Package (New Patient Setup),6B-G8YD-QX5-Q0LA,PAP Mask Interface Cushion,FALSE,GML-SG9H-TMK-5Z6,,"PAP Mask Interface Cushion, Fit to Comfort: Full Face Mask (A7031), Nasal Cushion (A7032), Nasal Pillow (A7033), Nasal Interface (A7034)",IFC,Mask Frame,Fit to Comfort,,,,,,,,,,,,,,,,,,
ZM-NJ3-ZSZX9-PRE,CPAP and BiLevel Resupply Package (New Patient Setup),6B-G8YD-QX5-Q0LA,PAP Mask Interface Cushion,FALSE,JE28-YGS3R-VM-9C,,"PAP Mask Interface Cushion, Full Face, 1 per 1 month",A7031,,,,,Mask Frame,Full Face,,,,,,,,,,,,,,
ZM-NJ3-ZSZX9-PRE,CPAP and BiLevel Resupply Package (New Patient Setup),6B-G8YD-QX5-Q0LA,PAP Mask Interface Cushion,FALSE,PDCBV-TAB-ESL-15,,"PAP Mask Interface Cushion, Oral, 2 per 1 month",A7028,Mask Frame,Oral,,,,,,,,,,,,,,,,,,
ZM-NJ3-ZSZX9-PRE,CPAP and BiLevel Resupply Package (New Patient Setup),6B-G8YD-QX5-Q0LA,PAP Mask Interface Cushion,FALSE,PLU34-64G-9H-UC9,,"PAP Mask Interface Cushion/Pillow, Fit to Comfort - 2 per month",IFC,,,Mask Frame,Fit to Comfort,,,,,,,,,,,,,,,,
ZM-NJ3-ZSZX9-PRE,CPAP and BiLevel Resupply Package (New Patient Setup),6B-G8YD-QX5-Q0LA,PAP Mask Interface Cushion,FALSE,TNI-C7UN-6ZI-SU5,,"PAP Mask Interface Cushion, Fit to Comfort",IFC,,,,,,,,,Mask Frame,Fit to Comfort,,,,,,,,,,
ZM-NJ3-ZSZX9-PRE,CPAP and BiLevel Resupply Package (New Patient Setup),6I-CU-K6-MNT4-BF,PAP Machine Tubing,FALSE,10RK-4K8S2-T6-EV,,"PAP Machine Tubing, Heated, 1 per 3 months",A4604,,,,,,,,,,,,,,,,,Tubing Type,Heated,,
ZM-NJ3-ZSZX9-PRE,CPAP and BiLevel Resupply Package (New Patient Setup),6I-CU-K6-MNT4-BF,PAP Machine Tubing,FALSE,9JEVE-LS7S-IKST2,,"PAP Machine Tubing, Non-Heated, 1 per 3 months",A7037,,,,,,,Tubing Type,Non-Heated,,,,,,,,,,,,
ZM-NJ3-ZSZX9-PRE,CPAP and BiLevel Resupply Package (New Patient Setup),6I-CU-K6-MNT4-BF,PAP Machine Tubing,FALSE,CGHB-27DG6-SY-PQ,,"SlimLine PAP Machine Tubing, Non-Heated, 1 per 3 months",A7037,,,Tubing Type,SlimLine Non-Heated,,,,,,,,,,,,,,,,
ZM-NJ3-ZSZX9-PRE,CPAP and BiLevel Resupply Package (New Patient Setup),6I-CU-K6-MNT4-BF,PAP Machine Tubing,FALSE,DBT-5UL38-V84-N7,,"PAP Machine Tubing, Fit to Comfort, 1 per 3 months",A7037/A4604,,,Tubing Type,Fit to Comfort,,,,,,,,,,,,,,,,
ZM-NJ3-ZSZX9-PRE,CPAP and BiLevel Resupply Package (New Patient Setup),6I-CU-K6-MNT4-BF,PAP Machine Tubing,FALSE,KEV2-UZP8-LZB-DG,,"PAP Machine Tubing, Fit to Patient Comfort, 1 per 3 months",A7037/A4604,Tubing Type,Fit to Patient Comfort,,,,,,,,,,,,,,,,,,
ZM-NJ3-ZSZX9-PRE,CPAP and BiLevel Resupply Package (New Patient Setup),6I-CU-K6-MNT4-BF,PAP Machine Tubing,FALSE,L238-KQMY-KDT-2Q,,"PAP Machine Tubing, Fit to Comfort",A7037/A4604,,,,,,,,,,,Tubing Type,Patient Preference,,,,,,,,
ZM-NJ3-ZSZX9-PRE,CPAP and BiLevel Resupply Package (New Patient Setup),6I-CU-K6-MNT4-BF,PAP Machine Tubing,FALSE,UER-NMT-S7NI-0AH,,"PAP Machine Tubing, Fit to Patient Comfort, 1 per 3 months",,Tubing Type,Fit to Patient Comfort,,,,,,,,,,,,,,,,,,
ZM-NJ3-ZSZX9-PRE,CPAP and BiLevel Resupply Package (New Patient Setup),9X-VSVE-4XYTI-TB,PAP Resupply (New Patient),TRUE,0GP-P6-RB3GL-RFN,,"PAP Resupply (New Patient), Fit to Comfort",RSPLYNEW,Mask Frame,Fit to Comfort,,,,,,,,,,,,,,,,,,
ZM-NJ3-ZSZX9-PRE,CPAP and BiLevel Resupply Package (New Patient Setup),9X-VSVE-4XYTI-TB,PAP Resupply (New Patient),TRUE,C7ZS8-RU8V-IF-FY,,"PAP Resupply (New Patient), Patient Preference",RSPLYNEW,Mask Frame,Patient Preference,,,,,,,,,,,,,,,,,,
ZM-NJ3-ZSZX9-PRE,CPAP and BiLevel Resupply Package (New Patient Setup),9X-VSVE-4XYTI-TB,PAP Resupply (New Patient),TRUE,FJR9-J92V2-SP-JC,,"PAP Resupply (New Patient), Nasal Pillow",RSPLYNEW,Mask Frame,Nasal Pillow,,,,,,,,,,,,,,,,,,
ZM-NJ3-ZSZX9-PRE,CPAP and BiLevel Resupply Package (New Patient Setup),9X-VSVE-4XYTI-TB,PAP Resupply (New Patient),TRUE,FKX0-YDZXP-8Z-QP,,"PAP Resupply (New Patient), Full Face",RSPLYNEW,Mask Frame,Full Face,,,,,,,,,,,,,,,,,,
ZM-NJ3-ZSZX9-PRE,CPAP and BiLevel Resupply Package (New Patient Setup),9X-VSVE-4XYTI-TB,PAP Resupply (New Patient),TRUE,IZQ-ISEI-H8J-M5T,,"PAP Resupply (New Patient), Nasal",RSPLYNEW,Mask Frame,Nasal,,,,,,,,,,,,,,,,,,
ZM-NJ3-ZSZX9-PRE,CPAP and BiLevel Resupply Package (New Patient Setup),9X-VSVE-4XYTI-TB,PAP Resupply (New Patient),TRUE,JHD-XML7M-PT-RX0,,"PAP Resupply (New Patient), Oral",RSPLYNEW,Mask Frame,Oral,,,,,,,,,,,,,,,,,,
ZM-NJ3-ZSZX9-PRE,CPAP and BiLevel Resupply Package (New Patient Setup),A4DJ-QS-NZK-EJ6I,PAP Sanitizer with Mask Wipes and Filter,FALSE,62A-59X4U-3NU-CL,,PAP Sanitizer with Mask Wipes and Filter,X9999,,,PAP Sanitizer Brand,Generic,,,,,,,,,,,,,,,,
ZM-NJ3-ZSZX9-PRE,CPAP and BiLevel Resupply Package (New Patient Setup),A4DJ-QS-NZK-EJ6I,PAP Sanitizer with Mask Wipes and Filter,FALSE,LJG9F-8Y-CAVB-Y4,,SoClean 2 Setup with Mask Wipes and Filter,X9999,PAP Sanitizer Brand,SoClean 2,,,,,,,,,,,,,,,,,,
ZM-NJ3-ZSZX9-PRE,CPAP and BiLevel Resupply Package (New Patient Setup),HUPL-N9-KTS-PKHF,PAP Chinstrap,FALSE,0HI8-4VBI8-4V5F0,,"PAP Chinstrap, Fit to Comfort, 1 per 6 months",A7036,,,,,,,PAP Chinstrap Included,Fit to Comfort,,,,,,,,,,,,
ZM-NJ3-ZSZX9-PRE,CPAP and BiLevel Resupply Package (New Patient Setup),HUPL-N9-KTS-PKHF,PAP Chinstrap,FALSE,18S-X7-61A0H-I2P,,No Chinstrap Included,,PAP Chinstrap Included,PAP Chinstrap Not Included,,,,,,,,,,,,,,,,,,
ZM-NJ3-ZSZX9-PRE,CPAP and BiLevel Resupply Package (New Patient Setup),HUPL-N9-KTS-PKHF,PAP Chinstrap,FALSE,CB-Q76BH-A20Y-1T,,"PAP Chinstrap, 1 per 6 months",A7036,,,,,,,,,,,PAP Chinstrap Included,PAP Chinstrap Included,,,,,,,,
ZM-NJ3-ZSZX9-PRE,CPAP and BiLevel Resupply Package (New Patient Setup),IH-RL-7H6N-Q2-Q6,PAP Nasal Pillows,FALSE,24-91A5-QPGV-2ZI,,"Nasal Pillows, Fit to Comfort, 2 per 1 month",A7029/A7033,Mask Frame,Fit to Comfort,,,,,Nasal Pillows Included,Nasal Pillows Included,,,,,,,,,,,,
ZM-NJ3-ZSZX9-PRE,CPAP and BiLevel Resupply Package (New Patient Setup),IH-RL-7H6N-Q2-Q6,PAP Nasal Pillows,FALSE,7RH2-J7-BY2BI-NS,,No Nasal Pillows,,,,Mask Frame,N/A,,,,,,,,,,,,,,,,
ZM-NJ3-ZSZX9-PRE,CPAP and BiLevel Resupply Package (New Patient Setup),IH-RL-7H6N-Q2-Q6,PAP Nasal Pillows,FALSE,AE58P-IV-B03-JV8,,"Nasal Pillows, Fit to Comfort, 2 per 1 month",A7033,,,Mask Frame,Fit to Comfort,,,,,Nasal Pillows Included,Nasal Pillows Included,,,,,,,,,,
ZM-NJ3-ZSZX9-PRE,CPAP and BiLevel Resupply Package (New Patient Setup),IH-RL-7H6N-Q2-Q6,PAP Nasal Pillows,FALSE,AS-KTED-K4YUZ-H3,,No Nasal Pillows Included,,,,,,,,,,,,,,Mask Frame,Oral,,,,,,
ZM-NJ3-ZSZX9-PRE,CPAP and BiLevel Resupply Package (New Patient Setup),IH-RL-7H6N-Q2-Q6,PAP Nasal Pillows,FALSE,CM-VD-7B-SF-B3P4,,No Nasal Pillows Included,,Mask Frame,Full Face,,,,,,,,,,,,,,,,,,
ZM-NJ3-ZSZX9-PRE,CPAP and BiLevel Resupply Package (New Patient Setup),IH-RL-7H6N-Q2-Q6,PAP Nasal Pillows,FALSE,EN5N-6FXH7-PG27M,,No Nasal Pillows Included,,,,,,,,,,Mask Frame,Nasal,,,,,,,,,,
ZM-NJ3-ZSZX9-PRE,CPAP and BiLevel Resupply Package (New Patient Setup),IH-RL-7H6N-Q2-Q6,PAP Nasal Pillows,FALSE,GTCDT-PUP64-T5NT,,"Nasal Pillows Included, Nasal Pillow Mask, 2 per 1 month",A7033,,,,,,,,,,,,,Mask Frame,Nasal Pillow,,,,,,
ZM-NJ3-ZSZX9-PRE,CPAP and BiLevel Resupply Package (New Patient Setup),IH-RL-7H6N-Q2-Q6,PAP Nasal Pillows,FALSE,HLXQ-8E84-LMR-TP,,No Nasal Pillows Included,,,,Mask Frame,Oral / Nasal Hybrid,,,,,,,,,,,,,,,,
ZM-NJ3-ZSZX9-PRE,CPAP and BiLevel Resupply Package (New Patient Setup),IH-RL-7H6N-Q2-Q6,PAP Nasal Pillows,FALSE,I69F-RY75S-IE-KB,,"Nasal Pillows Included, Oral / Nasal Hybrid Mask, 2 per 1 month",A7029,,,,,,,,,,,,,Mask Frame,Oral / Nasal Hybrid,,,,,,
ZM-NJ3-ZSZX9-PRE,CPAP and BiLevel Resupply Package (New Patient Setup),IH-RL-7H6N-Q2-Q6,PAP Nasal Pillows,FALSE,LKUH-84K-28FU-FA,,"Nasal Pillows, Fit to Comfort.",,,,Mask Frame,Nasal,,,,,,,,,,,,,,,,
ZM-NJ3-ZSZX9-PRE,CPAP and BiLevel Resupply Package (New Patient Setup),IH-RL-7H6N-Q2-Q6,PAP Nasal Pillows,FALSE,QK4-FJCPL-YQH-NS,,No Nasal Pillows Included,,,,,,Mask Frame,Fit to Comfort,,,,,,,,,,,,,,
ZM-NJ3-ZSZX9-PRE,CPAP and BiLevel Resupply Package (New Patient Setup),IH-RL-7H6N-Q2-Q6,PAP Nasal Pillows,FALSE,QSZ-AE-63LKU-5DB,,"Nasal Pillows Included, Full Face Mask, 2 per 1 month",A7033,,,Mask Frame,Full Face,,,,,,,,,,,,,,,,
ZM-NJ3-ZSZX9-PRE,CPAP and BiLevel Resupply Package (New Patient Setup),IH-RL-7H6N-Q2-Q6,PAP Nasal Pillows,FALSE,S81-RJ-TB-3VM-62,,"Nasal Pillows Included, Nasal Mask, 2 per 1 month",A7033,,,Mask Frame,Nasal,,,,,,,,,,,,,,,,
ZM-NJ3-ZSZX9-PRE,CPAP and BiLevel Resupply Package (New Patient Setup),IH-RL-7H6N-Q2-Q6,PAP Nasal Pillows,FALSE,T5E-ZP-SD-F2-2VK,,"Nasal Pillows, Patient Preference",,,,,,,,,,,,,,Mask Frame,Nasal,,,,,,
ZM-NJ3-ZSZX9-PRE,CPAP and BiLevel Resupply Package (New Patient Setup),IH-RL-7H6N-Q2-Q6,PAP Nasal Pillows,FALSE,T9-4C6-7RGJL-CLX,,"Nasal Pillows, Virtual Fitting",A7029/A7033,,,Mask Frame,Virtual Fitting,,,,,,,Nasal Pillows Included,Nasal Pillows Included,,,,,,,,
ZM-NJ3-ZSZX9-PRE,CPAP and BiLevel Resupply Package (New Patient Setup),IH-RL-7H6N-Q2-Q6,PAP Nasal Pillows,FALSE,UACF-YIR-YG-Q2EH,,"A7029 Nasal Pillows, Fit to Comfort",A7033,Mask Frame,Patient Preference,,,,,,,,,,,,,,,,,,
ZM-NJ3-ZSZX9-PRE,CPAP and BiLevel Resupply Package (New Patient Setup),IH-RL-7H6N-Q2-Q6,PAP Nasal Pillows,FALSE,Y8ZQ6-LEU3-VU50L,,No Nasal Pillows Included,,Mask Frame,Virtual Fitting,,,,,,,,,Nasal Pillows Included,No Nasal Pillows Included,,,,,,,,
ZM-NJ3-ZSZX9-PRE,CPAP and BiLevel Resupply Package (New Patient Setup),IH-RL-7H6N-Q2-Q6,PAP Nasal Pillows,FALSE,YKF-0IF-XLV9-ZNU,,No Nasal Pillows Included,,,,,,,,Mask Frame,Patient Preference,,,,,,,,,,,,
ZM-NJ3-ZSZX9-PRE,CPAP and BiLevel Resupply Package (New Patient Setup),IH-RL-7H6N-Q2-Q6,PAP Nasal Pillows,FALSE,YVYFS-3G-37FT-IP,,"Nasal Pillows, Fit to Comfort",A7029/A7033,,,,,,,,,,,,,,,,,,,Mask Frame,Fit to Comfort
ZM-NJ3-ZSZX9-PRE,CPAP and BiLevel Resupply Package (New Patient Setup),LX6-GZH-U6JT-EYE,PAP Humidifier,FALSE,0MXJI-HV2V-NU5ZF,,"PAP Humidifier, Heated.",E0562,,,,,,,Humidifier Type,Heated.,,,,,,,,,,,,
ZM-NJ3-ZSZX9-PRE,CPAP and BiLevel Resupply Package (New Patient Setup),LX6-GZH-U6JT-EYE,PAP Humidifier,FALSE,AZ-4I2-18N-EFVY9,,"PAP Humidifier, Patient Preference",E0561/E0562,Humidifier Type,Fit to Comfort,,,,,,,,,,,,,,,,,,
ZM-NJ3-ZSZX9-PRE,CPAP and BiLevel Resupply Package (New Patient Setup),LX6-GZH-U6JT-EYE,PAP Humidifier,FALSE,DRXE-1DLC6-0R-FU,,"PAP Humidifier, Patient Preference",,,,,,,,Humidifier Type,Patient Preference,,,,,,,,,,,,
ZM-NJ3-ZSZX9-PRE,CPAP and BiLevel Resupply Package (New Patient Setup),LX6-GZH-U6JT-EYE,PAP Humidifier,FALSE,FK2S-M4-L3-GL-CS,,"PAP Humidifier, Heated",E0562,,,,,,,,,,,,,Humidifier Type,Heated,,,,,,
ZM-NJ3-ZSZX9-PRE,CPAP and BiLevel Resupply Package (New Patient Setup),LX6-GZH-U6JT-EYE,PAP Humidifier,FALSE,KZGM-EIJ80-D7-LS,,No PAP Humidifier,,,,,,Humidifier Type,N/A,,,,,,,,,,,,,,
ZM-NJ3-ZSZX9-PRE,CPAP and BiLevel Resupply Package (New Patient Setup),LX6-GZH-U6JT-EYE,PAP Humidifier,FALSE,TUF2L-QT-7R4-8QN,,"PAP Humidifier, Non-Heated",E0561,,,,,,,,,Humidifier Type,Non-Heated,,,,,,,,,,
ZM-NJ3-ZSZX9-PRE,CPAP and BiLevel Resupply Package (New Patient Setup),N8-2XZT-BJRLY-G4,Disposable PAP Filter,FALSE,9P-BDPD-M46HF-L7,,"Disposable PAP Filter, 2 per 1 month",A7038,,,,,Disposable PAP Filter,Included,,,,,,,,,,,,,,
ZM-NJ3-ZSZX9-PRE,CPAP and BiLevel Resupply Package (New Patient Setup),N8-2XZT-BJRLY-G4,Disposable PAP Filter,FALSE,P5-T6-H4FED-JHZ6,,No Disposable PAP Filter,,,,Disposable PAP Filter,Not Included,,,,,,,,,,,,,,,,
