package_external_id,package_name,product_external_id,product_name,product_required,sku_external_id,sku_manufacturer_id,sku_description,sku_hcpcs,attr1_name,attr1_value,attr2_name,attr2_value,attr3_name,attr3_value,attr4_name,attr4_value,attr5_name,attr5_value,attr6_name,attr6_value,attr7_name,attr7_value,attr8_name,attr8_value,attr9_name,attr9_value,attr10_name,attr10_value
0FSB-JK-59-8E78V,FreeStyle Libre System Continuous Glucose Monitoring Package [MEDICARE/MEDICAID],YTVZ-1X-GY6-VKXS,Blood Glucose Test Strips (Diabetes),FALSE,4V-CJG-63RKA-INP,,"Blood Glucose Test Strips (Diabetes), Refills if billed with: Rx- 3, Med- Lifetime",BLDSTRP,,,,,,,,,,,,,,,,,Blood Glucose System,n/a,,
0FSB-JK-59-8E78V,FreeStyle Libre System Continuous Glucose Monitoring Package [MEDICARE/MEDICAID],YTVZ-1X-GY6-VKXS,Blood Glucose Test Strips (Diabetes),FALSE,PN0KC-QA5-DGR-7S,,"Blood Glucose Test Strips, Caresense (Diabetes)",BLDSTRP,,,,,,,,,,,,,Blood Glucose System,CareSense,,,,,,
0FSB-JK-59-8E78V,FreeStyle Libre System Continuous Glucose Monitoring Package [MEDICARE/MEDICAID],YTVZ-1X-GY6-VKXS,Blood Glucose Test Strips (Diabetes),FALSE,RJT-VMR-89PC7-TG,843244,"Blood Glucose Test Strips, Prodigy Auto (Diabetes)",BLDSTRP,,,,,,,,,,,,,Blood Glucose System,Prodigy Auto,,,,,,
18T5L-QTVRT-DAB6,"FreeStyle Libre 2 System, Continuous Glucose Monitoring Package",0GC-NP4IJ-C73-HC,Freestyle Libre Adhesive Patches,FALSE,YL-8TD-EZX-G6-VI,,"Freestyle Libre Adhesive Patches, Pack (10)",CGMP,,,,,Patches Unit,Pack (10),,,,,,,,,,,,,,
18T5L-QTVRT-DAB6,"FreeStyle Libre 2 System, Continuous Glucose Monitoring Package",5YF-V4I-C7-A7C47,Blood Glucose Meter (Diabetes),FALSE,IJ-GV6-18Z2-70BX,,"Blood Glucose Meter, Caresense (Diabetes)",BGMETR,,,,,,,,,,,,,,,,,,,Blood Glucose System,CareSense
18T5L-QTVRT-DAB6,"FreeStyle Libre 2 System, Continuous Glucose Monitoring Package",BU6J-KE3R-K8-DC1,Libre 2 Reader,TRUE,8R-9CD5-NCAV-U6D,,No Libre 2 Reader,,,,,,,,Reader/Receiver Included,Not Included,,,,,,,,,,,,
18T5L-QTVRT-DAB6,"FreeStyle Libre 2 System, Continuous Glucose Monitoring Package",BU6J-KE3R-K8-DC1,Libre 2 Reader,TRUE,HC03T-XE-N0L-TD0,71953,"Libre 2 Reader, 1 per year",CGMR,,,,,,,Reader/Receiver Included,Included,,,,,,,,,,,,
18T5L-QTVRT-DAB6,"FreeStyle Libre 2 System, Continuous Glucose Monitoring Package",BU6J-KE3R-K8-DC1,Libre 2 Reader,TRUE,STJ5-H6-JYGT-HQT,,A9278/E2103 Libre 2 Reader,CGMR,,,,,,,Reader/Receiver Included,Included,,,,,,,,,,,,
18T5L-QTVRT-DAB6,"FreeStyle Libre 2 System, Continuous Glucose Monitoring Package",BU6J-KE3R-K8-DC1,Libre 2 Reader,TRUE,XF4-H3-LK4-XETEP,,Libre 2 Reader,CGMR,,,,,,,,,Reader/Receiver Included,Included,,,,,,,,,,
18T5L-QTVRT-DAB6,"FreeStyle Libre 2 System, Continuous Glucose Monitoring Package",YTVZ-1X-GY6-VKXS,Blood Glucose Test Strips (Diabetes),FALSE,RJT-VMR-89PC7-TG,843244,"Blood Glucose Test Strips, Prodigy Auto (Diabetes)",BLDSTRP,,,,,,,,,Blood Glucose System,Prodigy Auto,,,,,,,,,,
18T5L-QTVRT-DAB6,"FreeStyle Libre 2 System, Continuous Glucose Monitoring Package",YTVZ-1X-GY6-VKXS,Blood Glucose Test Strips (Diabetes),FALSE,Z8Y-NM-CJ8U0-GY9,,Blood Glucose Test Strips (Diabetes),BLDSTRP,,,,,,,,,,,,,,,,,,,Blood Glucose System,n/a
1A-HR1-5KV1-4AKB,"Continuous Glucose Monitoring Package (Monitor, Sensors, and Transmitter)",52D1-BP98N-YNMCK,Dexcom Sensor,TRUE,70R-E59-BJK-20EA,,"Dexcom Sensors, Monthly supply allowance for non-adjunctive continuous glucose monitoring system (CGM), 90-day supply",A4239,,,Insurance,Medicare/Medicare Advantage,,,,,,,,,,,,,,,,
1A-HR1-5KV1-4AKB,"Continuous Glucose Monitoring Package (Monitor, Sensors, and Transmitter)",52D1-BP98N-YNMCK,Dexcom Sensor,TRUE,A1L51-FNVSN-G56J,,"Dexcom Sensors; disposable, for use with interstitial continuous glucose monitoring system, 90-day supply",A9276,Insurance,Non-Medicare,,,,,,,,,,,,,,,,,,
1A-HR1-5KV1-4AKB,"Continuous Glucose Monitoring Package (Monitor, Sensors, and Transmitter)",52D1-BP98N-YNMCK,Dexcom Sensor,TRUE,PHKMS-ST3J-61-H4,,"Dexcom Sensors, Supply allowance for therapeutic continuous glucose monitoring (CGM), 90-day supply",A4239,,,Insurance,Medicare/Medicare Advantage,,,,,,,,,,,,,,,,
1A-HR1-5KV1-4AKB,"Continuous Glucose Monitoring Package (Monitor, Sensors, and Transmitter)",5YF-V4I-C7-A7C47,Blood Glucose Meter (Diabetes),FALSE,8N-DSA-8DH-N15QK,,"Blood Glucose Meter, Easy Max (Diabetes)",BGMETR,,,,,,,,,,,,,,,Blood Glucose System,Easy Max,,,,
1A-HR1-5KV1-4AKB,"Continuous Glucose Monitoring Package (Monitor, Sensors, and Transmitter)",5YF-V4I-C7-A7C47,Blood Glucose Meter (Diabetes),FALSE,EF-Z0-BX8I-Q0-VY,,"Blood Glucose Meter, Advocate (Diabetes)",BGMETR,,,,,,,,,,,,,,,Blood Glucose System,Advocate,,,,
1A-HR1-5KV1-4AKB,"Continuous Glucose Monitoring Package (Monitor, Sensors, and Transmitter)",5YF-V4I-C7-A7C47,Blood Glucose Meter (Diabetes),FALSE,HVN-MY-5Z-P85-G9,,"Blood Glucose Meter, One Touch Verio (Diabetes)",BGMETR,,,,,,,,,,,,,,,,,,,Blood Glucose System,One Touch Verio
1A-HR1-5KV1-4AKB,"Continuous Glucose Monitoring Package (Monitor, Sensors, and Transmitter)",5YF-V4I-C7-A7C47,Blood Glucose Meter (Diabetes),FALSE,QVHL0-QV2QU-SHTN,,"Blood Glucose Meter, Glucocard Expression (Diabetes)",BGMETR,,,,,,,,,,,,,,,,,,,Blood Glucose System,Glucocard Expression
1A-HR1-5KV1-4AKB,"Continuous Glucose Monitoring Package (Monitor, Sensors, and Transmitter)",5YF-V4I-C7-A7C47,Blood Glucose Meter (Diabetes),FALSE,S8XS-4I3-GQ2-7PG,,"Blood Glucose Meter, CareSense Voice (Diabetes)",BGMETR,,,,,,,,,Blood Glucose System,CareSense Voice,,,,,,,,,,
1A-HR1-5KV1-4AKB,"Continuous Glucose Monitoring Package (Monitor, Sensors, and Transmitter)",G0A3-1X-9TQT-5Y5,Continuous Glucose Monitor Transmitter,TRUE,4J5QG-U7M-NF9-MD,,"Transmitter, Supply allowance for therapeutic continuous glucose monitoring (CGM), 90-day supply",A4239,Insurance,Medicare/Medicare Advantage,,,,,,,,,,,,,,,,,,
1A-HR1-5KV1-4AKB,"Continuous Glucose Monitoring Package (Monitor, Sensors, and Transmitter)",G0A3-1X-9TQT-5Y5,Continuous Glucose Monitor Transmitter,TRUE,5TPI-A6SDI-U8-TU,,"Transmitter, Monthly supply allowance for non-adjunctive continuous glucose monitoring system (CGM), 90-day supply",A4239,Insurance,Medicare/Medicare Advantage,,,,,,,,,,,,,,,,,,
1A-HR1-5KV1-4AKB,"Continuous Glucose Monitoring Package (Monitor, Sensors, and Transmitter)",G0A3-1X-9TQT-5Y5,Continuous Glucose Monitor Transmitter,TRUE,XL-VG-2EHG-J3-RI,,Continuous Glucose Monitor Transmitter,CGMT,Insurance,N/A,,,,,,,,,,,,,,,,,,
1A-HR1-5KV1-4AKB,"Continuous Glucose Monitoring Package (Monitor, Sensors, and Transmitter)",G0A3-1X-9TQT-5Y5,Continuous Glucose Monitor Transmitter,TRUE,XNXL-UT-QBEGY-92,,"Transmitter; external, for use with interstitial continuous glucose monitoring system, 90-day supply",A9277,Insurance,Non-Medicare,,,,,,,,,,,,,,,,,,
1A-HR1-5KV1-4AKB,"Continuous Glucose Monitoring Package (Monitor, Sensors, and Transmitter)",K6J-50KQ-31D-2S1,Insulin,FALSE,CK-6GK6-NF3R7-VG,,Insulin,J1817,,,,,,,,,,,,,,,,,Type of Insulin,N/A,,
1A-HR1-5KV1-4AKB,"Continuous Glucose Monitoring Package (Monitor, Sensors, and Transmitter)",TYF-6U1G-X2G-LJH,Libre Sensor.,TRUE,9XA5-63E-M465-NQ,,"Libre Sensors, Monthly supply allowance for non-adjunctive continuous glucose monitoring system (CGM), 90-day supply",A4239,,,Insurance,Medicare/Medicare Advantage,,,,,,,,,,,,,,,,
1A-HR1-5KV1-4AKB,"Continuous Glucose Monitoring Package (Monitor, Sensors, and Transmitter)",TYF-6U1G-X2G-LJH,Libre Sensor.,TRUE,IBG-16P0-H6MU-95,,"Libre Sensors, Supply allowance for therapeutic continuous glucose monitoring (CGM), 90-day supply",A4239,,,Insurance,Medicare/Medicare Advantage,,,,,,,,,,,,,,,,
1A-HR1-5KV1-4AKB,"Continuous Glucose Monitoring Package (Monitor, Sensors, and Transmitter)",TYF-6U1G-X2G-LJH,Libre Sensor.,TRUE,UCI-746G3-4R8-V8,,"Libre Sensors; disposable, for use with interstitial continuous glucose monitoring system, 90-day supply",A9276,,,Insurance,Non-Medicare,,,,,,,,,,,,,,,,
1A-HR1-5KV1-4AKB,"Continuous Glucose Monitoring Package (Monitor, Sensors, and Transmitter)",U6GJA-FXAZ-YM-9F,Continuous Glucose Monitor.,TRUE,95-NZQZA-PIE-KXB,,Continuous Glucose Monitoring Receiver (Monitor),A9278,Insurance,Non-Medicare,,,,,,,,,,,,,,,,,,
1A-HR1-5KV1-4AKB,"Continuous Glucose Monitoring Package (Monitor, Sensors, and Transmitter)",U6GJA-FXAZ-YM-9F,Continuous Glucose Monitor.,TRUE,EU3-3ITHE-YD4-D1,,Continuous Glucose Monitoring Receiver (Monitor),E2103,Insurance,Medicare/Medicare Advantage,,,,,,,,,,,,,,,,,,
1A-HR1-5KV1-4AKB,"Continuous Glucose Monitoring Package (Monitor, Sensors, and Transmitter)",U6GJA-FXAZ-YM-9F,Continuous Glucose Monitor.,TRUE,QHV-13-EPU-T6RHD,,"Continuous Glucose Monitoring Receiver (Monitor), for non-adjunctive continuous glucose monitoring system",E2103,Insurance,Medicare/Medicare Advantage,,,,,,,,,,,,,,,,,,
1A-HR1-5KV1-4AKB,"Continuous Glucose Monitoring Package (Monitor, Sensors, and Transmitter)",YTVZ-1X-GY6-VKXS,Blood Glucose Test Strips (Diabetes),FALSE,VALRL-BT1-2KL-LF,960300,"Blood Glucose Test Strips, True Metrix (Diabetes)",BLDSTRP,,,,,,,,,,,,,,,,,,,Blood Glucose System,True Metrix
1KQI3-FPU-3EH-FR,Medtronic Connect Continuous Glucose Monitoring Package,8R5M-M6R-SNT2-F4,Medtronic Sensor,TRUE,1IHJ-NU5Z-SX-59F,,Medtronic Guardian Sensor 770G,A9276,,,CGM Model,770G,,,,,,,,,,,,,,,,
1KQI3-FPU-3EH-FR,Medtronic Connect Continuous Glucose Monitoring Package,8R5M-M6R-SNT2-F4,Medtronic Sensor,TRUE,57YRX-SRG-CVP-DZ,,Medtronic Sensor,CGMS,,,CGM Model,n/a,,,,,,,,,,,,,,,,
1KQI3-FPU-3EH-FR,Medtronic Connect Continuous Glucose Monitoring Package,8R5M-M6R-SNT2-F4,Medtronic Sensor,TRUE,7KLM5-H9GSD-AZ0E,,Medtronic Guardian Sensor 630G/670G,A9276,CGM Model,630G/670G,,,,,,,,,,,,,,,,,,
1KQI3-FPU-3EH-FR,Medtronic Connect Continuous Glucose Monitoring Package,8R5M-M6R-SNT2-F4,Medtronic Sensor,TRUE,KCP-CR-T4FT-NPNM,,A9276 (30 per month / 365 per year) / A4238 (1 per month / 12 per year) Medtronic Sensor,CGMS,CGM Model,n/a,,,,,,,,,,,,,,,,,,
1KQI3-FPU-3EH-FR,Medtronic Connect Continuous Glucose Monitoring Package,8R5M-M6R-SNT2-F4,Medtronic Sensor,TRUE,KY-KN-SXTIU-RCMK,,A9276 Medtronic Sensor,CGMS,CGM Model,n/a,,,,,,,,,,,,,,,,,,
1KQI3-FPU-3EH-FR,Medtronic Connect Continuous Glucose Monitoring Package,8R5M-M6R-SNT2-F4,Medtronic Sensor,TRUE,LJG-KX-2IX-T0-TH,,"Medtronic Sensor, Pack of 5",CGMS,,,CGM Model,n/a,,,,,,,,,,,,,,,,
1KQI3-FPU-3EH-FR,Medtronic Connect Continuous Glucose Monitoring Package,K6J-50KQ-31D-2S1,Insulin,FALSE,EG9-LD4-CXFD-JLK,,"Insulin Aspart, 100 units/mL, dispense 9 10 mL vials every 90 days, use as directed per prescriber via insulin pump, 4 refills",J1817,,,,,,,,,,,,,Type of Insulin,Aspart,,,,,,
1KQI3-FPU-3EH-FR,Medtronic Connect Continuous Glucose Monitoring Package,YTVZ-1X-GY6-VKXS,Blood Glucose Test Strips (Diabetes),FALSE,4V-CJG-63RKA-INP,,"Blood Glucose Test Strips (Diabetes), Refills if billed with: Rx- 3, Med- Lifetime",BLDSTRP,,,,,,,,,,,,,,,Blood Glucose System,n/a,,,,
1KQI3-FPU-3EH-FR,Medtronic Connect Continuous Glucose Monitoring Package,YTVZ-1X-GY6-VKXS,Blood Glucose Test Strips (Diabetes),FALSE,9J-VYE-YM-EX-AC9,793449,"Blood Glucose Test Strips, Glucocard Expression (Diabetes)",BLDSTRP,,,,,,,,,,,,,,,,,Blood Glucose System,Glucocard Expression,,
1KQI3-FPU-3EH-FR,Medtronic Connect Continuous Glucose Monitoring Package,YTVZ-1X-GY6-VKXS,Blood Glucose Test Strips (Diabetes),FALSE,LI-6SP-2XK8-Y7M0,,"Blood Glucose Test Strips, Easy Max (Diabetes)",BLDSTRP,,,,,,,,,,,,,,,Blood Glucose System,Easy Max,,,,
1KQI3-FPU-3EH-FR,Medtronic Connect Continuous Glucose Monitoring Package,YTVZ-1X-GY6-VKXS,Blood Glucose Test Strips (Diabetes),FALSE,PHFX3-NFXKM-QF6E,688260,"Blood Glucose Test Strips, Glucocard 01 Sensor Plus (Diabetes)",BLDSTRP,,,,,,,,,,,,,,,,,,,Blood Glucose System,Glucocard 01 Sensor Plus
1KQI3-FPU-3EH-FR,Medtronic Connect Continuous Glucose Monitoring Package,YTVZ-1X-GY6-VKXS,Blood Glucose Test Strips (Diabetes),FALSE,Q3E-3YP-0HR8Y-7A,,"Blood Glucose Test Strips, Advocate (Diabetes)",BLDSTRP,,,,,,,,,,,,,,,Blood Glucose System,Advocate,,,,
1KQI3-FPU-3EH-FR,Medtronic Connect Continuous Glucose Monitoring Package,YTVZ-1X-GY6-VKXS,Blood Glucose Test Strips (Diabetes),FALSE,RJT-VMR-89PC7-TG,843244,"Blood Glucose Test Strips, Prodigy Auto (Diabetes)",BLDSTRP,,,,,,,Blood Glucose System,Prodigy Auto,,,,,,,,,,,,
1P-0XE-3T2-HZ-37,Medtronic Sensor,8R5M-M6R-SNT2-F4,Medtronic Sensor,TRUE,1IHJ-NU5Z-SX-59F,,Medtronic Guardian Sensor 770G,A9276,,,,,CGM Model,770G,,,,,,,,,,,,,,
1P-0XE-3T2-HZ-37,Medtronic Sensor,8R5M-M6R-SNT2-F4,Medtronic Sensor,TRUE,57YRX-SRG-CVP-DZ,,Medtronic Sensor,CGMS,CGM Model,n/a,,,,,,,,,,,,,,,,,,
1P-0XE-3T2-HZ-37,Medtronic Sensor,8R5M-M6R-SNT2-F4,Medtronic Sensor,TRUE,7KLM5-H9GSD-AZ0E,,Medtronic Guardian Sensor 630G/670G,A9276,,,,,CGM Model,630G/670G,,,,,,,,,,,,,,
1P-0XE-3T2-HZ-37,Medtronic Sensor,8R5M-M6R-SNT2-F4,Medtronic Sensor,TRUE,KCP-CR-T4FT-NPNM,,A9276 (30 per month / 365 per year) / A4238 (1 per month / 12 per year) Medtronic Sensor,CGMS,,,CGM Model,n/a,,,,,,,,,,,,,,,,
1P-0XE-3T2-HZ-37,Medtronic Sensor,8R5M-M6R-SNT2-F4,Medtronic Sensor,TRUE,KY-KN-SXTIU-RCMK,,A9276 Medtronic Sensor,CGMS,,,,,CGM Model,n/a,,,,,,,,,,,,,,
1P-0XE-3T2-HZ-37,Medtronic Sensor,8R5M-M6R-SNT2-F4,Medtronic Sensor,TRUE,LJG-KX-2IX-T0-TH,,"Medtronic Sensor, Pack of 5",CGMS,CGM Model,n/a,,,,,,,,,,,,,,,,,,
2S8-2JS1-X7I-0IM,Continuous Glucose Monitor Package,5YF-V4I-C7-A7C47,Blood Glucose Meter (Diabetes),FALSE,4D-65-0FZ6N-YF50,,"Blood Glucose Meter, Bayer Contour Next (Diabetes)",BGMETR,,,,,,,,,,,,,,,,,Blood Glucose System,Bayer Contour Next,,
2S8-2JS1-X7I-0IM,Continuous Glucose Monitor Package,5YF-V4I-C7-A7C47,Blood Glucose Meter (Diabetes),FALSE,DHMF-KCDN-JYM-DB,,Blood Glucose Meter (Diabetes),BGMETR,,,,,,,,,,,Blood Glucose System,n/a,,,,,,,,
2S8-2JS1-X7I-0IM,Continuous Glucose Monitor Package,5YF-V4I-C7-A7C47,Blood Glucose Meter (Diabetes),FALSE,EF-Z0-BX8I-Q0-VY,,"Blood Glucose Meter, Advocate (Diabetes)",BGMETR,,,,,,,,,,,,,,,,,,,Blood Glucose System,Advocate
2S8-2JS1-X7I-0IM,Continuous Glucose Monitor Package,5YF-V4I-C7-A7C47,Blood Glucose Meter (Diabetes),FALSE,QZU7-RC-ZT4-V8TV,,"Blood Glucose Meter, One Touch Ultra 2 (Diabetes)",BGMETR,,,,,,,,,,,Blood Glucose System,One Touch Ultra 2,,,,,,,,
2S8-2JS1-X7I-0IM,Continuous Glucose Monitor Package,6CV-UR46-CMVE-D3,Continuous Glucose Monitor Sensor,FALSE,0CX-9F-E4-8HR-U4,,Continuous Glucose Monitor Sensor,A4239,,,Insurance,Medicare,,,,,,,,,,,,,,,,
2S8-2JS1-X7I-0IM,Continuous Glucose Monitor Package,6CV-UR46-CMVE-D3,Continuous Glucose Monitor Sensor,FALSE,FN-AC-49S-IY-V7Y,,"Sensors, disposable, for use with interstitial continuous glucose monitoring system, 90-day supply",A9276,,,Insurance,Non-Medicare,,,,,,,,,,,,,,,,
2S8-2JS1-X7I-0IM,Continuous Glucose Monitor Package,6CV-UR46-CMVE-D3,Continuous Glucose Monitor Sensor,FALSE,IEHG-P6IM-MN-QJ8,,Continuous Glucose Monitor Sensor,A9276,,,Insurance,Non-Medicare,,,,,,,,,,,,,,,,
2S8-2JS1-X7I-0IM,Continuous Glucose Monitor Package,K6J-50KQ-31D-2S1,Insulin,FALSE,EG9-LD4-CXFD-JLK,,"Insulin Aspart, 100 units/mL, dispense 9 10 mL vials every 90 days, use as directed per prescriber via insulin pump, 4 refills",J1817,,,,,,,,,,,,,,,Type of Insulin,Aspart,,,,
2S8-2JS1-X7I-0IM,Continuous Glucose Monitor Package,YTVZ-1X-GY6-VKXS,Blood Glucose Test Strips (Diabetes),FALSE,4V-CJG-63RKA-INP,,"Blood Glucose Test Strips (Diabetes), Refills if billed with: Rx- 3, Med- Lifetime",BLDSTRP,,,,,,,,,,,Blood Glucose System,n/a,,,,,,,,
2S8-2JS1-X7I-0IM,Continuous Glucose Monitor Package,YTVZ-1X-GY6-VKXS,Blood Glucose Test Strips (Diabetes),FALSE,LI-6SP-2XK8-Y7M0,,"Blood Glucose Test Strips, Easy Max (Diabetes)",BLDSTRP,,,,,,,,,,,,,Blood Glucose System,Easy Max,,,,,,
2S8-2JS1-X7I-0IM,Continuous Glucose Monitor Package,YTVZ-1X-GY6-VKXS,Blood Glucose Test Strips (Diabetes),FALSE,PHFX3-NFXKM-QF6E,688260,"Blood Glucose Test Strips, Glucocard 01 Sensor Plus (Diabetes)",BLDSTRP,,,,,,,,,,,,,,,,,Blood Glucose System,Glucocard 01 Sensor Plus,,
2S8-2JS1-X7I-0IM,Continuous Glucose Monitor Package,YTVZ-1X-GY6-VKXS,Blood Glucose Test Strips (Diabetes),FALSE,Q3E-3YP-0HR8Y-7A,,"Blood Glucose Test Strips, Advocate (Diabetes)",BLDSTRP,,,,,,,,,,,,,Blood Glucose System,Advocate,,,,,,
3ES-LZK9-NFI-NK0,Dexcom G6 Receiver,RYEBX-QY-F5B-XCH,Dexcom G6 Receiver,TRUE,09-IDG1-YB-R5-9S,,Dexcom G6 Receiver,A9278,,,,,,,,,Reader/Receiver Included,Included,,,,,,,,,Unit,Each (1)
3ES-LZK9-NFI-NK0,Dexcom G6 Receiver,RYEBX-QY-F5B-XCH,Dexcom G6 Receiver,TRUE,7F97-8J-UKBY-4AT,,"Dexcom G6 Receiver, 1 per year",CGMR,,,,,,,Reader/Receiver Included,Included,,,,,,,Unit,Each (1),,,,
3ES-LZK9-NFI-NK0,Dexcom G6 Receiver,RYEBX-QY-F5B-XCH,Dexcom G6 Receiver,TRUE,7M-P56FK-1UQX-2X,,A9278/E2103 Dexcom G6 Receiver,CGMR,,,,,,,Reader/Receiver Included,Included,,,,,,,,,Unit,Max Allowable,,
3ES-LZK9-NFI-NK0,Dexcom G6 Receiver,RYEBX-QY-F5B-XCH,Dexcom G6 Receiver,TRUE,A7E-VTBI6-PM-E5Q,,E2103/A9278 Dexcom G6 Receiver,CGMR,,,,,,,Reader/Receiver Included,Included,,,,,,,,,Unit,Each (1),,
3ES-LZK9-NFI-NK0,Dexcom G6 Receiver,RYEBX-QY-F5B-XCH,Dexcom G6 Receiver,TRUE,IVA-59FC-DE5P-UG,PDCG6RECTSM,Dexcom G6 Receiver,E2103,,,,,,,Reader/Receiver Included,Included,,,,,,,,,Unit,Each (1),,
3ES-LZK9-NFI-NK0,Dexcom G6 Receiver,RYEBX-QY-F5B-XCH,Dexcom G6 Receiver,TRUE,L243R-P1IG9-196T,,Dexcom G6 Receiver,CGMR,,,,,,,Reader/Receiver Included,Included,,,,,,,,,Unit,Max Allowable,,
3ES-LZK9-NFI-NK0,Dexcom G6 Receiver,RYEBX-QY-F5B-XCH,Dexcom G6 Receiver,TRUE,PT-ZH8HB-8980-N2,,No Dexcom G6 Receiver,,,,,,,,Reader/Receiver Included,Not Included,,,,,,,,,Unit,Each (1),,
3ES-LZK9-NFI-NK0,Dexcom G6 Receiver,RYEBX-QY-F5B-XCH,Dexcom G6 Receiver,TRUE,RDRQ6-TPN0-7L4LG,,No Dexcom G6 Receiver,,,,,,,,,,Reader/Receiver Included,Not Included,,,,,,,,,Unit,Max Allowable
3ES-LZK9-NFI-NK0,Dexcom G6 Receiver,RYEBX-QY-F5B-XCH,Dexcom G6 Receiver,TRUE,SAUD-QL1-PSC0-VA,,"Dexcom G6 Receiver, as directed",CGMR,,,,,,,Reader/Receiver Included,Included,,,,,,,,,Unit,Max Allowable,,
3JD-57N-0RNA-S4I,FreeStyle Libre 3 Sensor Only,4YEZ-E5-T7HI-D8A,Libre 3 Sensor,TRUE,8L9G-7G-4DQJ-X2Z,72081,"Libre 3 Sensor, change every 14 days",CGMS,,,,,CGM System,FreeStyle Libre 3,,,,,,,,,,,,,,
3JD-57N-0RNA-S4I,FreeStyle Libre 3 Sensor Only,4YEZ-E5-T7HI-D8A,Libre 3 Sensor,TRUE,GD-R5LUI-0P9-6PA,,"Libre 3 Sensor, change every 14 days",CGMSRES,CGM System,FreeStyle Libre 3,,,,,,,,,,,,,,,,,,
3JD-57N-0RNA-S4I,FreeStyle Libre 3 Sensor Only,4YEZ-E5-T7HI-D8A,Libre 3 Sensor,TRUE,J1IX0-1YSI-B6-ZT,,"Libre 3 Sensor, change every 14 days",A4239,CGM System,FreeStyle Libre 3,,,,,,,,,,,,,,,,,,
3JD-57N-0RNA-S4I,FreeStyle Libre 3 Sensor Only,4YEZ-E5-T7HI-D8A,Libre 3 Sensor,TRUE,LS-R38-E6AY-PHIQ,,"Libre 3 Sensor, change every 14 days",A9276,,,,,CGM System,FreeStyle Libre 3,,,,,,,,,,,,,,
3JD-57N-0RNA-S4I,FreeStyle Libre 3 Sensor Only,4YEZ-E5-T7HI-D8A,Libre 3 Sensor,TRUE,NA9LV-7F-6YRZ-RQ,,"Libre 3 Sensor, change every 14 days, 6 refills",CGMS,,,CGM System,FreeStyle Libre 3,,,,,,,,,,,,,,,,
3JD-57N-0RNA-S4I,FreeStyle Libre 3 Sensor Only,4YEZ-E5-T7HI-D8A,Libre 3 Sensor,TRUE,PYLP-U5C-FKG-D8T,,"Libre 3 Sensor, change every 14 days",CGMS,,,,,CGM System,FreeStyle Libre 3,,,,,,,,,,,,,,
3JD-57N-0RNA-S4I,FreeStyle Libre 3 Sensor Only,4YEZ-E5-T7HI-D8A,Libre 3 Sensor,TRUE,URS-CA-7648T-L4H,,A4239 (1 per month/12 per year) / A9276 (30 per month/365 per year) Libre 3 Sensor,CGMS,,,,,CGM System,FreeStyle Libre 3,,,,,,,,,,,,,,
3JD-57N-0RNA-S4I,FreeStyle Libre 3 Sensor Only,4YEZ-E5-T7HI-D8A,Libre 3 Sensor,TRUE,UTKX-UL-YVU7U-P2,,"A4239/A9276 Libre 3 Sensor, change every 14 days",CGMS,,,CGM System,FreeStyle Libre 3,,,,,,,,,,,,,,,,
3L0-571-39L7-MZJ,FreeStyle Libre 3 Plus Sensor Only,79U0-5DV-IZ39-AX,Libre 3 / 3 Plus Sensor,TRUE,0J2-YM5-MVUYZ-1A,,"Libre 3 Plus Sensor, change every 15 days, 6 refills",CGMS,CGM System,FreeStyle Libre 3 Plus,,,,,,,,,,,,,,,,,,
3L0-571-39L7-MZJ,FreeStyle Libre 3 Plus Sensor Only,79U0-5DV-IZ39-AX,Libre 3 / 3 Plus Sensor,TRUE,5YF3-AB6-QJG-XKT,,"A4239/A9276 Libre 3 Plus Sensor, change every 15 days",CGMS,CGM System,FreeStyle Libre 3 Plus,,,,,,,,,,,,,,,,,,
3L0-571-39L7-MZJ,FreeStyle Libre 3 Plus Sensor Only,79U0-5DV-IZ39-AX,Libre 3 / 3 Plus Sensor,TRUE,ES5D-H2GA-AY-6FJ,,A4239 (1 per month/12 per year) / A9276 (30 per month/365 per year) Libre 3 Plus Sensor,CGMS,,,CGM System,FreeStyle Libre 3 Plus,,,,,,,,,,,,,,,,
3L0-571-39L7-MZJ,FreeStyle Libre 3 Plus Sensor Only,79U0-5DV-IZ39-AX,Libre 3 / 3 Plus Sensor,TRUE,EV-A6TH-9185G-QR,,"Libre 3 Plus Sensor, change every 15 days",A4239,,,CGM System,FreeStyle Libre 3 Plus,,,,,,,,,,,,,,,,
3L0-571-39L7-MZJ,FreeStyle Libre 3 Plus Sensor Only,79U0-5DV-IZ39-AX,Libre 3 / 3 Plus Sensor,TRUE,L9EGV-50-CMV9-6G,,"Libre 3 Plus Sensor, change every 15 days",CGMS,CGM System,FreeStyle Libre 3 Plus,,,,,,,,,,,,,,,,,,
3L0-571-39L7-MZJ,FreeStyle Libre 3 Plus Sensor Only,79U0-5DV-IZ39-AX,Libre 3 / 3 Plus Sensor,TRUE,UZR-NFR-BSTF-9IU,,"Libre 3 Plus Sensor, change every 15 days, 12 refills",CGMS,CGM System,FreeStyle Libre 3 Plus,,,,,,,,,,,,,,,,,,
3XAI-5XFI-3T-MRZ,"Dexcom G7 System, Continuous Glucose Monitoring Package [MEDICARE/MEDICAID]",C7KC-VH-80-KR-U6,Dexcom G7 Sensor (All-in-One),TRUE,0Z5LG-QH0FV-0S0Z,,"Dexcom G7 Sensor (All-in-One), Change Every 10 Days, Pack (1)",A9276,,,Dexcom G7 Sensors Unit,Pack (1),,,,,,,,,,,,,,,,
3XAI-5XFI-3T-MRZ,"Dexcom G7 System, Continuous Glucose Monitoring Package [MEDICARE/MEDICAID]",C7KC-VH-80-KR-U6,Dexcom G7 Sensor (All-in-One),TRUE,305-K0-YFEYK-598,,"Dexcom G7 Sensor (All-in-One), Change Every 10 Days, Pack (1)",CGMS,,,,,,,Dexcom G7 Sensors Unit,Max Allowable,,,,,,,,,,,,
3XAI-5XFI-3T-MRZ,"Dexcom G7 System, Continuous Glucose Monitoring Package [MEDICARE/MEDICAID]",C7KC-VH-80-KR-U6,Dexcom G7 Sensor (All-in-One),TRUE,43MFI-IVY-K15-5N,,A9276 Dexcom G7 Sensor (30 per month/365 per year) / A4239 (1 per month/12 per year),CGMS,,,,,,,Dexcom G7 Sensors Unit,Max Allowable,,,,,,,,,,,,
3XAI-5XFI-3T-MRZ,"Dexcom G7 System, Continuous Glucose Monitoring Package [MEDICARE/MEDICAID]",C7KC-VH-80-KR-U6,Dexcom G7 Sensor (All-in-One),TRUE,5U90Z-T0363-J0US,,"A9276/A9277 Dexcom G7 Sensor (All-in-One), Change Every 10 Days, Pack (1)",CGMS,,,,,,,Dexcom G7 Sensors Unit,Pack (1),,,,,,,,,,,,
3XAI-5XFI-3T-MRZ,"Dexcom G7 System, Continuous Glucose Monitoring Package [MEDICARE/MEDICAID]",C7KC-VH-80-KR-U6,Dexcom G7 Sensor (All-in-One),TRUE,A0V-QMF2-8GLC-09,,"Dexcom G7 Sensor (All-in-One), Change Every 10 Days, Pack (1)",A4239,,,,,Dexcom G7 Sensors Unit,Pack (1),,,,,,,,,,,,,,
3XAI-5XFI-3T-MRZ,"Dexcom G7 System, Continuous Glucose Monitoring Package [MEDICARE/MEDICAID]",C7KC-VH-80-KR-U6,Dexcom G7 Sensor (All-in-One),TRUE,AE-F2H-FK6JP-5GX,,"Dexcom G7 Sensor (All-in-One), Change Every 10 Days, Pack (1), 6 refills",CGMS,Dexcom G7 Sensors Unit,Max Allowable,,,,,,,,,,,,,,,,,,
3XAI-5XFI-3T-MRZ,"Dexcom G7 System, Continuous Glucose Monitoring Package [MEDICARE/MEDICAID]",C7KC-VH-80-KR-U6,Dexcom G7 Sensor (All-in-One),TRUE,AKD-T8-RA27-NBQF,,"Dexcom G7 Sensor (All-in-One), Change Every 10 Days, Pack (1)",A9276,Dexcom G7 Sensors Unit,Max Allowable,,,,,,,,,,,,,,,,,,
3XAI-5XFI-3T-MRZ,"Dexcom G7 System, Continuous Glucose Monitoring Package [MEDICARE/MEDICAID]",C7KC-VH-80-KR-U6,Dexcom G7 Sensor (All-in-One),TRUE,AS-2H0G-1S7JI-U5,,A4239/K0553 (1 per month/12 per year) Dexcom G7 Sensor,CGMS,,,,,Dexcom G7 Sensors Unit,Max Allowable,,,,,,,,,,,,,,
3XAI-5XFI-3T-MRZ,"Dexcom G7 System, Continuous Glucose Monitoring Package [MEDICARE/MEDICAID]",C7KC-VH-80-KR-U6,Dexcom G7 Sensor (All-in-One),TRUE,BZE1-9GAC-U3-H6Q,,"Dexcom G7 Sensor (All-in-One), Change Every 10 Days, Pack (1)",CGMS,,,,,,,Dexcom G7 Sensors Unit,Pack (1),,,,,,,,,,,,
3XAI-5XFI-3T-MRZ,"Dexcom G7 System, Continuous Glucose Monitoring Package [MEDICARE/MEDICAID]",C7KC-VH-80-KR-U6,Dexcom G7 Sensor (All-in-One),TRUE,IUGV-Q698-GQ3-FC,,"Dexcom G7 Sensor, Change Every 10 Days, Pack (1)",CGMS,,,,,Dexcom G7 Sensors Unit,Max Allowable,,,,,,,,,,,,,,
3XAI-5XFI-3T-MRZ,"Dexcom G7 System, Continuous Glucose Monitoring Package [MEDICARE/MEDICAID]",C7KC-VH-80-KR-U6,Dexcom G7 Sensor (All-in-One),TRUE,JXKP-GT-EQY-HJU0,,"A9276/A9277 Dexcom G7 Sensor (All-in-One), Change Every 10 Days, Pack (1)",CGMS,Dexcom G7 Sensors Unit,Max Allowable,,,,,,,,,,,,,,,,,,
3XAI-5XFI-3T-MRZ,"Dexcom G7 System, Continuous Glucose Monitoring Package [MEDICARE/MEDICAID]",C7KC-VH-80-KR-U6,Dexcom G7 Sensor (All-in-One),TRUE,JY8B2-LM-UJ-7ZX7,,"A4239/A9276 Dexcom G7 Sensor (All-in-One), Change Every 10 Days, Pack (1)",CGMS,,,,,Dexcom G7 Sensors Unit,Max Allowable,,,,,,,,,,,,,,
3XAI-5XFI-3T-MRZ,"Dexcom G7 System, Continuous Glucose Monitoring Package [MEDICARE/MEDICAID]",C7KC-VH-80-KR-U6,Dexcom G7 Sensor (All-in-One),TRUE,K09F9-BL6-N9K-DY,,A4239/K0553 (1 per month/12 per year) / A9276 (30 per month/365 per year) Dexcom G7 Sensor,CGMS,,,Dexcom G7 Sensors Unit,Max Allowable,,,,,,,,,,,,,,,,
3XAI-5XFI-3T-MRZ,"Dexcom G7 System, Continuous Glucose Monitoring Package [MEDICARE/MEDICAID]",C7KC-VH-80-KR-U6,Dexcom G7 Sensor (All-in-One),TRUE,K694-5Y7G-I4N-CH,STPAT011,"A4238/A4239 Dexcom G7 Sensor (All-in-One), Change Every 10 Days, Pack (1)",CGMS,,,,,,,Dexcom G7 Sensors Unit,Pack (1),,,,,,,,,,,,
3XAI-5XFI-3T-MRZ,"Dexcom G7 System, Continuous Glucose Monitoring Package [MEDICARE/MEDICAID]",C7KC-VH-80-KR-U6,Dexcom G7 Sensor (All-in-One),TRUE,KAG-2GD-3N-6L-12,,"A4238/A4239 Dexcom G7 Sensor (All-in-One), Change Every 10 Days, Pack (1)",CGMS,,,Dexcom G7 Sensors Unit,Max Allowable,,,,,,,,,,,,,,,,
3XAI-5XFI-3T-MRZ,"Dexcom G7 System, Continuous Glucose Monitoring Package [MEDICARE/MEDICAID]",C7KC-VH-80-KR-U6,Dexcom G7 Sensor (All-in-One),TRUE,UJ3-T96-U0N-R8M4,,"Dexcom G7 Sensor (All-in-One), Change Every 10 Days, Pack (1)",CGMS,,,Dexcom G7 Sensors Unit,Max Allowable,,,,,,,,,,,,,,,,
3XAI-5XFI-3T-MRZ,"Dexcom G7 System, Continuous Glucose Monitoring Package [MEDICARE/MEDICAID]",C7KC-VH-80-KR-U6,Dexcom G7 Sensor (All-in-One),TRUE,Y5V-IE-1E-FUS-AS,,"Dexcom G7 Sensor (All-in-One), Change Every 10 Days, Pack (1)",A4239,,,,,Dexcom G7 Sensors Unit,Max Allowable,,,,,,,,,,,,,,
3XAI-5XFI-3T-MRZ,"Dexcom G7 System, Continuous Glucose Monitoring Package [MEDICARE/MEDICAID]",YTVZ-1X-GY6-VKXS,Blood Glucose Test Strips (Diabetes),FALSE,7H-0L84X-97TZ-F2,,"Blood Glucose Test Strips, Patient Preference (Diabetes)",BLDSTRP,,,,,,,,,,,,,,,,,,,Blood Glucose System,Patient Preference
3XAI-5XFI-3T-MRZ,"Dexcom G7 System, Continuous Glucose Monitoring Package [MEDICARE/MEDICAID]",YTVZ-1X-GY6-VKXS,Blood Glucose Test Strips (Diabetes),FALSE,9J-VYE-YM-EX-AC9,793449,"Blood Glucose Test Strips, Glucocard Expression (Diabetes)",BLDSTRP,,,,,,,,,,,Blood Glucose System,Glucocard Expression,,,,,,,,
3XAI-5XFI-3T-MRZ,"Dexcom G7 System, Continuous Glucose Monitoring Package [MEDICARE/MEDICAID]",YTVZ-1X-GY6-VKXS,Blood Glucose Test Strips (Diabetes),FALSE,BG253-GF5N-K5-CR,,"Blood Glucose Test Strips, Freestyle Precision Neo (Diabetes)",BLDSTRP,,,,,,,,,,,,,,,,,,,Blood Glucose System,Freestyle Precision Neo
3XAI-5XFI-3T-MRZ,"Dexcom G7 System, Continuous Glucose Monitoring Package [MEDICARE/MEDICAID]",YTVZ-1X-GY6-VKXS,Blood Glucose Test Strips (Diabetes),FALSE,FRY3U-90H-E1-UXG,,"Blood Glucose Test Strips, Bayer Contour Next (Diabetes)",BLDSTRP,,,,,,,,,,,,,Blood Glucose System,Bayer Contour Next,,,,,,
3XAI-5XFI-3T-MRZ,"Dexcom G7 System, Continuous Glucose Monitoring Package [MEDICARE/MEDICAID]",YTVZ-1X-GY6-VKXS,Blood Glucose Test Strips (Diabetes),FALSE,GXL6-IV2I9-48-DL,,Blood Glucose Test Strips (Diabetes),A4253,,,,,,,,,,,,,,,Blood Glucose System,n/a,,,,
3XAI-5XFI-3T-MRZ,"Dexcom G7 System, Continuous Glucose Monitoring Package [MEDICARE/MEDICAID]",YTVZ-1X-GY6-VKXS,Blood Glucose Test Strips (Diabetes),FALSE,KM-X1B1P-AQ73-J3,,"Blood Glucose Test Strips, Accu-Chek Guide (Diabetes)",BLDSTRP,,,,,,,,,,,,,Blood Glucose System,Accu-Chek Guide,,,,,,
3XAI-5XFI-3T-MRZ,"Dexcom G7 System, Continuous Glucose Monitoring Package [MEDICARE/MEDICAID]",YTVZ-1X-GY6-VKXS,Blood Glucose Test Strips (Diabetes),FALSE,PHFX3-NFXKM-QF6E,688260,"Blood Glucose Test Strips, Glucocard 01 Sensor Plus (Diabetes)",BLDSTRP,,,,,,,,,Blood Glucose System,Glucocard 01 Sensor Plus,,,,,,,,,,
3XAI-5XFI-3T-MRZ,"Dexcom G7 System, Continuous Glucose Monitoring Package [MEDICARE/MEDICAID]",YTVZ-1X-GY6-VKXS,Blood Glucose Test Strips (Diabetes),FALSE,TFNMC-DC-CUTD-41,,"Blood Glucose Test Strips, Contour Next Link (Diabetes)",BLDSTRP,,,,,,,,,,,,,,,,,,,Blood Glucose System,Contour Next Link (630G)
3XAI-5XFI-3T-MRZ,"Dexcom G7 System, Continuous Glucose Monitoring Package [MEDICARE/MEDICAID]",YTVZ-1X-GY6-VKXS,Blood Glucose Test Strips (Diabetes),FALSE,VALRL-BT1-2KL-LF,960300,"Blood Glucose Test Strips, True Metrix (Diabetes)",BLDSTRP,,,,,,,,,Blood Glucose System,True Metrix,,,,,,,,,,
3XAI-5XFI-3T-MRZ,"Dexcom G7 System, Continuous Glucose Monitoring Package [MEDICARE/MEDICAID]",YTVZ-1X-GY6-VKXS,Blood Glucose Test Strips (Diabetes),FALSE,Z8Y-NM-CJ8U0-GY9,,Blood Glucose Test Strips (Diabetes),BLDSTRP,,,,,,,,,,,Blood Glucose System,n/a,,,,,,,,
3ZP-M283-05UR-MC,"FreeStyle Libre 3 Plus System, Continuous Glucose Monitoring Package",5YF-V4I-C7-A7C47,Blood Glucose Meter (Diabetes),FALSE,4D-65-0FZ6N-YF50,,"Blood Glucose Meter, Bayer Contour Next (Diabetes)",BGMETR,,,,,,,,,,,,,,,Blood Glucose System,Bayer Contour Next,,,,
3ZP-M283-05UR-MC,"FreeStyle Libre 3 Plus System, Continuous Glucose Monitoring Package",5YF-V4I-C7-A7C47,Blood Glucose Meter (Diabetes),FALSE,8XS24-5C-1HJS-76,,"Blood Glucose Meter, Accu-Chek Guide (Diabetes)",BGMETR,,,,,,,,,,,,,,,Blood Glucose System,Accu-Chek Guide,,,,
3ZP-M283-05UR-MC,"FreeStyle Libre 3 Plus System, Continuous Glucose Monitoring Package",5YF-V4I-C7-A7C47,Blood Glucose Meter (Diabetes),FALSE,E8A5-97-U1H-FCKN,,Blood Glucose Meter (Diabetes),E0607,,,,,,,,,,,,,Blood Glucose System,n/a,,,,,,
3ZP-M283-05UR-MC,"FreeStyle Libre 3 Plus System, Continuous Glucose Monitoring Package",5YF-V4I-C7-A7C47,Blood Glucose Meter (Diabetes),FALSE,EF-Z0-BX8I-Q0-VY,,"Blood Glucose Meter, Advocate (Diabetes)",BGMETR,,,,,,,,,,,,,Blood Glucose System,Advocate,,,,,,
3ZP-M283-05UR-MC,"FreeStyle Libre 3 Plus System, Continuous Glucose Monitoring Package",5YF-V4I-C7-A7C47,Blood Glucose Meter (Diabetes),FALSE,HVN-MY-5Z-P85-G9,,"Blood Glucose Meter, One Touch Verio (Diabetes)",BGMETR,,,,,,,,,,,,,,,,,Blood Glucose System,One Touch Verio,,
3ZP-M283-05UR-MC,"FreeStyle Libre 3 Plus System, Continuous Glucose Monitoring Package",5YF-V4I-C7-A7C47,Blood Glucose Meter (Diabetes),FALSE,NP5Q-K0-4V5V-QU0,,"Blood Glucose Meter, Contour Next Link (Diabetes)",BGMETR,,,,,,,,,,,,,,,,,,,Blood Glucose System,Contour Next Link (630G)
3ZP-M283-05UR-MC,"FreeStyle Libre 3 Plus System, Continuous Glucose Monitoring Package",5YF-V4I-C7-A7C47,Blood Glucose Meter (Diabetes),FALSE,QT1U-R8JI-DF3-1U,,"Blood Glucose Meter, Glucocard 01 Sensor Plus (Diabetes)",BGMETR,,,,,,,,,,,,,,,,,Blood Glucose System,Glucocard 01 Sensor Plus,,
3ZP-M283-05UR-MC,"FreeStyle Libre 3 Plus System, Continuous Glucose Monitoring Package",5YF-V4I-C7-A7C47,Blood Glucose Meter (Diabetes),FALSE,QVHL0-QV2QU-SHTN,,"Blood Glucose Meter, Glucocard Expression (Diabetes)",BGMETR,,,,,,,,,,,,,,,,,Blood Glucose System,Glucocard Expression,,
3ZP-M283-05UR-MC,"FreeStyle Libre 3 Plus System, Continuous Glucose Monitoring Package",5YF-V4I-C7-A7C47,Blood Glucose Meter (Diabetes),FALSE,VG-ESFN-1XLD-3ZA,,"Blood Glucose Meter (Diabetes), Refills if billed with: Rx- 3, Med- Lifetime",BGMETR,,,,,,,,,,,,,,,,,,,Blood Glucose System,n/a
3ZP-M283-05UR-MC,"FreeStyle Libre 3 Plus System, Continuous Glucose Monitoring Package",5YF-V4I-C7-A7C47,Blood Glucose Meter (Diabetes),FALSE,VLM-2GUL3-QR-MF4,,"Blood Glucose Meter, True Metrix (Diabetes)",BGMETR,,,,,,,,,,,,,,,,,,,Blood Glucose System,True Metrix
3ZP-M283-05UR-MC,"FreeStyle Libre 3 Plus System, Continuous Glucose Monitoring Package",5YF-V4I-C7-A7C47,Blood Glucose Meter (Diabetes),FALSE,ZTJZ-SIK-297Y-KF,,"Blood Glucose Meter, Patient Preference (Diabetes)",BGMETR,,,,,,,,,,,,,,,,,,,Blood Glucose System,Patient Preference
3ZP-M283-05UR-MC,"FreeStyle Libre 3 Plus System, Continuous Glucose Monitoring Package",K6J-50KQ-31D-2S1,Insulin,FALSE,CNJ4T-291E-LTI7M,,"Insulin, Lispro, 100 units/mL",J1817,,,,,,,,,Type of Insulin,Lispro,,,,,,,,,,
3ZP-M283-05UR-MC,"FreeStyle Libre 3 Plus System, Continuous Glucose Monitoring Package",K6J-50KQ-31D-2S1,Insulin,FALSE,U2CU9-4P7PH-LN0F,,"Insulin Lispro, 100 units/mL, dispense 9 10 mL vials every 90 days, use as directed per prescriber via insulin pump, 4 refills",J1817,,,,,,,,,,,,,,,,,Type of Insulin,Lispro,,
3ZP-M283-05UR-MC,"FreeStyle Libre 3 Plus System, Continuous Glucose Monitoring Package",YTVZ-1X-GY6-VKXS,Blood Glucose Test Strips (Diabetes),FALSE,7H-0L84X-97TZ-F2,,"Blood Glucose Test Strips, Patient Preference (Diabetes)",BLDSTRP,,,,,,,,,,,,,,,,,Blood Glucose System,Patient Preference,,
3ZP-M283-05UR-MC,"FreeStyle Libre 3 Plus System, Continuous Glucose Monitoring Package",YTVZ-1X-GY6-VKXS,Blood Glucose Test Strips (Diabetes),FALSE,FRY3U-90H-E1-UXG,,"Blood Glucose Test Strips, Bayer Contour Next (Diabetes)",BLDSTRP,,,,,,,,,,,,,,,,,Blood Glucose System,Bayer Contour Next,,
3ZP-M283-05UR-MC,"FreeStyle Libre 3 Plus System, Continuous Glucose Monitoring Package",YTVZ-1X-GY6-VKXS,Blood Glucose Test Strips (Diabetes),FALSE,FYP0-NTF-PKY9-B6,1159731,"Blood Glucose Test Strips, Embrace (Diabetes)",BLDSTRP,,,,,,,,,,,,,Blood Glucose System,Embrace Talk,,,,,,
3ZP-M283-05UR-MC,"FreeStyle Libre 3 Plus System, Continuous Glucose Monitoring Package",YTVZ-1X-GY6-VKXS,Blood Glucose Test Strips (Diabetes),FALSE,PHFX3-NFXKM-QF6E,688260,"Blood Glucose Test Strips, Glucocard 01 Sensor Plus (Diabetes)",BLDSTRP,,,,,,,,,,,,,Blood Glucose System,Glucocard 01 Sensor Plus,,,,,,
3ZP-M283-05UR-MC,"FreeStyle Libre 3 Plus System, Continuous Glucose Monitoring Package",YTVZ-1X-GY6-VKXS,Blood Glucose Test Strips (Diabetes),FALSE,PN0KC-QA5-DGR-7S,,"Blood Glucose Test Strips, Caresense (Diabetes)",BLDSTRP,,,,,,,,,,,,,,,,,,,Blood Glucose System,CareSense
3ZP-M283-05UR-MC,"FreeStyle Libre 3 Plus System, Continuous Glucose Monitoring Package",YTVZ-1X-GY6-VKXS,Blood Glucose Test Strips (Diabetes),FALSE,Q3E-3YP-0HR8Y-7A,,"Blood Glucose Test Strips, Advocate (Diabetes)",BLDSTRP,,,,,,,Blood Glucose System,Advocate,,,,,,,,,,,,
3ZP-M283-05UR-MC,"FreeStyle Libre 3 Plus System, Continuous Glucose Monitoring Package",YTVZ-1X-GY6-VKXS,Blood Glucose Test Strips (Diabetes),FALSE,QU-UHNI-QM7-GKNR,,"Blood Glucose Test Strips, Advocate (Diabetes)",A4253,,,,,,,,,,,,,,,,,,,Blood Glucose System,Advocate
3ZP-M283-05UR-MC,"FreeStyle Libre 3 Plus System, Continuous Glucose Monitoring Package",YTVZ-1X-GY6-VKXS,Blood Glucose Test Strips (Diabetes),FALSE,T7-73DK-X868-QAB,1060018,"Blood Glucose Test Strips, One Touch Ultra 2 (Diabetes)",BLDSTRP,,,,,,,,,,,,,,,Blood Glucose System,One Touch Ultra 2,,,,
3ZP-M283-05UR-MC,"FreeStyle Libre 3 Plus System, Continuous Glucose Monitoring Package",YTVZ-1X-GY6-VKXS,Blood Glucose Test Strips (Diabetes),FALSE,TFNMC-DC-CUTD-41,,"Blood Glucose Test Strips, Contour Next Link (Diabetes)",BLDSTRP,,,,,,,Blood Glucose System,Contour Next Link (630G),,,,,,,,,,,,
3ZP-M283-05UR-MC,"FreeStyle Libre 3 Plus System, Continuous Glucose Monitoring Package",YTVZ-1X-GY6-VKXS,Blood Glucose Test Strips (Diabetes),FALSE,VALRL-BT1-2KL-LF,960300,"Blood Glucose Test Strips, True Metrix (Diabetes)",BLDSTRP,,,,,,,,,,,Blood Glucose System,True Metrix,,,,,,,,
3ZP-M283-05UR-MC,"FreeStyle Libre 3 Plus System, Continuous Glucose Monitoring Package",YTVZ-1X-GY6-VKXS,Blood Glucose Test Strips (Diabetes),FALSE,XR1C-43-XVE79-2U,939082,"Blood Glucose Test Strips, One Touch Verio (Diabetes)",BLDSTRP,,,,,,,,,,,,,,,,,Blood Glucose System,One Touch Verio,,
4I4G-PFADK-XJ-ZP,Dexcom G6 Sensor and Transmitter Package [MEDICARE/MEDICAID],B6-7ZT0-B3VX-TUX,Dexcom G6 Sensor,TRUE,05-P1T63-FCU-H7V,STSOR003,"Dexcom G6 Sensor, Pack (3)",A9276,,,,,,,,,,,CGM System,Dexcom G6,,,,,,,,
4I4G-PFADK-XJ-ZP,Dexcom G6 Sensor and Transmitter Package [MEDICARE/MEDICAID],B6-7ZT0-B3VX-TUX,Dexcom G6 Sensor,TRUE,0R-DQ07-EG507-S7,PDCG6SENSOR,"Dexcom G6 Sensor, Pack (3)",A4239,CGM System,Dexcom G6,,,,,,,,,,,Unit,Pack (3),,,,,,
4I4G-PFADK-XJ-ZP,Dexcom G6 Sensor and Transmitter Package [MEDICARE/MEDICAID],B6-7ZT0-B3VX-TUX,Dexcom G6 Sensor,TRUE,2A-GFA-DF-FRG-JN,,"Dexcom G6 Sensor, 4 refills per year",CGMS,,,,,,,,,CGM System,Dexcom G6,,,,,,,,,,
4I4G-PFADK-XJ-ZP,Dexcom G6 Sensor and Transmitter Package [MEDICARE/MEDICAID],B6-7ZT0-B3VX-TUX,Dexcom G6 Sensor,TRUE,4D-0FI-3QV-M1-13,,"A4239/A9276 Dexcom G6 Sensor, change every 10 days as directed",CGMS,,,,,,,,,CGM System,Dexcom G6,,,,,,,,,,
4I4G-PFADK-XJ-ZP,Dexcom G6 Sensor and Transmitter Package [MEDICARE/MEDICAID],B6-7ZT0-B3VX-TUX,Dexcom G6 Sensor,TRUE,4JMXN-5UN9-NQ-EH,,"Dexcom G6 Sensor, change every 10 days, 90 day supply",CGMS,,,,,,,,,,,CGM System,Dexcom G6,,,,,,,,
4I4G-PFADK-XJ-ZP,Dexcom G6 Sensor and Transmitter Package [MEDICARE/MEDICAID],B6-7ZT0-B3VX-TUX,Dexcom G6 Sensor,TRUE,92A0-EYF-5Y-6GZS,,"Dexcom G6 Sensor, change every 10 days as directed",CGMS,,,,,,,CGM System,Dexcom G6,,,,,,,,,,,Unit,Max Allowable
4I4G-PFADK-XJ-ZP,Dexcom G6 Sensor and Transmitter Package [MEDICARE/MEDICAID],B6-7ZT0-B3VX-TUX,Dexcom G6 Sensor,TRUE,97-35-GLPVL-L9MG,,"Dexcom G6 Sensor, Pack (3)",CGMS,,,CGM System,Dexcom G6,,,,,,,,,,,Unit,Each (1),,,,
4I4G-PFADK-XJ-ZP,Dexcom G6 Sensor and Transmitter Package [MEDICARE/MEDICAID],B6-7ZT0-B3VX-TUX,Dexcom G6 Sensor,TRUE,N9Y-9A-R2RZ-591E,,"1 Month Supply Allowance (Dexcom G6 Sensor, Meter, Test Strips, Glucose Control Solution, Lancet, Lancing Device, Battery)",CGMS,CGM System,Dexcom G6,,,,,,,,,,,Unit,Each (1),,,,,,
4I4G-PFADK-XJ-ZP,Dexcom G6 Sensor and Transmitter Package [MEDICARE/MEDICAID],B6-7ZT0-B3VX-TUX,Dexcom G6 Sensor,TRUE,P12P9-D5YG-3Q-NG,,A4239 (1 per month/12 per year) / A9276 (30 per month/365 per year) Dexcom G6 Sensor,CGMS,,,,,CGM System,Dexcom G6,,,,,,,,,,,Unit,Max Allowable,,
4I4G-PFADK-XJ-ZP,Dexcom G6 Sensor and Transmitter Package [MEDICARE/MEDICAID],B6-7ZT0-B3VX-TUX,Dexcom G6 Sensor,TRUE,P7-GDX4-E4RF-2KY,,"Dexcom G6 Sensor, change every 10 days, Pack of 3",CGMS,,,,,,,,,,,CGM System,Dexcom G6,,,,,,,,
4I4G-PFADK-XJ-ZP,Dexcom G6 Sensor and Transmitter Package [MEDICARE/MEDICAID],B6-7ZT0-B3VX-TUX,Dexcom G6 Sensor,TRUE,QS4-M8-0T3LP-4Y2,,"Dexcom G6 Sensor, change every 10 days",CGMS,,,,,,,CGM System,Dexcom G6,,,,,,,,,,,Unit,Max Allowable
4I4G-PFADK-XJ-ZP,Dexcom G6 Sensor and Transmitter Package [MEDICARE/MEDICAID],B6-7ZT0-B3VX-TUX,Dexcom G6 Sensor,TRUE,TM7-LTGUV-KBQ-Z6,,"Dexcom G6 Sensor, change every 10 days, Pack of 3",CGMS,,,,,,,,,CGM System,Dexcom G6,,,,,,,,,,
4I4G-PFADK-XJ-ZP,Dexcom G6 Sensor and Transmitter Package [MEDICARE/MEDICAID],RSPL-ZUNL-SZ-LQB,Dexcom G6 Transmitter,TRUE,0U-BFX-H86DJ-DZX,,"Dexcom G6 Transmitter, Day Supply: 90",CGMT,,,,,,,,,Unit,Max Allowable,,,,,,,,,,
4I4G-PFADK-XJ-ZP,Dexcom G6 Sensor and Transmitter Package [MEDICARE/MEDICAID],RSPL-ZUNL-SZ-LQB,Dexcom G6 Transmitter,TRUE,1K2C-U6-1IRQZ-R0,,A9277/A4239 (4 per year) Dexcom G6 Transmitter,CGMT,,,,,,,Unit,Max Allowable,,,,,,,,,,,,
4I4G-PFADK-XJ-ZP,Dexcom G6 Sensor and Transmitter Package [MEDICARE/MEDICAID],RSPL-ZUNL-SZ-LQB,Dexcom G6 Transmitter,TRUE,2X-UX8G-ZY-XP-UF,,"Dexcom G6 Transmitter, Day Supply: 90",CGMT,,,,,,,,,Unit,Max Allowable,,,,,,,,,,
4I4G-PFADK-XJ-ZP,Dexcom G6 Sensor and Transmitter Package [MEDICARE/MEDICAID],RSPL-ZUNL-SZ-LQB,Dexcom G6 Transmitter,TRUE,5H0R-40K0J-DSZPA,STTOM001,Dexcom G6 Transmitter,CGMT,,,,,,,,,Unit,Max Allowable,,,,,,,,,,
4I4G-PFADK-XJ-ZP,Dexcom G6 Sensor and Transmitter Package [MEDICARE/MEDICAID],RSPL-ZUNL-SZ-LQB,Dexcom G6 Transmitter,TRUE,DL-Q5MP-8K0K1-N0,PDCG6TRANS,"Dexcom G6 Transmitter, Each (1)",A9277,,,,,Unit,Each (1),,,,,,,,,,,,,,
4I4G-PFADK-XJ-ZP,Dexcom G6 Sensor and Transmitter Package [MEDICARE/MEDICAID],RSPL-ZUNL-SZ-LQB,Dexcom G6 Transmitter,TRUE,EY7-E5QV3-EM1-2R,,"Dexcom G6 Transmitter, change every 90 days as directed, 4 refills per year",CGMT,,,,,,,,,Unit,Max Allowable,,,,,,,,,,
4I4G-PFADK-XJ-ZP,Dexcom G6 Sensor and Transmitter Package [MEDICARE/MEDICAID],RSPL-ZUNL-SZ-LQB,Dexcom G6 Transmitter,TRUE,HSEU0-T5B0J-ZJVA,,"Dexcom G6 Transmitter, 4 per year",CGMT,,,,,,,,,Unit,Each (1),,,,,,,,,,
4I4G-PFADK-XJ-ZP,Dexcom G6 Sensor and Transmitter Package [MEDICARE/MEDICAID],RSPL-ZUNL-SZ-LQB,Dexcom G6 Transmitter,TRUE,I5YL1-SU8K-ME0CH,,A4239/A9277 Dexcom G6 Transmitter,CGMT,,,,,,,,,,,Unit,Max Allowable,,,,,,,,
4I4G-PFADK-XJ-ZP,Dexcom G6 Sensor and Transmitter Package [MEDICARE/MEDICAID],RSPL-ZUNL-SZ-LQB,Dexcom G6 Transmitter,TRUE,S5HX-LT-0KU-R2SH,,"Dexcom G6 Transmitter, change every 90 days as directed",CGMT,,,,,,,,,,,Unit,Max Allowable,,,,,,,,
4L-ZEXUJ-FGR0-EY,"FreeStyle Libre 3 System, Continuous Glucose Monitoring Package [MEDICARE/MEDICAID]",4YEZ-E5-T7HI-D8A,Libre 3 Sensor,TRUE,8L9G-7G-4DQJ-X2Z,72081,"Libre 3 Sensor, change every 14 days",CGMS,,,CGM System,FreeStyle Libre 3,,,,,,,,,,,,,,,,
4L-ZEXUJ-FGR0-EY,"FreeStyle Libre 3 System, Continuous Glucose Monitoring Package [MEDICARE/MEDICAID]",4YEZ-E5-T7HI-D8A,Libre 3 Sensor,TRUE,GD-R5LUI-0P9-6PA,,"Libre 3 Sensor, change every 14 days",CGMSRES,,,CGM System,FreeStyle Libre 3,,,,,,,,,,,,,,,,
4L-ZEXUJ-FGR0-EY,"FreeStyle Libre 3 System, Continuous Glucose Monitoring Package [MEDICARE/MEDICAID]",4YEZ-E5-T7HI-D8A,Libre 3 Sensor,TRUE,J1IX0-1YSI-B6-ZT,,"Libre 3 Sensor, change every 14 days",A4239,,,CGM System,FreeStyle Libre 3,,,,,,,,,,,,,,,,
4L-ZEXUJ-FGR0-EY,"FreeStyle Libre 3 System, Continuous Glucose Monitoring Package [MEDICARE/MEDICAID]",4YEZ-E5-T7HI-D8A,Libre 3 Sensor,TRUE,LS-R38-E6AY-PHIQ,,"Libre 3 Sensor, change every 14 days",A9276,,,CGM System,FreeStyle Libre 3,,,,,,,,,,,,,,,,
4L-ZEXUJ-FGR0-EY,"FreeStyle Libre 3 System, Continuous Glucose Monitoring Package [MEDICARE/MEDICAID]",4YEZ-E5-T7HI-D8A,Libre 3 Sensor,TRUE,NA9LV-7F-6YRZ-RQ,,"Libre 3 Sensor, change every 14 days, 6 refills",CGMS,CGM System,FreeStyle Libre 3,,,,,,,,,,,,,,,,,,
4L-ZEXUJ-FGR0-EY,"FreeStyle Libre 3 System, Continuous Glucose Monitoring Package [MEDICARE/MEDICAID]",4YEZ-E5-T7HI-D8A,Libre 3 Sensor,TRUE,PYLP-U5C-FKG-D8T,,"Libre 3 Sensor, change every 14 days",CGMS,,,CGM System,FreeStyle Libre 3,,,,,,,,,,,,,,,,
4L-ZEXUJ-FGR0-EY,"FreeStyle Libre 3 System, Continuous Glucose Monitoring Package [MEDICARE/MEDICAID]",4YEZ-E5-T7HI-D8A,Libre 3 Sensor,TRUE,URS-CA-7648T-L4H,,A4239 (1 per month/12 per year) / A9276 (30 per month/365 per year) Libre 3 Sensor,CGMS,CGM System,FreeStyle Libre 3,,,,,,,,,,,,,,,,,,
4L-ZEXUJ-FGR0-EY,"FreeStyle Libre 3 System, Continuous Glucose Monitoring Package [MEDICARE/MEDICAID]",4YEZ-E5-T7HI-D8A,Libre 3 Sensor,TRUE,UTKX-UL-YVU7U-P2,,"A4239/A9276 Libre 3 Sensor, change every 14 days",CGMS,CGM System,FreeStyle Libre 3,,,,,,,,,,,,,,,,,,
4L-ZEXUJ-FGR0-EY,"FreeStyle Libre 3 System, Continuous Glucose Monitoring Package [MEDICARE/MEDICAID]",YTVZ-1X-GY6-VKXS,Blood Glucose Test Strips (Diabetes),FALSE,20-IVHF-GU1-DG3C,,"Blood Glucose Test Strips, Accu-Chek Guide (Diabetes)",BLDSTRP,,,,,Blood Glucose System,Accu-Chek Guide Link (780G & 770G),,,,,,,,,,,,,,
4L-ZEXUJ-FGR0-EY,"FreeStyle Libre 3 System, Continuous Glucose Monitoring Package [MEDICARE/MEDICAID]",YTVZ-1X-GY6-VKXS,Blood Glucose Test Strips (Diabetes),FALSE,4V-CJG-63RKA-INP,,"Blood Glucose Test Strips (Diabetes), Refills if billed with: Rx- 3, Med- Lifetime",BLDSTRP,Blood Glucose System,n/a,,,,,,,,,,,,,,,,,,
4L-ZEXUJ-FGR0-EY,"FreeStyle Libre 3 System, Continuous Glucose Monitoring Package [MEDICARE/MEDICAID]",YTVZ-1X-GY6-VKXS,Blood Glucose Test Strips (Diabetes),FALSE,7H-0L84X-97TZ-F2,,"Blood Glucose Test Strips, Patient Preference (Diabetes)",BLDSTRP,,,Blood Glucose System,Patient Preference,,,,,,,,,,,,,,,,
4L-ZEXUJ-FGR0-EY,"FreeStyle Libre 3 System, Continuous Glucose Monitoring Package [MEDICARE/MEDICAID]",YTVZ-1X-GY6-VKXS,Blood Glucose Test Strips (Diabetes),FALSE,BG253-GF5N-K5-CR,,"Blood Glucose Test Strips, Freestyle Precision Neo (Diabetes)",BLDSTRP,,,Blood Glucose System,Freestyle Precision Neo,,,,,,,,,,,,,,,,
4L-ZEXUJ-FGR0-EY,"FreeStyle Libre 3 System, Continuous Glucose Monitoring Package [MEDICARE/MEDICAID]",YTVZ-1X-GY6-VKXS,Blood Glucose Test Strips (Diabetes),FALSE,FRY3U-90H-E1-UXG,,"Blood Glucose Test Strips, Bayer Contour Next (Diabetes)",BLDSTRP,,,,,,,,,Blood Glucose System,Bayer Contour Next,,,,,,,,,,
4L-ZEXUJ-FGR0-EY,"FreeStyle Libre 3 System, Continuous Glucose Monitoring Package [MEDICARE/MEDICAID]",YTVZ-1X-GY6-VKXS,Blood Glucose Test Strips (Diabetes),FALSE,GXL6-IV2I9-48-DL,,Blood Glucose Test Strips (Diabetes),A4253,Blood Glucose System,n/a,,,,,,,,,,,,,,,,,,
4L-ZEXUJ-FGR0-EY,"FreeStyle Libre 3 System, Continuous Glucose Monitoring Package [MEDICARE/MEDICAID]",YTVZ-1X-GY6-VKXS,Blood Glucose Test Strips (Diabetes),FALSE,KM-X1B1P-AQ73-J3,,"Blood Glucose Test Strips, Accu-Chek Guide (Diabetes)",BLDSTRP,,,Blood Glucose System,Accu-Chek Guide,,,,,,,,,,,,,,,,
4L-ZEXUJ-FGR0-EY,"FreeStyle Libre 3 System, Continuous Glucose Monitoring Package [MEDICARE/MEDICAID]",YTVZ-1X-GY6-VKXS,Blood Glucose Test Strips (Diabetes),FALSE,PN0KC-QA5-DGR-7S,,"Blood Glucose Test Strips, Caresense (Diabetes)",BLDSTRP,,,,,,,Blood Glucose System,CareSense,,,,,,,,,,,,
4L-ZEXUJ-FGR0-EY,"FreeStyle Libre 3 System, Continuous Glucose Monitoring Package [MEDICARE/MEDICAID]",YTVZ-1X-GY6-VKXS,Blood Glucose Test Strips (Diabetes),FALSE,Q3E-3YP-0HR8Y-7A,,"Blood Glucose Test Strips, Advocate (Diabetes)",BLDSTRP,,,Blood Glucose System,Advocate,,,,,,,,,,,,,,,,
4L-ZEXUJ-FGR0-EY,"FreeStyle Libre 3 System, Continuous Glucose Monitoring Package [MEDICARE/MEDICAID]",YTVZ-1X-GY6-VKXS,Blood Glucose Test Strips (Diabetes),FALSE,QU-UHNI-QM7-GKNR,,"Blood Glucose Test Strips, Advocate (Diabetes)",A4253,,,,,,,,,,,,,Blood Glucose System,Advocate,,,,,,
4L-ZEXUJ-FGR0-EY,"FreeStyle Libre 3 System, Continuous Glucose Monitoring Package [MEDICARE/MEDICAID]",YTVZ-1X-GY6-VKXS,Blood Glucose Test Strips (Diabetes),FALSE,RJT-VMR-89PC7-TG,843244,"Blood Glucose Test Strips, Prodigy Auto (Diabetes)",BLDSTRP,Blood Glucose System,Prodigy Auto,,,,,,,,,,,,,,,,,,
4L-ZEXUJ-FGR0-EY,"FreeStyle Libre 3 System, Continuous Glucose Monitoring Package [MEDICARE/MEDICAID]",YTVZ-1X-GY6-VKXS,Blood Glucose Test Strips (Diabetes),FALSE,T7-73DK-X868-QAB,1060018,"Blood Glucose Test Strips, One Touch Ultra 2 (Diabetes)",BLDSTRP,Blood Glucose System,One Touch Ultra 2,,,,,,,,,,,,,,,,,,
4L-ZEXUJ-FGR0-EY,"FreeStyle Libre 3 System, Continuous Glucose Monitoring Package [MEDICARE/MEDICAID]",YTVZ-1X-GY6-VKXS,Blood Glucose Test Strips (Diabetes),FALSE,TFNMC-DC-CUTD-41,,"Blood Glucose Test Strips, Contour Next Link (Diabetes)",BLDSTRP,,,,,,,,,,,,,Blood Glucose System,Contour Next Link (630G),,,,,,
5Q-MLI9-ZBU1-59P,Medtronic Guardian Transmitter,JU28-YBT-XI-K54Z,Medtronic Guardian Transmitter,TRUE,614KT-9S-7IC-TLX,,"Medtronic Guardian Transmitter, Day Supply: 365",CGMT,CGM Model,n/a,,,,,,,,,,,,,,,,,,
5Q-MLI9-ZBU1-59P,Medtronic Guardian Transmitter,JU28-YBT-XI-K54Z,Medtronic Guardian Transmitter,TRUE,7D-G0XF-JXY-J1R9,,TEST SKU - DO NOT MAP SUPPLIERS,CGMT,,,CGM Model,780G,,,,,,,,,,,,,,,,
5Q-MLI9-ZBU1-59P,Medtronic Guardian Transmitter,JU28-YBT-XI-K54Z,Medtronic Guardian Transmitter,TRUE,AY-5QRP-9R-H2AT4,,Medtronic Guardian Transmitter 780G,A9277,,,CGM Model,780G,,,,,,,,,,,,,,,,
5Q-MLI9-ZBU1-59P,Medtronic Guardian Transmitter,JU28-YBT-XI-K54Z,Medtronic Guardian Transmitter,TRUE,CQN-3KZ6-LS1-IEN,,Medtronic Guardian Transmitter 770G,CGMT,,,CGM Model,770G,,,,,,,,,,,,,,,,
5Q-MLI9-ZBU1-59P,Medtronic Guardian Transmitter,JU28-YBT-XI-K54Z,Medtronic Guardian Transmitter,TRUE,DIUQ-XHL3-Y8L-CV,,Medtronic Guardian Transmitter 630G/670G,A9277,,,CGM Model,630G/670G,,,,,,,,,,,,,,,,
5Q-MLI9-ZBU1-59P,Medtronic Guardian Transmitter,JU28-YBT-XI-K54Z,Medtronic Guardian Transmitter,TRUE,E6IA4-NI8-G7T-0P,,Medtronic Guardian Transmitter 630G/670G,CGMT,CGM Model,630G/670G,,,,,,,,,,,,,,,,,,
5Q-MLI9-ZBU1-59P,Medtronic Guardian Transmitter,JU28-YBT-XI-K54Z,Medtronic Guardian Transmitter,TRUE,GJ1-K9X-916S-XJ2,,Medtronic Guardian Transmitter,CGMT,,,CGM Model,n/a,,,,,,,,,,,,,,,,
5Q-MLI9-ZBU1-59P,Medtronic Guardian Transmitter,JU28-YBT-XI-K54Z,Medtronic Guardian Transmitter,TRUE,KJAG-ZH3Q-KF-M7B,,Medtronic Guardian 4 Transmitter,CGMT,,,CGM Model,780G,,,,,,,,,,,,,,,,
5Q-MLI9-ZBU1-59P,Medtronic Guardian Transmitter,JU28-YBT-XI-K54Z,Medtronic Guardian Transmitter,TRUE,RI-MFMN4-HBH-RT3,,"Medtronic Guardian Transmitter, 780G, Day Supply: 365",CGMT,,,CGM Model,780G,,,,,,,,,,,,,,,,
5Q-MLI9-ZBU1-59P,Medtronic Guardian Transmitter,JU28-YBT-XI-K54Z,Medtronic Guardian Transmitter,TRUE,S07V-KUC-P14S-2B,,A9277 / E2102 (1 per year) Medtronic Guardian Transmitter,CGMT,,,CGM Model,n/a,,,,,,,,,,,,,,,,
5Q-MLI9-ZBU1-59P,Medtronic Guardian Transmitter,JU28-YBT-XI-K54Z,Medtronic Guardian Transmitter,TRUE,S6K8U-GP-AS5V-ZG,,Medtronic Guardian Transmitter 780G,CGMT,,,CGM Model,780G,,,,,,,,,,,,,,,,
5Q-MLI9-ZBU1-59P,Medtronic Guardian Transmitter,JU28-YBT-XI-K54Z,Medtronic Guardian Transmitter,TRUE,T0ALU-4GU-XZI-SC,,Medtronic Guardian Transmitter 770G,A9277,,,CGM Model,770G,,,,,,,,,,,,,,,,
6U-24MEK-PH3-XM9,Medtronic Sensor Only,5YF-V4I-C7-A7C47,Blood Glucose Meter (Diabetes),FALSE,4D-65-0FZ6N-YF50,,"Blood Glucose Meter, Bayer Contour Next (Diabetes)",BGMETR,,,,,,,,,Blood Glucose System,Bayer Contour Next,,,,,,,,,,
6U-24MEK-PH3-XM9,Medtronic Sensor Only,5YF-V4I-C7-A7C47,Blood Glucose Meter (Diabetes),FALSE,5V-6VQM-ZUI-LCZD,,"Blood Glucose Meter, Embrace (Diabetes)",BGMETR,,,,,,,Blood Glucose System,Embrace Talk,,,,,,,,,,,,
6U-24MEK-PH3-XM9,Medtronic Sensor Only,5YF-V4I-C7-A7C47,Blood Glucose Meter (Diabetes),FALSE,E8A5-97-U1H-FCKN,,Blood Glucose Meter (Diabetes),E0607,,,,,,,,,,,Blood Glucose System,n/a,,,,,,,,
6U-24MEK-PH3-XM9,Medtronic Sensor Only,5YF-V4I-C7-A7C47,Blood Glucose Meter (Diabetes),FALSE,EF-Z0-BX8I-Q0-VY,,"Blood Glucose Meter, Advocate (Diabetes)",BGMETR,,,Blood Glucose System,Advocate,,,,,,,,,,,,,,,,
6U-24MEK-PH3-XM9,Medtronic Sensor Only,5YF-V4I-C7-A7C47,Blood Glucose Meter (Diabetes),FALSE,HVN-MY-5Z-P85-G9,,"Blood Glucose Meter, One Touch Verio (Diabetes)",BGMETR,,,,,,,,,Blood Glucose System,One Touch Verio,,,,,,,,,,
6U-24MEK-PH3-XM9,Medtronic Sensor Only,5YF-V4I-C7-A7C47,Blood Glucose Meter (Diabetes),FALSE,IJ-GV6-18Z2-70BX,,"Blood Glucose Meter, Caresense (Diabetes)",BGMETR,,,,,Blood Glucose System,CareSense,,,,,,,,,,,,,,
6U-24MEK-PH3-XM9,Medtronic Sensor Only,5YF-V4I-C7-A7C47,Blood Glucose Meter (Diabetes),FALSE,JL-20Z-MT-Q4-IS8,,"Blood Glucose Meter, Freestyle Precision Neo (Diabetes)",BGMETR,,,,,,,,,Blood Glucose System,Freestyle Precision Neo,,,,,,,,,,
6U-24MEK-PH3-XM9,Medtronic Sensor Only,5YF-V4I-C7-A7C47,Blood Glucose Meter (Diabetes),FALSE,QVHL0-QV2QU-SHTN,,"Blood Glucose Meter, Glucocard Expression (Diabetes)",BGMETR,,,,,,,Blood Glucose System,Glucocard Expression,,,,,,,,,,,,
6U-24MEK-PH3-XM9,Medtronic Sensor Only,5YF-V4I-C7-A7C47,Blood Glucose Meter (Diabetes),FALSE,VG-ESFN-1XLD-3ZA,,"Blood Glucose Meter (Diabetes), Refills if billed with: Rx- 3, Med- Lifetime",BGMETR,,,,,,,,,,,Blood Glucose System,n/a,,,,,,,,
6U-24MEK-PH3-XM9,Medtronic Sensor Only,5YF-V4I-C7-A7C47,Blood Glucose Meter (Diabetes),FALSE,VLM-2GUL3-QR-MF4,,"Blood Glucose Meter, True Metrix (Diabetes)",BGMETR,,,,,,,,,Blood Glucose System,True Metrix,,,,,,,,,,
6U-24MEK-PH3-XM9,Medtronic Sensor Only,5YF-V4I-C7-A7C47,Blood Glucose Meter (Diabetes),FALSE,YX-9I-3T0-GJ-7K7,,"Blood Glucose Meter, Accu-Chek Guide Link (Diabetes)",BGMETR,,,,,Blood Glucose System,Accu-Chek Guide Link (780G & 770G),,,,,,,,,,,,,,
6U-24MEK-PH3-XM9,Medtronic Sensor Only,K6J-50KQ-31D-2S1,Insulin,FALSE,CK-6GK6-NF3R7-VG,,Insulin,J1817,,,,,,,,,,,,,Type of Insulin,N/A,,,,,,
6U-24MEK-PH3-XM9,Medtronic Sensor Only,K6J-50KQ-31D-2S1,Insulin,FALSE,CNJ4T-291E-LTI7M,,"Insulin, Lispro, 100 units/mL",J1817,,,,,,,,,,,,,,,Type of Insulin,Lispro,,,,
6U-24MEK-PH3-XM9,Medtronic Sensor Only,YTVZ-1X-GY6-VKXS,Blood Glucose Test Strips (Diabetes),FALSE,4V-CJG-63RKA-INP,,"Blood Glucose Test Strips (Diabetes), Refills if billed with: Rx- 3, Med- Lifetime",BLDSTRP,,,,,,,Blood Glucose System,n/a,,,,,,,,,,,,
6U-24MEK-PH3-XM9,Medtronic Sensor Only,YTVZ-1X-GY6-VKXS,Blood Glucose Test Strips (Diabetes),FALSE,BG253-GF5N-K5-CR,,"Blood Glucose Test Strips, Freestyle Precision Neo (Diabetes)",BLDSTRP,,,,,,,Blood Glucose System,Freestyle Precision Neo,,,,,,,,,,,,
6U-24MEK-PH3-XM9,Medtronic Sensor Only,YTVZ-1X-GY6-VKXS,Blood Glucose Test Strips (Diabetes),FALSE,FYP0-NTF-PKY9-B6,1159731,"Blood Glucose Test Strips, Embrace (Diabetes)",BLDSTRP,,,Blood Glucose System,Embrace Talk,,,,,,,,,,,,,,,,
6U-24MEK-PH3-XM9,Medtronic Sensor Only,YTVZ-1X-GY6-VKXS,Blood Glucose Test Strips (Diabetes),FALSE,KM-X1B1P-AQ73-J3,,"Blood Glucose Test Strips, Accu-Chek Guide (Diabetes)",BLDSTRP,,,,,,,,,,,,,,,,,,,Blood Glucose System,Accu-Chek Guide
6U-24MEK-PH3-XM9,Medtronic Sensor Only,YTVZ-1X-GY6-VKXS,Blood Glucose Test Strips (Diabetes),FALSE,PN0KC-QA5-DGR-7S,,"Blood Glucose Test Strips, Caresense (Diabetes)",BLDSTRP,,,,,Blood Glucose System,CareSense,,,,,,,,,,,,,,
6U-24MEK-PH3-XM9,Medtronic Sensor Only,YTVZ-1X-GY6-VKXS,Blood Glucose Test Strips (Diabetes),FALSE,QU-UHNI-QM7-GKNR,,"Blood Glucose Test Strips, Advocate (Diabetes)",A4253,,,,,Blood Glucose System,Advocate,,,,,,,,,,,,,,
6U-24MEK-PH3-XM9,Medtronic Sensor Only,YTVZ-1X-GY6-VKXS,Blood Glucose Test Strips (Diabetes),FALSE,T7-73DK-X868-QAB,1060018,"Blood Glucose Test Strips, One Touch Ultra 2 (Diabetes)",BLDSTRP,,,,,,,,,,,Blood Glucose System,One Touch Ultra 2,,,,,,,,
6U-24MEK-PH3-XM9,Medtronic Sensor Only,YTVZ-1X-GY6-VKXS,Blood Glucose Test Strips (Diabetes),FALSE,XR1C-43-XVE79-2U,939082,"Blood Glucose Test Strips, One Touch Verio (Diabetes)",BLDSTRP,,,,,,,,,,,Blood Glucose System,One Touch Verio,,,,,,,,
6U-24MEK-PH3-XM9,Medtronic Sensor Only,ZPGBS-FZE1U-FSTQ,Medtronic Sensor.,TRUE,0S4Y-NB2RP-QPKIT,,"Medtronic Sensor, Patient Preference, Quantity Determined by Model",CGMS,,,,,,,Medtronic Sensor,"Patient Preference (G4S, Simplera Sync, Instinct)",,,,,,,,,,,,
6U-24MEK-PH3-XM9,Medtronic Sensor Only,ZPGBS-FZE1U-FSTQ,Medtronic Sensor.,TRUE,1FXZ-DMQ-2Q-SAPM,,"Medtronic Sensor, Guardian Sensor 3",A4238,,,Medtronic Sensor,Guardian Sensor 3,,,,,,,,,,,,,,,,
6U-24MEK-PH3-XM9,Medtronic Sensor Only,ZPGBS-FZE1U-FSTQ,Medtronic Sensor.,TRUE,3RUB-VA-3MS8-1C5,,"Medtronic Sensor, Instinct",CGMS,,,Medtronic Sensor,Instinct,,,,,,,,,,,,,,,,
6U-24MEK-PH3-XM9,Medtronic Sensor Only,ZPGBS-FZE1U-FSTQ,Medtronic Sensor.,TRUE,4X93P-EA1-XR8-GZ,,"Medtronic Sensor, Guardian Sensor 3, For Medtronic Transmitter",CGMS,,,,,Medtronic Sensor,Guardian Sensor 3,,,,,,,,,,,,,,
6U-24MEK-PH3-XM9,Medtronic Sensor Only,ZPGBS-FZE1U-FSTQ,Medtronic Sensor.,TRUE,6HTFY-T4B-F5Z-CR,,"Medtronic Sensor, Simplera",SMPLRA,,,,,,,Medtronic Sensor,Simplera,,,,,,,,,,,,
6U-24MEK-PH3-XM9,Medtronic Sensor Only,ZPGBS-FZE1U-FSTQ,Medtronic Sensor.,TRUE,AG5D-FQ2J-2A5-SC,,"Medtronic Sensor, Guardian 4 Sensor",MEDSENS,,,Medtronic Sensor,Guardian 4 Sensor,,,,,,,,,,,,,,,,
6U-24MEK-PH3-XM9,Medtronic Sensor Only,ZPGBS-FZE1U-FSTQ,Medtronic Sensor.,TRUE,EPX-62P4R-28-YJF,,"Medtronic Sensor, Simplera Sync",CGMS,,,,,Medtronic Sensor,Simplera Sync,,,,,,,,,,,,,,
6U-24MEK-PH3-XM9,Medtronic Sensor Only,ZPGBS-FZE1U-FSTQ,Medtronic Sensor.,TRUE,F6-NLDV-PV-GAPAT,,"Medtronic Sensor, Guardian Sensor 3",A9276,,,Medtronic Sensor,Guardian Sensor 3,,,,,,,,,,,,,,,,
6U-24MEK-PH3-XM9,Medtronic Sensor Only,ZPGBS-FZE1U-FSTQ,Medtronic Sensor.,TRUE,FZ0C-43CY-DEC-FP,,"Medtronic Sensor, Simplera Sync",SMPLRA,,,Medtronic Sensor,Simplera Sync,,,,,,,,,,,,,,,,
6U-24MEK-PH3-XM9,Medtronic Sensor Only,ZPGBS-FZE1U-FSTQ,Medtronic Sensor.,TRUE,HU-HX6-BA74-MA78,,"Medtronic Sensor, Instinct",INSTNCT,,,,,Medtronic Sensor,Instinct,,,,,,,,,,,,,,
6U-24MEK-PH3-XM9,Medtronic Sensor Only,ZPGBS-FZE1U-FSTQ,Medtronic Sensor.,TRUE,IE-U5D-VHJLS-US0,,"Medtronic Sensor, Guardian Sensor 3, Pack of 5",CGMS,,,Medtronic Sensor,Guardian Sensor 3,,,,,,,,,,,,,,,,
6U-24MEK-PH3-XM9,Medtronic Sensor Only,ZPGBS-FZE1U-FSTQ,Medtronic Sensor.,TRUE,IQU9-SH1U-5UJ-26,,"Medtronic Sensor, Simplera",CGMS,,,Medtronic Sensor,Simplera,,,,,,,,,,,,,,,,
6U-24MEK-PH3-XM9,Medtronic Sensor Only,ZPGBS-FZE1U-FSTQ,Medtronic Sensor.,TRUE,MBUZ-5GA4-MG-MXG,,"Medtronic Sensor, Guardian Sensor 3",MEDSENS,,,,,,,Medtronic Sensor,Guardian Sensor 3,,,,,,,,,,,,
6U-24MEK-PH3-XM9,Medtronic Sensor Only,ZPGBS-FZE1U-FSTQ,Medtronic Sensor.,TRUE,TZ-PDFJI-7J1S-9F,,"Medtronic Sensor, Guardian Sensor 3",CGMS,,,Medtronic Sensor,Guardian Sensor 3,,,,,,,,,,,,,,,,
6U-24MEK-PH3-XM9,Medtronic Sensor Only,ZPGBS-FZE1U-FSTQ,Medtronic Sensor.,TRUE,UB-F4Q4K-NEH-E1R,,"A9276 (30 per month / 365 per year) / A4238 (1 per month / 12 per year) Medtronic Sensor, Guardian Sensor 3",CGMS,,,Medtronic Sensor,Guardian Sensor 3,,,,,,,,,,,,,,,,
6U-24MEK-PH3-XM9,Medtronic Sensor Only,ZPGBS-FZE1U-FSTQ,Medtronic Sensor.,TRUE,UP-0H74T-H9-ZLG2,,"Medtronic Sensor, Guardian 4 Sensor, For Medtronic Transmitter",CGMS,,,Medtronic Sensor,Guardian 4 Sensor,,,,,,,,,,,,,,,,
6U-24MEK-PH3-XM9,Medtronic Sensor Only,ZPGBS-FZE1U-FSTQ,Medtronic Sensor.,TRUE,US-J0-TVR-NL3-DV,,"Medtronic Sensor, Guardian Sensor 3, Pack of 5",A4238,,,,,Medtronic Sensor,Guardian Sensor 3,,,,,,,,,,,,,,
6U-24MEK-PH3-XM9,Medtronic Sensor Only,ZPGBS-FZE1U-FSTQ,Medtronic Sensor.,TRUE,V7-90J9-3N-BQ-91,,"Medtronic Sensor, Simplera Sync",SFTWRE,,,,,,,Medtronic Sensor,Simplera Sync,,,,,,,,,,,,
6U-24MEK-PH3-XM9,Medtronic Sensor Only,ZPGBS-FZE1U-FSTQ,Medtronic Sensor.,TRUE,X8T7-3B4-KA-N3X9,,"Medtronic Sensor, Guardian 4 Sensor, Pack of 5",CGMS,Medtronic Sensor,Guardian 4 Sensor,,,,,,,,,,,,,,,,,,
6U-24MEK-PH3-XM9,Medtronic Sensor Only,ZPGBS-FZE1U-FSTQ,Medtronic Sensor.,TRUE,XNDN-K4V-L84F-ZG,,"Medtronic Sensor, Guardian 4 Sensor",CGMS,Medtronic Sensor,Guardian 4 Sensor,,,,,,,,,,,,,,,,,,
6V6Y-3R8-KV-3J1H,Diabetes Supplies Package,5YF-V4I-C7-A7C47,Blood Glucose Meter (Diabetes),FALSE,8N-DSA-8DH-N15QK,,"Blood Glucose Meter, Easy Max (Diabetes)",BGMETR,Blood Glucose System,Easy Max,,,,,,,,,,,,,,,,,,
6V6Y-3R8-KV-3J1H,Diabetes Supplies Package,5YF-V4I-C7-A7C47,Blood Glucose Meter (Diabetes),FALSE,8XS24-5C-1HJS-76,,"Blood Glucose Meter, Accu-Chek Guide (Diabetes)",BGMETR,,,,,,,,,,,Blood Glucose System,Accu-Chek Guide,,,,,,,,
6V6Y-3R8-KV-3J1H,Diabetes Supplies Package,5YF-V4I-C7-A7C47,Blood Glucose Meter (Diabetes),FALSE,DHMF-KCDN-JYM-DB,,Blood Glucose Meter (Diabetes),BGMETR,,,Blood Glucose System,n/a,,,,,,,,,,,,,,,,
6V6Y-3R8-KV-3J1H,Diabetes Supplies Package,5YF-V4I-C7-A7C47,Blood Glucose Meter (Diabetes),FALSE,E8A5-97-U1H-FCKN,,Blood Glucose Meter (Diabetes),E0607,,,,,,,,,Blood Glucose System,n/a,,,,,,,,,,
6V6Y-3R8-KV-3J1H,Diabetes Supplies Package,5YF-V4I-C7-A7C47,Blood Glucose Meter (Diabetes),FALSE,EF-Z0-BX8I-Q0-VY,,"Blood Glucose Meter, Advocate (Diabetes)",BGMETR,,,,,,,,,,,,,,,,,Blood Glucose System,Advocate,,
6V6Y-3R8-KV-3J1H,Diabetes Supplies Package,5YF-V4I-C7-A7C47,Blood Glucose Meter (Diabetes),FALSE,HVN-MY-5Z-P85-G9,,"Blood Glucose Meter, One Touch Verio (Diabetes)",BGMETR,,,,,,,,,,,Blood Glucose System,One Touch Verio,,,,,,,,
6V6Y-3R8-KV-3J1H,Diabetes Supplies Package,5YF-V4I-C7-A7C47,Blood Glucose Meter (Diabetes),FALSE,IJ-GV6-18Z2-70BX,,"Blood Glucose Meter, Caresense (Diabetes)",BGMETR,,,,,,,,,,,,,Blood Glucose System,CareSense,,,,,,
6V6Y-3R8-KV-3J1H,Diabetes Supplies Package,5YF-V4I-C7-A7C47,Blood Glucose Meter (Diabetes),FALSE,JL-20Z-MT-Q4-IS8,,"Blood Glucose Meter, Freestyle Precision Neo (Diabetes)",BGMETR,,,,,Blood Glucose System,Freestyle Precision Neo,,,,,,,,,,,,,,
6V6Y-3R8-KV-3J1H,Diabetes Supplies Package,5YF-V4I-C7-A7C47,Blood Glucose Meter (Diabetes),FALSE,JXU-AEYE-V1SB-ME,,"Blood Glucose Meter, Prodigy Auto (Diabetes)",BGMETR,,,Blood Glucose System,Prodigy Auto,,,,,,,,,,,,,,,,
6V6Y-3R8-KV-3J1H,Diabetes Supplies Package,5YF-V4I-C7-A7C47,Blood Glucose Meter (Diabetes),FALSE,NP5Q-K0-4V5V-QU0,,"Blood Glucose Meter, Contour Next Link (Diabetes)",BGMETR,,,,,,,,,Blood Glucose System,Contour Next Link (630G),,,,,,,,,,
6V6Y-3R8-KV-3J1H,Diabetes Supplies Package,5YF-V4I-C7-A7C47,Blood Glucose Meter (Diabetes),FALSE,QVHL0-QV2QU-SHTN,,"Blood Glucose Meter, Glucocard Expression (Diabetes)",BGMETR,Blood Glucose System,Glucocard Expression,,,,,,,,,,,,,,,,,,
6V6Y-3R8-KV-3J1H,Diabetes Supplies Package,5YF-V4I-C7-A7C47,Blood Glucose Meter (Diabetes),FALSE,S8XS-4I3-GQ2-7PG,,"Blood Glucose Meter, CareSense Voice (Diabetes)",BGMETR,,,,,,,,,,,,,,,,,,,Blood Glucose System,CareSense Voice
6V6Y-3R8-KV-3J1H,Diabetes Supplies Package,5YF-V4I-C7-A7C47,Blood Glucose Meter (Diabetes),FALSE,VLM-2GUL3-QR-MF4,,"Blood Glucose Meter, True Metrix (Diabetes)",BGMETR,,,,,,,Blood Glucose System,True Metrix,,,,,,,,,,,,
6V6Y-3R8-KV-3J1H,Diabetes Supplies Package,5YF-V4I-C7-A7C47,Blood Glucose Meter (Diabetes),FALSE,ZTJZ-SIK-297Y-KF,,"Blood Glucose Meter, Patient Preference (Diabetes)",BGMETR,,,,,,,Blood Glucose System,Patient Preference,,,,,,,,,,,,
6V6Y-3R8-KV-3J1H,Diabetes Supplies Package,5aUkR4vEJgY3XeR3,Lancet Device,FALSE,2QF-FUL9J-LN-3IE,,"Lancet Device, Cardinal Health, Each (1)",A4258,Brand,Cardinal Health,,,,,,,,,,,,,,,,,,
6V6Y-3R8-KV-3J1H,Diabetes Supplies Package,5aUkR4vEJgY3XeR3,Lancet Device,FALSE,FHA-9HB8S-5UV-JM,,"Lancet Device, Lite Touch, Each (1)",A4258,Brand,Lite Touch,,,,,,,,,,,,,,,,,,
6V6Y-3R8-KV-3J1H,Diabetes Supplies Package,5aUkR4vEJgY3XeR3,Lancet Device,FALSE,GT-EL-AR8F-3Q-EX,,"Lancet Device, Advocate, Each (1)",A4258,Brand,Advocate,,,,,,,,,,,,,,,,,,
6V6Y-3R8-KV-3J1H,Diabetes Supplies Package,5aUkR4vEJgY3XeR3,Lancet Device,FALSE,J16D8-5G-1K-5ZEP,,"Lancet Device, Each (1)",A4258,Brand,N/A,,,,,,,,,,,,,,,,,,
6V6Y-3R8-KV-3J1H,Diabetes Supplies Package,5aUkR4vEJgY3XeR3,Lancet Device,FALSE,JPI-FCP3-E1KU-ZJ,,"Lancet Device, Medicore Medical, Each (1)",A4258,Brand,Medicore Medical,,,,,,,,,,,,,,,,,,
6V6Y-3R8-KV-3J1H,Diabetes Supplies Package,5aUkR4vEJgY3XeR3,Lancet Device,FALSE,yy2S5gZ5h6nOVUMJ,,"Lancet Device, Droplet, Each (1)",A4258,Brand,Droplet,,,,,,,,,,,,,,,,,,
6V6Y-3R8-KV-3J1H,Diabetes Supplies Package,ByzJnOlLgqM8SqSb,Lancet,FALSE,0RV-ZQX-J3JXH-I8,,"Lancet, VivaGuard Single Use, Box (50)",A4259,Brand,VivaGuard,Gauge,N/A,Incision Depth,N/A,Unit,Box (50),,,,,,,,,,,,
6V6Y-3R8-KV-3J1H,Diabetes Supplies Package,ByzJnOlLgqM8SqSb,Lancet,FALSE,1PF-0S-Q6C-XLFAL,,"Lancet, Libre, CGM, Box (400)",LNCT,Brand,Libre,Gauge,N/A,Incision Depth,N/A,Unit,Box (400),,,,,,,,,,,,
6V6Y-3R8-KV-3J1H,Diabetes Supplies Package,ByzJnOlLgqM8SqSb,Lancet,FALSE,1RL-N7-H5-TAI-SH,,"Lancet, VivaGuard Single Use, Box (100)",A4259,Brand,VivaGuard,Gauge,N/A,Incision Depth,N/A,Unit,Box (100),,,,,,,,,,,,
6V6Y-3R8-KV-3J1H,Diabetes Supplies Package,ByzJnOlLgqM8SqSb,Lancet,FALSE,679VA-GMP-SHA-XS,,"Lancet, Accu-Check Multistix, 30G, N/A, Box (102)",A4259,Brand,Accu-Check Multistix,Gauge,30G,Incision Depth,N/A,Unit,Box (102),,,,,,,,,,,,
6V6Y-3R8-KV-3J1H,Diabetes Supplies Package,ByzJnOlLgqM8SqSb,Lancet,FALSE,6C7-E1T-NQ2-ZFD5,1002,"Lancet, Unistik 3 Normal, 23G, 1.8MM, Box (100)",A4259,Brand,Unistik 3 Normal,Gauge,23G,Incision Depth,1.8MM,Unit,Box (100),,,,,,,,,,,,
6V6Y-3R8-KV-3J1H,Diabetes Supplies Package,ByzJnOlLgqM8SqSb,Lancet,FALSE,9B-32ZBZ-UJB-FEA,98682,"Lancet, Abbott, 28G, N/A, Box (200)",A4259,Brand,Abbott,Gauge,28G,Incision Depth,N/A,Unit,Box (200),,,,,,,,,,,,
6V6Y-3R8-KV-3J1H,Diabetes Supplies Package,ByzJnOlLgqM8SqSb,Lancet,FALSE,9DV-REL-JYHX-E6K,1042,"Lancet, Unistik 3 Comfort, 28G, 1.8MM, Box (100)",A4259,Brand,Unistik 3 Comfort,Gauge,28G,Incision Depth,1.8MM,Unit,Box (100),,,,,,,,,,,,
6V6Y-3R8-KV-3J1H,Diabetes Supplies Package,ByzJnOlLgqM8SqSb,Lancet,FALSE,9Z-FZ-PV-NCV-7ME,,"Lancet, Medtronic, CGM, Box (400)",LNCT,Brand,Medtronic,Gauge,N/A,Incision Depth,N/A,Unit,Box (400),,,,,,,,,,,,
6V6Y-3R8-KV-3J1H,Diabetes Supplies Package,ByzJnOlLgqM8SqSb,Lancet,FALSE,C3LDA-4NBYV-7C96,,"Lancet, TRUEplus, 30G, N/A, Box (100)",A4259,Brand,TRUEplus,Gauge,30G,Incision Depth,N/A,Unit,Box (100),,,,,,,,,,,,
6V6Y-3R8-KV-3J1H,Diabetes Supplies Package,ByzJnOlLgqM8SqSb,Lancet,FALSE,C766KNxiygUfTFEs,,"Lancet, Unistik 2 Extra, 21G, 3.0MM, Each (1)",A4259,Brand,Unistik 2 Extra,Gauge,21G,Incision Depth,3.0MM,Unit,Each (1),,,,,,,,,,,,
6V6Y-3R8-KV-3J1H,Diabetes Supplies Package,ByzJnOlLgqM8SqSb,Lancet,FALSE,CF-EP-QEFH9-2MV3,,"Lancet, TRUEplus, 28G, N/A, Box (100)",A4259,Brand,TRUEplus,Gauge,28G,Incision Depth,N/A,Unit,Box (100),,,,,,,,,,,,
6V6Y-3R8-KV-3J1H,Diabetes Supplies Package,ByzJnOlLgqM8SqSb,Lancet,FALSE,CK-BQKX-N9A-6LKB,,"Lancet, Box (100)",A4259,Brand,N/A,Gauge,N/A,Incision Depth,N/A,Unit,Box (100),,,,,,,,,,,,
6V6Y-3R8-KV-3J1H,Diabetes Supplies Package,ByzJnOlLgqM8SqSb,Lancet,FALSE,E1-2QY-IK-36-TIV,1042,"Lancet, Unistik 3 Comfort, 28G, 1.8MM, Each (1)",A4259,Brand,Unistik 3 Comfort,Gauge,28G,Incision Depth,1.8MM,Unit,Each (1),,,,,,,,,,,,
6V6Y-3R8-KV-3J1H,Diabetes Supplies Package,ByzJnOlLgqM8SqSb,Lancet,FALSE,EA-9FB-C6PUZ-CEF,,"Lancet, Dexcom, CGM, Box (400)",LNCT,Brand,Dexcom,Gauge,N/A,Incision Depth,N/A,Unit,Box (400),,,,,,,,,,,,
6V6Y-3R8-KV-3J1H,Diabetes Supplies Package,ByzJnOlLgqM8SqSb,Lancet,FALSE,J64-3F-HIJI-FTKD,980128,"Lancet, Assure, 30G, N/A, Box (100)",A4259,Brand,Assure Lance,Gauge,30G,Incision Depth,N/A,Unit,Box (100),,,,,,,,,,,,
6V6Y-3R8-KV-3J1H,Diabetes Supplies Package,ByzJnOlLgqM8SqSb,Lancet,FALSE,JT-2M-3VDJN-TCI2,585,"Lancet, Unilet, 33G, N/A, Box (100)",A4259,Brand,Unilet,Gauge,33G,Incision Depth,N/A,Unit,Box (100),,,,,,,,,,,,
6V6Y-3R8-KV-3J1H,Diabetes Supplies Package,ByzJnOlLgqM8SqSb,Lancet,FALSE,K0-8B-6P3SL-GJKS,,"Lancet, TRUEplus, 33G, N/A, Box (100)",A4259,Brand,TRUEplus,Gauge,33G,Incision Depth,N/A,Unit,Box (100),,,,,,,,,,,,
6V6Y-3R8-KV-3J1H,Diabetes Supplies Package,ByzJnOlLgqM8SqSb,Lancet,FALSE,KQXQF-A5X8-71-FX,,"Lancet, McKesson, 30G, 1.8MM, Box (100)",A4259,Brand,McKesson,Gauge,30G,Incision Depth,1.8MM,Unit,Box (100),,,,,,,,,,,,
6V6Y-3R8-KV-3J1H,Diabetes Supplies Package,ByzJnOlLgqM8SqSb,Lancet,FALSE,MYZK-R5-CN-N8FIS,,"Lancet, OneTouch Delica, 33G, N/A, Each (1)",A4259,Brand,OneTouch Delica,Gauge,33G,Incision Depth,N/A,Unit,Each (1),,,,,,,,,,,,
6V6Y-3R8-KV-3J1H,Diabetes Supplies Package,ByzJnOlLgqM8SqSb,Lancet,FALSE,N4c5Xa3iNlvfujSK,,"Lancet, Unistik 2 Normal, 21G, 2.4MM, Each (1)",A4259,Brand,Unistik 2 Normal,Gauge,21G,Incision Depth,2.4MM,Unit,Each (1),,,,,,,,,,,,
6V6Y-3R8-KV-3J1H,Diabetes Supplies Package,ByzJnOlLgqM8SqSb,Lancet,FALSE,PF-7ZQ-Q4Z-C435N,,"Lancet, Lite Touch, 30G, N/A, Box (50)",A4259,Brand,Lite Touch,Gauge,30G,Incision Depth,N/A,Unit,Box (50),,,,,,,,,,,,
6V6Y-3R8-KV-3J1H,Diabetes Supplies Package,ByzJnOlLgqM8SqSb,Lancet,FALSE,XGT-GXU-M2JZR-6P,,"Lancet, Unistik 2 Low Flow, 28G, 1.8MM, Box (100)",A4259,Brand,Unistik 2 Low Flow,Gauge,28G,Incision Depth,1.8MM,Unit,Box (100),,,,,,,,,,,,
6V6Y-3R8-KV-3J1H,Diabetes Supplies Package,ByzJnOlLgqM8SqSb,Lancet,FALSE,nUdmo8jyXLjabCwX,,"Lancet, Droplet, 30G, N/A, Each (1)",A4259,Brand,Droplet,Gauge,30G,Incision Depth,N/A,Unit,Each (1),,,,,,,,,,,,
6V6Y-3R8-KV-3J1H,Diabetes Supplies Package,ByzJnOlLgqM8SqSb,Lancet,FALSE,p0Z8ut6scOpGHlXg,,"Lancet, Ultrasoft, 28G, N/A, Each (1)",A4259,Brand,Ultrasoft,Gauge,28G,Incision Depth,N/A,Unit,Each (1),,,,,,,,,,,,
6V6Y-3R8-KV-3J1H,Diabetes Supplies Package,ByzJnOlLgqM8SqSb,Lancet,FALSE,sFiSipJBptr9y0wn,,"Lancet, Medline, 21G, 2.4MM, Box (200)",A4259,Brand,Medline,Gauge,21G,Incision Depth,2.4MM,Unit,Box (200),,,,,,,,,,,,
6V6Y-3R8-KV-3J1H,Diabetes Supplies Package,ByzJnOlLgqM8SqSb,Lancet,FALSE,tKFomVrgLp10zpK7,,"Lancet, Microlet, 25G, 2.0MM, Each (1)",A4259,Brand,Microlet,Gauge,25G,Incision Depth,2.0MM,Unit,Each (1),,,,,,,,,,,,
6V6Y-3R8-KV-3J1H,Diabetes Supplies Package,ByzJnOlLgqM8SqSb,Lancet,FALSE,tfjRmLBuebwrn3VE,,"Lancet, Unistik 2, 28G, 1.8MM, Each (1)",A4259,Brand,Unistik 2,Gauge,28G,Incision Depth,1.8MM,Unit,Each (1),,,,,,,,,,,,
6V6Y-3R8-KV-3J1H,Diabetes Supplies Package,K6J-50KQ-31D-2S1,Insulin,FALSE,EG9-LD4-CXFD-JLK,,"Insulin Aspart, 100 units/mL, dispense 9 10 mL vials every 90 days, use as directed per prescriber via insulin pump, 4 refills",J1817,,,,,,,,,Type of Insulin,Aspart,,,,,,,,,,
6V6Y-3R8-KV-3J1H,Diabetes Supplies Package,K6J-50KQ-31D-2S1,Insulin,FALSE,U2CU9-4P7PH-LN0F,,"Insulin Lispro, 100 units/mL, dispense 9 10 mL vials every 90 days, use as directed per prescriber via insulin pump, 4 refills",J1817,,,,,,,,,,,,,Type of Insulin,Lispro,,,,,,
6V6Y-3R8-KV-3J1H,Diabetes Supplies Package,RCDM-1VZF6-DSX39,Glucose Control Solution.,FALSE,BA-7V-2YPJ7-U8K2,,"Glucose Control Solution Level 2, Bayer Contour Next",A4256,Brand,Bayer Contour Next,,,,,,,,,,,,,,,,,,
6V6Y-3R8-KV-3J1H,Diabetes Supplies Package,RCDM-1VZF6-DSX39,Glucose Control Solution.,FALSE,GRA4C-1PKSP-5292,5500006,"Glucose Control Solution, Assure, Case (420)",A4256,Brand,Assure Platinum,,,,,,,,,,,,,,,,,,
6V6Y-3R8-KV-3J1H,Diabetes Supplies Package,RCDM-1VZF6-DSX39,Glucose Control Solution.,FALSE,R6-NK-AU28A-XZ97,,Glucose Control Solution,A4256,Brand,N/A,,,,,,,,,,,,,,,,,,
6V6Y-3R8-KV-3J1H,Diabetes Supplies Package,RCDM-1VZF6-DSX39,Glucose Control Solution.,FALSE,T1K-AH-9T5-6RJ94,5300006,"Glucose Control Solution, Assure Prism",A4256,Brand,Assure Prism,,,,,,,,,,,,,,,,,,
6V6Y-3R8-KV-3J1H,Diabetes Supplies Package,cTElLEzXTuzMZ8uy,Blood Glucose Test Strips,FALSE,2rjN2nIJiGuJYlKi,,"Blood Glucose Test Strips, Breeze 2, Box (50)",A4253,Blood Glucose System,Breeze 2,Unit Amount,Box (50),,,,,,,,,,,,,,,,
6V6Y-3R8-KV-3J1H,Diabetes Supplies Package,cTElLEzXTuzMZ8uy,Blood Glucose Test Strips,FALSE,3TST-SE-8D-YG-H1,,"Blood Glucose Test Strips, One Touch Blue, Box (50)",A4253,Blood Glucose System,One Touch Blue,Unit Amount,Box (50),,,,,,,,,,,,,,,,
6V6Y-3R8-KV-3J1H,Diabetes Supplies Package,cTElLEzXTuzMZ8uy,Blood Glucose Test Strips,FALSE,3wjkT52k9DtpgRdD,,"Blood Glucose Test Strips, Prodigy Auto, Box (50)",A4253,Blood Glucose System,Prodigy Auto,Unit Amount,Box (50),,,,,,,,,,,,,,,,
6V6Y-3R8-KV-3J1H,Diabetes Supplies Package,cTElLEzXTuzMZ8uy,Blood Glucose Test Strips,FALSE,4AEXI-DVP-R4-1HI,,"Blood Glucose Test Strips, Contour TS, Box (50)",A4253,Blood Glucose System,Contour TS,Unit Amount,Box (50),,,,,,,,,,,,,,,,
6V6Y-3R8-KV-3J1H,Diabetes Supplies Package,cTElLEzXTuzMZ8uy,Blood Glucose Test Strips,FALSE,4PJ5-LC458-QCL5Z,,"Blood Glucose Test Strips, Advocate, Box (50)",A4253,Blood Glucose System,Advocate,Unit Amount,Box (50),,,,,,,,,,,,,,,,
6V6Y-3R8-KV-3J1H,Diabetes Supplies Package,cTElLEzXTuzMZ8uy,Blood Glucose Test Strips,FALSE,5H-QC-FR63A-UQEA,,"Blood Glucose Test Strips, Dexcom G6, CGM, Box (400)",BLDSTRP,Blood Glucose System,Dexcom G6,Unit Amount,Box (400),,,,,,,,,,,,,,,,
6V6Y-3R8-KV-3J1H,Diabetes Supplies Package,cTElLEzXTuzMZ8uy,Blood Glucose Test Strips,FALSE,5L4KM-U8-LC0-4RX,,"Blood Glucose Test Strips, Oaktree EasyMax, Box (50)",A4253,Blood Glucose System,Oaktree EasyMax,Unit Amount,Box (50),,,,,,,,,,,,,,,,
6V6Y-3R8-KV-3J1H,Diabetes Supplies Package,cTElLEzXTuzMZ8uy,Blood Glucose Test Strips,FALSE,Ac4FXkqlEhnxUKOc,,"Blood Glucose Test Strips, Ultra Trak Pro, Box (50)",A4253,Blood Glucose System,Ultra Trak Pro,Unit Amount,Box (50),,,,,,,,,,,,,,,,
6V6Y-3R8-KV-3J1H,Diabetes Supplies Package,cTElLEzXTuzMZ8uy,Blood Glucose Test Strips,FALSE,BR-S8-IMR87-ZXI5,,"Blood Glucose Test Strips, Libre 2, CGM, Box (400)",BLDSTRP,Blood Glucose System,Libre 2,Unit Amount,Box (400),,,,,,,,,,,,,,,,
6V6Y-3R8-KV-3J1H,Diabetes Supplies Package,cTElLEzXTuzMZ8uy,Blood Glucose Test Strips,FALSE,BT-AZ02-0SZFE-AT,,"Blood Glucose Test Strips, Home Aide Diagnostics, Box (50)",A4253,Blood Glucose System,Home Aide Diagnostics,Unit Amount,Box (50),,,,,,,,,,,,,,,,
6V6Y-3R8-KV-3J1H,Diabetes Supplies Package,cTElLEzXTuzMZ8uy,Blood Glucose Test Strips,FALSE,BY-9X6-A4P9S-BMZ,,"Blood Glucose Test Strips, Medtronic, CGM, Box (400)",BLDSTRP,Blood Glucose System,Medtronic,Unit Amount,Box (400),,,,,,,,,,,,,,,,
6V6Y-3R8-KV-3J1H,Diabetes Supplies Package,cTElLEzXTuzMZ8uy,Blood Glucose Test Strips,FALSE,DG8L8-8M-72C-U6L,,"Blood Glucose Test Strips, Box (50)",A4253,Blood Glucose System,n/a,Unit Amount,Box (50),,,,,,,,,,,,,,,,
6V6Y-3R8-KV-3J1H,Diabetes Supplies Package,cTElLEzXTuzMZ8uy,Blood Glucose Test Strips,FALSE,E4UN6-LQ-1BS-FAS,,"Blood Glucose Test Strips, Caresense Box (50)",A4253,Blood Glucose System,CareSense,Unit Amount,Box (50),,,,,,,,,,,,,,,,
6V6Y-3R8-KV-3J1H,Diabetes Supplies Package,cTElLEzXTuzMZ8uy,Blood Glucose Test Strips,FALSE,Hqyo9RsEJJxNDALz,,"Blood Glucose Test Strips, Bayer Contour, Box (50)",A4253,Blood Glucose System,Bayer Contour,Unit Amount,Box (50),,,,,,,,,,,,,,,,
6V6Y-3R8-KV-3J1H,Diabetes Supplies Package,cTElLEzXTuzMZ8uy,Blood Glucose Test Strips,FALSE,J9L0-9UV6-QG6-UK,,"Blood Glucose Test Strips, Gmate, Box (50)",A4253,Blood Glucose System,Gmate,Unit Amount,Box (50),,,,,,,,,,,,,,,,
6V6Y-3R8-KV-3J1H,Diabetes Supplies Package,cTElLEzXTuzMZ8uy,Blood Glucose Test Strips,FALSE,MLT8ms9yRR3Va1uA,,"Blood Glucose Test Strips, TRUEtrack, Box (100)",A4253,Blood Glucose System,TRUEtrack,Unit Amount,Box (100),,,,,,,,,,,,,,,,
6V6Y-3R8-KV-3J1H,Diabetes Supplies Package,cTElLEzXTuzMZ8uy,Blood Glucose Test Strips,FALSE,Mikj6Khha6rvTQLK,,"Blood Glucose Test Strips, Evencare G2, Box (50)",A4253,Blood Glucose System,Evencare G2,Unit Amount,Box (50),,,,,,,,,,,,,,,,
6V6Y-3R8-KV-3J1H,Diabetes Supplies Package,cTElLEzXTuzMZ8uy,Blood Glucose Test Strips,FALSE,Q8-S0F3-T8EH4-10,,"Blood Glucose Test Strips, Freestyle Lite, Box (50)",A4253,Blood Glucose System,Freestyle Lite,Unit Amount,Box (50),,,,,,,,,,,,,,,,
6V6Y-3R8-KV-3J1H,Diabetes Supplies Package,cTElLEzXTuzMZ8uy,Blood Glucose Test Strips,FALSE,SFS-1D-02LXK-FHQ,,"Blood Glucose Test Strips, Freestyle Precision Neo, Box (50)",A4253,Blood Glucose System,Freestyle Precision Neo,Unit Amount,Box (50),,,,,,,,,,,,,,,,
6V6Y-3R8-KV-3J1H,Diabetes Supplies Package,cTElLEzXTuzMZ8uy,Blood Glucose Test Strips,FALSE,TB-AR7S-DCP1-GFT,5300050,"Blood Glucose Test Strips, Assure Prism, Case (240)",A4253,Blood Glucose System,Assure Prism,Unit Amount,Case (240),,,,,,,,,,,,,,,,
6V6Y-3R8-KV-3J1H,Diabetes Supplies Package,cTElLEzXTuzMZ8uy,Blood Glucose Test Strips,FALSE,TJ8D-EXLXI-82-LY,,"Blood Glucose Test Strips, VivaGuard, Box (100)",A4253,Blood Glucose System,VivaGuard,Unit Amount,Box (100),,,,,,,,,,,,,,,,
6V6Y-3R8-KV-3J1H,Diabetes Supplies Package,cTElLEzXTuzMZ8uy,Blood Glucose Test Strips,FALSE,U9IGeeNyKeApFHNA,,"Blood Glucose Test Strips, Aviva Accu-Check, Box (50)",A4253,Blood Glucose System,Aviva Accu-Check,Unit Amount,Box (50),,,,,,,,,,,,,,,,
6V6Y-3R8-KV-3J1H,Diabetes Supplies Package,cTElLEzXTuzMZ8uy,Blood Glucose Test Strips,FALSE,UY-TC-4KA-KHE-2C,,"Blood Glucose Test Strips, Embrace Talk, Box (50)",A4253,Blood Glucose System,Embrace Talk,Unit Amount,Box (50),,,,,,,,,,,,,,,,
6V6Y-3R8-KV-3J1H,Diabetes Supplies Package,cTElLEzXTuzMZ8uy,Blood Glucose Test Strips,FALSE,V7S-VIQ-TBX-1PTF,,"Blood Glucose Test Strips, Bayer Ascensia, Box (50)",A4253,Blood Glucose System,Bayer Ascensia,Unit Amount,Box (50),,,,,,,,,,,,,,,,
6V6Y-3R8-KV-3J1H,Diabetes Supplies Package,cTElLEzXTuzMZ8uy,Blood Glucose Test Strips,FALSE,VE-16-UDL-7C8-EH,,"Blood Glucose Test Strips, VivaGuard, Box (50)",A4253,Blood Glucose System,VivaGuard,Unit Amount,Box (50),,,,,,,,,,,,,,,,
6V6Y-3R8-KV-3J1H,Diabetes Supplies Package,cTElLEzXTuzMZ8uy,Blood Glucose Test Strips,FALSE,VQOKBOSP6uMbb32R,,"Blood Glucose Test Strips, Freestyle Lite, Box (100)",A4253,Blood Glucose System,Freestyle Lite,Unit Amount,Box (100),,,,,,,,,,,,,,,,
6V6Y-3R8-KV-3J1H,Diabetes Supplies Package,cTElLEzXTuzMZ8uy,Blood Glucose Test Strips,FALSE,YTGX-JL-PK3T-T2X,5500050,"Blood Glucose Test Strips, Assure Platinum, Box (50)",A4253,Blood Glucose System,Assure Platinum,Unit Amount,Box (50),,,,,,,,,,,,,,,,
6V6Y-3R8-KV-3J1H,Diabetes Supplies Package,cTElLEzXTuzMZ8uy,Blood Glucose Test Strips,FALSE,ZJ9Y-SLIH-9V-90N,2297804,"Blood Glucose Test Strips, One Touch Verio, Box (50)",A4253,Blood Glucose System,One Touch Verio,Unit Amount,Box (50),,,,,,,,,,,,,,,,
6V6Y-3R8-KV-3J1H,Diabetes Supplies Package,cTElLEzXTuzMZ8uy,Blood Glucose Test Strips,FALSE,ZT-ICUPZ-DXQ0-FU,,"Blood Glucose Test Strips, True Metrix, Box (50)",A4253,Blood Glucose System,True Metrix,Unit Amount,Box (50),,,,,,,,,,,,,,,,
6V6Y-3R8-KV-3J1H,Diabetes Supplies Package,cTElLEzXTuzMZ8uy,Blood Glucose Test Strips,FALSE,fhkKPOYNweUwyqBu,,"Blood Glucose Test Strips, TRUEresult, Box (50)",A4253,Blood Glucose System,TRUEresult,Unit Amount,Box (50),,,,,,,,,,,,,,,,
6V6Y-3R8-KV-3J1H,Diabetes Supplies Package,cTElLEzXTuzMZ8uy,Blood Glucose Test Strips,FALSE,nrd3CLEhLyn3Z0FU,,"Blood Glucose Test Strips, One Touch Ultra, Box (50)",A4253,Blood Glucose System,One Touch Ultra,Unit Amount,Box (50),,,,,,,,,,,,,,,,
6V6Y-3R8-KV-3J1H,Diabetes Supplies Package,cTElLEzXTuzMZ8uy,Blood Glucose Test Strips,FALSE,o0krVrCzEs8E2JRp,,"Blood Glucose Test Strips, Prodigy Voice, Box (50)",A4253,Blood Glucose System,Prodigy Voice,Unit Amount,Box (50),,,,,,,,,,,,,,,,
6V6Y-3R8-KV-3J1H,Diabetes Supplies Package,cTElLEzXTuzMZ8uy,Blood Glucose Test Strips,FALSE,qKorw5rsLmb5RwX1,,"Blood Glucose Test Strips, Contour, Box (50)",A4253,Blood Glucose System,Contour,Unit Amount,Box (50),,,,,,,,,,,,,,,,
6V6Y-3R8-KV-3J1H,Diabetes Supplies Package,cTElLEzXTuzMZ8uy,Blood Glucose Test Strips,FALSE,qp3ItHgp1ihGizS2,,"Blood Glucose Test Strips, TRUEbalance, Box (50)",A4253,Blood Glucose System,TRUEbalance,Unit Amount,Box (50),,,,,,,,,,,,,,,,
6V6Y-3R8-KV-3J1H,Diabetes Supplies Package,cTElLEzXTuzMZ8uy,Blood Glucose Test Strips,FALSE,xAdZQHwiL50IQCnQ,,"Blood Glucose Test Strips, Bayer Contour Next, Box (50)",A4253,Blood Glucose System,Bayer Contour Next,Unit Amount,Box (50),,,,,,,,,,,,,,,,
6V6Y-3R8-KV-3J1H,Diabetes Supplies Package,cTElLEzXTuzMZ8uy,Blood Glucose Test Strips,FALSE,ycqqMk77FxL2iFL0,,"Blood Glucose Test Strips, Freestyle, Box (50)",A4253,Blood Glucose System,Freestyle,Unit Amount,Box (50),,,,,,,,,,,,,,,,
7FX3-XSZ86-Z1UK0,Medtronic Standalone CGM Package,5YF-V4I-C7-A7C47,Blood Glucose Meter (Diabetes),FALSE,4D-65-0FZ6N-YF50,,"Blood Glucose Meter, Bayer Contour Next (Diabetes)",BGMETR,,,,,Blood Glucose System,Bayer Contour Next,,,,,,,,,,,,,,
7FX3-XSZ86-Z1UK0,Medtronic Standalone CGM Package,5YF-V4I-C7-A7C47,Blood Glucose Meter (Diabetes),FALSE,8XS24-5C-1HJS-76,,"Blood Glucose Meter, Accu-Chek Guide (Diabetes)",BGMETR,,,Blood Glucose System,Accu-Chek Guide,,,,,,,,,,,,,,,,
7FX3-XSZ86-Z1UK0,Medtronic Standalone CGM Package,5YF-V4I-C7-A7C47,Blood Glucose Meter (Diabetes),FALSE,DHMF-KCDN-JYM-DB,,Blood Glucose Meter (Diabetes),BGMETR,Blood Glucose System,n/a,,,,,,,,,,,,,,,,,,
7FX3-XSZ86-Z1UK0,Medtronic Standalone CGM Package,5YF-V4I-C7-A7C47,Blood Glucose Meter (Diabetes),FALSE,E8A5-97-U1H-FCKN,,Blood Glucose Meter (Diabetes),E0607,,,,,,,Blood Glucose System,n/a,,,,,,,,,,,,
7FX3-XSZ86-Z1UK0,Medtronic Standalone CGM Package,5YF-V4I-C7-A7C47,Blood Glucose Meter (Diabetes),FALSE,EF-Z0-BX8I-Q0-VY,,"Blood Glucose Meter, Advocate (Diabetes)",BGMETR,,,,,,,Blood Glucose System,Advocate,,,,,,,,,,,,
7FX3-XSZ86-Z1UK0,Medtronic Standalone CGM Package,5YF-V4I-C7-A7C47,Blood Glucose Meter (Diabetes),FALSE,IJ-GV6-18Z2-70BX,,"Blood Glucose Meter, Caresense (Diabetes)",BGMETR,,,,,,,,,,,Blood Glucose System,CareSense,,,,,,,,
7FX3-XSZ86-Z1UK0,Medtronic Standalone CGM Package,5YF-V4I-C7-A7C47,Blood Glucose Meter (Diabetes),FALSE,JXU-AEYE-V1SB-ME,,"Blood Glucose Meter, Prodigy Auto (Diabetes)",BGMETR,,,,,,,Blood Glucose System,Prodigy Auto,,,,,,,,,,,,
7FX3-XSZ86-Z1UK0,Medtronic Standalone CGM Package,5YF-V4I-C7-A7C47,Blood Glucose Meter (Diabetes),FALSE,NP5Q-K0-4V5V-QU0,,"Blood Glucose Meter, Contour Next Link (Diabetes)",BGMETR,,,,,,,Blood Glucose System,Contour Next Link (630G),,,,,,,,,,,,
7FX3-XSZ86-Z1UK0,Medtronic Standalone CGM Package,5YF-V4I-C7-A7C47,Blood Glucose Meter (Diabetes),FALSE,QT1U-R8JI-DF3-1U,,"Blood Glucose Meter, Glucocard 01 Sensor Plus (Diabetes)",BGMETR,,,Blood Glucose System,Glucocard 01 Sensor Plus,,,,,,,,,,,,,,,,
7FX3-XSZ86-Z1UK0,Medtronic Standalone CGM Package,5YF-V4I-C7-A7C47,Blood Glucose Meter (Diabetes),FALSE,QVHL0-QV2QU-SHTN,,"Blood Glucose Meter, Glucocard Expression (Diabetes)",BGMETR,,,,,Blood Glucose System,Glucocard Expression,,,,,,,,,,,,,,
7FX3-XSZ86-Z1UK0,Medtronic Standalone CGM Package,5YF-V4I-C7-A7C47,Blood Glucose Meter (Diabetes),FALSE,S8XS-4I3-GQ2-7PG,,"Blood Glucose Meter, CareSense Voice (Diabetes)",BGMETR,,,,,,,,,,,,,,,,,Blood Glucose System,CareSense Voice,,
7FX3-XSZ86-Z1UK0,Medtronic Standalone CGM Package,5YF-V4I-C7-A7C47,Blood Glucose Meter (Diabetes),FALSE,VLM-2GUL3-QR-MF4,,"Blood Glucose Meter, True Metrix (Diabetes)",BGMETR,,,,,Blood Glucose System,True Metrix,,,,,,,,,,,,,,
7FX3-XSZ86-Z1UK0,Medtronic Standalone CGM Package,5YF-V4I-C7-A7C47,Blood Glucose Meter (Diabetes),FALSE,ZTJZ-SIK-297Y-KF,,"Blood Glucose Meter, Patient Preference (Diabetes)",BGMETR,,,,,,,,,,,,,,,Blood Glucose System,Patient Preference,,,,
7FX3-XSZ86-Z1UK0,Medtronic Standalone CGM Package,C9-XR-DUF-FC-0CM,InPen,FALSE,5U62L-I47F-RF-BN,,"InPen, Novolog/Fiasp",INPEN,,,,,Brand,Novolog/Fiasp,,,,,,,Color,N/A,,,,,,
7FX3-XSZ86-Z1UK0,Medtronic Standalone CGM Package,C9-XR-DUF-FC-0CM,InPen,FALSE,6RHDL-V24I4-9F1Z,,"Inpen, NovoNordisk, Blue",A4211,,,,,Brand,NovoNordisk,,,,,Color,Blue,,,,,,,,
7FX3-XSZ86-Z1UK0,Medtronic Standalone CGM Package,C9-XR-DUF-FC-0CM,InPen,FALSE,6ZUX-EZX84-2Q-TR,,"Inpen, Eli Lilly, Blue",A4211,,,Brand,Eli Lilly,,,,,Color,Blue,,,,,,,,,,
7FX3-XSZ86-Z1UK0,Medtronic Standalone CGM Package,C9-XR-DUF-FC-0CM,InPen,FALSE,GP7-BE-6THZ7-PL9,,"Inpen, Eli Lilly, Pink",A4211,,,,,Brand,Eli Lilly,,,,,,,Color,Pink,,,,,,
7FX3-XSZ86-Z1UK0,Medtronic Standalone CGM Package,C9-XR-DUF-FC-0CM,InPen,FALSE,MCH-SB1-EB-FNSJF,,"Inpen, NovoNordisk, Grey",A4211,,,,,,,Brand,NovoNordisk,,,,,,,Color,Grey,,,,
7FX3-XSZ86-Z1UK0,Medtronic Standalone CGM Package,C9-XR-DUF-FC-0CM,InPen,FALSE,N2Z-LBJ7-4QZG-J3,,"Inpen, Eli Lilly, Grey",A4211,,,,,Brand,Eli Lilly,,,,,,,Color,Grey,,,,,,
7FX3-XSZ86-Z1UK0,Medtronic Standalone CGM Package,C9-XR-DUF-FC-0CM,InPen,FALSE,R2UM-EC34-2C-GCV,,"InPen, Fiasp",INPEN,,,,,,,Brand,Fiasp,,,,,,,Color,N/A,,,,
7FX3-XSZ86-Z1UK0,Medtronic Standalone CGM Package,C9-XR-DUF-FC-0CM,InPen,FALSE,RV4-349A0-9A1-DP,,InPen,A4211,Brand,N/A,,,,,,,,,Color,N/A,,,,,,,,
7FX3-XSZ86-Z1UK0,Medtronic Standalone CGM Package,C9-XR-DUF-FC-0CM,InPen,FALSE,TH4-KIH-HSZG-UM6,,"InPen, Humalog",INPEN,Brand,Humalog,,,,,,,Color,N/A,,,,,,,,,,
7FX3-XSZ86-Z1UK0,Medtronic Standalone CGM Package,C9-XR-DUF-FC-0CM,InPen,FALSE,YVC75-7YHE-LQ-P0,,"InPen, Novolog",INPEN,Brand,Novolog,,,,,,,,,Color,N/A,,,,,,,,
7FX3-XSZ86-Z1UK0,Medtronic Standalone CGM Package,C9-XR-DUF-FC-0CM,InPen,FALSE,YX-C2C-T0-1SJ-E6,,"Inpen, NovoNordisk, Pink",A4211,,,,,,,Brand,NovoNordisk,,,,,,,Color,Pink,,,,
7FX3-XSZ86-Z1UK0,Medtronic Standalone CGM Package,K6J-50KQ-31D-2S1,Insulin,FALSE,CK-6GK6-NF3R7-VG,,Insulin,J1817,,,,,,,,,Type of Insulin,N/A,,,,,,,,,,
7FX3-XSZ86-Z1UK0,Medtronic Standalone CGM Package,K6J-50KQ-31D-2S1,Insulin,FALSE,EG9-LD4-CXFD-JLK,,"Insulin Aspart, 100 units/mL, dispense 9 10 mL vials every 90 days, use as directed per prescriber via insulin pump, 4 refills",J1817,,,,,,,,,,,,,,,,,,,Type of Insulin,Aspart
7FX3-XSZ86-Z1UK0,Medtronic Standalone CGM Package,K6J-50KQ-31D-2S1,Insulin,FALSE,U2CU9-4P7PH-LN0F,,"Insulin Lispro, 100 units/mL, dispense 9 10 mL vials every 90 days, use as directed per prescriber via insulin pump, 4 refills",J1817,,,,,,,Type of Insulin,Lispro,,,,,,,,,,,,
7FX3-XSZ86-Z1UK0,Medtronic Standalone CGM Package,YTVZ-1X-GY6-VKXS,Blood Glucose Test Strips (Diabetes),FALSE,20-IVHF-GU1-DG3C,,"Blood Glucose Test Strips, Accu-Chek Guide (Diabetes)",BLDSTRP,,,,,,,,,,,,,,,Blood Glucose System,Accu-Chek Guide Link (780G & 770G),,,,
7FX3-XSZ86-Z1UK0,Medtronic Standalone CGM Package,YTVZ-1X-GY6-VKXS,Blood Glucose Test Strips (Diabetes),FALSE,7H-0L84X-97TZ-F2,,"Blood Glucose Test Strips, Patient Preference (Diabetes)",BLDSTRP,,,,,,,Blood Glucose System,Patient Preference,,,,,,,,,,,,
7FX3-XSZ86-Z1UK0,Medtronic Standalone CGM Package,YTVZ-1X-GY6-VKXS,Blood Glucose Test Strips (Diabetes),FALSE,9J-VYE-YM-EX-AC9,793449,"Blood Glucose Test Strips, Glucocard Expression (Diabetes)",BLDSTRP,,,,,,,Blood Glucose System,Glucocard Expression,,,,,,,,,,,,
7FX3-XSZ86-Z1UK0,Medtronic Standalone CGM Package,YTVZ-1X-GY6-VKXS,Blood Glucose Test Strips (Diabetes),FALSE,BG253-GF5N-K5-CR,,"Blood Glucose Test Strips, Freestyle Precision Neo (Diabetes)",BLDSTRP,,,,,,,,,,,,,,,Blood Glucose System,Freestyle Precision Neo,,,,
7FX3-XSZ86-Z1UK0,Medtronic Standalone CGM Package,YTVZ-1X-GY6-VKXS,Blood Glucose Test Strips (Diabetes),FALSE,FYP0-NTF-PKY9-B6,1159731,"Blood Glucose Test Strips, Embrace (Diabetes)",BLDSTRP,,,,,Blood Glucose System,Embrace Talk,,,,,,,,,,,,,,
7FX3-XSZ86-Z1UK0,Medtronic Standalone CGM Package,YTVZ-1X-GY6-VKXS,Blood Glucose Test Strips (Diabetes),FALSE,GXL6-IV2I9-48-DL,,Blood Glucose Test Strips (Diabetes),A4253,,,,,,,,,,,,,Blood Glucose System,n/a,,,,,,
7FX3-XSZ86-Z1UK0,Medtronic Standalone CGM Package,YTVZ-1X-GY6-VKXS,Blood Glucose Test Strips (Diabetes),FALSE,KM-X1B1P-AQ73-J3,,"Blood Glucose Test Strips, Accu-Chek Guide (Diabetes)",BLDSTRP,,,,,,,,,,,,,,,,,Blood Glucose System,Accu-Chek Guide,,
7FX3-XSZ86-Z1UK0,Medtronic Standalone CGM Package,YTVZ-1X-GY6-VKXS,Blood Glucose Test Strips (Diabetes),FALSE,LI-6SP-2XK8-Y7M0,,"Blood Glucose Test Strips, Easy Max (Diabetes)",BLDSTRP,,,,,,,,,Blood Glucose System,Easy Max,,,,,,,,,,
7FX3-XSZ86-Z1UK0,Medtronic Standalone CGM Package,YTVZ-1X-GY6-VKXS,Blood Glucose Test Strips (Diabetes),FALSE,PHFX3-NFXKM-QF6E,688260,"Blood Glucose Test Strips, Glucocard 01 Sensor Plus (Diabetes)",BLDSTRP,,,,,Blood Glucose System,Glucocard 01 Sensor Plus,,,,,,,,,,,,,,
7FX3-XSZ86-Z1UK0,Medtronic Standalone CGM Package,YTVZ-1X-GY6-VKXS,Blood Glucose Test Strips (Diabetes),FALSE,QU-UHNI-QM7-GKNR,,"Blood Glucose Test Strips, Advocate (Diabetes)",A4253,,,,,,,,,,,Blood Glucose System,Advocate,,,,,,,,
7FX3-XSZ86-Z1UK0,Medtronic Standalone CGM Package,YTVZ-1X-GY6-VKXS,Blood Glucose Test Strips (Diabetes),FALSE,T7-73DK-X868-QAB,1060018,"Blood Glucose Test Strips, One Touch Ultra 2 (Diabetes)",BLDSTRP,,,,,,,,,Blood Glucose System,One Touch Ultra 2,,,,,,,,,,
7FX3-XSZ86-Z1UK0,Medtronic Standalone CGM Package,YTVZ-1X-GY6-VKXS,Blood Glucose Test Strips (Diabetes),FALSE,VALRL-BT1-2KL-LF,960300,"Blood Glucose Test Strips, True Metrix (Diabetes)",BLDSTRP,,,Blood Glucose System,True Metrix,,,,,,,,,,,,,,,,
7FX3-XSZ86-Z1UK0,Medtronic Standalone CGM Package,YTVZ-1X-GY6-VKXS,Blood Glucose Test Strips (Diabetes),FALSE,XR1C-43-XVE79-2U,939082,"Blood Glucose Test Strips, One Touch Verio (Diabetes)",BLDSTRP,,,,,Blood Glucose System,One Touch Verio,,,,,,,,,,,,,,
7FX3-XSZ86-Z1UK0,Medtronic Standalone CGM Package,YTVZ-1X-GY6-VKXS,Blood Glucose Test Strips (Diabetes),FALSE,Z8Y-NM-CJ8U0-GY9,,Blood Glucose Test Strips (Diabetes),BLDSTRP,,,Blood Glucose System,n/a,,,,,,,,,,,,,,,,
7FX3-XSZ86-Z1UK0,Medtronic Standalone CGM Package,ZPGBS-FZE1U-FSTQ,Medtronic Sensor.,TRUE,0S4Y-NB2RP-QPKIT,,"Medtronic Sensor, Patient Preference, Quantity Determined by Model",CGMS,,,,,Medtronic Sensor,"Patient Preference (G4S, Simplera Sync, Instinct)",,,,,,,,,,,,,,
7FX3-XSZ86-Z1UK0,Medtronic Standalone CGM Package,ZPGBS-FZE1U-FSTQ,Medtronic Sensor.,TRUE,1FXZ-DMQ-2Q-SAPM,,"Medtronic Sensor, Guardian Sensor 3",A4238,Medtronic Sensor,Guardian Sensor 3,,,,,,,,,,,,,,,,,,
7FX3-XSZ86-Z1UK0,Medtronic Standalone CGM Package,ZPGBS-FZE1U-FSTQ,Medtronic Sensor.,TRUE,3RUB-VA-3MS8-1C5,,"Medtronic Sensor, Instinct",CGMS,,,,,Medtronic Sensor,Instinct,,,,,,,,,,,,,,
7FX3-XSZ86-Z1UK0,Medtronic Standalone CGM Package,ZPGBS-FZE1U-FSTQ,Medtronic Sensor.,TRUE,4X93P-EA1-XR8-GZ,,"Medtronic Sensor, Guardian Sensor 3, For Medtronic Transmitter",CGMS,,,,,,,Medtronic Sensor,Guardian Sensor 3,,,,,,,,,,,,
7FX3-XSZ86-Z1UK0,Medtronic Standalone CGM Package,ZPGBS-FZE1U-FSTQ,Medtronic Sensor.,TRUE,6HTFY-T4B-F5Z-CR,,"Medtronic Sensor, Simplera",SMPLRA,Medtronic Sensor,Simplera,,,,,,,,,,,,,,,,,,
7FX3-XSZ86-Z1UK0,Medtronic Standalone CGM Package,ZPGBS-FZE1U-FSTQ,Medtronic Sensor.,TRUE,AG5D-FQ2J-2A5-SC,,"Medtronic Sensor, Guardian 4 Sensor",MEDSENS,,,,,,,Medtronic Sensor,Guardian 4 Sensor,,,,,,,,,,,,
7FX3-XSZ86-Z1UK0,Medtronic Standalone CGM Package,ZPGBS-FZE1U-FSTQ,Medtronic Sensor.,TRUE,EPX-62P4R-28-YJF,,"Medtronic Sensor, Simplera Sync",CGMS,,,Medtronic Sensor,Simplera Sync,,,,,,,,,,,,,,,,
7FX3-XSZ86-Z1UK0,Medtronic Standalone CGM Package,ZPGBS-FZE1U-FSTQ,Medtronic Sensor.,TRUE,F6-NLDV-PV-GAPAT,,"Medtronic Sensor, Guardian Sensor 3",A9276,,,,,,,Medtronic Sensor,Guardian Sensor 3,,,,,,,,,,,,
7FX3-XSZ86-Z1UK0,Medtronic Standalone CGM Package,ZPGBS-FZE1U-FSTQ,Medtronic Sensor.,TRUE,FZ0C-43CY-DEC-FP,,"Medtronic Sensor, Simplera Sync",SMPLRA,Medtronic Sensor,Simplera Sync,,,,,,,,,,,,,,,,,,
7FX3-XSZ86-Z1UK0,Medtronic Standalone CGM Package,ZPGBS-FZE1U-FSTQ,Medtronic Sensor.,TRUE,HU-HX6-BA74-MA78,,"Medtronic Sensor, Instinct",INSTNCT,Medtronic Sensor,Instinct,,,,,,,,,,,,,,,,,,
7FX3-XSZ86-Z1UK0,Medtronic Standalone CGM Package,ZPGBS-FZE1U-FSTQ,Medtronic Sensor.,TRUE,IE-U5D-VHJLS-US0,,"Medtronic Sensor, Guardian Sensor 3, Pack of 5",CGMS,,,,,,,Medtronic Sensor,Guardian Sensor 3,,,,,,,,,,,,
7FX3-XSZ86-Z1UK0,Medtronic Standalone CGM Package,ZPGBS-FZE1U-FSTQ,Medtronic Sensor.,TRUE,IQU9-SH1U-5UJ-26,,"Medtronic Sensor, Simplera",CGMS,,,,,Medtronic Sensor,Simplera,,,,,,,,,,,,,,
7FX3-XSZ86-Z1UK0,Medtronic Standalone CGM Package,ZPGBS-FZE1U-FSTQ,Medtronic Sensor.,TRUE,MBUZ-5GA4-MG-MXG,,"Medtronic Sensor, Guardian Sensor 3",MEDSENS,Medtronic Sensor,Guardian Sensor 3,,,,,,,,,,,,,,,,,,
7FX3-XSZ86-Z1UK0,Medtronic Standalone CGM Package,ZPGBS-FZE1U-FSTQ,Medtronic Sensor.,TRUE,TZ-PDFJI-7J1S-9F,,"Medtronic Sensor, Guardian Sensor 3",CGMS,,,,,,,Medtronic Sensor,Guardian Sensor 3,,,,,,,,,,,,
7FX3-XSZ86-Z1UK0,Medtronic Standalone CGM Package,ZPGBS-FZE1U-FSTQ,Medtronic Sensor.,TRUE,UB-F4Q4K-NEH-E1R,,"A9276 (30 per month / 365 per year) / A4238 (1 per month / 12 per year) Medtronic Sensor, Guardian Sensor 3",CGMS,,,,,Medtronic Sensor,Guardian Sensor 3,,,,,,,,,,,,,,
7FX3-XSZ86-Z1UK0,Medtronic Standalone CGM Package,ZPGBS-FZE1U-FSTQ,Medtronic Sensor.,TRUE,UP-0H74T-H9-ZLG2,,"Medtronic Sensor, Guardian 4 Sensor, For Medtronic Transmitter",CGMS,,,,,,,Medtronic Sensor,Guardian 4 Sensor,,,,,,,,,,,,
7FX3-XSZ86-Z1UK0,Medtronic Standalone CGM Package,ZPGBS-FZE1U-FSTQ,Medtronic Sensor.,TRUE,US-J0-TVR-NL3-DV,,"Medtronic Sensor, Guardian Sensor 3, Pack of 5",A4238,,,Medtronic Sensor,Guardian Sensor 3,,,,,,,,,,,,,,,,
7FX3-XSZ86-Z1UK0,Medtronic Standalone CGM Package,ZPGBS-FZE1U-FSTQ,Medtronic Sensor.,TRUE,V7-90J9-3N-BQ-91,,"Medtronic Sensor, Simplera Sync",SFTWRE,,,Medtronic Sensor,Simplera Sync,,,,,,,,,,,,,,,,
7FX3-XSZ86-Z1UK0,Medtronic Standalone CGM Package,ZPGBS-FZE1U-FSTQ,Medtronic Sensor.,TRUE,X8T7-3B4-KA-N3X9,,"Medtronic Sensor, Guardian 4 Sensor, Pack of 5",CGMS,,,Medtronic Sensor,Guardian 4 Sensor,,,,,,,,,,,,,,,,
7FX3-XSZ86-Z1UK0,Medtronic Standalone CGM Package,ZPGBS-FZE1U-FSTQ,Medtronic Sensor.,TRUE,XNDN-K4V-L84F-ZG,,"Medtronic Sensor, Guardian 4 Sensor",CGMS,,,Medtronic Sensor,Guardian 4 Sensor,,,,,,,,,,,,,,,,
7FX3-XSZ86-Z1UK0,Medtronic Standalone CGM Package,ZXU-TY2-YHV-XBQP,Medtronic Transmitter,TRUE,4H2D-NPKY4-GD-XU,,"Medtronic Transmitter, Guardian Link 3 Transmitter, Integrated CGM, Day Supply: 365",CGMT,,,Medtronic Transmitter,Guardian Link 3 Transmitter,,,,,,,,,,,,,,,,
7FX3-XSZ86-Z1UK0,Medtronic Standalone CGM Package,ZXU-TY2-YHV-XBQP,Medtronic Transmitter,TRUE,501-4EP-D7-QV-0H,,"Medtronic Transmitter, Guardian Connect Transmitter",A9277,,,Medtronic Transmitter,Guardian Connect,,,,,,,,,,,,,,,,
7FX3-XSZ86-Z1UK0,Medtronic Standalone CGM Package,ZXU-TY2-YHV-XBQP,Medtronic Transmitter,TRUE,7KL9-7F8-ZNQL-U5,,"Medtronic Transmitter, Guardian Link 3 Transmitter",A4238,Medtronic Transmitter,Guardian Link 3 Transmitter,,,,,,,,,,,,,,,,,,
7FX3-XSZ86-Z1UK0,Medtronic Standalone CGM Package,ZXU-TY2-YHV-XBQP,Medtronic Transmitter,TRUE,AN-UL4-BM-GU8-1P,,"Medtronic Transmitter, Guardian 4 Transmitter, Integrated CGM, Day Supply: 365",CGMT,Medtronic Transmitter,Guardian 4 Transmitter,,,,,,,,,,,,,,,,,,
7FX3-XSZ86-Z1UK0,Medtronic Standalone CGM Package,ZXU-TY2-YHV-XBQP,Medtronic Transmitter,TRUE,CMJM1-6K-5TJ-2FT,,"Medtronic Transmitter, Guardian Link 3 Transmitter",MEDTRAN,,,Medtronic Transmitter,Guardian Link 3 Transmitter,,,,,,,,,,,,,,,,
7FX3-XSZ86-Z1UK0,Medtronic Standalone CGM Package,ZXU-TY2-YHV-XBQP,Medtronic Transmitter,TRUE,DJ19G-CP-1X-KZ0X,,"Medtronic Transmitter, Guardian 4 Transmitter",MEDTRAN,Medtronic Transmitter,Guardian 4 Transmitter,,,,,,,,,,,,,,,,,,
7FX3-XSZ86-Z1UK0,Medtronic Standalone CGM Package,ZXU-TY2-YHV-XBQP,Medtronic Transmitter,TRUE,G36-216LM-ACL-3S,,"Medtronic Transmitter, Guardian Link 3 Transmitter",CGMT,Medtronic Transmitter,Guardian Link 3 Transmitter,,,,,,,,,,,,,,,,,,
7FX3-XSZ86-Z1UK0,Medtronic Standalone CGM Package,ZXU-TY2-YHV-XBQP,Medtronic Transmitter,TRUE,I48-3G85-ZU-XQ5H,,"Medtronic Transmitter, Guardian 4 Transmitter, Integrated CGM",CGMT,Medtronic Transmitter,Guardian 4 Transmitter,,,,,,,,,,,,,,,,,,
7FX3-XSZ86-Z1UK0,Medtronic Standalone CGM Package,ZXU-TY2-YHV-XBQP,Medtronic Transmitter,TRUE,NJNZD-PQ1S-JL-VM,,"Medtronic Transmitter, Guardian Connect Transmitter",CGMT,Medtronic Transmitter,Guardian Connect,,,,,,,,,,,,,,,,,,
7FX3-XSZ86-Z1UK0,Medtronic Standalone CGM Package,ZXU-TY2-YHV-XBQP,Medtronic Transmitter,TRUE,RC1-B5K-F67-MCL8,,"Medtronic Transmitter, Guardian Link 3 Transmitter, Integrated CGM",CGMT,Medtronic Transmitter,Guardian Link 3 Transmitter,,,,,,,,,,,,,,,,,,
7FX3-XSZ86-Z1UK0,Medtronic Standalone CGM Package,ZXU-TY2-YHV-XBQP,Medtronic Transmitter,TRUE,YI0RA-RDK2K-CGPY,,"Medtronic Transmitter, Guardian 4 Transmitter",CGMT,Medtronic Transmitter,Guardian 4 Transmitter,,,,,,,,,,,,,,,,,,
7U-C13-HZM-DUXAI,Medtronic Guardian Connect Continuous Glucose Monitoring Package,126A7-KG-T28M-X7,Medtronic GS3 Sensor,TRUE,0Z-4VIL0-CK-ZG9L,,"Medtronic GS3 Sensor, 670G, Pack (5)",A4238,CGM Model,670G,,,,,,,,,,,,,,,,,,
7U-C13-HZM-DUXAI,Medtronic Guardian Connect Continuous Glucose Monitoring Package,126A7-KG-T28M-X7,Medtronic GS3 Sensor,TRUE,3FXZD-7IF-EB-T07,,Medtronic Guardian Sensor,CGMS,CGM Model,n/a,,,,,,,,,,,,,,,,,,
7U-C13-HZM-DUXAI,Medtronic Guardian Connect Continuous Glucose Monitoring Package,126A7-KG-T28M-X7,Medtronic GS3 Sensor,TRUE,51U1V-P4AVP-LMA7,,Medtronic Guardian Sensor 630G/670G,A9276,CGM Model,630G/670G,,,,,,,,,,,,,,,,,,
7U-C13-HZM-DUXAI,Medtronic Guardian Connect Continuous Glucose Monitoring Package,126A7-KG-T28M-X7,Medtronic GS3 Sensor,TRUE,5BVA5-8I87-AQ-Q7,,Medtronic GS3 Sensor,CGMS,CGM Model,n/a,,,,,,,,,,,,,,,,,,
7U-C13-HZM-DUXAI,Medtronic Guardian Connect Continuous Glucose Monitoring Package,126A7-KG-T28M-X7,Medtronic GS3 Sensor,TRUE,7V-E3-EBPV-R0XJI,,"Medtronic Guardian Sensor, Pack of 5",CGMS,CGM Model,n/a,,,,,,,,,,,,,,,,,,
7U-C13-HZM-DUXAI,Medtronic Guardian Connect Continuous Glucose Monitoring Package,126A7-KG-T28M-X7,Medtronic GS3 Sensor,TRUE,J6RHS-XA-4FB4-KV,,A9276 Medtronic Guardian Sensor,CGMS,CGM Model,n/a,,,,,,,,,,,,,,,,,,
7U-C13-HZM-DUXAI,Medtronic Guardian Connect Continuous Glucose Monitoring Package,126A7-KG-T28M-X7,Medtronic GS3 Sensor,TRUE,PICQU-KDC37-BM8Y,,Medtronic Guardian Sensor 770G,A9276,CGM Model,770G,,,,,,,,,,,,,,,,,,
7U-C13-HZM-DUXAI,Medtronic Guardian Connect Continuous Glucose Monitoring Package,126A7-KG-T28M-X7,Medtronic GS3 Sensor,TRUE,RU6Z-25-JFAU-AG3,,"Medtronic Guardian Sensor 770G, Pack (5)",A4238,CGM Model,770G,,,,,,,,,,,,,,,,,,
7U-C13-HZM-DUXAI,Medtronic Guardian Connect Continuous Glucose Monitoring Package,126A7-KG-T28M-X7,Medtronic GS3 Sensor,TRUE,TQD-FD-2HTXN-INS,,A9276 (30 per month / 365 per year) / A4238 (1 per month / 12 per year) Medtronic Guardian Sensor,CGMS,CGM Model,n/a,,,,,,,,,,,,,,,,,,
7U-C13-HZM-DUXAI,Medtronic Guardian Connect Continuous Glucose Monitoring Package,126A7-KG-T28M-X7,Medtronic GS3 Sensor,TRUE,ZFM-5PB8-F7-T4NB,,Medtronic GS3 Sensor,PUMPCGM,CGM Model,n/a,,,,,,,,,,,,,,,,,,
7U-C13-HZM-DUXAI,Medtronic Guardian Connect Continuous Glucose Monitoring Package,5YF-V4I-C7-A7C47,Blood Glucose Meter (Diabetes),FALSE,4D-65-0FZ6N-YF50,,"Blood Glucose Meter, Bayer Contour Next (Diabetes)",BGMETR,,,,,,,,,,,Blood Glucose System,Bayer Contour Next,,,,,,,,
7U-C13-HZM-DUXAI,Medtronic Guardian Connect Continuous Glucose Monitoring Package,5YF-V4I-C7-A7C47,Blood Glucose Meter (Diabetes),FALSE,8XS24-5C-1HJS-76,,"Blood Glucose Meter, Accu-Chek Guide (Diabetes)",BGMETR,,,,,,,,,,,,,,,,,Blood Glucose System,Accu-Chek Guide,,
7U-C13-HZM-DUXAI,Medtronic Guardian Connect Continuous Glucose Monitoring Package,5YF-V4I-C7-A7C47,Blood Glucose Meter (Diabetes),FALSE,E8A5-97-U1H-FCKN,,Blood Glucose Meter (Diabetes),E0607,,,,,,,,,,,,,,,Blood Glucose System,n/a,,,,
7U-C13-HZM-DUXAI,Medtronic Guardian Connect Continuous Glucose Monitoring Package,5YF-V4I-C7-A7C47,Blood Glucose Meter (Diabetes),FALSE,EF-Z0-BX8I-Q0-VY,,"Blood Glucose Meter, Advocate (Diabetes)",BGMETR,Blood Glucose System,Advocate,,,,,,,,,,,,,,,,,,
7U-C13-HZM-DUXAI,Medtronic Guardian Connect Continuous Glucose Monitoring Package,5YF-V4I-C7-A7C47,Blood Glucose Meter (Diabetes),FALSE,HVN-MY-5Z-P85-G9,,"Blood Glucose Meter, One Touch Verio (Diabetes)",BGMETR,,,Blood Glucose System,One Touch Verio,,,,,,,,,,,,,,,,
7U-C13-HZM-DUXAI,Medtronic Guardian Connect Continuous Glucose Monitoring Package,5YF-V4I-C7-A7C47,Blood Glucose Meter (Diabetes),FALSE,IJ-GV6-18Z2-70BX,,"Blood Glucose Meter, Caresense (Diabetes)",BGMETR,,,,,,,Blood Glucose System,CareSense,,,,,,,,,,,,
7U-C13-HZM-DUXAI,Medtronic Guardian Connect Continuous Glucose Monitoring Package,5YF-V4I-C7-A7C47,Blood Glucose Meter (Diabetes),FALSE,JL-20Z-MT-Q4-IS8,,"Blood Glucose Meter, Freestyle Precision Neo (Diabetes)",BGMETR,,,Blood Glucose System,Freestyle Precision Neo,,,,,,,,,,,,,,,,
7U-C13-HZM-DUXAI,Medtronic Guardian Connect Continuous Glucose Monitoring Package,5YF-V4I-C7-A7C47,Blood Glucose Meter (Diabetes),FALSE,NP5Q-K0-4V5V-QU0,,"Blood Glucose Meter, Contour Next Link (Diabetes)",BGMETR,,,Blood Glucose System,Contour Next Link (630G),,,,,,,,,,,,,,,,
7U-C13-HZM-DUXAI,Medtronic Guardian Connect Continuous Glucose Monitoring Package,5YF-V4I-C7-A7C47,Blood Glucose Meter (Diabetes),FALSE,VG-ESFN-1XLD-3ZA,,"Blood Glucose Meter (Diabetes), Refills if billed with: Rx- 3, Med- Lifetime",BGMETR,,,,,,,Blood Glucose System,n/a,,,,,,,,,,,,
7U-C13-HZM-DUXAI,Medtronic Guardian Connect Continuous Glucose Monitoring Package,5YF-V4I-C7-A7C47,Blood Glucose Meter (Diabetes),FALSE,VLM-2GUL3-QR-MF4,,"Blood Glucose Meter, True Metrix (Diabetes)",BGMETR,,,Blood Glucose System,True Metrix,,,,,,,,,,,,,,,,
7U-C13-HZM-DUXAI,Medtronic Guardian Connect Continuous Glucose Monitoring Package,5YF-V4I-C7-A7C47,Blood Glucose Meter (Diabetes),FALSE,YX-9I-3T0-GJ-7K7,,"Blood Glucose Meter, Accu-Chek Guide Link (Diabetes)",BGMETR,,,,,,,,,,,,,,,,,,,Blood Glucose System,Accu-Chek Guide Link (780G & 770G)
7U-C13-HZM-DUXAI,Medtronic Guardian Connect Continuous Glucose Monitoring Package,5YF-V4I-C7-A7C47,Blood Glucose Meter (Diabetes),FALSE,ZTJZ-SIK-297Y-KF,,"Blood Glucose Meter, Patient Preference (Diabetes)",BGMETR,,,,,,,,,,,,,Blood Glucose System,Patient Preference,,,,,,
7U-C13-HZM-DUXAI,Medtronic Guardian Connect Continuous Glucose Monitoring Package,C9-XR-DUF-FC-0CM,InPen,FALSE,5U62L-I47F-RF-BN,,"InPen, Novolog/Fiasp",INPEN,,,Brand,Novolog/Fiasp,,,,,,,Color,N/A,,,,,,,,
7U-C13-HZM-DUXAI,Medtronic Guardian Connect Continuous Glucose Monitoring Package,C9-XR-DUF-FC-0CM,InPen,FALSE,6RHDL-V24I4-9F1Z,,"Inpen, NovoNordisk, Blue",A4211,Brand,NovoNordisk,,,,,,,,,,,Color,Blue,,,,,,
7U-C13-HZM-DUXAI,Medtronic Guardian Connect Continuous Glucose Monitoring Package,C9-XR-DUF-FC-0CM,InPen,FALSE,6ZUX-EZX84-2Q-TR,,"Inpen, Eli Lilly, Blue",A4211,,,,,Brand,Eli Lilly,,,,,Color,Blue,,,,,,,,
7U-C13-HZM-DUXAI,Medtronic Guardian Connect Continuous Glucose Monitoring Package,C9-XR-DUF-FC-0CM,InPen,FALSE,GP7-BE-6THZ7-PL9,,"Inpen, Eli Lilly, Pink",A4211,,,Brand,Eli Lilly,,,,,,,Color,Pink,,,,,,,,
7U-C13-HZM-DUXAI,Medtronic Guardian Connect Continuous Glucose Monitoring Package,C9-XR-DUF-FC-0CM,InPen,FALSE,MCH-SB1-EB-FNSJF,,"Inpen, NovoNordisk, Grey",A4211,,,,,Brand,NovoNordisk,,,,,,,Color,Grey,,,,,,
7U-C13-HZM-DUXAI,Medtronic Guardian Connect Continuous Glucose Monitoring Package,C9-XR-DUF-FC-0CM,InPen,FALSE,N2Z-LBJ7-4QZG-J3,,"Inpen, Eli Lilly, Grey",A4211,,,Brand,Eli Lilly,,,,,,,Color,Grey,,,,,,,,
7U-C13-HZM-DUXAI,Medtronic Guardian Connect Continuous Glucose Monitoring Package,C9-XR-DUF-FC-0CM,InPen,FALSE,R2UM-EC34-2C-GCV,,"InPen, Fiasp",INPEN,Brand,Fiasp,,,,,,,Color,N/A,,,,,,,,,,
7U-C13-HZM-DUXAI,Medtronic Guardian Connect Continuous Glucose Monitoring Package,C9-XR-DUF-FC-0CM,InPen,FALSE,RV4-349A0-9A1-DP,,InPen,A4211,,,,,Brand,N/A,,,Color,N/A,,,,,,,,,,
7U-C13-HZM-DUXAI,Medtronic Guardian Connect Continuous Glucose Monitoring Package,C9-XR-DUF-FC-0CM,InPen,FALSE,TH4-KIH-HSZG-UM6,,"InPen, Humalog",INPEN,,,Brand,Humalog,,,,,,,Color,N/A,,,,,,,,
7U-C13-HZM-DUXAI,Medtronic Guardian Connect Continuous Glucose Monitoring Package,C9-XR-DUF-FC-0CM,InPen,FALSE,YVC75-7YHE-LQ-P0,,"InPen, Novolog",INPEN,,,Brand,Novolog,,,,,,,,,Color,N/A,,,,,,
7U-C13-HZM-DUXAI,Medtronic Guardian Connect Continuous Glucose Monitoring Package,C9-XR-DUF-FC-0CM,InPen,FALSE,YX-C2C-T0-1SJ-E6,,"Inpen, NovoNordisk, Pink",A4211,Brand,NovoNordisk,,,,,,,Color,Pink,,,,,,,,,,
7U-C13-HZM-DUXAI,Medtronic Guardian Connect Continuous Glucose Monitoring Package,K6J-50KQ-31D-2S1,Insulin,FALSE,CK-6GK6-NF3R7-VG,,Insulin,J1817,,,,,,,Type of Insulin,N/A,,,,,,,,,,,,
7U-C13-HZM-DUXAI,Medtronic Guardian Connect Continuous Glucose Monitoring Package,K6J-50KQ-31D-2S1,Insulin,FALSE,CNJ4T-291E-LTI7M,,"Insulin, Lispro, 100 units/mL",J1817,,,Type of Insulin,Lispro,,,,,,,,,,,,,,,,
7U-C13-HZM-DUXAI,Medtronic Guardian Connect Continuous Glucose Monitoring Package,K6J-50KQ-31D-2S1,Insulin,FALSE,EG9-LD4-CXFD-JLK,,"Insulin Aspart, 100 units/mL, dispense 9 10 mL vials every 90 days, use as directed per prescriber via insulin pump, 4 refills",J1817,Type of Insulin,Aspart,,,,,,,,,,,,,,,,,,
7U-C13-HZM-DUXAI,Medtronic Guardian Connect Continuous Glucose Monitoring Package,K6J-50KQ-31D-2S1,Insulin,FALSE,U2CU9-4P7PH-LN0F,,"Insulin Lispro, 100 units/mL, dispense 9 10 mL vials every 90 days, use as directed per prescriber via insulin pump, 4 refills",J1817,,,Type of Insulin,Lispro,,,,,,,,,,,,,,,,
7U-C13-HZM-DUXAI,Medtronic Guardian Connect Continuous Glucose Monitoring Package,UEN-2URAK-8C-SMT,Medtronic Guardian Connect Transmitter,TRUE,9KL4F-1S-8DA-STM,,A9277 / E2102 (1 per year) Medtronic Guardian Connect Transmitter,CGMT,CGM Model,n/a,,,,,,,,,,,,,,,,,,
7U-C13-HZM-DUXAI,Medtronic Guardian Connect Continuous Glucose Monitoring Package,UEN-2URAK-8C-SMT,Medtronic Guardian Connect Transmitter,TRUE,BJ8T-5PXDM-JQ-3R,,"Medtronic Guardian Connect Transmitter, Day Supply: 365",CGMT,CGM Model,n/a,,,,,,,,,,,,,,,,,,
7U-C13-HZM-DUXAI,Medtronic Guardian Connect Continuous Glucose Monitoring Package,UEN-2URAK-8C-SMT,Medtronic Guardian Connect Transmitter,TRUE,DS-1J1RI-91N-Q9L,,Medtronic GS3 Transmitter,CGMT,CGM Model,n/a,,,,,,,,,,,,,,,,,,
7U-C13-HZM-DUXAI,Medtronic Guardian Connect Continuous Glucose Monitoring Package,UEN-2URAK-8C-SMT,Medtronic Guardian Connect Transmitter,TRUE,IKP8X-U1F5K-T4ZY,,Medtronic Guardian Connect Transmitter 770G,A9277,CGM Model,770G,,,,,,,,,,,,,,,,,,
7U-C13-HZM-DUXAI,Medtronic Guardian Connect Continuous Glucose Monitoring Package,UEN-2URAK-8C-SMT,Medtronic Guardian Connect Transmitter,TRUE,IMNVL-D98-EKZ-2H,,Guardian Link 3 Transmitter,A4238,CGM Model,770G,,,,,,,,,,,,,,,,,,
7U-C13-HZM-DUXAI,Medtronic Guardian Connect Continuous Glucose Monitoring Package,UEN-2URAK-8C-SMT,Medtronic Guardian Connect Transmitter,TRUE,P1-2B5L1-DVP-DPV,,Medtronic Guardian Connect Transmitter 630G/670G,A9277,CGM Model,630G/670G,,,,,,,,,,,,,,,,,,
7U-C13-HZM-DUXAI,Medtronic Guardian Connect Continuous Glucose Monitoring Package,UEN-2URAK-8C-SMT,Medtronic Guardian Connect Transmitter,TRUE,QDM-QEJ-T7BNI-GU,,Medtronic Guardian Connect Transmitter,CGMT,CGM Model,n/a,,,,,,,,,,,,,,,,,,
7U-C13-HZM-DUXAI,Medtronic Guardian Connect Continuous Glucose Monitoring Package,UEN-2URAK-8C-SMT,Medtronic Guardian Connect Transmitter,TRUE,YPY-T94JT-KV-K0M,,Medtronic GS3 Transmitter 670G,CGMT,CGM Model,670G,,,,,,,,,,,,,,,,,,
7U-C13-HZM-DUXAI,Medtronic Guardian Connect Continuous Glucose Monitoring Package,YTVZ-1X-GY6-VKXS,Blood Glucose Test Strips (Diabetes),FALSE,20-IVHF-GU1-DG3C,,"Blood Glucose Test Strips, Accu-Chek Guide (Diabetes)",BLDSTRP,,,,,,,,,,,Blood Glucose System,Accu-Chek Guide Link (780G & 770G),,,,,,,,
7U-C13-HZM-DUXAI,Medtronic Guardian Connect Continuous Glucose Monitoring Package,YTVZ-1X-GY6-VKXS,Blood Glucose Test Strips (Diabetes),FALSE,7H-0L84X-97TZ-F2,,"Blood Glucose Test Strips, Patient Preference (Diabetes)",BLDSTRP,,,,,Blood Glucose System,Patient Preference,,,,,,,,,,,,,,
7U-C13-HZM-DUXAI,Medtronic Guardian Connect Continuous Glucose Monitoring Package,YTVZ-1X-GY6-VKXS,Blood Glucose Test Strips (Diabetes),FALSE,9J-VYE-YM-EX-AC9,793449,"Blood Glucose Test Strips, Glucocard Expression (Diabetes)",BLDSTRP,,,Blood Glucose System,Glucocard Expression,,,,,,,,,,,,,,,,
7U-C13-HZM-DUXAI,Medtronic Guardian Connect Continuous Glucose Monitoring Package,YTVZ-1X-GY6-VKXS,Blood Glucose Test Strips (Diabetes),FALSE,BG253-GF5N-K5-CR,,"Blood Glucose Test Strips, Freestyle Precision Neo (Diabetes)",BLDSTRP,,,,,,,,,,,Blood Glucose System,Freestyle Precision Neo,,,,,,,,
7U-C13-HZM-DUXAI,Medtronic Guardian Connect Continuous Glucose Monitoring Package,YTVZ-1X-GY6-VKXS,Blood Glucose Test Strips (Diabetes),FALSE,FYP0-NTF-PKY9-B6,1159731,"Blood Glucose Test Strips, Embrace (Diabetes)",BLDSTRP,,,,,,,,,,,,,,,,,Blood Glucose System,Embrace Talk,,
7U-C13-HZM-DUXAI,Medtronic Guardian Connect Continuous Glucose Monitoring Package,YTVZ-1X-GY6-VKXS,Blood Glucose Test Strips (Diabetes),FALSE,GXL6-IV2I9-48-DL,,Blood Glucose Test Strips (Diabetes),A4253,,,,,,,Blood Glucose System,n/a,,,,,,,,,,,,
7U-C13-HZM-DUXAI,Medtronic Guardian Connect Continuous Glucose Monitoring Package,YTVZ-1X-GY6-VKXS,Blood Glucose Test Strips (Diabetes),FALSE,KM-X1B1P-AQ73-J3,,"Blood Glucose Test Strips, Accu-Chek Guide (Diabetes)",BLDSTRP,,,,,,,,,,,,,,,Blood Glucose System,Accu-Chek Guide,,,,
7U-C13-HZM-DUXAI,Medtronic Guardian Connect Continuous Glucose Monitoring Package,YTVZ-1X-GY6-VKXS,Blood Glucose Test Strips (Diabetes),FALSE,LI-6SP-2XK8-Y7M0,,"Blood Glucose Test Strips, Easy Max (Diabetes)",BLDSTRP,Blood Glucose System,Easy Max,,,,,,,,,,,,,,,,,,
7U-C13-HZM-DUXAI,Medtronic Guardian Connect Continuous Glucose Monitoring Package,YTVZ-1X-GY6-VKXS,Blood Glucose Test Strips (Diabetes),FALSE,Q3E-3YP-0HR8Y-7A,,"Blood Glucose Test Strips, Advocate (Diabetes)",BLDSTRP,,,,,,,,,,,,,,,,,,,Blood Glucose System,Advocate
7U-C13-HZM-DUXAI,Medtronic Guardian Connect Continuous Glucose Monitoring Package,YTVZ-1X-GY6-VKXS,Blood Glucose Test Strips (Diabetes),FALSE,QU-UHNI-QM7-GKNR,,"Blood Glucose Test Strips, Advocate (Diabetes)",A4253,,,,,,,Blood Glucose System,Advocate,,,,,,,,,,,,
7U-C13-HZM-DUXAI,Medtronic Guardian Connect Continuous Glucose Monitoring Package,YTVZ-1X-GY6-VKXS,Blood Glucose Test Strips (Diabetes),FALSE,XR1C-43-XVE79-2U,939082,"Blood Glucose Test Strips, One Touch Verio (Diabetes)",BLDSTRP,Blood Glucose System,One Touch Verio,,,,,,,,,,,,,,,,,,
7U-C13-HZM-DUXAI,Medtronic Guardian Connect Continuous Glucose Monitoring Package,YTVZ-1X-GY6-VKXS,Blood Glucose Test Strips (Diabetes),FALSE,Z8Y-NM-CJ8U0-GY9,,Blood Glucose Test Strips (Diabetes),BLDSTRP,Blood Glucose System,n/a,,,,,,,,,,,,,,,,,,
8GFKD-FM-4HVC-0D,Dexcom G6 Sensor and Transmitter Package,5YF-V4I-C7-A7C47,Blood Glucose Meter (Diabetes),FALSE,4D-65-0FZ6N-YF50,,"Blood Glucose Meter, Bayer Contour Next (Diabetes)",BGMETR,,,,,,,Blood Glucose System,Bayer Contour Next,,,,,,,,,,,,
8GFKD-FM-4HVC-0D,Dexcom G6 Sensor and Transmitter Package,5YF-V4I-C7-A7C47,Blood Glucose Meter (Diabetes),FALSE,5V-6VQM-ZUI-LCZD,,"Blood Glucose Meter, Embrace (Diabetes)",BGMETR,,,,,,,,,,,,,,,Blood Glucose System,Embrace Talk,,,,
8GFKD-FM-4HVC-0D,Dexcom G6 Sensor and Transmitter Package,5YF-V4I-C7-A7C47,Blood Glucose Meter (Diabetes),FALSE,8N-DSA-8DH-N15QK,,"Blood Glucose Meter, Easy Max (Diabetes)",BGMETR,,,,,,,,,Blood Glucose System,Easy Max,,,,,,,,,,
8GFKD-FM-4HVC-0D,Dexcom G6 Sensor and Transmitter Package,5YF-V4I-C7-A7C47,Blood Glucose Meter (Diabetes),FALSE,8XS24-5C-1HJS-76,,"Blood Glucose Meter, Accu-Chek Guide (Diabetes)",BGMETR,,,,,,,,,,,,,Blood Glucose System,Accu-Chek Guide,,,,,,
8GFKD-FM-4HVC-0D,Dexcom G6 Sensor and Transmitter Package,5YF-V4I-C7-A7C47,Blood Glucose Meter (Diabetes),FALSE,DHMF-KCDN-JYM-DB,,Blood Glucose Meter (Diabetes),BGMETR,,,,,,,Blood Glucose System,n/a,,,,,,,,,,,,
8GFKD-FM-4HVC-0D,Dexcom G6 Sensor and Transmitter Package,5YF-V4I-C7-A7C47,Blood Glucose Meter (Diabetes),FALSE,JL-20Z-MT-Q4-IS8,,"Blood Glucose Meter, Freestyle Precision Neo (Diabetes)",BGMETR,,,,,,,,,,,,,Blood Glucose System,Freestyle Precision Neo,,,,,,
8GFKD-FM-4HVC-0D,Dexcom G6 Sensor and Transmitter Package,5YF-V4I-C7-A7C47,Blood Glucose Meter (Diabetes),FALSE,NP5Q-K0-4V5V-QU0,,"Blood Glucose Meter, Contour Next Link (Diabetes)",BGMETR,,,,,,,,,,,,,,,Blood Glucose System,Contour Next Link (630G),,,,
8GFKD-FM-4HVC-0D,Dexcom G6 Sensor and Transmitter Package,5YF-V4I-C7-A7C47,Blood Glucose Meter (Diabetes),FALSE,QT1U-R8JI-DF3-1U,,"Blood Glucose Meter, Glucocard 01 Sensor Plus (Diabetes)",BGMETR,,,,,Blood Glucose System,Glucocard 01 Sensor Plus,,,,,,,,,,,,,,
8GFKD-FM-4HVC-0D,Dexcom G6 Sensor and Transmitter Package,5YF-V4I-C7-A7C47,Blood Glucose Meter (Diabetes),FALSE,QZU7-RC-ZT4-V8TV,,"Blood Glucose Meter, One Touch Ultra 2 (Diabetes)",BGMETR,,,,,Blood Glucose System,One Touch Ultra 2,,,,,,,,,,,,,,
8GFKD-FM-4HVC-0D,Dexcom G6 Sensor and Transmitter Package,5YF-V4I-C7-A7C47,Blood Glucose Meter (Diabetes),FALSE,S8XS-4I3-GQ2-7PG,,"Blood Glucose Meter, CareSense Voice (Diabetes)",BGMETR,,,,,Blood Glucose System,CareSense Voice,,,,,,,,,,,,,,
8GFKD-FM-4HVC-0D,Dexcom G6 Sensor and Transmitter Package,5YF-V4I-C7-A7C47,Blood Glucose Meter (Diabetes),FALSE,VG-ESFN-1XLD-3ZA,,"Blood Glucose Meter (Diabetes), Refills if billed with: Rx- 3, Med- Lifetime",BGMETR,,,Blood Glucose System,n/a,,,,,,,,,,,,,,,,
8GFKD-FM-4HVC-0D,Dexcom G6 Sensor and Transmitter Package,5YF-V4I-C7-A7C47,Blood Glucose Meter (Diabetes),FALSE,YX-9I-3T0-GJ-7K7,,"Blood Glucose Meter, Accu-Chek Guide Link (Diabetes)",BGMETR,,,,,,,,,,,,,,,Blood Glucose System,Accu-Chek Guide Link (780G & 770G),,,,
8GFKD-FM-4HVC-0D,Dexcom G6 Sensor and Transmitter Package,B6-7ZT0-B3VX-TUX,Dexcom G6 Sensor,TRUE,05-P1T63-FCU-H7V,STSOR003,"Dexcom G6 Sensor, Pack (3)",A9276,,,,,CGM System,Dexcom G6,,,,,,,,,,,Unit,Pack (3),,
8GFKD-FM-4HVC-0D,Dexcom G6 Sensor and Transmitter Package,B6-7ZT0-B3VX-TUX,Dexcom G6 Sensor,TRUE,0R-DQ07-EG507-S7,PDCG6SENSOR,"Dexcom G6 Sensor, Pack (3)",A4239,,,,,,,,,CGM System,Dexcom G6,,,,,,,,,,
8GFKD-FM-4HVC-0D,Dexcom G6 Sensor and Transmitter Package,B6-7ZT0-B3VX-TUX,Dexcom G6 Sensor,TRUE,2A-GFA-DF-FRG-JN,,"Dexcom G6 Sensor, 4 refills per year",CGMS,,,,,,,,,,,CGM System,Dexcom G6,,,,,,,,
8GFKD-FM-4HVC-0D,Dexcom G6 Sensor and Transmitter Package,B6-7ZT0-B3VX-TUX,Dexcom G6 Sensor,TRUE,4D-0FI-3QV-M1-13,,"A4239/A9276 Dexcom G6 Sensor, change every 10 days as directed",CGMS,,,,,CGM System,Dexcom G6,,,,,,,,,,,Unit,Max Allowable,,
8GFKD-FM-4HVC-0D,Dexcom G6 Sensor and Transmitter Package,B6-7ZT0-B3VX-TUX,Dexcom G6 Sensor,TRUE,4JMXN-5UN9-NQ-EH,,"Dexcom G6 Sensor, change every 10 days, 90 day supply",CGMS,,,,,CGM System,Dexcom G6,,,,,,,,,,,Unit,Max Allowable,,
8GFKD-FM-4HVC-0D,Dexcom G6 Sensor and Transmitter Package,B6-7ZT0-B3VX-TUX,Dexcom G6 Sensor,TRUE,92A0-EYF-5Y-6GZS,,"Dexcom G6 Sensor, change every 10 days as directed",CGMS,,,,,,,,,CGM System,Dexcom G6,,,,,,,,,,
8GFKD-FM-4HVC-0D,Dexcom G6 Sensor and Transmitter Package,B6-7ZT0-B3VX-TUX,Dexcom G6 Sensor,TRUE,97-35-GLPVL-L9MG,,"Dexcom G6 Sensor, Pack (3)",CGMS,,,,,,,CGM System,Dexcom G6,,,,,,,,,,,Unit,Each (1)
8GFKD-FM-4HVC-0D,Dexcom G6 Sensor and Transmitter Package,B6-7ZT0-B3VX-TUX,Dexcom G6 Sensor,TRUE,N9Y-9A-R2RZ-591E,,"1 Month Supply Allowance (Dexcom G6 Sensor, Meter, Test Strips, Glucose Control Solution, Lancet, Lancing Device, Battery)",CGMS,,,,,,,,,CGM System,Dexcom G6,,,,,,,,,,
8GFKD-FM-4HVC-0D,Dexcom G6 Sensor and Transmitter Package,B6-7ZT0-B3VX-TUX,Dexcom G6 Sensor,TRUE,P12P9-D5YG-3Q-NG,,A4239 (1 per month/12 per year) / A9276 (30 per month/365 per year) Dexcom G6 Sensor,CGMS,,,,,,,,,CGM System,Dexcom G6,,,,,,,,,,
8GFKD-FM-4HVC-0D,Dexcom G6 Sensor and Transmitter Package,B6-7ZT0-B3VX-TUX,Dexcom G6 Sensor,TRUE,P7-GDX4-E4RF-2KY,,"Dexcom G6 Sensor, change every 10 days, Pack of 3",CGMS,,,,,CGM System,Dexcom G6,,,,,,,,,,,Unit,Max Allowable,,
8GFKD-FM-4HVC-0D,Dexcom G6 Sensor and Transmitter Package,B6-7ZT0-B3VX-TUX,Dexcom G6 Sensor,TRUE,QS4-M8-0T3LP-4Y2,,"Dexcom G6 Sensor, change every 10 days",CGMS,,,,,,,,,,,CGM System,Dexcom G6,,,,,,,,
8GFKD-FM-4HVC-0D,Dexcom G6 Sensor and Transmitter Package,B6-7ZT0-B3VX-TUX,Dexcom G6 Sensor,TRUE,TM7-LTGUV-KBQ-Z6,,"Dexcom G6 Sensor, change every 10 days, Pack of 3",CGMS,,,CGM System,Dexcom G6,,,,,,,,,,,Unit,Max Allowable,,,,
8GFKD-FM-4HVC-0D,Dexcom G6 Sensor and Transmitter Package,K6J-50KQ-31D-2S1,Insulin,FALSE,CK-6GK6-NF3R7-VG,,Insulin,J1817,,,,,Type of Insulin,N/A,,,,,,,,,,,,,,
8GFKD-FM-4HVC-0D,Dexcom G6 Sensor and Transmitter Package,K6J-50KQ-31D-2S1,Insulin,FALSE,CNJ4T-291E-LTI7M,,"Insulin, Lispro, 100 units/mL",J1817,Type of Insulin,Lispro,,,,,,,,,,,,,,,,,,
8GFKD-FM-4HVC-0D,Dexcom G6 Sensor and Transmitter Package,RSPL-ZUNL-SZ-LQB,Dexcom G6 Transmitter,TRUE,0U-BFX-H86DJ-DZX,,"Dexcom G6 Transmitter, Day Supply: 90",CGMT,,,,,,,,,,,Unit,Max Allowable,,,,,,,,
8GFKD-FM-4HVC-0D,Dexcom G6 Sensor and Transmitter Package,RSPL-ZUNL-SZ-LQB,Dexcom G6 Transmitter,TRUE,1K2C-U6-1IRQZ-R0,,A9277/A4239 (4 per year) Dexcom G6 Transmitter,CGMT,,,,,,,,,Unit,Max Allowable,,,,,,,,,,
8GFKD-FM-4HVC-0D,Dexcom G6 Sensor and Transmitter Package,RSPL-ZUNL-SZ-LQB,Dexcom G6 Transmitter,TRUE,2X-UX8G-ZY-XP-UF,,"Dexcom G6 Transmitter, Day Supply: 90",CGMT,,,,,,,,,,,Unit,Max Allowable,,,,,,,,
8GFKD-FM-4HVC-0D,Dexcom G6 Sensor and Transmitter Package,RSPL-ZUNL-SZ-LQB,Dexcom G6 Transmitter,TRUE,5H0R-40K0J-DSZPA,STTOM001,Dexcom G6 Transmitter,CGMT,,,,,,,,,,,Unit,Max Allowable,,,,,,,,
8GFKD-FM-4HVC-0D,Dexcom G6 Sensor and Transmitter Package,RSPL-ZUNL-SZ-LQB,Dexcom G6 Transmitter,TRUE,DL-Q5MP-8K0K1-N0,PDCG6TRANS,"Dexcom G6 Transmitter, Each (1)",A9277,,,,,,,,,,,Unit,Each (1),,,,,,,,
8GFKD-FM-4HVC-0D,Dexcom G6 Sensor and Transmitter Package,RSPL-ZUNL-SZ-LQB,Dexcom G6 Transmitter,TRUE,EY7-E5QV3-EM1-2R,,"Dexcom G6 Transmitter, change every 90 days as directed, 4 refills per year",CGMT,,,,,,,,,,,Unit,Max Allowable,,,,,,,,
8GFKD-FM-4HVC-0D,Dexcom G6 Sensor and Transmitter Package,RSPL-ZUNL-SZ-LQB,Dexcom G6 Transmitter,TRUE,HSEU0-T5B0J-ZJVA,,"Dexcom G6 Transmitter, 4 per year",CGMT,,,,,,,,,,,Unit,Each (1),,,,,,,,
8GFKD-FM-4HVC-0D,Dexcom G6 Sensor and Transmitter Package,RSPL-ZUNL-SZ-LQB,Dexcom G6 Transmitter,TRUE,I5YL1-SU8K-ME0CH,,A4239/A9277 Dexcom G6 Transmitter,CGMT,,,,,,,,,Unit,Max Allowable,,,,,,,,,,
8GFKD-FM-4HVC-0D,Dexcom G6 Sensor and Transmitter Package,RSPL-ZUNL-SZ-LQB,Dexcom G6 Transmitter,TRUE,S5HX-LT-0KU-R2SH,,"Dexcom G6 Transmitter, change every 90 days as directed",CGMT,Unit,Max Allowable,,,,,,,,,,,,,,,,,,
8GFKD-FM-4HVC-0D,Dexcom G6 Sensor and Transmitter Package,RYEBX-QY-F5B-XCH,Dexcom G6 Receiver,FALSE,04YV-CZS-XEX8-9L,,"Dexcom G6 Receiver, use with sensors and transmitter to monitor blood glucose",CGMR,,,Reader/Receiver Included,Included,,,Unit,Max Allowable,,,,,,,,,,,,
8GFKD-FM-4HVC-0D,Dexcom G6 Sensor and Transmitter Package,RYEBX-QY-F5B-XCH,Dexcom G6 Receiver,FALSE,09-IDG1-YB-R5-9S,,Dexcom G6 Receiver,A9278,,,,,Reader/Receiver Included,Included,,,,,,,,,Unit,Each (1),,,,
8GFKD-FM-4HVC-0D,Dexcom G6 Sensor and Transmitter Package,RYEBX-QY-F5B-XCH,Dexcom G6 Receiver,FALSE,7F97-8J-UKBY-4AT,,"Dexcom G6 Receiver, 1 per year",CGMR,,,,,Reader/Receiver Included,Included,,,,,Unit,Each (1),,,,,,,,
8GFKD-FM-4HVC-0D,Dexcom G6 Sensor and Transmitter Package,RYEBX-QY-F5B-XCH,Dexcom G6 Receiver,FALSE,7M-P56FK-1UQX-2X,,A9278/E2103 Dexcom G6 Receiver,CGMR,Reader/Receiver Included,Included,,,,,,,,,Unit,Max Allowable,,,,,,,,
8GFKD-FM-4HVC-0D,Dexcom G6 Sensor and Transmitter Package,RYEBX-QY-F5B-XCH,Dexcom G6 Receiver,FALSE,A7E-VTBI6-PM-E5Q,,E2103/A9278 Dexcom G6 Receiver,CGMR,,,Reader/Receiver Included,Included,,,,,,,,,Unit,Each (1),,,,,,
8GFKD-FM-4HVC-0D,Dexcom G6 Sensor and Transmitter Package,RYEBX-QY-F5B-XCH,Dexcom G6 Receiver,FALSE,G8RH-Z670G-T7LNP,,Dexcom G6 Receiver,CGMR,Reader/Receiver Included,Included,,,Unit,Max Allowable,,,,,,,,,,,,,,
8GFKD-FM-4HVC-0D,Dexcom G6 Sensor and Transmitter Package,RYEBX-QY-F5B-XCH,Dexcom G6 Receiver,FALSE,IVA-59FC-DE5P-UG,PDCG6RECTSM,Dexcom G6 Receiver,E2103,,,Reader/Receiver Included,Included,,,,,,,,,Unit,Each (1),,,,,,
8GFKD-FM-4HVC-0D,Dexcom G6 Sensor and Transmitter Package,RYEBX-QY-F5B-XCH,Dexcom G6 Receiver,FALSE,L243R-P1IG9-196T,,Dexcom G6 Receiver,CGMR,,,,,Reader/Receiver Included,Included,,,,,,,,,Unit,Max Allowable,,,,
8GFKD-FM-4HVC-0D,Dexcom G6 Sensor and Transmitter Package,RYEBX-QY-F5B-XCH,Dexcom G6 Receiver,FALSE,MQT8-XTB-UGB-RZG,,E2103/E2102 Dexcom G6 Receiver,CGMR,Reader/Receiver Included,Included,,,Unit,Max Allowable,,,,,,,,,,,,,,
8GFKD-FM-4HVC-0D,Dexcom G6 Sensor and Transmitter Package,RYEBX-QY-F5B-XCH,Dexcom G6 Receiver,FALSE,PT-ZH8HB-8980-N2,,No Dexcom G6 Receiver,,Reader/Receiver Included,Not Included,,,,,,,,,Unit,Each (1),,,,,,,,
8GFKD-FM-4HVC-0D,Dexcom G6 Sensor and Transmitter Package,RYEBX-QY-F5B-XCH,Dexcom G6 Receiver,FALSE,RDRQ6-TPN0-7L4LG,,No Dexcom G6 Receiver,,,,,,Reader/Receiver Included,Not Included,,,,,,,,,Unit,Max Allowable,,,,
8GFKD-FM-4HVC-0D,Dexcom G6 Sensor and Transmitter Package,RYEBX-QY-F5B-XCH,Dexcom G6 Receiver,FALSE,SAUD-QL1-PSC0-VA,,"Dexcom G6 Receiver, as directed",CGMR,Reader/Receiver Included,Included,,,,,,,,,Unit,Max Allowable,,,,,,,,
8GFKD-FM-4HVC-0D,Dexcom G6 Sensor and Transmitter Package,RYEBX-QY-F5B-XCH,Dexcom G6 Receiver,FALSE,T4C-9C6MP-PE7-5N,PDCG6RECTSM,Dexcom G6 Receiver,E2103,Reader/Receiver Included,Included,,,Unit,Max Allowable,,,,,,,,,,,,,,
8GFKD-FM-4HVC-0D,Dexcom G6 Sensor and Transmitter Package,YTVZ-1X-GY6-VKXS,Blood Glucose Test Strips (Diabetes),FALSE,20-IVHF-GU1-DG3C,,"Blood Glucose Test Strips, Accu-Chek Guide (Diabetes)",BLDSTRP,,,,,,,,,,,,,,,,,Blood Glucose System,Accu-Chek Guide Link (780G & 770G),,
8GFKD-FM-4HVC-0D,Dexcom G6 Sensor and Transmitter Package,YTVZ-1X-GY6-VKXS,Blood Glucose Test Strips (Diabetes),FALSE,4V-CJG-63RKA-INP,,"Blood Glucose Test Strips (Diabetes), Refills if billed with: Rx- 3, Med- Lifetime",BLDSTRP,,,Blood Glucose System,n/a,,,,,,,,,,,,,,,,
8GFKD-FM-4HVC-0D,Dexcom G6 Sensor and Transmitter Package,YTVZ-1X-GY6-VKXS,Blood Glucose Test Strips (Diabetes),FALSE,7H-0L84X-97TZ-F2,,"Blood Glucose Test Strips, Patient Preference (Diabetes)",BLDSTRP,,,,,,,,,Blood Glucose System,Patient Preference,,,,,,,,,,
8GFKD-FM-4HVC-0D,Dexcom G6 Sensor and Transmitter Package,YTVZ-1X-GY6-VKXS,Blood Glucose Test Strips (Diabetes),FALSE,9J-VYE-YM-EX-AC9,793449,"Blood Glucose Test Strips, Glucocard Expression (Diabetes)",BLDSTRP,,,,,,,,,Blood Glucose System,Glucocard Expression,,,,,,,,,,
8GFKD-FM-4HVC-0D,Dexcom G6 Sensor and Transmitter Package,YTVZ-1X-GY6-VKXS,Blood Glucose Test Strips (Diabetes),FALSE,BG253-GF5N-K5-CR,,"Blood Glucose Test Strips, Freestyle Precision Neo (Diabetes)",BLDSTRP,,,,,,,,,,,,,,,,,Blood Glucose System,Freestyle Precision Neo,,
8GFKD-FM-4HVC-0D,Dexcom G6 Sensor and Transmitter Package,YTVZ-1X-GY6-VKXS,Blood Glucose Test Strips (Diabetes),FALSE,GXL6-IV2I9-48-DL,,Blood Glucose Test Strips (Diabetes),A4253,,,Blood Glucose System,n/a,,,,,,,,,,,,,,,,
8GFKD-FM-4HVC-0D,Dexcom G6 Sensor and Transmitter Package,YTVZ-1X-GY6-VKXS,Blood Glucose Test Strips (Diabetes),FALSE,KM-X1B1P-AQ73-J3,,"Blood Glucose Test Strips, Accu-Chek Guide (Diabetes)",BLDSTRP,,,,,,,,,,,Blood Glucose System,Accu-Chek Guide,,,,,,,,
8GFKD-FM-4HVC-0D,Dexcom G6 Sensor and Transmitter Package,YTVZ-1X-GY6-VKXS,Blood Glucose Test Strips (Diabetes),FALSE,LI-6SP-2XK8-Y7M0,,"Blood Glucose Test Strips, Easy Max (Diabetes)",BLDSTRP,,,,,,,,,,,Blood Glucose System,Easy Max,,,,,,,,
8GFKD-FM-4HVC-0D,Dexcom G6 Sensor and Transmitter Package,YTVZ-1X-GY6-VKXS,Blood Glucose Test Strips (Diabetes),FALSE,TFNMC-DC-CUTD-41,,"Blood Glucose Test Strips, Contour Next Link (Diabetes)",BLDSTRP,,,,,,,,,,,,,,,Blood Glucose System,Contour Next Link (630G),,,,
8GFKD-FM-4HVC-0D,Dexcom G6 Sensor and Transmitter Package,YTVZ-1X-GY6-VKXS,Blood Glucose Test Strips (Diabetes),FALSE,VALRL-BT1-2KL-LF,960300,"Blood Glucose Test Strips, True Metrix (Diabetes)",BLDSTRP,,,,,,,Blood Glucose System,True Metrix,,,,,,,,,,,,
8GFKD-FM-4HVC-0D,Dexcom G6 Sensor and Transmitter Package,YTVZ-1X-GY6-VKXS,Blood Glucose Test Strips (Diabetes),FALSE,XR1C-43-XVE79-2U,939082,"Blood Glucose Test Strips, One Touch Verio (Diabetes)",BLDSTRP,,,,,,,,,Blood Glucose System,One Touch Verio,,,,,,,,,,
8GFKD-FM-4HVC-0D,Dexcom G6 Sensor and Transmitter Package,YTVZ-1X-GY6-VKXS,Blood Glucose Test Strips (Diabetes),FALSE,Z8Y-NM-CJ8U0-GY9,,Blood Glucose Test Strips (Diabetes),BLDSTRP,,,,,,,Blood Glucose System,n/a,,,,,,,,,,,,
B2-A4-2J2-DF7-1P,Dexcom Stelo Glucose Biosensor System,5YF-V4I-C7-A7C47,Blood Glucose Meter (Diabetes),FALSE,4D-65-0FZ6N-YF50,,"Blood Glucose Meter, Bayer Contour Next (Diabetes)",BGMETR,,,Blood Glucose System,Bayer Contour Next,,,,,,,,,,,,,,,,
B2-A4-2J2-DF7-1P,Dexcom Stelo Glucose Biosensor System,5YF-V4I-C7-A7C47,Blood Glucose Meter (Diabetes),FALSE,5V-6VQM-ZUI-LCZD,,"Blood Glucose Meter, Embrace (Diabetes)",BGMETR,,,,,Blood Glucose System,Embrace Talk,,,,,,,,,,,,,,
B2-A4-2J2-DF7-1P,Dexcom Stelo Glucose Biosensor System,5YF-V4I-C7-A7C47,Blood Glucose Meter (Diabetes),FALSE,8XS24-5C-1HJS-76,,"Blood Glucose Meter, Accu-Chek Guide (Diabetes)",BGMETR,,,,,,,,,,,,,,,,,,,Blood Glucose System,Accu-Chek Guide
B2-A4-2J2-DF7-1P,Dexcom Stelo Glucose Biosensor System,5YF-V4I-C7-A7C47,Blood Glucose Meter (Diabetes),FALSE,E8A5-97-U1H-FCKN,,Blood Glucose Meter (Diabetes),E0607,,,,,Blood Glucose System,n/a,,,,,,,,,,,,,,
B2-A4-2J2-DF7-1P,Dexcom Stelo Glucose Biosensor System,5YF-V4I-C7-A7C47,Blood Glucose Meter (Diabetes),FALSE,HVN-MY-5Z-P85-G9,,"Blood Glucose Meter, One Touch Verio (Diabetes)",BGMETR,,,,,Blood Glucose System,One Touch Verio,,,,,,,,,,,,,,
B2-A4-2J2-DF7-1P,Dexcom Stelo Glucose Biosensor System,5YF-V4I-C7-A7C47,Blood Glucose Meter (Diabetes),FALSE,IJ-GV6-18Z2-70BX,,"Blood Glucose Meter, Caresense (Diabetes)",BGMETR,,,,,,,,,Blood Glucose System,CareSense,,,,,,,,,,
B2-A4-2J2-DF7-1P,Dexcom Stelo Glucose Biosensor System,5YF-V4I-C7-A7C47,Blood Glucose Meter (Diabetes),FALSE,JL-20Z-MT-Q4-IS8,,"Blood Glucose Meter, Freestyle Precision Neo (Diabetes)",BGMETR,,,,,,,,,,,Blood Glucose System,Freestyle Precision Neo,,,,,,,,
B2-A4-2J2-DF7-1P,Dexcom Stelo Glucose Biosensor System,5YF-V4I-C7-A7C47,Blood Glucose Meter (Diabetes),FALSE,JXU-AEYE-V1SB-ME,,"Blood Glucose Meter, Prodigy Auto (Diabetes)",BGMETR,,,,,Blood Glucose System,Prodigy Auto,,,,,,,,,,,,,,
B2-A4-2J2-DF7-1P,Dexcom Stelo Glucose Biosensor System,5YF-V4I-C7-A7C47,Blood Glucose Meter (Diabetes),FALSE,NP5Q-K0-4V5V-QU0,,"Blood Glucose Meter, Contour Next Link (Diabetes)",BGMETR,,,,,Blood Glucose System,Contour Next Link (630G),,,,,,,,,,,,,,
B2-A4-2J2-DF7-1P,Dexcom Stelo Glucose Biosensor System,5YF-V4I-C7-A7C47,Blood Glucose Meter (Diabetes),FALSE,QZU7-RC-ZT4-V8TV,,"Blood Glucose Meter, One Touch Ultra 2 (Diabetes)",BGMETR,,,Blood Glucose System,One Touch Ultra 2,,,,,,,,,,,,,,,,
B2-A4-2J2-DF7-1P,Dexcom Stelo Glucose Biosensor System,5YF-V4I-C7-A7C47,Blood Glucose Meter (Diabetes),FALSE,S8XS-4I3-GQ2-7PG,,"Blood Glucose Meter, CareSense Voice (Diabetes)",BGMETR,,,,,,,,,,,,,,,Blood Glucose System,CareSense Voice,,,,
B2-A4-2J2-DF7-1P,Dexcom Stelo Glucose Biosensor System,5YF-V4I-C7-A7C47,Blood Glucose Meter (Diabetes),FALSE,VG-ESFN-1XLD-3ZA,,"Blood Glucose Meter (Diabetes), Refills if billed with: Rx- 3, Med- Lifetime",BGMETR,Blood Glucose System,n/a,,,,,,,,,,,,,,,,,,
B2-A4-2J2-DF7-1P,Dexcom Stelo Glucose Biosensor System,5YF-V4I-C7-A7C47,Blood Glucose Meter (Diabetes),FALSE,VLM-2GUL3-QR-MF4,,"Blood Glucose Meter, True Metrix (Diabetes)",BGMETR,,,,,,,,,,,Blood Glucose System,True Metrix,,,,,,,,
B2-A4-2J2-DF7-1P,Dexcom Stelo Glucose Biosensor System,5YF-V4I-C7-A7C47,Blood Glucose Meter (Diabetes),FALSE,YX-9I-3T0-GJ-7K7,,"Blood Glucose Meter, Accu-Chek Guide Link (Diabetes)",BGMETR,Blood Glucose System,Accu-Chek Guide Link (780G & 770G),,,,,,,,,,,,,,,,,,
B2-A4-2J2-DF7-1P,Dexcom Stelo Glucose Biosensor System,B0VY8-1T-JN5D-34,Dexcom Stelo Sensor,TRUE,RZV3-QT-4RJBL-S3,,"Dexcom Stelo Sensor, Change Every 15 Days, Box (2)",BIOSNS,CGM System,Dexcom Stelo,,,,,,,,,,,,,,,,,,
B2-A4-2J2-DF7-1P,Dexcom Stelo Glucose Biosensor System,YTVZ-1X-GY6-VKXS,Blood Glucose Test Strips (Diabetes),FALSE,20-IVHF-GU1-DG3C,,"Blood Glucose Test Strips, Accu-Chek Guide (Diabetes)",BLDSTRP,,,,,,,,,,,,,Blood Glucose System,Accu-Chek Guide Link (780G & 770G),,,,,,
B2-A4-2J2-DF7-1P,Dexcom Stelo Glucose Biosensor System,YTVZ-1X-GY6-VKXS,Blood Glucose Test Strips (Diabetes),FALSE,7H-0L84X-97TZ-F2,,"Blood Glucose Test Strips, Patient Preference (Diabetes)",BLDSTRP,Blood Glucose System,Patient Preference,,,,,,,,,,,,,,,,,,
B2-A4-2J2-DF7-1P,Dexcom Stelo Glucose Biosensor System,YTVZ-1X-GY6-VKXS,Blood Glucose Test Strips (Diabetes),FALSE,BG253-GF5N-K5-CR,,"Blood Glucose Test Strips, Freestyle Precision Neo (Diabetes)",BLDSTRP,Blood Glucose System,Freestyle Precision Neo,,,,,,,,,,,,,,,,,,
B2-A4-2J2-DF7-1P,Dexcom Stelo Glucose Biosensor System,YTVZ-1X-GY6-VKXS,Blood Glucose Test Strips (Diabetes),FALSE,FRY3U-90H-E1-UXG,,"Blood Glucose Test Strips, Bayer Contour Next (Diabetes)",BLDSTRP,,,,,,,Blood Glucose System,Bayer Contour Next,,,,,,,,,,,,
B2-A4-2J2-DF7-1P,Dexcom Stelo Glucose Biosensor System,YTVZ-1X-GY6-VKXS,Blood Glucose Test Strips (Diabetes),FALSE,GXL6-IV2I9-48-DL,,Blood Glucose Test Strips (Diabetes),A4253,,,,,,,,,,,Blood Glucose System,n/a,,,,,,,,
B2-A4-2J2-DF7-1P,Dexcom Stelo Glucose Biosensor System,YTVZ-1X-GY6-VKXS,Blood Glucose Test Strips (Diabetes),FALSE,KM-X1B1P-AQ73-J3,,"Blood Glucose Test Strips, Accu-Chek Guide (Diabetes)",BLDSTRP,,,,,,,,,Blood Glucose System,Accu-Chek Guide,,,,,,,,,,
B2-A4-2J2-DF7-1P,Dexcom Stelo Glucose Biosensor System,YTVZ-1X-GY6-VKXS,Blood Glucose Test Strips (Diabetes),FALSE,LI-6SP-2XK8-Y7M0,,"Blood Glucose Test Strips, Easy Max (Diabetes)",BLDSTRP,,,Blood Glucose System,Easy Max,,,,,,,,,,,,,,,,
B2-A4-2J2-DF7-1P,Dexcom Stelo Glucose Biosensor System,YTVZ-1X-GY6-VKXS,Blood Glucose Test Strips (Diabetes),FALSE,PHFX3-NFXKM-QF6E,688260,"Blood Glucose Test Strips, Glucocard 01 Sensor Plus (Diabetes)",BLDSTRP,,,Blood Glucose System,Glucocard 01 Sensor Plus,,,,,,,,,,,,,,,,
B2-A4-2J2-DF7-1P,Dexcom Stelo Glucose Biosensor System,YTVZ-1X-GY6-VKXS,Blood Glucose Test Strips (Diabetes),FALSE,QU-UHNI-QM7-GKNR,,"Blood Glucose Test Strips, Advocate (Diabetes)",A4253,Blood Glucose System,Advocate,,,,,,,,,,,,,,,,,,
B2-A4-2J2-DF7-1P,Dexcom Stelo Glucose Biosensor System,YTVZ-1X-GY6-VKXS,Blood Glucose Test Strips (Diabetes),FALSE,T7-73DK-X868-QAB,1060018,"Blood Glucose Test Strips, One Touch Ultra 2 (Diabetes)",BLDSTRP,,,,,,,Blood Glucose System,One Touch Ultra 2,,,,,,,,,,,,
B2-A4-2J2-DF7-1P,Dexcom Stelo Glucose Biosensor System,YTVZ-1X-GY6-VKXS,Blood Glucose Test Strips (Diabetes),FALSE,TFNMC-DC-CUTD-41,,"Blood Glucose Test Strips, Contour Next Link (Diabetes)",BLDSTRP,,,,,,,,,,,Blood Glucose System,Contour Next Link (630G),,,,,,,,
C3Y-I09SE-IK4-61,"FreeStyle Libre 2 Plus System, Continuous Glucose Monitoring Package",0GC-NP4IJ-C73-HC,Freestyle Libre Adhesive Patches,FALSE,UF-9BLM6-1VUR-28,,"Freestyle Libre Adhesive Patches, Pair (1)",CGMP,Patches Unit,Pair (1),,,,,,,,,,,,,,,,,,
C3Y-I09SE-IK4-61,"FreeStyle Libre 2 Plus System, Continuous Glucose Monitoring Package",0GC-NP4IJ-C73-HC,Freestyle Libre Adhesive Patches,FALSE,YL-8TD-EZX-G6-VI,,"Freestyle Libre Adhesive Patches, Pack (10)",CGMP,Patches Unit,Pack (10),,,,,,,,,,,,,,,,,,
C3Y-I09SE-IK4-61,"FreeStyle Libre 2 Plus System, Continuous Glucose Monitoring Package",5YF-V4I-C7-A7C47,Blood Glucose Meter (Diabetes),FALSE,5V-6VQM-ZUI-LCZD,,"Blood Glucose Meter, Embrace (Diabetes)",BGMETR,,,,,,,,,Blood Glucose System,Embrace Talk,,,,,,,,,,
C3Y-I09SE-IK4-61,"FreeStyle Libre 2 Plus System, Continuous Glucose Monitoring Package",5YF-V4I-C7-A7C47,Blood Glucose Meter (Diabetes),FALSE,8N-DSA-8DH-N15QK,,"Blood Glucose Meter, Easy Max (Diabetes)",BGMETR,,,,,,,,,,,Blood Glucose System,Easy Max,,,,,,,,
C3Y-I09SE-IK4-61,"FreeStyle Libre 2 Plus System, Continuous Glucose Monitoring Package",5YF-V4I-C7-A7C47,Blood Glucose Meter (Diabetes),FALSE,8XS24-5C-1HJS-76,,"Blood Glucose Meter, Accu-Chek Guide (Diabetes)",BGMETR,,,,,Blood Glucose System,Accu-Chek Guide,,,,,,,,,,,,,,
C3Y-I09SE-IK4-61,"FreeStyle Libre 2 Plus System, Continuous Glucose Monitoring Package",5YF-V4I-C7-A7C47,Blood Glucose Meter (Diabetes),FALSE,DHMF-KCDN-JYM-DB,,Blood Glucose Meter (Diabetes),BGMETR,,,,,,,,,Blood Glucose System,n/a,,,,,,,,,,
C3Y-I09SE-IK4-61,"FreeStyle Libre 2 Plus System, Continuous Glucose Monitoring Package",5YF-V4I-C7-A7C47,Blood Glucose Meter (Diabetes),FALSE,HVN-MY-5Z-P85-G9,,"Blood Glucose Meter, One Touch Verio (Diabetes)",BGMETR,,,,,,,,,,,,,,,Blood Glucose System,One Touch Verio,,,,
C3Y-I09SE-IK4-61,"FreeStyle Libre 2 Plus System, Continuous Glucose Monitoring Package",5YF-V4I-C7-A7C47,Blood Glucose Meter (Diabetes),FALSE,JXU-AEYE-V1SB-ME,,"Blood Glucose Meter, Prodigy Auto (Diabetes)",BGMETR,,,,,,,,,Blood Glucose System,Prodigy Auto,,,,,,,,,,
C3Y-I09SE-IK4-61,"FreeStyle Libre 2 Plus System, Continuous Glucose Monitoring Package",5YF-V4I-C7-A7C47,Blood Glucose Meter (Diabetes),FALSE,NP5Q-K0-4V5V-QU0,,"Blood Glucose Meter, Contour Next Link (Diabetes)",BGMETR,,,,,,,,,,,,,,,,,Blood Glucose System,Contour Next Link (630G),,
C3Y-I09SE-IK4-61,"FreeStyle Libre 2 Plus System, Continuous Glucose Monitoring Package",5YF-V4I-C7-A7C47,Blood Glucose Meter (Diabetes),FALSE,QT1U-R8JI-DF3-1U,,"Blood Glucose Meter, Glucocard 01 Sensor Plus (Diabetes)",BGMETR,,,,,,,,,Blood Glucose System,Glucocard 01 Sensor Plus,,,,,,,,,,
C3Y-I09SE-IK4-61,"FreeStyle Libre 2 Plus System, Continuous Glucose Monitoring Package",5YF-V4I-C7-A7C47,Blood Glucose Meter (Diabetes),FALSE,QZU7-RC-ZT4-V8TV,,"Blood Glucose Meter, One Touch Ultra 2 (Diabetes)",BGMETR,,,,,,,Blood Glucose System,One Touch Ultra 2,,,,,,,,,,,,
C3Y-I09SE-IK4-61,"FreeStyle Libre 2 Plus System, Continuous Glucose Monitoring Package",5YF-V4I-C7-A7C47,Blood Glucose Meter (Diabetes),FALSE,VG-ESFN-1XLD-3ZA,,"Blood Glucose Meter (Diabetes), Refills if billed with: Rx- 3, Med- Lifetime",BGMETR,,,,,,,,,,,,,Blood Glucose System,n/a,,,,,,
C3Y-I09SE-IK4-61,"FreeStyle Libre 2 Plus System, Continuous Glucose Monitoring Package",5YF-V4I-C7-A7C47,Blood Glucose Meter (Diabetes),FALSE,VLM-2GUL3-QR-MF4,,"Blood Glucose Meter, True Metrix (Diabetes)",BGMETR,,,,,,,,,,,,,,,,,Blood Glucose System,True Metrix,,
C3Y-I09SE-IK4-61,"FreeStyle Libre 2 Plus System, Continuous Glucose Monitoring Package",5YF-V4I-C7-A7C47,Blood Glucose Meter (Diabetes),FALSE,YX-9I-3T0-GJ-7K7,,"Blood Glucose Meter, Accu-Chek Guide Link (Diabetes)",BGMETR,,,,,,,Blood Glucose System,Accu-Chek Guide Link (780G & 770G),,,,,,,,,,,,
C3Y-I09SE-IK4-61,"FreeStyle Libre 2 Plus System, Continuous Glucose Monitoring Package",5YF-V4I-C7-A7C47,Blood Glucose Meter (Diabetes),FALSE,ZTJZ-SIK-297Y-KF,,"Blood Glucose Meter, Patient Preference (Diabetes)",BGMETR,,,,,,,,,,,,,,,,,Blood Glucose System,Patient Preference,,
C3Y-I09SE-IK4-61,"FreeStyle Libre 2 Plus System, Continuous Glucose Monitoring Package",BU6J-KE3R-K8-DC1,Libre 2 Reader,FALSE,8R-9CD5-NCAV-U6D,,No Libre 2 Reader,,,,Reader/Receiver Included,Not Included,,,,,,,,,,,,,,,,
C3Y-I09SE-IK4-61,"FreeStyle Libre 2 Plus System, Continuous Glucose Monitoring Package",BU6J-KE3R-K8-DC1,Libre 2 Reader,FALSE,HC03T-XE-N0L-TD0,71953,"Libre 2 Reader, 1 per year",CGMR,Reader/Receiver Included,Included,,,,,,,,,,,,,,,,,,
C3Y-I09SE-IK4-61,"FreeStyle Libre 2 Plus System, Continuous Glucose Monitoring Package",BU6J-KE3R-K8-DC1,Libre 2 Reader,FALSE,KFY2-10F-NX-3DGD,,Libre 2 Reader,E2103,,,Reader/Receiver Included,Included,,,,,,,,,,,,,,,,
C3Y-I09SE-IK4-61,"FreeStyle Libre 2 Plus System, Continuous Glucose Monitoring Package",BU6J-KE3R-K8-DC1,Libre 2 Reader,FALSE,STJ5-H6-JYGT-HQT,,A9278/E2103 Libre 2 Reader,CGMR,Reader/Receiver Included,Included,,,,,,,,,,,,,,,,,,
C3Y-I09SE-IK4-61,"FreeStyle Libre 2 Plus System, Continuous Glucose Monitoring Package",BU6J-KE3R-K8-DC1,Libre 2 Reader,FALSE,XF4-H3-LK4-XETEP,,Libre 2 Reader,CGMR,Reader/Receiver Included,Included,,,,,,,,,,,,,,,,,,
C3Y-I09SE-IK4-61,"FreeStyle Libre 2 Plus System, Continuous Glucose Monitoring Package",BU6J-KE3R-K8-DC1,Libre 2 Reader,FALSE,ZRGDU-6Y-TXD-CP3,,Libre 2 Reader,A9278,,,Reader/Receiver Included,Included,,,,,,,,,,,,,,,,
C3Y-I09SE-IK4-61,"FreeStyle Libre 2 Plus System, Continuous Glucose Monitoring Package",K6J-50KQ-31D-2S1,Insulin,FALSE,CK-6GK6-NF3R7-VG,,Insulin,J1817,,,,,,,,,,,,,,,Type of Insulin,N/A,,,,
C3Y-I09SE-IK4-61,"FreeStyle Libre 2 Plus System, Continuous Glucose Monitoring Package",K6J-50KQ-31D-2S1,Insulin,FALSE,CNJ4T-291E-LTI7M,,"Insulin, Lispro, 100 units/mL",J1817,,,,,,,Type of Insulin,Lispro,,,,,,,,,,,,
C3Y-I09SE-IK4-61,"FreeStyle Libre 2 Plus System, Continuous Glucose Monitoring Package",K6J-50KQ-31D-2S1,Insulin,FALSE,EG9-LD4-CXFD-JLK,,"Insulin Aspart, 100 units/mL, dispense 9 10 mL vials every 90 days, use as directed per prescriber via insulin pump, 4 refills",J1817,,,,,Type of Insulin,Aspart,,,,,,,,,,,,,,
C3Y-I09SE-IK4-61,"FreeStyle Libre 2 Plus System, Continuous Glucose Monitoring Package",R6U8-FR5-UVR-7XL,Libre 2 Plus Sensor,TRUE,2RU3T-6P8L-C4-59,,"A4239/A9276 Libre 2 Plus Sensor, change every 15 days",CGMS,,,Libre Sensor,Libre 2 Plus Sensor,,,,,,,,,,,,,,,,
C3Y-I09SE-IK4-61,"FreeStyle Libre 2 Plus System, Continuous Glucose Monitoring Package",R6U8-FR5-UVR-7XL,Libre 2 Plus Sensor,TRUE,8TJ6-THL3-5MT-UT,,"Libre 2 Plus Sensor, change every 15 days",A9276,Libre Sensor,Libre 2 Plus Sensor,,,,,,,,,,,,,,,,,,
C3Y-I09SE-IK4-61,"FreeStyle Libre 2 Plus System, Continuous Glucose Monitoring Package",R6U8-FR5-UVR-7XL,Libre 2 Plus Sensor,TRUE,P63E8-MQ-ACX-PBG,,"Libre 2 Plus Sensor, change every 15 days",A4239,,,Libre Sensor,Libre 2 Plus Sensor,,,,,,,,,,,,,,,,
C3Y-I09SE-IK4-61,"FreeStyle Libre 2 Plus System, Continuous Glucose Monitoring Package",R6U8-FR5-UVR-7XL,Libre 2 Plus Sensor,TRUE,RBV-HPG-2M6LF-AG,,"Libre 2 Plus Sensor, change every 15 days",CGMS,,,Libre Sensor,Libre 2 Plus Sensor,,,,,,,,,,,,,,,,
C3Y-I09SE-IK4-61,"FreeStyle Libre 2 Plus System, Continuous Glucose Monitoring Package",YTVZ-1X-GY6-VKXS,Blood Glucose Test Strips (Diabetes),FALSE,4V-CJG-63RKA-INP,,"Blood Glucose Test Strips (Diabetes), Refills if billed with: Rx- 3, Med- Lifetime",BLDSTRP,,,,,,,,,Blood Glucose System,n/a,,,,,,,,,,
C3Y-I09SE-IK4-61,"FreeStyle Libre 2 Plus System, Continuous Glucose Monitoring Package",YTVZ-1X-GY6-VKXS,Blood Glucose Test Strips (Diabetes),FALSE,7H-0L84X-97TZ-F2,,"Blood Glucose Test Strips, Patient Preference (Diabetes)",BLDSTRP,,,,,,,,,,,,,Blood Glucose System,Patient Preference,,,,,,
C3Y-I09SE-IK4-61,"FreeStyle Libre 2 Plus System, Continuous Glucose Monitoring Package",YTVZ-1X-GY6-VKXS,Blood Glucose Test Strips (Diabetes),FALSE,FRY3U-90H-E1-UXG,,"Blood Glucose Test Strips, Bayer Contour Next (Diabetes)",BLDSTRP,,,,,,,,,,,Blood Glucose System,Bayer Contour Next,,,,,,,,
C3Y-I09SE-IK4-61,"FreeStyle Libre 2 Plus System, Continuous Glucose Monitoring Package",YTVZ-1X-GY6-VKXS,Blood Glucose Test Strips (Diabetes),FALSE,FYP0-NTF-PKY9-B6,1159731,"Blood Glucose Test Strips, Embrace (Diabetes)",BLDSTRP,,,,,,,Blood Glucose System,Embrace Talk,,,,,,,,,,,,
C3Y-I09SE-IK4-61,"FreeStyle Libre 2 Plus System, Continuous Glucose Monitoring Package",YTVZ-1X-GY6-VKXS,Blood Glucose Test Strips (Diabetes),FALSE,GXL6-IV2I9-48-DL,,Blood Glucose Test Strips (Diabetes),A4253,,,,,,,,,,,,,,,,,,,Blood Glucose System,n/a
C3Y-I09SE-IK4-61,"FreeStyle Libre 2 Plus System, Continuous Glucose Monitoring Package",YTVZ-1X-GY6-VKXS,Blood Glucose Test Strips (Diabetes),FALSE,PN0KC-QA5-DGR-7S,,"Blood Glucose Test Strips, Caresense (Diabetes)",BLDSTRP,,,,,,,,,Blood Glucose System,CareSense,,,,,,,,,,
C3Y-I09SE-IK4-61,"FreeStyle Libre 2 Plus System, Continuous Glucose Monitoring Package",YTVZ-1X-GY6-VKXS,Blood Glucose Test Strips (Diabetes),FALSE,QU-UHNI-QM7-GKNR,,"Blood Glucose Test Strips, Advocate (Diabetes)",A4253,,,,,,,,,,,,,,,Blood Glucose System,Advocate,,,,
C3Y-I09SE-IK4-61,"FreeStyle Libre 2 Plus System, Continuous Glucose Monitoring Package",YTVZ-1X-GY6-VKXS,Blood Glucose Test Strips (Diabetes),FALSE,RJT-VMR-89PC7-TG,843244,"Blood Glucose Test Strips, Prodigy Auto (Diabetes)",BLDSTRP,,,,,Blood Glucose System,Prodigy Auto,,,,,,,,,,,,,,
C3Y-I09SE-IK4-61,"FreeStyle Libre 2 Plus System, Continuous Glucose Monitoring Package",YTVZ-1X-GY6-VKXS,Blood Glucose Test Strips (Diabetes),FALSE,T7-73DK-X868-QAB,1060018,"Blood Glucose Test Strips, One Touch Ultra 2 (Diabetes)",BLDSTRP,,,,,,,,,,,,,Blood Glucose System,One Touch Ultra 2,,,,,,
C3Y-I09SE-IK4-61,"FreeStyle Libre 2 Plus System, Continuous Glucose Monitoring Package",YTVZ-1X-GY6-VKXS,Blood Glucose Test Strips (Diabetes),FALSE,TFNMC-DC-CUTD-41,,"Blood Glucose Test Strips, Contour Next Link (Diabetes)",BLDSTRP,,,,,,,,,,,,,,,,,Blood Glucose System,Contour Next Link (630G),,
C6-ICU86-GT0-9EX,FreeStyle Libre 2 Reader,BU6J-KE3R-K8-DC1,Libre 2 Reader,TRUE,8R-9CD5-NCAV-U6D,,No Libre 2 Reader,,,,,,,,,,Reader/Receiver Included,Not Included,,,,,,,,,,
C6-ICU86-GT0-9EX,FreeStyle Libre 2 Reader,BU6J-KE3R-K8-DC1,Libre 2 Reader,TRUE,HC03T-XE-N0L-TD0,71953,"Libre 2 Reader, 1 per year",CGMR,,,,,,,,,Reader/Receiver Included,Included,,,,,,,,,,
C6-ICU86-GT0-9EX,FreeStyle Libre 2 Reader,BU6J-KE3R-K8-DC1,Libre 2 Reader,TRUE,STJ5-H6-JYGT-HQT,,A9278/E2103 Libre 2 Reader,CGMR,,,Reader/Receiver Included,Included,,,,,,,,,,,,,,,,
C6-ICU86-GT0-9EX,FreeStyle Libre 2 Reader,BU6J-KE3R-K8-DC1,Libre 2 Reader,TRUE,XF4-H3-LK4-XETEP,,Libre 2 Reader,CGMR,,,,,Reader/Receiver Included,Included,,,,,,,,,,,,,,
C8Q3I-7R0-QC-RA2,Dexcom G7 Sensor Only,C7KC-VH-80-KR-U6,Dexcom G7 Sensor (All-in-One),TRUE,0Z5LG-QH0FV-0S0Z,,"Dexcom G7 Sensor (All-in-One), Change Every 10 Days, Pack (1)",A9276,,,,,,,Dexcom G7 Sensors Unit,Pack (1),,,,,,,,,,,,
C8Q3I-7R0-QC-RA2,Dexcom G7 Sensor Only,C7KC-VH-80-KR-U6,Dexcom G7 Sensor (All-in-One),TRUE,305-K0-YFEYK-598,,"Dexcom G7 Sensor (All-in-One), Change Every 10 Days, Pack (1)",CGMS,,,Dexcom G7 Sensors Unit,Max Allowable,,,,,,,,,,,,,,,,
C8Q3I-7R0-QC-RA2,Dexcom G7 Sensor Only,C7KC-VH-80-KR-U6,Dexcom G7 Sensor (All-in-One),TRUE,43MFI-IVY-K15-5N,,A9276 Dexcom G7 Sensor (30 per month/365 per year) / A4239 (1 per month/12 per year),CGMS,,,,,Dexcom G7 Sensors Unit,Max Allowable,,,,,,,,,,,,,,
C8Q3I-7R0-QC-RA2,Dexcom G7 Sensor Only,C7KC-VH-80-KR-U6,Dexcom G7 Sensor (All-in-One),TRUE,5U90Z-T0363-J0US,,"A9276/A9277 Dexcom G7 Sensor (All-in-One), Change Every 10 Days, Pack (1)",CGMS,,,Dexcom G7 Sensors Unit,Pack (1),,,,,,,,,,,,,,,,
C8Q3I-7R0-QC-RA2,Dexcom G7 Sensor Only,C7KC-VH-80-KR-U6,Dexcom G7 Sensor (All-in-One),TRUE,A0V-QMF2-8GLC-09,,"Dexcom G7 Sensor (All-in-One), Change Every 10 Days, Pack (1)",A4239,,,,,,,Dexcom G7 Sensors Unit,Pack (1),,,,,,,,,,,,
C8Q3I-7R0-QC-RA2,Dexcom G7 Sensor Only,C7KC-VH-80-KR-U6,Dexcom G7 Sensor (All-in-One),TRUE,AE-F2H-FK6JP-5GX,,"Dexcom G7 Sensor (All-in-One), Change Every 10 Days, Pack (1), 6 refills",CGMS,,,Dexcom G7 Sensors Unit,Max Allowable,,,,,,,,,,,,,,,,
C8Q3I-7R0-QC-RA2,Dexcom G7 Sensor Only,C7KC-VH-80-KR-U6,Dexcom G7 Sensor (All-in-One),TRUE,AKD-T8-RA27-NBQF,,"Dexcom G7 Sensor (All-in-One), Change Every 10 Days, Pack (1)",A9276,,,,,Dexcom G7 Sensors Unit,Max Allowable,,,,,,,,,,,,,,
C8Q3I-7R0-QC-RA2,Dexcom G7 Sensor Only,C7KC-VH-80-KR-U6,Dexcom G7 Sensor (All-in-One),TRUE,AS-2H0G-1S7JI-U5,,A4239/K0553 (1 per month/12 per year) Dexcom G7 Sensor,CGMS,,,,,,,Dexcom G7 Sensors Unit,Max Allowable,,,,,,,,,,,,
C8Q3I-7R0-QC-RA2,Dexcom G7 Sensor Only,C7KC-VH-80-KR-U6,Dexcom G7 Sensor (All-in-One),TRUE,BZE1-9GAC-U3-H6Q,,"Dexcom G7 Sensor (All-in-One), Change Every 10 Days, Pack (1)",CGMS,Dexcom G7 Sensors Unit,Pack (1),,,,,,,,,,,,,,,,,,
C8Q3I-7R0-QC-RA2,Dexcom G7 Sensor Only,C7KC-VH-80-KR-U6,Dexcom G7 Sensor (All-in-One),TRUE,IUGV-Q698-GQ3-FC,,"Dexcom G7 Sensor, Change Every 10 Days, Pack (1)",CGMS,Dexcom G7 Sensors Unit,Max Allowable,,,,,,,,,,,,,,,,,,
C8Q3I-7R0-QC-RA2,Dexcom G7 Sensor Only,C7KC-VH-80-KR-U6,Dexcom G7 Sensor (All-in-One),TRUE,JXKP-GT-EQY-HJU0,,"A9276/A9277 Dexcom G7 Sensor (All-in-One), Change Every 10 Days, Pack (1)",CGMS,,,,,Dexcom G7 Sensors Unit,Max Allowable,,,,,,,,,,,,,,
C8Q3I-7R0-QC-RA2,Dexcom G7 Sensor Only,C7KC-VH-80-KR-U6,Dexcom G7 Sensor (All-in-One),TRUE,JY8B2-LM-UJ-7ZX7,,"A4239/A9276 Dexcom G7 Sensor (All-in-One), Change Every 10 Days, Pack (1)",CGMS,Dexcom G7 Sensors Unit,Max Allowable,,,,,,,,,,,,,,,,,,
C8Q3I-7R0-QC-RA2,Dexcom G7 Sensor Only,C7KC-VH-80-KR-U6,Dexcom G7 Sensor (All-in-One),TRUE,K09F9-BL6-N9K-DY,,A4239/K0553 (1 per month/12 per year) / A9276 (30 per month/365 per year) Dexcom G7 Sensor,CGMS,,,,,Dexcom G7 Sensors Unit,Max Allowable,,,,,,,,,,,,,,
C8Q3I-7R0-QC-RA2,Dexcom G7 Sensor Only,C7KC-VH-80-KR-U6,Dexcom G7 Sensor (All-in-One),TRUE,K694-5Y7G-I4N-CH,STPAT011,"A4238/A4239 Dexcom G7 Sensor (All-in-One), Change Every 10 Days, Pack (1)",CGMS,,,,,Dexcom G7 Sensors Unit,Pack (1),,,,,,,,,,,,,,
C8Q3I-7R0-QC-RA2,Dexcom G7 Sensor Only,C7KC-VH-80-KR-U6,Dexcom G7 Sensor (All-in-One),TRUE,KAG-2GD-3N-6L-12,,"A4238/A4239 Dexcom G7 Sensor (All-in-One), Change Every 10 Days, Pack (1)",CGMS,,,,,Dexcom G7 Sensors Unit,Max Allowable,,,,,,,,,,,,,,
C8Q3I-7R0-QC-RA2,Dexcom G7 Sensor Only,C7KC-VH-80-KR-U6,Dexcom G7 Sensor (All-in-One),TRUE,UJ3-T96-U0N-R8M4,,"Dexcom G7 Sensor (All-in-One), Change Every 10 Days, Pack (1)",CGMS,,,,,Dexcom G7 Sensors Unit,Max Allowable,,,,,,,,,,,,,,
C8Q3I-7R0-QC-RA2,Dexcom G7 Sensor Only,C7KC-VH-80-KR-U6,Dexcom G7 Sensor (All-in-One),TRUE,Y5V-IE-1E-FUS-AS,,"Dexcom G7 Sensor (All-in-One), Change Every 10 Days, Pack (1)",A4239,,,,,,,Dexcom G7 Sensors Unit,Max Allowable,,,,,,,,,,,,
D0I-5RC27-TD3-Q7,"FreeStyle Libre 14 Day System, Continuous Glucose Monitoring Package",0GC-NP4IJ-C73-HC,Freestyle Libre Adhesive Patches,FALSE,YL-8TD-EZX-G6-VI,,"Freestyle Libre Adhesive Patches, Pack (10)",CGMP,,,Patches Unit,Pack (10),,,,,,,,,,,,,,,,
D0I-5RC27-TD3-Q7,"FreeStyle Libre 14 Day System, Continuous Glucose Monitoring Package",5YF-V4I-C7-A7C47,Blood Glucose Meter (Diabetes),FALSE,8N-DSA-8DH-N15QK,,"Blood Glucose Meter, Easy Max (Diabetes)",BGMETR,,,,,,,,,,,,,,,,,,,Blood Glucose System,Easy Max
D0I-5RC27-TD3-Q7,"FreeStyle Libre 14 Day System, Continuous Glucose Monitoring Package",5YF-V4I-C7-A7C47,Blood Glucose Meter (Diabetes),FALSE,IJ-GV6-18Z2-70BX,,"Blood Glucose Meter, Caresense (Diabetes)",BGMETR,,,,,,,,,,,,,,,,,Blood Glucose System,CareSense,,
D0I-5RC27-TD3-Q7,"FreeStyle Libre 14 Day System, Continuous Glucose Monitoring Package",5YF-V4I-C7-A7C47,Blood Glucose Meter (Diabetes),FALSE,JXU-AEYE-V1SB-ME,,"Blood Glucose Meter, Prodigy Auto (Diabetes)",BGMETR,,,,,,,,,,,,,Blood Glucose System,Prodigy Auto,,,,,,
D0I-5RC27-TD3-Q7,"FreeStyle Libre 14 Day System, Continuous Glucose Monitoring Package",5YF-V4I-C7-A7C47,Blood Glucose Meter (Diabetes),FALSE,QT1U-R8JI-DF3-1U,,"Blood Glucose Meter, Glucocard 01 Sensor Plus (Diabetes)",BGMETR,,,,,,,,,,,,,,,Blood Glucose System,Glucocard 01 Sensor Plus,,,,
D0I-5RC27-TD3-Q7,"FreeStyle Libre 14 Day System, Continuous Glucose Monitoring Package",5YF-V4I-C7-A7C47,Blood Glucose Meter (Diabetes),FALSE,QZU7-RC-ZT4-V8TV,,"Blood Glucose Meter, One Touch Ultra 2 (Diabetes)",BGMETR,,,,,,,,,,,,,Blood Glucose System,One Touch Ultra 2,,,,,,
D0I-5RC27-TD3-Q7,"FreeStyle Libre 14 Day System, Continuous Glucose Monitoring Package",5YF-V4I-C7-A7C47,Blood Glucose Meter (Diabetes),FALSE,S8XS-4I3-GQ2-7PG,,"Blood Glucose Meter, CareSense Voice (Diabetes)",BGMETR,,,,,,,,,,,Blood Glucose System,CareSense Voice,,,,,,,,
D0I-5RC27-TD3-Q7,"FreeStyle Libre 14 Day System, Continuous Glucose Monitoring Package",CXY-XE-4NI5-A53N,Libre 14 Day Reader,TRUE,5HNM-9FU-JE0P-YK,,No Libre 14 Day Reader,,,,Reader/Receiver Included,Not Included,,,,,,,,,,,,,,,,
D0I-5RC27-TD3-Q7,"FreeStyle Libre 14 Day System, Continuous Glucose Monitoring Package",CXY-XE-4NI5-A53N,Libre 14 Day Reader,TRUE,8U5T-QP35K-2K5B5,,"Libre 14 Day Reader, 1 per year",CGMR,Reader/Receiver Included,Included,,,,,,,,,,,,,,,,,,
D0I-5RC27-TD3-Q7,"FreeStyle Libre 14 Day System, Continuous Glucose Monitoring Package",CXY-XE-4NI5-A53N,Libre 14 Day Reader,TRUE,LK-M8X79-RPI2-SK,,Libre 14 Day Reader,CGMR,,,,,Reader/Receiver Included,Included,,,,,,,,,,,,,,
D0I-5RC27-TD3-Q7,"FreeStyle Libre 14 Day System, Continuous Glucose Monitoring Package",CXY-XE-4NI5-A53N,Libre 14 Day Reader,TRUE,TCL6K-12T4-AM-JF,,E2103/A9278 Libre 14 Day Reader,CGMR,,,,,Reader/Receiver Included,Included,,,,,,,,,,,,,,
D0I-5RC27-TD3-Q7,"FreeStyle Libre 14 Day System, Continuous Glucose Monitoring Package",K6J-50KQ-31D-2S1,Insulin,FALSE,CK-6GK6-NF3R7-VG,,Insulin,J1817,,,,,,,,,,,,,,,,,,,Type of Insulin,N/A
D0I-5RC27-TD3-Q7,"FreeStyle Libre 14 Day System, Continuous Glucose Monitoring Package",YTVZ-1X-GY6-VKXS,Blood Glucose Test Strips (Diabetes),FALSE,FRY3U-90H-E1-UXG,,"Blood Glucose Test Strips, Bayer Contour Next (Diabetes)",BLDSTRP,,,,,,,,,,,,,,,,,,,Blood Glucose System,Bayer Contour Next
D0I-5RC27-TD3-Q7,"FreeStyle Libre 14 Day System, Continuous Glucose Monitoring Package",YTVZ-1X-GY6-VKXS,Blood Glucose Test Strips (Diabetes),FALSE,T7-73DK-X868-QAB,1060018,"Blood Glucose Test Strips, One Touch Ultra 2 (Diabetes)",BLDSTRP,,,,,,,,,,,,,,,,,,,Blood Glucose System,One Touch Ultra 2
D0I-5RC27-TD3-Q7,"FreeStyle Libre 14 Day System, Continuous Glucose Monitoring Package",YTVZ-1X-GY6-VKXS,Blood Glucose Test Strips (Diabetes),FALSE,VALRL-BT1-2KL-LF,960300,"Blood Glucose Test Strips, True Metrix (Diabetes)",BLDSTRP,,,,,,,,,,,,,Blood Glucose System,True Metrix,,,,,,
D8H-M4F-57K9-SFN,Dexcom G6 Continuous Glucose Monitoring Package,5YF-V4I-C7-A7C47,Blood Glucose Meter (Diabetes),FALSE,DHMF-KCDN-JYM-DB,,Blood Glucose Meter (Diabetes),BGMETR,,,,,,,,,,,,,Blood Glucose System,n/a,,,,,,
D8H-M4F-57K9-SFN,Dexcom G6 Continuous Glucose Monitoring Package,5YF-V4I-C7-A7C47,Blood Glucose Meter (Diabetes),FALSE,JL-20Z-MT-Q4-IS8,,"Blood Glucose Meter, Freestyle Precision Neo (Diabetes)",BGMETR,,,,,,,,,,,,,,,,,,,Blood Glucose System,Freestyle Precision Neo
D8H-M4F-57K9-SFN,Dexcom G6 Continuous Glucose Monitoring Package,5YF-V4I-C7-A7C47,Blood Glucose Meter (Diabetes),FALSE,JXU-AEYE-V1SB-ME,,"Blood Glucose Meter, Prodigy Auto (Diabetes)",BGMETR,,,,,,,,,,,,,,,,,Blood Glucose System,Prodigy Auto,,
D8H-M4F-57K9-SFN,Dexcom G6 Continuous Glucose Monitoring Package,5YF-V4I-C7-A7C47,Blood Glucose Meter (Diabetes),FALSE,QZU7-RC-ZT4-V8TV,,"Blood Glucose Meter, One Touch Ultra 2 (Diabetes)",BGMETR,,,,,,,,,,,,,,,,,Blood Glucose System,One Touch Ultra 2,,
D8H-M4F-57K9-SFN,Dexcom G6 Continuous Glucose Monitoring Package,B6-7ZT0-B3VX-TUX,Dexcom G6 Sensor,TRUE,05-P1T63-FCU-H7V,STSOR003,"Dexcom G6 Sensor, Pack (3)",A9276,,,,,,,CGM System,Dexcom G6,,,,,,,,,,,Unit,Pack (3)
D8H-M4F-57K9-SFN,Dexcom G6 Continuous Glucose Monitoring Package,B6-7ZT0-B3VX-TUX,Dexcom G6 Sensor,TRUE,0R-DQ07-EG507-S7,PDCG6SENSOR,"Dexcom G6 Sensor, Pack (3)",A4239,,,,,,,,,,,CGM System,Dexcom G6,,,,,,,,
D8H-M4F-57K9-SFN,Dexcom G6 Continuous Glucose Monitoring Package,B6-7ZT0-B3VX-TUX,Dexcom G6 Sensor,TRUE,2A-GFA-DF-FRG-JN,,"Dexcom G6 Sensor, 4 refills per year",CGMS,,,,,CGM System,Dexcom G6,,,,,,,,,,,Unit,Max Allowable,,
D8H-M4F-57K9-SFN,Dexcom G6 Continuous Glucose Monitoring Package,B6-7ZT0-B3VX-TUX,Dexcom G6 Sensor,TRUE,4D-0FI-3QV-M1-13,,"A4239/A9276 Dexcom G6 Sensor, change every 10 days as directed",CGMS,CGM System,Dexcom G6,,,,,,,,,,,Unit,Max Allowable,,,,,,
D8H-M4F-57K9-SFN,Dexcom G6 Continuous Glucose Monitoring Package,B6-7ZT0-B3VX-TUX,Dexcom G6 Sensor,TRUE,4JMXN-5UN9-NQ-EH,,"Dexcom G6 Sensor, change every 10 days, 90 day supply",CGMS,,,CGM System,Dexcom G6,,,,,,,,,,,Unit,Max Allowable,,,,
D8H-M4F-57K9-SFN,Dexcom G6 Continuous Glucose Monitoring Package,B6-7ZT0-B3VX-TUX,Dexcom G6 Sensor,TRUE,92A0-EYF-5Y-6GZS,,"Dexcom G6 Sensor, change every 10 days as directed",CGMS,,,CGM System,Dexcom G6,,,,,,,,,,,Unit,Max Allowable,,,,
D8H-M4F-57K9-SFN,Dexcom G6 Continuous Glucose Monitoring Package,B6-7ZT0-B3VX-TUX,Dexcom G6 Sensor,TRUE,97-35-GLPVL-L9MG,,"Dexcom G6 Sensor, Pack (3)",CGMS,,,,,CGM System,Dexcom G6,,,,,,,,,,,Unit,Each (1),,
D8H-M4F-57K9-SFN,Dexcom G6 Continuous Glucose Monitoring Package,B6-7ZT0-B3VX-TUX,Dexcom G6 Sensor,TRUE,N9Y-9A-R2RZ-591E,,"1 Month Supply Allowance (Dexcom G6 Sensor, Meter, Test Strips, Glucose Control Solution, Lancet, Lancing Device, Battery)",CGMS,,,,,,,,,,,CGM System,Dexcom G6,,,,,,,,
D8H-M4F-57K9-SFN,Dexcom G6 Continuous Glucose Monitoring Package,B6-7ZT0-B3VX-TUX,Dexcom G6 Sensor,TRUE,P12P9-D5YG-3Q-NG,,A4239 (1 per month/12 per year) / A9276 (30 per month/365 per year) Dexcom G6 Sensor,CGMS,,,,,,,CGM System,Dexcom G6,,,,,,,,,,,Unit,Max Allowable
D8H-M4F-57K9-SFN,Dexcom G6 Continuous Glucose Monitoring Package,B6-7ZT0-B3VX-TUX,Dexcom G6 Sensor,TRUE,P7-GDX4-E4RF-2KY,,"Dexcom G6 Sensor, change every 10 days, Pack of 3",CGMS,,,CGM System,Dexcom G6,,,,,,,,,,,Unit,Max Allowable,,,,
D8H-M4F-57K9-SFN,Dexcom G6 Continuous Glucose Monitoring Package,B6-7ZT0-B3VX-TUX,Dexcom G6 Sensor,TRUE,QS4-M8-0T3LP-4Y2,,"Dexcom G6 Sensor, change every 10 days",CGMS,CGM System,Dexcom G6,,,,,,,,,,,Unit,Max Allowable,,,,,,
D8H-M4F-57K9-SFN,Dexcom G6 Continuous Glucose Monitoring Package,B6-7ZT0-B3VX-TUX,Dexcom G6 Sensor,TRUE,TM7-LTGUV-KBQ-Z6,,"Dexcom G6 Sensor, change every 10 days, Pack of 3",CGMS,,,,,,,CGM System,Dexcom G6,,,,,,,,,,,Unit,Max Allowable
D8H-M4F-57K9-SFN,Dexcom G6 Continuous Glucose Monitoring Package,K6J-50KQ-31D-2S1,Insulin,FALSE,U2CU9-4P7PH-LN0F,,"Insulin Lispro, 100 units/mL, dispense 9 10 mL vials every 90 days, use as directed per prescriber via insulin pump, 4 refills",J1817,,,,,,,,,,,,,,,Type of Insulin,Lispro,,,,
D8H-M4F-57K9-SFN,Dexcom G6 Continuous Glucose Monitoring Package,LFNH-7PEZ7-UA-ZH,Dexcom Adhesive Patches,FALSE,UF-PX-7F-P1-GQB1,,"Dexcom Adhesive Patches, Pack (10)",CGMP,Patches Unit,Pack (10),,,,,,,,,,,,,,,,,,
D8H-M4F-57K9-SFN,Dexcom G6 Continuous Glucose Monitoring Package,RSPL-ZUNL-SZ-LQB,Dexcom G6 Transmitter,TRUE,0U-BFX-H86DJ-DZX,,"Dexcom G6 Transmitter, Day Supply: 90",CGMT,,,,,Unit,Max Allowable,,,,,,,,,,,,,,
D8H-M4F-57K9-SFN,Dexcom G6 Continuous Glucose Monitoring Package,RSPL-ZUNL-SZ-LQB,Dexcom G6 Transmitter,TRUE,1K2C-U6-1IRQZ-R0,,A9277/A4239 (4 per year) Dexcom G6 Transmitter,CGMT,,,,,Unit,Max Allowable,,,,,,,,,,,,,,
D8H-M4F-57K9-SFN,Dexcom G6 Continuous Glucose Monitoring Package,RSPL-ZUNL-SZ-LQB,Dexcom G6 Transmitter,TRUE,2X-UX8G-ZY-XP-UF,,"Dexcom G6 Transmitter, Day Supply: 90",CGMT,,,,,Unit,Max Allowable,,,,,,,,,,,,,,
D8H-M4F-57K9-SFN,Dexcom G6 Continuous Glucose Monitoring Package,RSPL-ZUNL-SZ-LQB,Dexcom G6 Transmitter,TRUE,5H0R-40K0J-DSZPA,STTOM001,Dexcom G6 Transmitter,CGMT,,,,,,,Unit,Max Allowable,,,,,,,,,,,,
D8H-M4F-57K9-SFN,Dexcom G6 Continuous Glucose Monitoring Package,RSPL-ZUNL-SZ-LQB,Dexcom G6 Transmitter,TRUE,DL-Q5MP-8K0K1-N0,PDCG6TRANS,"Dexcom G6 Transmitter, Each (1)",A9277,,,,,,,Unit,Each (1),,,,,,,,,,,,
D8H-M4F-57K9-SFN,Dexcom G6 Continuous Glucose Monitoring Package,RSPL-ZUNL-SZ-LQB,Dexcom G6 Transmitter,TRUE,EY7-E5QV3-EM1-2R,,"Dexcom G6 Transmitter, change every 90 days as directed, 4 refills per year",CGMT,,,,,Unit,Max Allowable,,,,,,,,,,,,,,
D8H-M4F-57K9-SFN,Dexcom G6 Continuous Glucose Monitoring Package,RSPL-ZUNL-SZ-LQB,Dexcom G6 Transmitter,TRUE,HSEU0-T5B0J-ZJVA,,"Dexcom G6 Transmitter, 4 per year",CGMT,,,,,Unit,Each (1),,,,,,,,,,,,,,
D8H-M4F-57K9-SFN,Dexcom G6 Continuous Glucose Monitoring Package,RSPL-ZUNL-SZ-LQB,Dexcom G6 Transmitter,TRUE,I5YL1-SU8K-ME0CH,,A4239/A9277 Dexcom G6 Transmitter,CGMT,,,,,,,Unit,Max Allowable,,,,,,,,,,,,
D8H-M4F-57K9-SFN,Dexcom G6 Continuous Glucose Monitoring Package,RSPL-ZUNL-SZ-LQB,Dexcom G6 Transmitter,TRUE,S5HX-LT-0KU-R2SH,,"Dexcom G6 Transmitter, change every 90 days as directed",CGMT,,,,,Unit,Max Allowable,,,,,,,,,,,,,,
D8H-M4F-57K9-SFN,Dexcom G6 Continuous Glucose Monitoring Package,RYEBX-QY-F5B-XCH,Dexcom G6 Receiver,TRUE,09-IDG1-YB-R5-9S,,Dexcom G6 Receiver,A9278,,,Reader/Receiver Included,Included,,,,,,,,,Unit,Each (1),,,,,,
D8H-M4F-57K9-SFN,Dexcom G6 Continuous Glucose Monitoring Package,RYEBX-QY-F5B-XCH,Dexcom G6 Receiver,TRUE,7F97-8J-UKBY-4AT,,"Dexcom G6 Receiver, 1 per year",CGMR,,,Reader/Receiver Included,Included,,,,,,,,,Unit,Each (1),,,,,,
D8H-M4F-57K9-SFN,Dexcom G6 Continuous Glucose Monitoring Package,RYEBX-QY-F5B-XCH,Dexcom G6 Receiver,TRUE,7M-P56FK-1UQX-2X,,A9278/E2103 Dexcom G6 Receiver,CGMR,,,,,,,,,Reader/Receiver Included,Included,,,,,,,,,Unit,Max Allowable
D8H-M4F-57K9-SFN,Dexcom G6 Continuous Glucose Monitoring Package,RYEBX-QY-F5B-XCH,Dexcom G6 Receiver,TRUE,A7E-VTBI6-PM-E5Q,,E2103/A9278 Dexcom G6 Receiver,CGMR,,,,,,,,,Reader/Receiver Included,Included,,,,,,,,,Unit,Each (1)
D8H-M4F-57K9-SFN,Dexcom G6 Continuous Glucose Monitoring Package,RYEBX-QY-F5B-XCH,Dexcom G6 Receiver,TRUE,IVA-59FC-DE5P-UG,PDCG6RECTSM,Dexcom G6 Receiver,E2103,,,,,,,,,Reader/Receiver Included,Included,,,,,,,,,Unit,Each (1)
D8H-M4F-57K9-SFN,Dexcom G6 Continuous Glucose Monitoring Package,RYEBX-QY-F5B-XCH,Dexcom G6 Receiver,TRUE,L243R-P1IG9-196T,,Dexcom G6 Receiver,CGMR,Reader/Receiver Included,Included,,,,,,,,,Unit,Max Allowable,,,,,,,,
D8H-M4F-57K9-SFN,Dexcom G6 Continuous Glucose Monitoring Package,RYEBX-QY-F5B-XCH,Dexcom G6 Receiver,TRUE,PT-ZH8HB-8980-N2,,No Dexcom G6 Receiver,,,,,,,,,,Reader/Receiver Included,Not Included,,,,,,,,,Unit,Each (1)
D8H-M4F-57K9-SFN,Dexcom G6 Continuous Glucose Monitoring Package,RYEBX-QY-F5B-XCH,Dexcom G6 Receiver,TRUE,RDRQ6-TPN0-7L4LG,,No Dexcom G6 Receiver,,,,Reader/Receiver Included,Not Included,,,,,,,,,Unit,Max Allowable,,,,,,
D8H-M4F-57K9-SFN,Dexcom G6 Continuous Glucose Monitoring Package,RYEBX-QY-F5B-XCH,Dexcom G6 Receiver,TRUE,SAUD-QL1-PSC0-VA,,"Dexcom G6 Receiver, as directed",CGMR,,,,,,,,,Reader/Receiver Included,Included,,,,,,,,,Unit,Max Allowable
D8H-M4F-57K9-SFN,Dexcom G6 Continuous Glucose Monitoring Package,YTVZ-1X-GY6-VKXS,Blood Glucose Test Strips (Diabetes),FALSE,LI-6SP-2XK8-Y7M0,,"Blood Glucose Test Strips, Easy Max (Diabetes)",BLDSTRP,,,,,,,,,,,,,,,,,Blood Glucose System,Easy Max,,
D8H-M4F-57K9-SFN,Dexcom G6 Continuous Glucose Monitoring Package,YTVZ-1X-GY6-VKXS,Blood Glucose Test Strips (Diabetes),FALSE,PN0KC-QA5-DGR-7S,,"Blood Glucose Test Strips, Caresense (Diabetes)",BLDSTRP,,,,,,,,,,,Blood Glucose System,CareSense,,,,,,,,
D8H-M4F-57K9-SFN,Dexcom G6 Continuous Glucose Monitoring Package,YTVZ-1X-GY6-VKXS,Blood Glucose Test Strips (Diabetes),FALSE,Q3E-3YP-0HR8Y-7A,,"Blood Glucose Test Strips, Advocate (Diabetes)",BLDSTRP,,,,,,,,,,,,,,,,,Blood Glucose System,Advocate,,
D8H-M4F-57K9-SFN,Dexcom G6 Continuous Glucose Monitoring Package,YTVZ-1X-GY6-VKXS,Blood Glucose Test Strips (Diabetes),FALSE,RJT-VMR-89PC7-TG,843244,"Blood Glucose Test Strips, Prodigy Auto (Diabetes)",BLDSTRP,,,,,,,,,,,Blood Glucose System,Prodigy Auto,,,,,,,,
D9S-M83-ES-KD-Y8,Medtronic Simplera and InPen Package,C9-XR-DUF-FC-0CM,InPen,TRUE,5U62L-I47F-RF-BN,,"InPen, Novolog/Fiasp",INPEN,Brand,Novolog/Fiasp,,,,,,,Color,N/A,,,,,,,,,,
D9S-M83-ES-KD-Y8,Medtronic Simplera and InPen Package,C9-XR-DUF-FC-0CM,InPen,TRUE,6RHDL-V24I4-9F1Z,,"Inpen, NovoNordisk, Blue",A4211,,,,,,,Brand,NovoNordisk,,,,,,,Color,Blue,,,,
D9S-M83-ES-KD-Y8,Medtronic Simplera and InPen Package,C9-XR-DUF-FC-0CM,InPen,TRUE,6ZUX-EZX84-2Q-TR,,"Inpen, Eli Lilly, Blue",A4211,Brand,Eli Lilly,,,,,,,,,,,,,Color,Blue,,,,
D9S-M83-ES-KD-Y8,Medtronic Simplera and InPen Package,C9-XR-DUF-FC-0CM,InPen,TRUE,GP7-BE-6THZ7-PL9,,"Inpen, Eli Lilly, Pink",A4211,Brand,Eli Lilly,,,,,,,Color,Pink,,,,,,,,,,
D9S-M83-ES-KD-Y8,Medtronic Simplera and InPen Package,C9-XR-DUF-FC-0CM,InPen,TRUE,MCH-SB1-EB-FNSJF,,"Inpen, NovoNordisk, Grey",A4211,Brand,NovoNordisk,,,,,,,Color,Grey,,,,,,,,,,
D9S-M83-ES-KD-Y8,Medtronic Simplera and InPen Package,C9-XR-DUF-FC-0CM,InPen,TRUE,N2Z-LBJ7-4QZG-J3,,"Inpen, Eli Lilly, Grey",A4211,Brand,Eli Lilly,,,,,,,Color,Grey,,,,,,,,,,
D9S-M83-ES-KD-Y8,Medtronic Simplera and InPen Package,C9-XR-DUF-FC-0CM,InPen,TRUE,R2UM-EC34-2C-GCV,,"InPen, Fiasp",INPEN,,,Brand,Fiasp,,,,,,,Color,N/A,,,,,,,,
D9S-M83-ES-KD-Y8,Medtronic Simplera and InPen Package,C9-XR-DUF-FC-0CM,InPen,TRUE,RV4-349A0-9A1-DP,,InPen,A4211,,,,,,,Brand,N/A,,,,,,,Color,N/A,,,,
D9S-M83-ES-KD-Y8,Medtronic Simplera and InPen Package,C9-XR-DUF-FC-0CM,InPen,TRUE,TH4-KIH-HSZG-UM6,,"InPen, Humalog",INPEN,,,,,,,Brand,Humalog,,,,,,,Color,N/A,,,,
D9S-M83-ES-KD-Y8,Medtronic Simplera and InPen Package,C9-XR-DUF-FC-0CM,InPen,TRUE,YVC75-7YHE-LQ-P0,,"InPen, Novolog",INPEN,,,,,,,Brand,Novolog,Color,N/A,,,,,,,,,,
D9S-M83-ES-KD-Y8,Medtronic Simplera and InPen Package,C9-XR-DUF-FC-0CM,InPen,TRUE,YX-C2C-T0-1SJ-E6,,"Inpen, NovoNordisk, Pink",A4211,,,Brand,NovoNordisk,,,,,,,Color,Pink,,,,,,,,
D9S-M83-ES-KD-Y8,Medtronic Simplera and InPen Package,ZPGBS-FZE1U-FSTQ,Medtronic Sensor.,TRUE,0S4Y-NB2RP-QPKIT,,"Medtronic Sensor, Patient Preference, Quantity Determined by Model",CGMS,Medtronic Sensor,"Patient Preference (G4S, Simplera Sync, Instinct)",,,,,,,,,,,,,,,,,,
D9S-M83-ES-KD-Y8,Medtronic Simplera and InPen Package,ZPGBS-FZE1U-FSTQ,Medtronic Sensor.,TRUE,1FXZ-DMQ-2Q-SAPM,,"Medtronic Sensor, Guardian Sensor 3",A4238,,,,,,,Medtronic Sensor,Guardian Sensor 3,,,,,,,,,,,,
D9S-M83-ES-KD-Y8,Medtronic Simplera and InPen Package,ZPGBS-FZE1U-FSTQ,Medtronic Sensor.,TRUE,3RUB-VA-3MS8-1C5,,"Medtronic Sensor, Instinct",CGMS,,,,,,,Medtronic Sensor,Instinct,,,,,,,,,,,,
D9S-M83-ES-KD-Y8,Medtronic Simplera and InPen Package,ZPGBS-FZE1U-FSTQ,Medtronic Sensor.,TRUE,4X93P-EA1-XR8-GZ,,"Medtronic Sensor, Guardian Sensor 3, For Medtronic Transmitter",CGMS,Medtronic Sensor,Guardian Sensor 3,,,,,,,,,,,,,,,,,,
D9S-M83-ES-KD-Y8,Medtronic Simplera and InPen Package,ZPGBS-FZE1U-FSTQ,Medtronic Sensor.,TRUE,6HTFY-T4B-F5Z-CR,,"Medtronic Sensor, Simplera",SMPLRA,,,Medtronic Sensor,Simplera,,,,,,,,,,,,,,,,
D9S-M83-ES-KD-Y8,Medtronic Simplera and InPen Package,ZPGBS-FZE1U-FSTQ,Medtronic Sensor.,TRUE,AG5D-FQ2J-2A5-SC,,"Medtronic Sensor, Guardian 4 Sensor",MEDSENS,,,,,Medtronic Sensor,Guardian 4 Sensor,,,,,,,,,,,,,,
D9S-M83-ES-KD-Y8,Medtronic Simplera and InPen Package,ZPGBS-FZE1U-FSTQ,Medtronic Sensor.,TRUE,EPX-62P4R-28-YJF,,"Medtronic Sensor, Simplera Sync",CGMS,,,,,,,Medtronic Sensor,Simplera Sync,,,,,,,,,,,,
D9S-M83-ES-KD-Y8,Medtronic Simplera and InPen Package,ZPGBS-FZE1U-FSTQ,Medtronic Sensor.,TRUE,F6-NLDV-PV-GAPAT,,"Medtronic Sensor, Guardian Sensor 3",A9276,,,,,Medtronic Sensor,Guardian Sensor 3,,,,,,,,,,,,,,
D9S-M83-ES-KD-Y8,Medtronic Simplera and InPen Package,ZPGBS-FZE1U-FSTQ,Medtronic Sensor.,TRUE,FZ0C-43CY-DEC-FP,,"Medtronic Sensor, Simplera Sync",SMPLRA,,,,,Medtronic Sensor,Simplera Sync,,,,,,,,,,,,,,
D9S-M83-ES-KD-Y8,Medtronic Simplera and InPen Package,ZPGBS-FZE1U-FSTQ,Medtronic Sensor.,TRUE,HU-HX6-BA74-MA78,,"Medtronic Sensor, Instinct",INSTNCT,,,Medtronic Sensor,Instinct,,,,,,,,,,,,,,,,
D9S-M83-ES-KD-Y8,Medtronic Simplera and InPen Package,ZPGBS-FZE1U-FSTQ,Medtronic Sensor.,TRUE,IE-U5D-VHJLS-US0,,"Medtronic Sensor, Guardian Sensor 3, Pack of 5",CGMS,,,,,Medtronic Sensor,Guardian Sensor 3,,,,,,,,,,,,,,
D9S-M83-ES-KD-Y8,Medtronic Simplera and InPen Package,ZPGBS-FZE1U-FSTQ,Medtronic Sensor.,TRUE,IQU9-SH1U-5UJ-26,,"Medtronic Sensor, Simplera",CGMS,,,,,,,Medtronic Sensor,Simplera,,,,,,,,,,,,
D9S-M83-ES-KD-Y8,Medtronic Simplera and InPen Package,ZPGBS-FZE1U-FSTQ,Medtronic Sensor.,TRUE,MBUZ-5GA4-MG-MXG,,"Medtronic Sensor, Guardian Sensor 3",MEDSENS,,,Medtronic Sensor,Guardian Sensor 3,,,,,,,,,,,,,,,,
D9S-M83-ES-KD-Y8,Medtronic Simplera and InPen Package,ZPGBS-FZE1U-FSTQ,Medtronic Sensor.,TRUE,TZ-PDFJI-7J1S-9F,,"Medtronic Sensor, Guardian Sensor 3",CGMS,,,,,Medtronic Sensor,Guardian Sensor 3,,,,,,,,,,,,,,
D9S-M83-ES-KD-Y8,Medtronic Simplera and InPen Package,ZPGBS-FZE1U-FSTQ,Medtronic Sensor.,TRUE,UB-F4Q4K-NEH-E1R,,"A9276 (30 per month / 365 per year) / A4238 (1 per month / 12 per year) Medtronic Sensor, Guardian Sensor 3",CGMS,,,,,,,Medtronic Sensor,Guardian Sensor 3,,,,,,,,,,,,
D9S-M83-ES-KD-Y8,Medtronic Simplera and InPen Package,ZPGBS-FZE1U-FSTQ,Medtronic Sensor.,TRUE,UP-0H74T-H9-ZLG2,,"Medtronic Sensor, Guardian 4 Sensor, For Medtronic Transmitter",CGMS,Medtronic Sensor,Guardian 4 Sensor,,,,,,,,,,,,,,,,,,
D9S-M83-ES-KD-Y8,Medtronic Simplera and InPen Package,ZPGBS-FZE1U-FSTQ,Medtronic Sensor.,TRUE,US-J0-TVR-NL3-DV,,"Medtronic Sensor, Guardian Sensor 3, Pack of 5",A4238,,,,,,,Medtronic Sensor,Guardian Sensor 3,,,,,,,,,,,,
D9S-M83-ES-KD-Y8,Medtronic Simplera and InPen Package,ZPGBS-FZE1U-FSTQ,Medtronic Sensor.,TRUE,V7-90J9-3N-BQ-91,,"Medtronic Sensor, Simplera Sync",SFTWRE,,,,,Medtronic Sensor,Simplera Sync,,,,,,,,,,,,,,
D9S-M83-ES-KD-Y8,Medtronic Simplera and InPen Package,ZPGBS-FZE1U-FSTQ,Medtronic Sensor.,TRUE,X8T7-3B4-KA-N3X9,,"Medtronic Sensor, Guardian 4 Sensor, Pack of 5",CGMS,,,,,Medtronic Sensor,Guardian 4 Sensor,,,,,,,,,,,,,,
D9S-M83-ES-KD-Y8,Medtronic Simplera and InPen Package,ZPGBS-FZE1U-FSTQ,Medtronic Sensor.,TRUE,XNDN-K4V-L84F-ZG,,"Medtronic Sensor, Guardian 4 Sensor",CGMS,,,,,Medtronic Sensor,Guardian 4 Sensor,,,,,,,,,,,,,,
DMI-6BYC-3CA-1D3,"FreeStyle Libre 2 System, Continuous Glucose Monitoring Package [MEDICARE/MEDICAID]",BU6J-KE3R-K8-DC1,Libre 2 Reader,TRUE,8R-9CD5-NCAV-U6D,,No Libre 2 Reader,,,,,,Reader/Receiver Included,Not Included,,,,,,,,,,,,,,
DMI-6BYC-3CA-1D3,"FreeStyle Libre 2 System, Continuous Glucose Monitoring Package [MEDICARE/MEDICAID]",BU6J-KE3R-K8-DC1,Libre 2 Reader,TRUE,HC03T-XE-N0L-TD0,71953,"Libre 2 Reader, 1 per year",CGMR,,,,,Reader/Receiver Included,Included,,,,,,,,,,,,,,
DMI-6BYC-3CA-1D3,"FreeStyle Libre 2 System, Continuous Glucose Monitoring Package [MEDICARE/MEDICAID]",BU6J-KE3R-K8-DC1,Libre 2 Reader,TRUE,STJ5-H6-JYGT-HQT,,A9278/E2103 Libre 2 Reader,CGMR,,,,,Reader/Receiver Included,Included,,,,,,,,,,,,,,
DMI-6BYC-3CA-1D3,"FreeStyle Libre 2 System, Continuous Glucose Monitoring Package [MEDICARE/MEDICAID]",BU6J-KE3R-K8-DC1,Libre 2 Reader,TRUE,XF4-H3-LK4-XETEP,,Libre 2 Reader,CGMR,,,,,,,Reader/Receiver Included,Included,,,,,,,,,,,,
DMI-6BYC-3CA-1D3,"FreeStyle Libre 2 System, Continuous Glucose Monitoring Package [MEDICARE/MEDICAID]",YTVZ-1X-GY6-VKXS,Blood Glucose Test Strips (Diabetes),FALSE,4V-CJG-63RKA-INP,,"Blood Glucose Test Strips (Diabetes), Refills if billed with: Rx- 3, Med- Lifetime",BLDSTRP,,,,,,,,,,,,,,,,,,,Blood Glucose System,n/a
DMI-6BYC-3CA-1D3,"FreeStyle Libre 2 System, Continuous Glucose Monitoring Package [MEDICARE/MEDICAID]",YTVZ-1X-GY6-VKXS,Blood Glucose Test Strips (Diabetes),FALSE,FYP0-NTF-PKY9-B6,1159731,"Blood Glucose Test Strips, Embrace (Diabetes)",BLDSTRP,,,,,,,,,,,,,,,Blood Glucose System,Embrace Talk,,,,
DMI-6BYC-3CA-1D3,"FreeStyle Libre 2 System, Continuous Glucose Monitoring Package [MEDICARE/MEDICAID]",YTVZ-1X-GY6-VKXS,Blood Glucose Test Strips (Diabetes),FALSE,PHFX3-NFXKM-QF6E,688260,"Blood Glucose Test Strips, Glucocard 01 Sensor Plus (Diabetes)",BLDSTRP,,,,,,,,,,,Blood Glucose System,Glucocard 01 Sensor Plus,,,,,,,,
DMI-6BYC-3CA-1D3,"FreeStyle Libre 2 System, Continuous Glucose Monitoring Package [MEDICARE/MEDICAID]",YTVZ-1X-GY6-VKXS,Blood Glucose Test Strips (Diabetes),FALSE,RJT-VMR-89PC7-TG,843244,"Blood Glucose Test Strips, Prodigy Auto (Diabetes)",BLDSTRP,,,,,,,,,,,,,,,,,Blood Glucose System,Prodigy Auto,,
E59-CEA-M6ZC-N2S,Dexcom G6 Continuous Glucose Monitoring Package [MEDICARE/MEDICAID],B6-7ZT0-B3VX-TUX,Dexcom G6 Sensor,TRUE,05-P1T63-FCU-H7V,STSOR003,"Dexcom G6 Sensor, Pack (3)",A9276,CGM System,Dexcom G6,,,,,,,,,,,Unit,Pack (3),,,,,,
E59-CEA-M6ZC-N2S,Dexcom G6 Continuous Glucose Monitoring Package [MEDICARE/MEDICAID],B6-7ZT0-B3VX-TUX,Dexcom G6 Sensor,TRUE,0R-DQ07-EG507-S7,PDCG6SENSOR,"Dexcom G6 Sensor, Pack (3)",A4239,,,CGM System,Dexcom G6,,,,,,,,,,,Unit,Pack (3),,,,
E59-CEA-M6ZC-N2S,Dexcom G6 Continuous Glucose Monitoring Package [MEDICARE/MEDICAID],B6-7ZT0-B3VX-TUX,Dexcom G6 Sensor,TRUE,2A-GFA-DF-FRG-JN,,"Dexcom G6 Sensor, 4 refills per year",CGMS,,,CGM System,Dexcom G6,,,,,,,,,,,Unit,Max Allowable,,,,
E59-CEA-M6ZC-N2S,Dexcom G6 Continuous Glucose Monitoring Package [MEDICARE/MEDICAID],B6-7ZT0-B3VX-TUX,Dexcom G6 Sensor,TRUE,4D-0FI-3QV-M1-13,,"A4239/A9276 Dexcom G6 Sensor, change every 10 days as directed",CGMS,,,,,,,CGM System,Dexcom G6,,,,,,,,,,,Unit,Max Allowable
E59-CEA-M6ZC-N2S,Dexcom G6 Continuous Glucose Monitoring Package [MEDICARE/MEDICAID],B6-7ZT0-B3VX-TUX,Dexcom G6 Sensor,TRUE,4JMXN-5UN9-NQ-EH,,"Dexcom G6 Sensor, change every 10 days, 90 day supply",CGMS,,,,,,,,,CGM System,Dexcom G6,,,,,,,,,,
E59-CEA-M6ZC-N2S,Dexcom G6 Continuous Glucose Monitoring Package [MEDICARE/MEDICAID],B6-7ZT0-B3VX-TUX,Dexcom G6 Sensor,TRUE,92A0-EYF-5Y-6GZS,,"Dexcom G6 Sensor, change every 10 days as directed",CGMS,CGM System,Dexcom G6,,,,,,,,,,,Unit,Max Allowable,,,,,,
E59-CEA-M6ZC-N2S,Dexcom G6 Continuous Glucose Monitoring Package [MEDICARE/MEDICAID],B6-7ZT0-B3VX-TUX,Dexcom G6 Sensor,TRUE,97-35-GLPVL-L9MG,,"Dexcom G6 Sensor, Pack (3)",CGMS,,,,,,,,,CGM System,Dexcom G6,,,,,,,,,,
E59-CEA-M6ZC-N2S,Dexcom G6 Continuous Glucose Monitoring Package [MEDICARE/MEDICAID],B6-7ZT0-B3VX-TUX,Dexcom G6 Sensor,TRUE,N9Y-9A-R2RZ-591E,,"1 Month Supply Allowance (Dexcom G6 Sensor, Meter, Test Strips, Glucose Control Solution, Lancet, Lancing Device, Battery)",CGMS,,,CGM System,Dexcom G6,,,,,,,,,,,Unit,Each (1),,,,
E59-CEA-M6ZC-N2S,Dexcom G6 Continuous Glucose Monitoring Package [MEDICARE/MEDICAID],B6-7ZT0-B3VX-TUX,Dexcom G6 Sensor,TRUE,P12P9-D5YG-3Q-NG,,A4239 (1 per month/12 per year) / A9276 (30 per month/365 per year) Dexcom G6 Sensor,CGMS,,,CGM System,Dexcom G6,,,,,,,,,,,Unit,Max Allowable,,,,
E59-CEA-M6ZC-N2S,Dexcom G6 Continuous Glucose Monitoring Package [MEDICARE/MEDICAID],B6-7ZT0-B3VX-TUX,Dexcom G6 Sensor,TRUE,P7-GDX4-E4RF-2KY,,"Dexcom G6 Sensor, change every 10 days, Pack of 3",CGMS,CGM System,Dexcom G6,,,,,,,,,,,Unit,Max Allowable,,,,,,
E59-CEA-M6ZC-N2S,Dexcom G6 Continuous Glucose Monitoring Package [MEDICARE/MEDICAID],B6-7ZT0-B3VX-TUX,Dexcom G6 Sensor,TRUE,QS4-M8-0T3LP-4Y2,,"Dexcom G6 Sensor, change every 10 days",CGMS,,,CGM System,Dexcom G6,,,,,,,,,,,Unit,Max Allowable,,,,
E59-CEA-M6ZC-N2S,Dexcom G6 Continuous Glucose Monitoring Package [MEDICARE/MEDICAID],B6-7ZT0-B3VX-TUX,Dexcom G6 Sensor,TRUE,TM7-LTGUV-KBQ-Z6,,"Dexcom G6 Sensor, change every 10 days, Pack of 3",CGMS,,,,,CGM System,Dexcom G6,,,,,,,,,,,Unit,Max Allowable,,
E59-CEA-M6ZC-N2S,Dexcom G6 Continuous Glucose Monitoring Package [MEDICARE/MEDICAID],RSPL-ZUNL-SZ-LQB,Dexcom G6 Transmitter,TRUE,0U-BFX-H86DJ-DZX,,"Dexcom G6 Transmitter, Day Supply: 90",CGMT,,,Unit,Max Allowable,,,,,,,,,,,,,,,,
E59-CEA-M6ZC-N2S,Dexcom G6 Continuous Glucose Monitoring Package [MEDICARE/MEDICAID],RSPL-ZUNL-SZ-LQB,Dexcom G6 Transmitter,TRUE,1K2C-U6-1IRQZ-R0,,A9277/A4239 (4 per year) Dexcom G6 Transmitter,CGMT,,,Unit,Max Allowable,,,,,,,,,,,,,,,,
E59-CEA-M6ZC-N2S,Dexcom G6 Continuous Glucose Monitoring Package [MEDICARE/MEDICAID],RSPL-ZUNL-SZ-LQB,Dexcom G6 Transmitter,TRUE,2X-UX8G-ZY-XP-UF,,"Dexcom G6 Transmitter, Day Supply: 90",CGMT,Unit,Max Allowable,,,,,,,,,,,,,,,,,,
E59-CEA-M6ZC-N2S,Dexcom G6 Continuous Glucose Monitoring Package [MEDICARE/MEDICAID],RSPL-ZUNL-SZ-LQB,Dexcom G6 Transmitter,TRUE,5H0R-40K0J-DSZPA,STTOM001,Dexcom G6 Transmitter,CGMT,,,,,Unit,Max Allowable,,,,,,,,,,,,,,
E59-CEA-M6ZC-N2S,Dexcom G6 Continuous Glucose Monitoring Package [MEDICARE/MEDICAID],RSPL-ZUNL-SZ-LQB,Dexcom G6 Transmitter,TRUE,DL-Q5MP-8K0K1-N0,PDCG6TRANS,"Dexcom G6 Transmitter, Each (1)",A9277,,,,,,,,,Unit,Each (1),,,,,,,,,,
E59-CEA-M6ZC-N2S,Dexcom G6 Continuous Glucose Monitoring Package [MEDICARE/MEDICAID],RSPL-ZUNL-SZ-LQB,Dexcom G6 Transmitter,TRUE,EY7-E5QV3-EM1-2R,,"Dexcom G6 Transmitter, change every 90 days as directed, 4 refills per year",CGMT,,,Unit,Max Allowable,,,,,,,,,,,,,,,,
E59-CEA-M6ZC-N2S,Dexcom G6 Continuous Glucose Monitoring Package [MEDICARE/MEDICAID],RSPL-ZUNL-SZ-LQB,Dexcom G6 Transmitter,TRUE,HSEU0-T5B0J-ZJVA,,"Dexcom G6 Transmitter, 4 per year",CGMT,,,Unit,Each (1),,,,,,,,,,,,,,,,
E59-CEA-M6ZC-N2S,Dexcom G6 Continuous Glucose Monitoring Package [MEDICARE/MEDICAID],RSPL-ZUNL-SZ-LQB,Dexcom G6 Transmitter,TRUE,I5YL1-SU8K-ME0CH,,A4239/A9277 Dexcom G6 Transmitter,CGMT,,,Unit,Max Allowable,,,,,,,,,,,,,,,,
E59-CEA-M6ZC-N2S,Dexcom G6 Continuous Glucose Monitoring Package [MEDICARE/MEDICAID],RSPL-ZUNL-SZ-LQB,Dexcom G6 Transmitter,TRUE,S5HX-LT-0KU-R2SH,,"Dexcom G6 Transmitter, change every 90 days as directed",CGMT,,,Unit,Max Allowable,,,,,,,,,,,,,,,,
E59-CEA-M6ZC-N2S,Dexcom G6 Continuous Glucose Monitoring Package [MEDICARE/MEDICAID],RYEBX-QY-F5B-XCH,Dexcom G6 Receiver,TRUE,09-IDG1-YB-R5-9S,,Dexcom G6 Receiver,A9278,,,,,,,Reader/Receiver Included,Included,,,,,,,,,Unit,Each (1),,
E59-CEA-M6ZC-N2S,Dexcom G6 Continuous Glucose Monitoring Package [MEDICARE/MEDICAID],RYEBX-QY-F5B-XCH,Dexcom G6 Receiver,TRUE,7F97-8J-UKBY-4AT,,"Dexcom G6 Receiver, 1 per year",CGMR,,,,,,,,,Reader/Receiver Included,Included,,,,,,,,,Unit,Each (1)
E59-CEA-M6ZC-N2S,Dexcom G6 Continuous Glucose Monitoring Package [MEDICARE/MEDICAID],RYEBX-QY-F5B-XCH,Dexcom G6 Receiver,TRUE,7M-P56FK-1UQX-2X,,A9278/E2103 Dexcom G6 Receiver,CGMR,,,,,Reader/Receiver Included,Included,,,,,,,,,Unit,Max Allowable,,,,
E59-CEA-M6ZC-N2S,Dexcom G6 Continuous Glucose Monitoring Package [MEDICARE/MEDICAID],RYEBX-QY-F5B-XCH,Dexcom G6 Receiver,TRUE,A7E-VTBI6-PM-E5Q,,E2103/A9278 Dexcom G6 Receiver,CGMR,,,,,Reader/Receiver Included,Included,,,,,,,,,Unit,Each (1),,,,
E59-CEA-M6ZC-N2S,Dexcom G6 Continuous Glucose Monitoring Package [MEDICARE/MEDICAID],RYEBX-QY-F5B-XCH,Dexcom G6 Receiver,TRUE,IVA-59FC-DE5P-UG,PDCG6RECTSM,Dexcom G6 Receiver,E2103,,,,,Reader/Receiver Included,Included,,,,,,,,,Unit,Each (1),,,,
E59-CEA-M6ZC-N2S,Dexcom G6 Continuous Glucose Monitoring Package [MEDICARE/MEDICAID],RYEBX-QY-F5B-XCH,Dexcom G6 Receiver,TRUE,L243R-P1IG9-196T,,Dexcom G6 Receiver,CGMR,,,,,,,,,Reader/Receiver Included,Included,,,,,,,,,Unit,Max Allowable
E59-CEA-M6ZC-N2S,Dexcom G6 Continuous Glucose Monitoring Package [MEDICARE/MEDICAID],RYEBX-QY-F5B-XCH,Dexcom G6 Receiver,TRUE,PT-ZH8HB-8980-N2,,No Dexcom G6 Receiver,,,,,,Reader/Receiver Included,Not Included,,,,,,,,,Unit,Each (1),,,,
E59-CEA-M6ZC-N2S,Dexcom G6 Continuous Glucose Monitoring Package [MEDICARE/MEDICAID],RYEBX-QY-F5B-XCH,Dexcom G6 Receiver,TRUE,RDRQ6-TPN0-7L4LG,,No Dexcom G6 Receiver,,,,,,,,Reader/Receiver Included,Not Included,,,,,,,,,Unit,Max Allowable,,
E59-CEA-M6ZC-N2S,Dexcom G6 Continuous Glucose Monitoring Package [MEDICARE/MEDICAID],RYEBX-QY-F5B-XCH,Dexcom G6 Receiver,TRUE,SAUD-QL1-PSC0-VA,,"Dexcom G6 Receiver, as directed",CGMR,,,,,Reader/Receiver Included,Included,,,,,,,,,Unit,Max Allowable,,,,
E59-CEA-M6ZC-N2S,Dexcom G6 Continuous Glucose Monitoring Package [MEDICARE/MEDICAID],YTVZ-1X-GY6-VKXS,Blood Glucose Test Strips (Diabetes),FALSE,VALRL-BT1-2KL-LF,960300,"Blood Glucose Test Strips, True Metrix (Diabetes)",BLDSTRP,,,,,,,,,,,,,,,,,Blood Glucose System,True Metrix,,
E5U-81D-MX3-HBKG,Dexcom G6 Sensor Only,B6-7ZT0-B3VX-TUX,Dexcom G6 Sensor,TRUE,05-P1T63-FCU-H7V,STSOR003,"Dexcom G6 Sensor, Pack (3)",A9276,,,CGM System,Dexcom G6,,,,,,,,,,,Unit,Pack (3),,,,
E5U-81D-MX3-HBKG,Dexcom G6 Sensor Only,B6-7ZT0-B3VX-TUX,Dexcom G6 Sensor,TRUE,0R-DQ07-EG507-S7,PDCG6SENSOR,"Dexcom G6 Sensor, Pack (3)",A4239,,,,,CGM System,Dexcom G6,,,,,,,,,,,Unit,Pack (3),,
E5U-81D-MX3-HBKG,Dexcom G6 Sensor Only,B6-7ZT0-B3VX-TUX,Dexcom G6 Sensor,TRUE,2A-GFA-DF-FRG-JN,,"Dexcom G6 Sensor, 4 refills per year",CGMS,CGM System,Dexcom G6,,,,,,,,,,,Unit,Max Allowable,,,,,,
E5U-81D-MX3-HBKG,Dexcom G6 Sensor Only,B6-7ZT0-B3VX-TUX,Dexcom G6 Sensor,TRUE,4D-0FI-3QV-M1-13,,"A4239/A9276 Dexcom G6 Sensor, change every 10 days as directed",CGMS,,,,,,,,,,,CGM System,Dexcom G6,,,,,,,,
E5U-81D-MX3-HBKG,Dexcom G6 Sensor Only,B6-7ZT0-B3VX-TUX,Dexcom G6 Sensor,TRUE,4JMXN-5UN9-NQ-EH,,"Dexcom G6 Sensor, change every 10 days, 90 day supply",CGMS,CGM System,Dexcom G6,,,,,,,,,,,Unit,Max Allowable,,,,,,
E5U-81D-MX3-HBKG,Dexcom G6 Sensor Only,B6-7ZT0-B3VX-TUX,Dexcom G6 Sensor,TRUE,92A0-EYF-5Y-6GZS,,"Dexcom G6 Sensor, change every 10 days as directed",CGMS,,,,,,,,,,,CGM System,Dexcom G6,,,,,,,,
E5U-81D-MX3-HBKG,Dexcom G6 Sensor Only,B6-7ZT0-B3VX-TUX,Dexcom G6 Sensor,TRUE,97-35-GLPVL-L9MG,,"Dexcom G6 Sensor, Pack (3)",CGMS,,,,,,,,,,,CGM System,Dexcom G6,,,,,,,,
E5U-81D-MX3-HBKG,Dexcom G6 Sensor Only,B6-7ZT0-B3VX-TUX,Dexcom G6 Sensor,TRUE,N9Y-9A-R2RZ-591E,,"1 Month Supply Allowance (Dexcom G6 Sensor, Meter, Test Strips, Glucose Control Solution, Lancet, Lancing Device, Battery)",CGMS,,,,,CGM System,Dexcom G6,,,,,,,,,,,Unit,Each (1),,
E5U-81D-MX3-HBKG,Dexcom G6 Sensor Only,B6-7ZT0-B3VX-TUX,Dexcom G6 Sensor,TRUE,P12P9-D5YG-3Q-NG,,A4239 (1 per month/12 per year) / A9276 (30 per month/365 per year) Dexcom G6 Sensor,CGMS,,,,,,,,,,,CGM System,Dexcom G6,,,,,,,,
E5U-81D-MX3-HBKG,Dexcom G6 Sensor Only,B6-7ZT0-B3VX-TUX,Dexcom G6 Sensor,TRUE,P7-GDX4-E4RF-2KY,,"Dexcom G6 Sensor, change every 10 days, Pack of 3",CGMS,,,,,,,CGM System,Dexcom G6,,,,,,,,,,,Unit,Max Allowable
E5U-81D-MX3-HBKG,Dexcom G6 Sensor Only,B6-7ZT0-B3VX-TUX,Dexcom G6 Sensor,TRUE,QS4-M8-0T3LP-4Y2,,"Dexcom G6 Sensor, change every 10 days",CGMS,,,,,,,,,CGM System,Dexcom G6,,,,,,,,,,
E5U-81D-MX3-HBKG,Dexcom G6 Sensor Only,B6-7ZT0-B3VX-TUX,Dexcom G6 Sensor,TRUE,TM7-LTGUV-KBQ-Z6,,"Dexcom G6 Sensor, change every 10 days, Pack of 3",CGMS,,,,,,,,,,,CGM System,Dexcom G6,,,,,,,,
EV-M3I-SIY9-MI5Q,"FreeStyle Libre 3 Plus System, Continuous Glucose Monitoring Package [MEDICARE/MEDICAID]",79U0-5DV-IZ39-AX,Libre 3 / 3 Plus Sensor,TRUE,0J2-YM5-MVUYZ-1A,,"Libre 3 Plus Sensor, change every 15 days, 6 refills",CGMS,,,CGM System,FreeStyle Libre 3 Plus,,,,,,,,,,,,,,,,
EV-M3I-SIY9-MI5Q,"FreeStyle Libre 3 Plus System, Continuous Glucose Monitoring Package [MEDICARE/MEDICAID]",79U0-5DV-IZ39-AX,Libre 3 / 3 Plus Sensor,TRUE,5YF3-AB6-QJG-XKT,,"A4239/A9276 Libre 3 Plus Sensor, change every 15 days",CGMS,,,CGM System,FreeStyle Libre 3 Plus,,,,,,,,,,,,,,,,
EV-M3I-SIY9-MI5Q,"FreeStyle Libre 3 Plus System, Continuous Glucose Monitoring Package [MEDICARE/MEDICAID]",79U0-5DV-IZ39-AX,Libre 3 / 3 Plus Sensor,TRUE,ES5D-H2GA-AY-6FJ,,A4239 (1 per month/12 per year) / A9276 (30 per month/365 per year) Libre 3 Plus Sensor,CGMS,CGM System,FreeStyle Libre 3 Plus,,,,,,,,,,,,,,,,,,
EV-M3I-SIY9-MI5Q,"FreeStyle Libre 3 Plus System, Continuous Glucose Monitoring Package [MEDICARE/MEDICAID]",79U0-5DV-IZ39-AX,Libre 3 / 3 Plus Sensor,TRUE,EV-A6TH-9185G-QR,,"Libre 3 Plus Sensor, change every 15 days",A4239,CGM System,FreeStyle Libre 3 Plus,,,,,,,,,,,,,,,,,,
EV-M3I-SIY9-MI5Q,"FreeStyle Libre 3 Plus System, Continuous Glucose Monitoring Package [MEDICARE/MEDICAID]",79U0-5DV-IZ39-AX,Libre 3 / 3 Plus Sensor,TRUE,L9EGV-50-CMV9-6G,,"Libre 3 Plus Sensor, change every 15 days",CGMS,,,CGM System,FreeStyle Libre 3 Plus,,,,,,,,,,,,,,,,
EV-M3I-SIY9-MI5Q,"FreeStyle Libre 3 Plus System, Continuous Glucose Monitoring Package [MEDICARE/MEDICAID]",79U0-5DV-IZ39-AX,Libre 3 / 3 Plus Sensor,TRUE,UZR-NFR-BSTF-9IU,,"Libre 3 Plus Sensor, change every 15 days, 12 refills",CGMS,,,CGM System,FreeStyle Libre 3 Plus,,,,,,,,,,,,,,,,
EV-M3I-SIY9-MI5Q,"FreeStyle Libre 3 Plus System, Continuous Glucose Monitoring Package [MEDICARE/MEDICAID]",YTVZ-1X-GY6-VKXS,Blood Glucose Test Strips (Diabetes),FALSE,7H-0L84X-97TZ-F2,,"Blood Glucose Test Strips, Patient Preference (Diabetes)",BLDSTRP,,,,,,,,,,,,,,,Blood Glucose System,Patient Preference,,,,
EV-M3I-SIY9-MI5Q,"FreeStyle Libre 3 Plus System, Continuous Glucose Monitoring Package [MEDICARE/MEDICAID]",YTVZ-1X-GY6-VKXS,Blood Glucose Test Strips (Diabetes),FALSE,FRY3U-90H-E1-UXG,,"Blood Glucose Test Strips, Bayer Contour Next (Diabetes)",BLDSTRP,,,,,,,,,,,,,,,Blood Glucose System,Bayer Contour Next,,,,
EV-M3I-SIY9-MI5Q,"FreeStyle Libre 3 Plus System, Continuous Glucose Monitoring Package [MEDICARE/MEDICAID]",YTVZ-1X-GY6-VKXS,Blood Glucose Test Strips (Diabetes),FALSE,GXL6-IV2I9-48-DL,,Blood Glucose Test Strips (Diabetes),A4253,,,,,,,,,,,,,,,,,Blood Glucose System,n/a,,
EV-M3I-SIY9-MI5Q,"FreeStyle Libre 3 Plus System, Continuous Glucose Monitoring Package [MEDICARE/MEDICAID]",YTVZ-1X-GY6-VKXS,Blood Glucose Test Strips (Diabetes),FALSE,PN0KC-QA5-DGR-7S,,"Blood Glucose Test Strips, Caresense (Diabetes)",BLDSTRP,,,,,,,,,,,,,,,,,Blood Glucose System,CareSense,,
EV-M3I-SIY9-MI5Q,"FreeStyle Libre 3 Plus System, Continuous Glucose Monitoring Package [MEDICARE/MEDICAID]",YTVZ-1X-GY6-VKXS,Blood Glucose Test Strips (Diabetes),FALSE,QU-UHNI-QM7-GKNR,,"Blood Glucose Test Strips, Advocate (Diabetes)",A4253,,,,,,,,,,,,,,,,,Blood Glucose System,Advocate,,
EV-M3I-SIY9-MI5Q,"FreeStyle Libre 3 Plus System, Continuous Glucose Monitoring Package [MEDICARE/MEDICAID]",YTVZ-1X-GY6-VKXS,Blood Glucose Test Strips (Diabetes),FALSE,RJT-VMR-89PC7-TG,843244,"Blood Glucose Test Strips, Prodigy Auto (Diabetes)",BLDSTRP,,,,,,,,,,,,,,,,,,,Blood Glucose System,Prodigy Auto
EV-M3I-SIY9-MI5Q,"FreeStyle Libre 3 Plus System, Continuous Glucose Monitoring Package [MEDICARE/MEDICAID]",YTVZ-1X-GY6-VKXS,Blood Glucose Test Strips (Diabetes),FALSE,XR1C-43-XVE79-2U,939082,"Blood Glucose Test Strips, One Touch Verio (Diabetes)",BLDSTRP,,,,,,,,,,,,,Blood Glucose System,One Touch Verio,,,,,,
F6-BTDNL-TR-UD78,Dexcom G6 Transmitter,RSPL-ZUNL-SZ-LQB,Dexcom G6 Transmitter,TRUE,0U-BFX-H86DJ-DZX,,"Dexcom G6 Transmitter, Day Supply: 90",CGMT,,,,,,,Unit,Max Allowable,,,,,,,,,,,,
F6-BTDNL-TR-UD78,Dexcom G6 Transmitter,RSPL-ZUNL-SZ-LQB,Dexcom G6 Transmitter,TRUE,1K2C-U6-1IRQZ-R0,,A9277/A4239 (4 per year) Dexcom G6 Transmitter,CGMT,,,,,,,,,,,Unit,Max Allowable,,,,,,,,
F6-BTDNL-TR-UD78,Dexcom G6 Transmitter,RSPL-ZUNL-SZ-LQB,Dexcom G6 Transmitter,TRUE,2X-UX8G-ZY-XP-UF,,"Dexcom G6 Transmitter, Day Supply: 90",CGMT,,,Unit,Max Allowable,,,,,,,,,,,,,,,,
F6-BTDNL-TR-UD78,Dexcom G6 Transmitter,RSPL-ZUNL-SZ-LQB,Dexcom G6 Transmitter,TRUE,5H0R-40K0J-DSZPA,STTOM001,Dexcom G6 Transmitter,CGMT,,,Unit,Max Allowable,,,,,,,,,,,,,,,,
F6-BTDNL-TR-UD78,Dexcom G6 Transmitter,RSPL-ZUNL-SZ-LQB,Dexcom G6 Transmitter,TRUE,DL-Q5MP-8K0K1-N0,PDCG6TRANS,"Dexcom G6 Transmitter, Each (1)",A9277,,,Unit,Each (1),,,,,,,,,,,,,,,,
F6-BTDNL-TR-UD78,Dexcom G6 Transmitter,RSPL-ZUNL-SZ-LQB,Dexcom G6 Transmitter,TRUE,EY7-E5QV3-EM1-2R,,"Dexcom G6 Transmitter, change every 90 days as directed, 4 refills per year",CGMT,,,,,,,Unit,Max Allowable,,,,,,,,,,,,
F6-BTDNL-TR-UD78,Dexcom G6 Transmitter,RSPL-ZUNL-SZ-LQB,Dexcom G6 Transmitter,TRUE,HSEU0-T5B0J-ZJVA,,"Dexcom G6 Transmitter, 4 per year",CGMT,,,,,,,Unit,Each (1),,,,,,,,,,,,
F6-BTDNL-TR-UD78,Dexcom G6 Transmitter,RSPL-ZUNL-SZ-LQB,Dexcom G6 Transmitter,TRUE,I5YL1-SU8K-ME0CH,,A4239/A9277 Dexcom G6 Transmitter,CGMT,,,,,Unit,Max Allowable,,,,,,,,,,,,,,
F6-BTDNL-TR-UD78,Dexcom G6 Transmitter,RSPL-ZUNL-SZ-LQB,Dexcom G6 Transmitter,TRUE,S5HX-LT-0KU-R2SH,,"Dexcom G6 Transmitter, change every 90 days as directed",CGMT,,,,,,,,,Unit,Max Allowable,,,,,,,,,,
FC0H-JASH-03C-EU,TeleDiabetes,3J6J-C6-8P8XL-P4,Scale,TRUE,MSR-C15DR-R4-LY1,,Scale,E1639,Brand,N/A,Display Type,N/A,Features,N/A,,,,,,,,,,,,,,
FC0H-JASH-03C-EU,TeleDiabetes,5B7TIsXx8OXsyai0,Automatic Blood Pressure Monitor,TRUE,8HBEK-YRIB-8K-IA,,"Automatic Blood Pressure Monitor, Drive, Size M, Each (1)",A4670,Brand,Drive,Size,M,Unit,Each (1),,,,,,,,,,,,,,
FC0H-JASH-03C-EU,TeleDiabetes,5B7TIsXx8OXsyai0,Automatic Blood Pressure Monitor,TRUE,B2648-K3I-TED-Q0,,"Automatic Blood Pressure Monitor, Veridian, Each (1)",A4670,Brand,Veridian,Size,N/A,Unit,Each (1),,,,,,,,,,,,,,
FC0H-JASH-03C-EU,TeleDiabetes,5B7TIsXx8OXsyai0,Automatic Blood Pressure Monitor,TRUE,FAN-J7-ZCHFR-37D,,"Automatic Blood Pressure Monitor, Size L, Each (1)",A4670,Brand,N/A,Size,L,Unit,Each (1),,,,,,,,,,,,,,
FC0H-JASH-03C-EU,TeleDiabetes,5B7TIsXx8OXsyai0,Automatic Blood Pressure Monitor,TRUE,K2SH-EYJB-NUT-5N,,"Automatic Blood Pressure Monitor, Size M, Each (1)",A4670,Brand,N/A,Size,M,Unit,Each (1),,,,,,,,,,,,,,
FC0H-JASH-03C-EU,TeleDiabetes,5B7TIsXx8OXsyai0,Automatic Blood Pressure Monitor,TRUE,NF2-S4-7T-KQ4-ZX,,"Automatic Blood Pressure Monitor, Size XL, Each (1)",A4670,Brand,N/A,Size,XL,Unit,Each (1),,,,,,,,,,,,,,
FC0H-JASH-03C-EU,TeleDiabetes,5B7TIsXx8OXsyai0,Automatic Blood Pressure Monitor,TRUE,VT-Q4EK-U3SY-QIP,,"Automatic Blood Pressure Monitor, McKesson, Size L, Each (1)",A4670,Brand,McKesson,Size,L,Unit,Each (1),,,,,,,,,,,,,,
FC0H-JASH-03C-EU,TeleDiabetes,5B7TIsXx8OXsyai0,Automatic Blood Pressure Monitor,TRUE,ZS-BJV5-04-6T52G,,"Automatic Blood Pressure Monitor, Size S, Each (1)",A4670,Brand,N/A,Size,S,Unit,Each (1),,,,,,,,,,,,,,
FC0H-JASH-03C-EU,TeleDiabetes,5B7TIsXx8OXsyai0,Automatic Blood Pressure Monitor,TRUE,gLOk8uqrw0SVy3mp,,"Automatic Blood Pressure Monitor, Invacare, Each (1)",A4670,Brand,Invacare,Size,N/A,Unit,Each (1),,,,,,,,,,,,,,
FC0H-JASH-03C-EU,TeleDiabetes,5B7TIsXx8OXsyai0,Automatic Blood Pressure Monitor,TRUE,jPhdfJPfy7N7aaCJ,,"Automatic Blood Pressure Monitor, ReliaMed, Each (1)",A4670,Brand,ReliaMed,Size,N/A,Unit,Each (1),,,,,,,,,,,,,,
FC0H-JASH-03C-EU,TeleDiabetes,5B7TIsXx8OXsyai0,Automatic Blood Pressure Monitor,TRUE,wGZZ4q3DepntYKV6,,"Automatic Blood Pressure Monitor, Omron, Each (1)",A4670,Brand,Omron,Size,N/A,Unit,Each (1),,,,,,,,,,,,,,
FC0H-JASH-03C-EU,TeleDiabetes,VAD-TQ5D-XRV-YNL,Home Blood Glucose Monitor,TRUE,3PH3-QT-134-YQB5,,"Home Blood Glucose Monitor, True Metrix",E0607,Home Blood Glucose Monitor Brand,True Metrix,,,,,,,,,,,,,,,,,,
FC0H-JASH-03C-EU,TeleDiabetes,VAD-TQ5D-XRV-YNL,Home Blood Glucose Monitor,TRUE,5L2X0-0YPXE-UBCU,,"Home Blood Glucose Monitor, Contour Next EZ",E0607,Home Blood Glucose Monitor Brand,Contour Next EZ,,,,,,,,,,,,,,,,,,
FC0H-JASH-03C-EU,TeleDiabetes,VAD-TQ5D-XRV-YNL,Home Blood Glucose Monitor,TRUE,630-JT62-9H-LRYL,,"Home Blood Glucose Monitor, Abbott Freestyle Precision Neo",E0607,Home Blood Glucose Monitor Brand,Abbott Freestyle Precision Neo,,,,,,,,,,,,,,,,,,
FC0H-JASH-03C-EU,TeleDiabetes,VAD-TQ5D-XRV-YNL,Home Blood Glucose Monitor,TRUE,6XV6-476-MH9-MDR,,"Home Blood Glucose Monitor, Lifescan One Touch Verio",E0607,Home Blood Glucose Monitor Brand,Lifescan One Touch Verio,,,,,,,,,,,,,,,,,,
FC0H-JASH-03C-EU,TeleDiabetes,VAD-TQ5D-XRV-YNL,Home Blood Glucose Monitor,TRUE,73Q-T0I2-52V0-7U,,"Home Blood Glucose Monitor, Prodigy AutoCode",E0607,Home Blood Glucose Monitor Brand,Prodigy AutoCode,,,,,,,,,,,,,,,,,,
FC0H-JASH-03C-EU,TeleDiabetes,VAD-TQ5D-XRV-YNL,Home Blood Glucose Monitor,TRUE,AK-0R0EJ-JCNY-1J,,"Home Blood Glucose Monitor, Contour",E0607,Home Blood Glucose Monitor Brand,Contour,,,,,,,,,,,,,,,,,,
FC0H-JASH-03C-EU,TeleDiabetes,VAD-TQ5D-XRV-YNL,Home Blood Glucose Monitor,TRUE,BIMCS-689R-EH-Z8,,Home Blood Glucose Monitor,E0607,Home Blood Glucose Monitor Brand,N/A,,,,,,,,,,,,,,,,,,
FC0H-JASH-03C-EU,TeleDiabetes,VAD-TQ5D-XRV-YNL,Home Blood Glucose Monitor,TRUE,C1R1-QCQXY-Y4-RK,,"Home Blood Glucose Monitor, On Call Express",E0607,Home Blood Glucose Monitor Brand,On Call Express,,,,,,,,,,,,,,,,,,
FC0H-JASH-03C-EU,TeleDiabetes,VAD-TQ5D-XRV-YNL,Home Blood Glucose Monitor,TRUE,CDBN-G1-SDC0-125,,"Home Blood Glucose Monitor, Contour Next",E0607,Home Blood Glucose Monitor Brand,Contour Next,,,,,,,,,,,,,,,,,,
FC0H-JASH-03C-EU,TeleDiabetes,VAD-TQ5D-XRV-YNL,Home Blood Glucose Monitor,TRUE,CM-J9NV-VHXAD-92,,"Home Blood Glucose Monitor, Advocate",E0607,Home Blood Glucose Monitor Brand,Advocate,,,,,,,,,,,,,,,,,,
FC0H-JASH-03C-EU,TeleDiabetes,VAD-TQ5D-XRV-YNL,Home Blood Glucose Monitor,TRUE,D9VF-YH-BN-5A-HM,,"Home Blood Glucose Monitor, Lifescan One Touch Ultra",E0607,Home Blood Glucose Monitor Brand,Lifescan One Touch Ultra,,,,,,,,,,,,,,,,,,
FC0H-JASH-03C-EU,TeleDiabetes,VAD-TQ5D-XRV-YNL,Home Blood Glucose Monitor,TRUE,MLQG-9JU4E-5B-CG,,"Home Blood Glucose Monitor, Abbott Freestyle",E0607,Home Blood Glucose Monitor Brand,Abbott Freestyle,,,,,,,,,,,,,,,,,,
FC0H-JASH-03C-EU,TeleDiabetes,VAD-TQ5D-XRV-YNL,Home Blood Glucose Monitor,TRUE,Q4YX-1MD7T-YBJY0,,"Home Blood Glucose Monitor, Contour Next One",E0607,Home Blood Glucose Monitor Brand,Contour Next One,,,,,,,,,,,,,,,,,,
FC0H-JASH-03C-EU,TeleDiabetes,VAD-TQ5D-XRV-YNL,Home Blood Glucose Monitor,TRUE,RA6-1DF-THM-GKS7,,"Home Blood Glucose Monitor, Oaktree EasyMax",E0607,Home Blood Glucose Monitor Brand,Oaktree EasyMax,,,,,,,,,,,,,,,,,,
FC0H-JASH-03C-EU,TeleDiabetes,VAD-TQ5D-XRV-YNL,Home Blood Glucose Monitor,TRUE,XU-M29Y-E9SB8-UP,,"Home Blood Glucose Monitor, EasyMax NG",E0607,Home Blood Glucose Monitor Brand,EasyMax NG,,,,,,,,,,,,,,,,,,
FC0H-JASH-03C-EU,TeleDiabetes,VAD-TQ5D-XRV-YNL,Home Blood Glucose Monitor,TRUE,ZU1-KLDC-RV-81E5,,"Home Blood Glucose Monitor, Contour TS",E0607,Home Blood Glucose Monitor Brand,Contour TS,,,,,,,,,,,,,,,,,,
G9XM-Q206Z-B8FR4,Continuous Glucose Monitoring Package (Sensors and Transmitter),52D1-BP98N-YNMCK,Dexcom Sensor,TRUE,70R-E59-BJK-20EA,,"Dexcom Sensors, Monthly supply allowance for non-adjunctive continuous glucose monitoring system (CGM), 90-day supply",A4239,Insurance,Medicare/Medicare Advantage,,,,,,,,,,,,,,,,,,
G9XM-Q206Z-B8FR4,Continuous Glucose Monitoring Package (Sensors and Transmitter),52D1-BP98N-YNMCK,Dexcom Sensor,TRUE,A1L51-FNVSN-G56J,,"Dexcom Sensors; disposable, for use with interstitial continuous glucose monitoring system, 90-day supply",A9276,,,Insurance,Non-Medicare,,,,,,,,,,,,,,,,
G9XM-Q206Z-B8FR4,Continuous Glucose Monitoring Package (Sensors and Transmitter),52D1-BP98N-YNMCK,Dexcom Sensor,TRUE,PHKMS-ST3J-61-H4,,"Dexcom Sensors, Supply allowance for therapeutic continuous glucose monitoring (CGM), 90-day supply",A4239,Insurance,Medicare/Medicare Advantage,,,,,,,,,,,,,,,,,,
G9XM-Q206Z-B8FR4,Continuous Glucose Monitoring Package (Sensors and Transmitter),G0A3-1X-9TQT-5Y5,Continuous Glucose Monitor Transmitter,TRUE,4J5QG-U7M-NF9-MD,,"Transmitter, Supply allowance for therapeutic continuous glucose monitoring (CGM), 90-day supply",A4239,,,Insurance,Medicare/Medicare Advantage,,,,,,,,,,,,,,,,
G9XM-Q206Z-B8FR4,Continuous Glucose Monitoring Package (Sensors and Transmitter),G0A3-1X-9TQT-5Y5,Continuous Glucose Monitor Transmitter,TRUE,XL-VG-2EHG-J3-RI,,Continuous Glucose Monitor Transmitter,CGMT,,,Insurance,N/A,,,,,,,,,,,,,,,,
G9XM-Q206Z-B8FR4,Continuous Glucose Monitoring Package (Sensors and Transmitter),TYF-6U1G-X2G-LJH,Libre Sensor.,TRUE,9XA5-63E-M465-NQ,,"Libre Sensors, Monthly supply allowance for non-adjunctive continuous glucose monitoring system (CGM), 90-day supply",A4239,Insurance,Medicare/Medicare Advantage,,,,,,,,,,,,,,,,,,
G9XM-Q206Z-B8FR4,Continuous Glucose Monitoring Package (Sensors and Transmitter),TYF-6U1G-X2G-LJH,Libre Sensor.,TRUE,IBG-16P0-H6MU-95,,"Libre Sensors, Supply allowance for therapeutic continuous glucose monitoring (CGM), 90-day supply",A4239,Insurance,Medicare/Medicare Advantage,,,,,,,,,,,,,,,,,,
G9XM-Q206Z-B8FR4,Continuous Glucose Monitoring Package (Sensors and Transmitter),TYF-6U1G-X2G-LJH,Libre Sensor.,TRUE,UCI-746G3-4R8-V8,,"Libre Sensors; disposable, for use with interstitial continuous glucose monitoring system, 90-day supply",A9276,Insurance,Non-Medicare,,,,,,,,,,,,,,,,,,
GPIJP-AEDVP-GSG6,Continuous Glucose Monitor Package (Reorder),5HAP-65HE-UGL-ZD,Continuous Glucose Monitor Sensor (Reorder),FALSE,0IQB0-MTLN-UD8UZ,,Continuous Glucose Monitor Sensor (Reorder),A4239,Insurance,Medicare,,,,,,,,,,,,,,,,,,
GPIJP-AEDVP-GSG6,Continuous Glucose Monitor Package (Reorder),5HAP-65HE-UGL-ZD,Continuous Glucose Monitor Sensor (Reorder),FALSE,Y0-VP-XBK-PI0-MN,,Continuous Glucose Monitor Sensor (Reorder),A9276,Insurance,Non-Medicare,,,,,,,,,,,,,,,,,,
GPIJP-AEDVP-GSG6,Continuous Glucose Monitor Package (Reorder),5YF-V4I-C7-A7C47,Blood Glucose Meter (Diabetes),FALSE,5V-6VQM-ZUI-LCZD,,"Blood Glucose Meter, Embrace (Diabetes)",BGMETR,,,,,,,,,,,,,,,,,,,Blood Glucose System,Embrace Talk
GPIJP-AEDVP-GSG6,Continuous Glucose Monitor Package (Reorder),5YF-V4I-C7-A7C47,Blood Glucose Meter (Diabetes),FALSE,8N-DSA-8DH-N15QK,,"Blood Glucose Meter, Easy Max (Diabetes)",BGMETR,,,,,,,,,,,,,,,,,Blood Glucose System,Easy Max,,
GPIJP-AEDVP-GSG6,Continuous Glucose Monitor Package (Reorder),5YF-V4I-C7-A7C47,Blood Glucose Meter (Diabetes),FALSE,DHMF-KCDN-JYM-DB,,Blood Glucose Meter (Diabetes),BGMETR,,,,,,,,,,,,,,,,,,,Blood Glucose System,n/a
GPIJP-AEDVP-GSG6,Continuous Glucose Monitor Package (Reorder),5YF-V4I-C7-A7C47,Blood Glucose Meter (Diabetes),FALSE,JL-20Z-MT-Q4-IS8,,"Blood Glucose Meter, Freestyle Precision Neo (Diabetes)",BGMETR,,,,,,,,,,,,,,,,,Blood Glucose System,Freestyle Precision Neo,,
GPIJP-AEDVP-GSG6,Continuous Glucose Monitor Package (Reorder),5YF-V4I-C7-A7C47,Blood Glucose Meter (Diabetes),FALSE,JXU-AEYE-V1SB-ME,,"Blood Glucose Meter, Prodigy Auto (Diabetes)",BGMETR,,,,,,,,,,,,,,,,,,,Blood Glucose System,Prodigy Auto
GPIJP-AEDVP-GSG6,Continuous Glucose Monitor Package (Reorder),5YF-V4I-C7-A7C47,Blood Glucose Meter (Diabetes),FALSE,QT1U-R8JI-DF3-1U,,"Blood Glucose Meter, Glucocard 01 Sensor Plus (Diabetes)",BGMETR,,,,,,,,,,,,,Blood Glucose System,Glucocard 01 Sensor Plus,,,,,,
GPIJP-AEDVP-GSG6,Continuous Glucose Monitor Package (Reorder),5YF-V4I-C7-A7C47,Blood Glucose Meter (Diabetes),FALSE,QVHL0-QV2QU-SHTN,,"Blood Glucose Meter, Glucocard Expression (Diabetes)",BGMETR,,,,,,,,,,,Blood Glucose System,Glucocard Expression,,,,,,,,
GPIJP-AEDVP-GSG6,Continuous Glucose Monitor Package (Reorder),5YF-V4I-C7-A7C47,Blood Glucose Meter (Diabetes),FALSE,QZU7-RC-ZT4-V8TV,,"Blood Glucose Meter, One Touch Ultra 2 (Diabetes)",BGMETR,,,,,,,,,Blood Glucose System,One Touch Ultra 2,,,,,,,,,,
GPIJP-AEDVP-GSG6,Continuous Glucose Monitor Package (Reorder),5YF-V4I-C7-A7C47,Blood Glucose Meter (Diabetes),FALSE,VG-ESFN-1XLD-3ZA,,"Blood Glucose Meter (Diabetes), Refills if billed with: Rx- 3, Med- Lifetime",BGMETR,,,,,,,,,,,,,,,,,Blood Glucose System,n/a,,
GPIJP-AEDVP-GSG6,Continuous Glucose Monitor Package (Reorder),K6J-50KQ-31D-2S1,Insulin,FALSE,U2CU9-4P7PH-LN0F,,"Insulin Lispro, 100 units/mL, dispense 9 10 mL vials every 90 days, use as directed per prescriber via insulin pump, 4 refills",J1817,,,,,,,,,,,Type of Insulin,Lispro,,,,,,,,
GPIJP-AEDVP-GSG6,Continuous Glucose Monitor Package (Reorder),YTVZ-1X-GY6-VKXS,Blood Glucose Test Strips (Diabetes),FALSE,9J-VYE-YM-EX-AC9,793449,"Blood Glucose Test Strips, Glucocard Expression (Diabetes)",BLDSTRP,,,,,,,,,,,,,,,Blood Glucose System,Glucocard Expression,,,,
GPIJP-AEDVP-GSG6,Continuous Glucose Monitor Package (Reorder),YTVZ-1X-GY6-VKXS,Blood Glucose Test Strips (Diabetes),FALSE,Q3E-3YP-0HR8Y-7A,,"Blood Glucose Test Strips, Advocate (Diabetes)",BLDSTRP,,,,,,,,,,,Blood Glucose System,Advocate,,,,,,,,
GPIJP-AEDVP-GSG6,Continuous Glucose Monitor Package (Reorder),YTVZ-1X-GY6-VKXS,Blood Glucose Test Strips (Diabetes),FALSE,Z8Y-NM-CJ8U0-GY9,,Blood Glucose Test Strips (Diabetes),BLDSTRP,,,,,,,,,,,,,Blood Glucose System,n/a,,,,,,
J5NJ-VG-0H2XG-R3,Dexcom G6 Sensor [MEDICARE/MEDICAID],B6-7ZT0-B3VX-TUX,Dexcom G6 Sensor,TRUE,05-P1T63-FCU-H7V,STSOR003,"Dexcom G6 Sensor, Pack (3)",A9276,,,,,,,,,CGM System,Dexcom G6,,,,,,,,,,
J5NJ-VG-0H2XG-R3,Dexcom G6 Sensor [MEDICARE/MEDICAID],B6-7ZT0-B3VX-TUX,Dexcom G6 Sensor,TRUE,0R-DQ07-EG507-S7,PDCG6SENSOR,"Dexcom G6 Sensor, Pack (3)",A4239,,,,,,,CGM System,Dexcom G6,,,,,,,,,,,Unit,Pack (3)
J5NJ-VG-0H2XG-R3,Dexcom G6 Sensor [MEDICARE/MEDICAID],B6-7ZT0-B3VX-TUX,Dexcom G6 Sensor,TRUE,2A-GFA-DF-FRG-JN,,"Dexcom G6 Sensor, 4 refills per year",CGMS,,,,,,,CGM System,Dexcom G6,,,,,,,,,,,Unit,Max Allowable
J5NJ-VG-0H2XG-R3,Dexcom G6 Sensor [MEDICARE/MEDICAID],B6-7ZT0-B3VX-TUX,Dexcom G6 Sensor,TRUE,4D-0FI-3QV-M1-13,,"A4239/A9276 Dexcom G6 Sensor, change every 10 days as directed",CGMS,,,CGM System,Dexcom G6,,,,,,,,,,,Unit,Max Allowable,,,,
J5NJ-VG-0H2XG-R3,Dexcom G6 Sensor [MEDICARE/MEDICAID],B6-7ZT0-B3VX-TUX,Dexcom G6 Sensor,TRUE,4JMXN-5UN9-NQ-EH,,"Dexcom G6 Sensor, change every 10 days, 90 day supply",CGMS,,,,,,,CGM System,Dexcom G6,,,,,,,,,,,Unit,Max Allowable
J5NJ-VG-0H2XG-R3,Dexcom G6 Sensor [MEDICARE/MEDICAID],B6-7ZT0-B3VX-TUX,Dexcom G6 Sensor,TRUE,92A0-EYF-5Y-6GZS,,"Dexcom G6 Sensor, change every 10 days as directed",CGMS,,,,,CGM System,Dexcom G6,,,,,,,,,,,Unit,Max Allowable,,
J5NJ-VG-0H2XG-R3,Dexcom G6 Sensor [MEDICARE/MEDICAID],B6-7ZT0-B3VX-TUX,Dexcom G6 Sensor,TRUE,97-35-GLPVL-L9MG,,"Dexcom G6 Sensor, Pack (3)",CGMS,CGM System,Dexcom G6,,,,,,,,,,,Unit,Each (1),,,,,,
J5NJ-VG-0H2XG-R3,Dexcom G6 Sensor [MEDICARE/MEDICAID],B6-7ZT0-B3VX-TUX,Dexcom G6 Sensor,TRUE,N9Y-9A-R2RZ-591E,,"1 Month Supply Allowance (Dexcom G6 Sensor, Meter, Test Strips, Glucose Control Solution, Lancet, Lancing Device, Battery)",CGMS,,,,,,,CGM System,Dexcom G6,,,,,,,,,,,Unit,Each (1)
J5NJ-VG-0H2XG-R3,Dexcom G6 Sensor [MEDICARE/MEDICAID],B6-7ZT0-B3VX-TUX,Dexcom G6 Sensor,TRUE,P12P9-D5YG-3Q-NG,,A4239 (1 per month/12 per year) / A9276 (30 per month/365 per year) Dexcom G6 Sensor,CGMS,CGM System,Dexcom G6,,,,,,,,,,,Unit,Max Allowable,,,,,,
J5NJ-VG-0H2XG-R3,Dexcom G6 Sensor [MEDICARE/MEDICAID],B6-7ZT0-B3VX-TUX,Dexcom G6 Sensor,TRUE,P7-GDX4-E4RF-2KY,,"Dexcom G6 Sensor, change every 10 days, Pack of 3",CGMS,,,,,,,,,CGM System,Dexcom G6,,,,,,,,,,
J5NJ-VG-0H2XG-R3,Dexcom G6 Sensor [MEDICARE/MEDICAID],B6-7ZT0-B3VX-TUX,Dexcom G6 Sensor,TRUE,QS4-M8-0T3LP-4Y2,,"Dexcom G6 Sensor, change every 10 days",CGMS,,,,,CGM System,Dexcom G6,,,,,,,,,,,Unit,Max Allowable,,
J5NJ-VG-0H2XG-R3,Dexcom G6 Sensor [MEDICARE/MEDICAID],B6-7ZT0-B3VX-TUX,Dexcom G6 Sensor,TRUE,TM7-LTGUV-KBQ-Z6,,"Dexcom G6 Sensor, change every 10 days, Pack of 3",CGMS,CGM System,Dexcom G6,,,,,,,,,,,Unit,Max Allowable,,,,,,
L69-TV9DA-MI-HG6,FreeStyle Libre System Continuous Glucose Monitoring Package,5YF-V4I-C7-A7C47,Blood Glucose Meter (Diabetes),FALSE,DHMF-KCDN-JYM-DB,,Blood Glucose Meter (Diabetes),BGMETR,,,,,,,,,,,,,,,Blood Glucose System,n/a,,,,
L69-TV9DA-MI-HG6,FreeStyle Libre System Continuous Glucose Monitoring Package,5YF-V4I-C7-A7C47,Blood Glucose Meter (Diabetes),FALSE,QT1U-R8JI-DF3-1U,,"Blood Glucose Meter, Glucocard 01 Sensor Plus (Diabetes)",BGMETR,,,,,,,,,,,,,,,,,,,Blood Glucose System,Glucocard 01 Sensor Plus
L69-TV9DA-MI-HG6,FreeStyle Libre System Continuous Glucose Monitoring Package,5YF-V4I-C7-A7C47,Blood Glucose Meter (Diabetes),FALSE,QZU7-RC-ZT4-V8TV,,"Blood Glucose Meter, One Touch Ultra 2 (Diabetes)",BGMETR,,,,,,,,,,,,,,,,,,,Blood Glucose System,One Touch Ultra 2
L69-TV9DA-MI-HG6,FreeStyle Libre System Continuous Glucose Monitoring Package,YTVZ-1X-GY6-VKXS,Blood Glucose Test Strips (Diabetes),FALSE,9J-VYE-YM-EX-AC9,793449,"Blood Glucose Test Strips, Glucocard Expression (Diabetes)",BLDSTRP,,,,,,,,,,,,,,,,,,,Blood Glucose System,Glucocard Expression
L69-TV9DA-MI-HG6,FreeStyle Libre System Continuous Glucose Monitoring Package,YTVZ-1X-GY6-VKXS,Blood Glucose Test Strips (Diabetes),FALSE,FYP0-NTF-PKY9-B6,1159731,"Blood Glucose Test Strips, Embrace (Diabetes)",BLDSTRP,,,,,,,,,,,Blood Glucose System,Embrace Talk,,,,,,,,
L69-TV9DA-MI-HG6,FreeStyle Libre System Continuous Glucose Monitoring Package,YTVZ-1X-GY6-VKXS,Blood Glucose Test Strips (Diabetes),FALSE,LI-6SP-2XK8-Y7M0,,"Blood Glucose Test Strips, Easy Max (Diabetes)",BLDSTRP,,,,,,,,,,,,,,,,,,,Blood Glucose System,Easy Max
L69-TV9DA-MI-HG6,FreeStyle Libre System Continuous Glucose Monitoring Package,YTVZ-1X-GY6-VKXS,Blood Glucose Test Strips (Diabetes),FALSE,PN0KC-QA5-DGR-7S,,"Blood Glucose Test Strips, Caresense (Diabetes)",BLDSTRP,,,,,,,,,,,,,,,Blood Glucose System,CareSense,,,,
L69-TV9DA-MI-HG6,FreeStyle Libre System Continuous Glucose Monitoring Package,YTVZ-1X-GY6-VKXS,Blood Glucose Test Strips (Diabetes),FALSE,RJT-VMR-89PC7-TG,843244,"Blood Glucose Test Strips, Prodigy Auto (Diabetes)",BLDSTRP,,,,,,,,,,,,,,,Blood Glucose System,Prodigy Auto,,,,
L69-TV9DA-MI-HG6,FreeStyle Libre System Continuous Glucose Monitoring Package,YTVZ-1X-GY6-VKXS,Blood Glucose Test Strips (Diabetes),FALSE,VALRL-BT1-2KL-LF,960300,"Blood Glucose Test Strips, True Metrix (Diabetes)",BLDSTRP,,,,,,,,,,,,,,,Blood Glucose System,True Metrix,,,,
L69-TV9DA-MI-HG6,FreeStyle Libre System Continuous Glucose Monitoring Package,YTVZ-1X-GY6-VKXS,Blood Glucose Test Strips (Diabetes),FALSE,Z8Y-NM-CJ8U0-GY9,,Blood Glucose Test Strips (Diabetes),BLDSTRP,,,,,,,,,,,,,,,Blood Glucose System,n/a,,,,
LFPA4-DP-4D5B-UI,Medtronic Guardian Continuous Glucose Monitoring Package,5YF-V4I-C7-A7C47,Blood Glucose Meter (Diabetes),FALSE,4D-65-0FZ6N-YF50,,"Blood Glucose Meter, Bayer Contour Next (Diabetes)",BGMETR,,,,,,,,,,,,,,,,,,,Blood Glucose System,Bayer Contour Next
LFPA4-DP-4D5B-UI,Medtronic Guardian Continuous Glucose Monitoring Package,5YF-V4I-C7-A7C47,Blood Glucose Meter (Diabetes),FALSE,JXU-AEYE-V1SB-ME,,"Blood Glucose Meter, Prodigy Auto (Diabetes)",BGMETR,,,,,,,,,,,,,,,Blood Glucose System,Prodigy Auto,,,,
LFPA4-DP-4D5B-UI,Medtronic Guardian Continuous Glucose Monitoring Package,5YF-V4I-C7-A7C47,Blood Glucose Meter (Diabetes),FALSE,QZU7-RC-ZT4-V8TV,,"Blood Glucose Meter, One Touch Ultra 2 (Diabetes)",BGMETR,,,,,,,,,,,,,,,Blood Glucose System,One Touch Ultra 2,,,,
LFPA4-DP-4D5B-UI,Medtronic Guardian Continuous Glucose Monitoring Package,8R5M-M6R-SNT2-F4,Medtronic Sensor,TRUE,1IHJ-NU5Z-SX-59F,,Medtronic Guardian Sensor 770G,A9276,CGM Model,770G,,,,,,,,,,,,,,,,,,
LFPA4-DP-4D5B-UI,Medtronic Guardian Continuous Glucose Monitoring Package,8R5M-M6R-SNT2-F4,Medtronic Sensor,TRUE,57YRX-SRG-CVP-DZ,,Medtronic Sensor,CGMS,,,,,CGM Model,n/a,,,,,,,,,,,,,,
LFPA4-DP-4D5B-UI,Medtronic Guardian Continuous Glucose Monitoring Package,8R5M-M6R-SNT2-F4,Medtronic Sensor,TRUE,7KLM5-H9GSD-AZ0E,,Medtronic Guardian Sensor 630G/670G,A9276,,,CGM Model,630G/670G,,,,,,,,,,,,,,,,
LFPA4-DP-4D5B-UI,Medtronic Guardian Continuous Glucose Monitoring Package,8R5M-M6R-SNT2-F4,Medtronic Sensor,TRUE,KCP-CR-T4FT-NPNM,,A9276 (30 per month / 365 per year) / A4238 (1 per month / 12 per year) Medtronic Sensor,CGMS,,,,,CGM Model,n/a,,,,,,,,,,,,,,
LFPA4-DP-4D5B-UI,Medtronic Guardian Continuous Glucose Monitoring Package,8R5M-M6R-SNT2-F4,Medtronic Sensor,TRUE,KY-KN-SXTIU-RCMK,,A9276 Medtronic Sensor,CGMS,,,CGM Model,n/a,,,,,,,,,,,,,,,,
LFPA4-DP-4D5B-UI,Medtronic Guardian Continuous Glucose Monitoring Package,8R5M-M6R-SNT2-F4,Medtronic Sensor,TRUE,LJG-KX-2IX-T0-TH,,"Medtronic Sensor, Pack of 5",CGMS,,,,,CGM Model,n/a,,,,,,,,,,,,,,
LFPA4-DP-4D5B-UI,Medtronic Guardian Continuous Glucose Monitoring Package,JU28-YBT-XI-K54Z,Medtronic Guardian Transmitter,TRUE,614KT-9S-7IC-TLX,,"Medtronic Guardian Transmitter, Day Supply: 365",CGMT,,,,,CGM Model,n/a,,,,,,,,,,,,,,
LFPA4-DP-4D5B-UI,Medtronic Guardian Continuous Glucose Monitoring Package,JU28-YBT-XI-K54Z,Medtronic Guardian Transmitter,TRUE,DIUQ-XHL3-Y8L-CV,,Medtronic Guardian Transmitter 630G/670G,A9277,,,,,CGM Model,630G/670G,,,,,,,,,,,,,,
LFPA4-DP-4D5B-UI,Medtronic Guardian Continuous Glucose Monitoring Package,JU28-YBT-XI-K54Z,Medtronic Guardian Transmitter,TRUE,GJ1-K9X-916S-XJ2,,Medtronic Guardian Transmitter,CGMT,,,,,CGM Model,n/a,,,,,,,,,,,,,,
LFPA4-DP-4D5B-UI,Medtronic Guardian Continuous Glucose Monitoring Package,JU28-YBT-XI-K54Z,Medtronic Guardian Transmitter,TRUE,S07V-KUC-P14S-2B,,A9277 / E2102 (1 per year) Medtronic Guardian Transmitter,CGMT,,,,,CGM Model,n/a,,,,,,,,,,,,,,
LFPA4-DP-4D5B-UI,Medtronic Guardian Continuous Glucose Monitoring Package,JU28-YBT-XI-K54Z,Medtronic Guardian Transmitter,TRUE,T0ALU-4GU-XZI-SC,,Medtronic Guardian Transmitter 770G,A9277,,,,,CGM Model,770G,,,,,,,,,,,,,,
LFPA4-DP-4D5B-UI,Medtronic Guardian Continuous Glucose Monitoring Package,K6J-50KQ-31D-2S1,Insulin,FALSE,EG9-LD4-CXFD-JLK,,"Insulin Aspart, 100 units/mL, dispense 9 10 mL vials every 90 days, use as directed per prescriber via insulin pump, 4 refills",J1817,,,,,,,,,,,,,,,,,Type of Insulin,Aspart,,
LFPA4-DP-4D5B-UI,Medtronic Guardian Continuous Glucose Monitoring Package,K6J-50KQ-31D-2S1,Insulin,FALSE,U2CU9-4P7PH-LN0F,,"Insulin Lispro, 100 units/mL, dispense 9 10 mL vials every 90 days, use as directed per prescriber via insulin pump, 4 refills",J1817,,,,,,,,,,,,,,,,,,,Type of Insulin,Lispro
LFPA4-DP-4D5B-UI,Medtronic Guardian Continuous Glucose Monitoring Package,YTVZ-1X-GY6-VKXS,Blood Glucose Test Strips (Diabetes),FALSE,4V-CJG-63RKA-INP,,"Blood Glucose Test Strips (Diabetes), Refills if billed with: Rx- 3, Med- Lifetime",BLDSTRP,,,,,,,,,,,,,Blood Glucose System,n/a,,,,,,
LFPA4-DP-4D5B-UI,Medtronic Guardian Continuous Glucose Monitoring Package,YTVZ-1X-GY6-VKXS,Blood Glucose Test Strips (Diabetes),FALSE,Z8Y-NM-CJ8U0-GY9,,Blood Glucose Test Strips (Diabetes),BLDSTRP,,,,,,,,,,,,,,,,,Blood Glucose System,n/a,,
MJ-6Q0Q-BH-5C-65,Insulin Needle Pen,DY-5SL-V8Q-7F-U3,Insulin Needle Pen,TRUE,CRE-HKSN-M1IK-K2,,"Insulin Needle Pen 31G x 3/16 in., 100/Box",A4215,Gauge,31G,Length,3/16 in.,,,,,,,,,,,,,,,,
MJ-6Q0Q-BH-5C-65,Insulin Needle Pen,DY-5SL-V8Q-7F-U3,Insulin Needle Pen,TRUE,QV-I253J-BLT-6MN,,"Insulin Needle Pen 32G x 5/32 in., 100/Box",A4215,Gauge,32G,Length,5/32 in.,,,,,,,,,,,,,,,,
MJ-6Q0Q-BH-5C-65,Insulin Needle Pen,DY-5SL-V8Q-7F-U3,Insulin Needle Pen,TRUE,XZ-F8YS-85P-GBDL,,"Insulin Needle Pen 31G x 5/16 in., 100/Box",A4215,Gauge,31G,Length,5/16 in.,,,,,,,,,,,,,,,,
MK-MQ0VH-AE-MN82,Continuous Glucose Monitoring Package.,5YF-V4I-C7-A7C47,Blood Glucose Meter (Diabetes),FALSE,5V-6VQM-ZUI-LCZD,,"Blood Glucose Meter, Embrace (Diabetes)",BGMETR,,,Blood Glucose System,Embrace Talk,,,,,,,,,,,,,,,,
MK-MQ0VH-AE-MN82,Continuous Glucose Monitoring Package.,5YF-V4I-C7-A7C47,Blood Glucose Meter (Diabetes),FALSE,8N-DSA-8DH-N15QK,,"Blood Glucose Meter, Easy Max (Diabetes)",BGMETR,,,,,,,Blood Glucose System,Easy Max,,,,,,,,,,,,
MK-MQ0VH-AE-MN82,Continuous Glucose Monitoring Package.,5YF-V4I-C7-A7C47,Blood Glucose Meter (Diabetes),FALSE,8XS24-5C-1HJS-76,,"Blood Glucose Meter, Accu-Chek Guide (Diabetes)",BGMETR,Blood Glucose System,Accu-Chek Guide,,,,,,,,,,,,,,,,,,
MK-MQ0VH-AE-MN82,Continuous Glucose Monitoring Package.,5YF-V4I-C7-A7C47,Blood Glucose Meter (Diabetes),FALSE,DHMF-KCDN-JYM-DB,,Blood Glucose Meter (Diabetes),BGMETR,,,,,Blood Glucose System,n/a,,,,,,,,,,,,,,
MK-MQ0VH-AE-MN82,Continuous Glucose Monitoring Package.,5YF-V4I-C7-A7C47,Blood Glucose Meter (Diabetes),FALSE,E8A5-97-U1H-FCKN,,Blood Glucose Meter (Diabetes),E0607,Blood Glucose System,n/a,,,,,,,,,,,,,,,,,,
MK-MQ0VH-AE-MN82,Continuous Glucose Monitoring Package.,5YF-V4I-C7-A7C47,Blood Glucose Meter (Diabetes),FALSE,IJ-GV6-18Z2-70BX,,"Blood Glucose Meter, Caresense (Diabetes)",BGMETR,,,Blood Glucose System,CareSense,,,,,,,,,,,,,,,,
MK-MQ0VH-AE-MN82,Continuous Glucose Monitoring Package.,5YF-V4I-C7-A7C47,Blood Glucose Meter (Diabetes),FALSE,JXU-AEYE-V1SB-ME,,"Blood Glucose Meter, Prodigy Auto (Diabetes)",BGMETR,Blood Glucose System,Prodigy Auto,,,,,,,,,,,,,,,,,,
MK-MQ0VH-AE-MN82,Continuous Glucose Monitoring Package.,5YF-V4I-C7-A7C47,Blood Glucose Meter (Diabetes),FALSE,QT1U-R8JI-DF3-1U,,"Blood Glucose Meter, Glucocard 01 Sensor Plus (Diabetes)",BGMETR,Blood Glucose System,Glucocard 01 Sensor Plus,,,,,,,,,,,,,,,,,,
MK-MQ0VH-AE-MN82,Continuous Glucose Monitoring Package.,5YF-V4I-C7-A7C47,Blood Glucose Meter (Diabetes),FALSE,QVHL0-QV2QU-SHTN,,"Blood Glucose Meter, Glucocard Expression (Diabetes)",BGMETR,,,Blood Glucose System,Glucocard Expression,,,,,,,,,,,,,,,,
MK-MQ0VH-AE-MN82,Continuous Glucose Monitoring Package.,5YF-V4I-C7-A7C47,Blood Glucose Meter (Diabetes),FALSE,QZU7-RC-ZT4-V8TV,,"Blood Glucose Meter, One Touch Ultra 2 (Diabetes)",BGMETR,Blood Glucose System,One Touch Ultra 2,,,,,,,,,,,,,,,,,,
MK-MQ0VH-AE-MN82,Continuous Glucose Monitoring Package.,5YF-V4I-C7-A7C47,Blood Glucose Meter (Diabetes),FALSE,S8XS-4I3-GQ2-7PG,,"Blood Glucose Meter, CareSense Voice (Diabetes)",BGMETR,Blood Glucose System,CareSense Voice,,,,,,,,,,,,,,,,,,
MK-MQ0VH-AE-MN82,Continuous Glucose Monitoring Package.,5YF-V4I-C7-A7C47,Blood Glucose Meter (Diabetes),FALSE,YX-9I-3T0-GJ-7K7,,"Blood Glucose Meter, Accu-Chek Guide Link (Diabetes)",BGMETR,,,,,,,,,,,,,Blood Glucose System,Accu-Chek Guide Link (780G & 770G),,,,,,
MK-MQ0VH-AE-MN82,Continuous Glucose Monitoring Package.,5YF-V4I-C7-A7C47,Blood Glucose Meter (Diabetes),FALSE,ZTJZ-SIK-297Y-KF,,"Blood Glucose Meter, Patient Preference (Diabetes)",BGMETR,,,,,Blood Glucose System,Patient Preference,,,,,,,,,,,,,,
MK-MQ0VH-AE-MN82,Continuous Glucose Monitoring Package.,DZ-R2-ELX-8J1-YL,CGM Reader,TRUE,HJX-6MUBF-4XT-CL,,CGM Reader,CGMR,Reader/Receiver Included,Included,,,,,,,,,,,,,,,,,,
MK-MQ0VH-AE-MN82,Continuous Glucose Monitoring Package.,K6J-50KQ-31D-2S1,Insulin,FALSE,CK-6GK6-NF3R7-VG,,Insulin,J1817,,,Type of Insulin,N/A,,,,,,,,,,,,,,,,
MK-MQ0VH-AE-MN82,Continuous Glucose Monitoring Package.,K6J-50KQ-31D-2S1,Insulin,FALSE,CNJ4T-291E-LTI7M,,"Insulin, Lispro, 100 units/mL",J1817,,,,,Type of Insulin,Lispro,,,,,,,,,,,,,,
MK-MQ0VH-AE-MN82,Continuous Glucose Monitoring Package.,YTVZ-1X-GY6-VKXS,Blood Glucose Test Strips (Diabetes),FALSE,20-IVHF-GU1-DG3C,,"Blood Glucose Test Strips, Accu-Chek Guide (Diabetes)",BLDSTRP,,,Blood Glucose System,Accu-Chek Guide Link (780G & 770G),,,,,,,,,,,,,,,,
MK-MQ0VH-AE-MN82,Continuous Glucose Monitoring Package.,YTVZ-1X-GY6-VKXS,Blood Glucose Test Strips (Diabetes),FALSE,9J-VYE-YM-EX-AC9,793449,"Blood Glucose Test Strips, Glucocard Expression (Diabetes)",BLDSTRP,,,,,Blood Glucose System,Glucocard Expression,,,,,,,,,,,,,,
MK-MQ0VH-AE-MN82,Continuous Glucose Monitoring Package.,YTVZ-1X-GY6-VKXS,Blood Glucose Test Strips (Diabetes),FALSE,BG253-GF5N-K5-CR,,"Blood Glucose Test Strips, Freestyle Precision Neo (Diabetes)",BLDSTRP,,,,,,,,,,,,,Blood Glucose System,Freestyle Precision Neo,,,,,,
MK-MQ0VH-AE-MN82,Continuous Glucose Monitoring Package.,YTVZ-1X-GY6-VKXS,Blood Glucose Test Strips (Diabetes),FALSE,FRY3U-90H-E1-UXG,,"Blood Glucose Test Strips, Bayer Contour Next (Diabetes)",BLDSTRP,,,,,Blood Glucose System,Bayer Contour Next,,,,,,,,,,,,,,
MK-MQ0VH-AE-MN82,Continuous Glucose Monitoring Package.,YTVZ-1X-GY6-VKXS,Blood Glucose Test Strips (Diabetes),FALSE,FYP0-NTF-PKY9-B6,1159731,"Blood Glucose Test Strips, Embrace (Diabetes)",BLDSTRP,,,,,,,,,,,,,,,,,,,Blood Glucose System,Embrace Talk
MK-MQ0VH-AE-MN82,Continuous Glucose Monitoring Package.,YTVZ-1X-GY6-VKXS,Blood Glucose Test Strips (Diabetes),FALSE,GXL6-IV2I9-48-DL,,Blood Glucose Test Strips (Diabetes),A4253,,,,,,,,,Blood Glucose System,n/a,,,,,,,,,,
MK-MQ0VH-AE-MN82,Continuous Glucose Monitoring Package.,YTVZ-1X-GY6-VKXS,Blood Glucose Test Strips (Diabetes),FALSE,KM-X1B1P-AQ73-J3,,"Blood Glucose Test Strips, Accu-Chek Guide (Diabetes)",BLDSTRP,,,,,,,Blood Glucose System,Accu-Chek Guide,,,,,,,,,,,,
MK-MQ0VH-AE-MN82,Continuous Glucose Monitoring Package.,YTVZ-1X-GY6-VKXS,Blood Glucose Test Strips (Diabetes),FALSE,QU-UHNI-QM7-GKNR,,"Blood Glucose Test Strips, Advocate (Diabetes)",A4253,,,,,,,,,Blood Glucose System,Advocate,,,,,,,,,,
MK-MQ0VH-AE-MN82,Continuous Glucose Monitoring Package.,YTVZ-1X-GY6-VKXS,Blood Glucose Test Strips (Diabetes),FALSE,TFNMC-DC-CUTD-41,,"Blood Glucose Test Strips, Contour Next Link (Diabetes)",BLDSTRP,,,,,,,,,Blood Glucose System,Contour Next Link (630G),,,,,,,,,,
MK-MQ0VH-AE-MN82,Continuous Glucose Monitoring Package.,YTVZ-1X-GY6-VKXS,Blood Glucose Test Strips (Diabetes),FALSE,VALRL-BT1-2KL-LF,960300,"Blood Glucose Test Strips, True Metrix (Diabetes)",BLDSTRP,Blood Glucose System,True Metrix,,,,,,,,,,,,,,,,,,
MK-MQ0VH-AE-MN82,Continuous Glucose Monitoring Package.,YTVZ-1X-GY6-VKXS,Blood Glucose Test Strips (Diabetes),FALSE,XR1C-43-XVE79-2U,939082,"Blood Glucose Test Strips, One Touch Verio (Diabetes)",BLDSTRP,,,Blood Glucose System,One Touch Verio,,,,,,,,,,,,,,,,
NDQGZ-EQJX-M3P9J,Dexcom G6 Transmitter [MEDICARE/MEDICAID],RSPL-ZUNL-SZ-LQB,Dexcom G6 Transmitter,TRUE,0U-BFX-H86DJ-DZX,,"Dexcom G6 Transmitter, Day Supply: 90",CGMT,Unit,Max Allowable,,,,,,,,,,,,,,,,,,
NDQGZ-EQJX-M3P9J,Dexcom G6 Transmitter [MEDICARE/MEDICAID],RSPL-ZUNL-SZ-LQB,Dexcom G6 Transmitter,TRUE,1K2C-U6-1IRQZ-R0,,A9277/A4239 (4 per year) Dexcom G6 Transmitter,CGMT,Unit,Max Allowable,,,,,,,,,,,,,,,,,,
NDQGZ-EQJX-M3P9J,Dexcom G6 Transmitter [MEDICARE/MEDICAID],RSPL-ZUNL-SZ-LQB,Dexcom G6 Transmitter,TRUE,2X-UX8G-ZY-XP-UF,,"Dexcom G6 Transmitter, Day Supply: 90",CGMT,,,,,,,Unit,Max Allowable,,,,,,,,,,,,
NDQGZ-EQJX-M3P9J,Dexcom G6 Transmitter [MEDICARE/MEDICAID],RSPL-ZUNL-SZ-LQB,Dexcom G6 Transmitter,TRUE,5H0R-40K0J-DSZPA,STTOM001,Dexcom G6 Transmitter,CGMT,Unit,Max Allowable,,,,,,,,,,,,,,,,,,
NDQGZ-EQJX-M3P9J,Dexcom G6 Transmitter [MEDICARE/MEDICAID],RSPL-ZUNL-SZ-LQB,Dexcom G6 Transmitter,TRUE,7Z-H6-0R-0JU-0ZX,,"Dexcom G6 Transmitter, 4 per year",A4239,Unit,Max Allowable,,,,,,,,,,,,,,,,,,
NDQGZ-EQJX-M3P9J,Dexcom G6 Transmitter [MEDICARE/MEDICAID],RSPL-ZUNL-SZ-LQB,Dexcom G6 Transmitter,TRUE,AV-D1VJ-2F4KN-23,,"Dexcom G6 Transmitter, change every 90 days as directed, 3 refills per year",CGMT,Unit,Max Allowable,,,,,,,,,,,,,,,,,,
NDQGZ-EQJX-M3P9J,Dexcom G6 Transmitter [MEDICARE/MEDICAID],RSPL-ZUNL-SZ-LQB,Dexcom G6 Transmitter,TRUE,AXGPM-2JI-Y3S-EH,,"Dexcom G6 Transmitter, change every 90 days as directed, 4 total transmitters per year",CGMT,Unit,Max Allowable,,,,,,,,,,,,,,,,,,
NDQGZ-EQJX-M3P9J,Dexcom G6 Transmitter [MEDICARE/MEDICAID],RSPL-ZUNL-SZ-LQB,Dexcom G6 Transmitter,TRUE,DL-Q5MP-8K0K1-N0,PDCG6TRANS,"Dexcom G6 Transmitter, Each (1)",A9277,Unit,Each (1),,,,,,,,,,,,,,,,,,
NDQGZ-EQJX-M3P9J,Dexcom G6 Transmitter [MEDICARE/MEDICAID],RSPL-ZUNL-SZ-LQB,Dexcom G6 Transmitter,TRUE,EY7-E5QV3-EM1-2R,,"Dexcom G6 Transmitter, change every 90 days as directed, 4 refills per year",CGMT,Unit,Max Allowable,,,,,,,,,,,,,,,,,,
NDQGZ-EQJX-M3P9J,Dexcom G6 Transmitter [MEDICARE/MEDICAID],RSPL-ZUNL-SZ-LQB,Dexcom G6 Transmitter,TRUE,HSEU0-T5B0J-ZJVA,,"Dexcom G6 Transmitter, 4 per year",CGMT,Unit,Each (1),,,,,,,,,,,,,,,,,,
NDQGZ-EQJX-M3P9J,Dexcom G6 Transmitter [MEDICARE/MEDICAID],RSPL-ZUNL-SZ-LQB,Dexcom G6 Transmitter,TRUE,I5YL1-SU8K-ME0CH,,A4239/A9277 Dexcom G6 Transmitter,CGMT,Unit,Max Allowable,,,,,,,,,,,,,,,,,,
NDQGZ-EQJX-M3P9J,Dexcom G6 Transmitter [MEDICARE/MEDICAID],RSPL-ZUNL-SZ-LQB,Dexcom G6 Transmitter,TRUE,LRG0-JH-BNMAY-9E,,"Dexcom G6 Transmitter, 4 per year",A4239,Unit,Each (1),,,,,,,,,,,,,,,,,,
NDQGZ-EQJX-M3P9J,Dexcom G6 Transmitter [MEDICARE/MEDICAID],RSPL-ZUNL-SZ-LQB,Dexcom G6 Transmitter,TRUE,MLSVL-5G-H1-8VYS,,A9277/A4239 (4 per year) Dexcom G6 Transmitter,CGMT,Unit,Max Allowable,,,,,,,,,,,,,,,,,,
NDQGZ-EQJX-M3P9J,Dexcom G6 Transmitter [MEDICARE/MEDICAID],RSPL-ZUNL-SZ-LQB,Dexcom G6 Transmitter,TRUE,S5HX-LT-0KU-R2SH,,"Dexcom G6 Transmitter, change every 90 days as directed",CGMT,,,,,,,Unit,Max Allowable,,,,,,,,,,,,
P38M-PLR6-4IN-F4,"Continuous Glucose Monitor Package (Existing Patient, New Start)",5YF-V4I-C7-A7C47,Blood Glucose Meter (Diabetes),FALSE,5V-6VQM-ZUI-LCZD,,"Blood Glucose Meter, Embrace (Diabetes)",BGMETR,,,,,,,,,,,,,Blood Glucose System,Embrace Talk,,,,,,
P38M-PLR6-4IN-F4,"Continuous Glucose Monitor Package (Existing Patient, New Start)",5YF-V4I-C7-A7C47,Blood Glucose Meter (Diabetes),FALSE,DHMF-KCDN-JYM-DB,,Blood Glucose Meter (Diabetes),BGMETR,,,,,,,,,,,,,,,,,Blood Glucose System,n/a,,
P38M-PLR6-4IN-F4,"Continuous Glucose Monitor Package (Existing Patient, New Start)",5YF-V4I-C7-A7C47,Blood Glucose Meter (Diabetes),FALSE,QT1U-R8JI-DF3-1U,,"Blood Glucose Meter, Glucocard 01 Sensor Plus (Diabetes)",BGMETR,,,,,,,,,,,Blood Glucose System,Glucocard 01 Sensor Plus,,,,,,,,
P38M-PLR6-4IN-F4,"Continuous Glucose Monitor Package (Existing Patient, New Start)",6CV-UR46-CMVE-D3,Continuous Glucose Monitor Sensor,FALSE,0CX-9F-E4-8HR-U4,,Continuous Glucose Monitor Sensor,A4239,Insurance,Medicare,,,,,,,,,,,,,,,,,,
P38M-PLR6-4IN-F4,"Continuous Glucose Monitor Package (Existing Patient, New Start)",6CV-UR46-CMVE-D3,Continuous Glucose Monitor Sensor,FALSE,FN-AC-49S-IY-V7Y,,"Sensors, disposable, for use with interstitial continuous glucose monitoring system, 90-day supply",A9276,Insurance,Non-Medicare,,,,,,,,,,,,,,,,,,
P38M-PLR6-4IN-F4,"Continuous Glucose Monitor Package (Existing Patient, New Start)",6CV-UR46-CMVE-D3,Continuous Glucose Monitor Sensor,FALSE,IEHG-P6IM-MN-QJ8,,Continuous Glucose Monitor Sensor,A9276,Insurance,Non-Medicare,,,,,,,,,,,,,,,,,,
P38M-PLR6-4IN-F4,"Continuous Glucose Monitor Package (Existing Patient, New Start)",YTVZ-1X-GY6-VKXS,Blood Glucose Test Strips (Diabetes),FALSE,PHFX3-NFXKM-QF6E,688260,"Blood Glucose Test Strips, Glucocard 01 Sensor Plus (Diabetes)",BLDSTRP,,,,,,,,,,,,,,,Blood Glucose System,Glucocard 01 Sensor Plus,,,,
P38M-PLR6-4IN-F4,"Continuous Glucose Monitor Package (Existing Patient, New Start)",YTVZ-1X-GY6-VKXS,Blood Glucose Test Strips (Diabetes),FALSE,Q3E-3YP-0HR8Y-7A,,"Blood Glucose Test Strips, Advocate (Diabetes)",BLDSTRP,,,,,,,,,Blood Glucose System,Advocate,,,,,,,,,,
P38M-PLR6-4IN-F4,"Continuous Glucose Monitor Package (Existing Patient, New Start)",YTVZ-1X-GY6-VKXS,Blood Glucose Test Strips (Diabetes),FALSE,T7-73DK-X868-QAB,1060018,"Blood Glucose Test Strips, One Touch Ultra 2 (Diabetes)",BLDSTRP,,,,,,,,,,,,,,,,,Blood Glucose System,One Touch Ultra 2,,
P38M-PLR6-4IN-F4,"Continuous Glucose Monitor Package (Existing Patient, New Start)",YTVZ-1X-GY6-VKXS,Blood Glucose Test Strips (Diabetes),FALSE,XR1C-43-XVE79-2U,939082,"Blood Glucose Test Strips, One Touch Verio (Diabetes)",BLDSTRP,,,,,,,,,,,,,,,,,,,Blood Glucose System,One Touch Verio
PH-R2-RP6F-VI-5U,Dexcom G6 Receiver [MEDICARE/MEDICAID],RYEBX-QY-F5B-XCH,Dexcom G6 Receiver,TRUE,04YV-CZS-XEX8-9L,,"Dexcom G6 Receiver, use with sensors and transmitter to monitor blood glucose",CGMR,Reader/Receiver Included,Included,,,Unit,Max Allowable,,,,,,,,,,,,,,
PH-R2-RP6F-VI-5U,Dexcom G6 Receiver [MEDICARE/MEDICAID],RYEBX-QY-F5B-XCH,Dexcom G6 Receiver,TRUE,09-IDG1-YB-R5-9S,,Dexcom G6 Receiver,A9278,Reader/Receiver Included,Included,,,,,,,,,Unit,Each (1),,,,,,,,
PH-R2-RP6F-VI-5U,Dexcom G6 Receiver [MEDICARE/MEDICAID],RYEBX-QY-F5B-XCH,Dexcom G6 Receiver,TRUE,7F97-8J-UKBY-4AT,,"Dexcom G6 Receiver, 1 per year",CGMR,Reader/Receiver Included,Included,,,,,,,,,,,,,,,Unit,Each (1),,
PH-R2-RP6F-VI-5U,Dexcom G6 Receiver [MEDICARE/MEDICAID],RYEBX-QY-F5B-XCH,Dexcom G6 Receiver,TRUE,7M-P56FK-1UQX-2X,,A9278/E2103 Dexcom G6 Receiver,CGMR,,,Reader/Receiver Included,Included,,,,,,,,,Unit,Max Allowable,,,,,,
PH-R2-RP6F-VI-5U,Dexcom G6 Receiver [MEDICARE/MEDICAID],RYEBX-QY-F5B-XCH,Dexcom G6 Receiver,TRUE,A7E-VTBI6-PM-E5Q,,E2103/A9278 Dexcom G6 Receiver,CGMR,Reader/Receiver Included,Included,,,,,,,,,Unit,Each (1),,,,,,,,
PH-R2-RP6F-VI-5U,Dexcom G6 Receiver [MEDICARE/MEDICAID],RYEBX-QY-F5B-XCH,Dexcom G6 Receiver,TRUE,G8RH-Z670G-T7LNP,,Dexcom G6 Receiver,CGMR,,,Reader/Receiver Included,Included,,,Unit,Max Allowable,,,,,,,,,,,,
PH-R2-RP6F-VI-5U,Dexcom G6 Receiver [MEDICARE/MEDICAID],RYEBX-QY-F5B-XCH,Dexcom G6 Receiver,TRUE,IVA-59FC-DE5P-UG,PDCG6RECTSM,Dexcom G6 Receiver,E2103,Reader/Receiver Included,Included,,,,,,,,,Unit,Each (1),,,,,,,,
PH-R2-RP6F-VI-5U,Dexcom G6 Receiver [MEDICARE/MEDICAID],RYEBX-QY-F5B-XCH,Dexcom G6 Receiver,TRUE,L243R-P1IG9-196T,,Dexcom G6 Receiver,CGMR,,,Reader/Receiver Included,Included,,,,,,,,,Unit,Max Allowable,,,,,,
PH-R2-RP6F-VI-5U,Dexcom G6 Receiver [MEDICARE/MEDICAID],RYEBX-QY-F5B-XCH,Dexcom G6 Receiver,TRUE,MQT8-XTB-UGB-RZG,,E2103/E2102 Dexcom G6 Receiver,CGMR,,,Reader/Receiver Included,Included,,,Unit,Max Allowable,,,,,,,,,,,,
PH-R2-RP6F-VI-5U,Dexcom G6 Receiver [MEDICARE/MEDICAID],RYEBX-QY-F5B-XCH,Dexcom G6 Receiver,TRUE,PT-ZH8HB-8980-N2,,No Dexcom G6 Receiver,,,,Reader/Receiver Included,Not Included,,,,,,,,,Unit,Each (1),,,,,,
PH-R2-RP6F-VI-5U,Dexcom G6 Receiver [MEDICARE/MEDICAID],RYEBX-QY-F5B-XCH,Dexcom G6 Receiver,TRUE,RDRQ6-TPN0-7L4LG,,No Dexcom G6 Receiver,,Reader/Receiver Included,Not Included,,,,,,,,,Unit,Max Allowable,,,,,,,,
PH-R2-RP6F-VI-5U,Dexcom G6 Receiver [MEDICARE/MEDICAID],RYEBX-QY-F5B-XCH,Dexcom G6 Receiver,TRUE,SAUD-QL1-PSC0-VA,,"Dexcom G6 Receiver, as directed",CGMR,,,Reader/Receiver Included,Included,,,,,,,,,Unit,Max Allowable,,,,,,
PH-R2-RP6F-VI-5U,Dexcom G6 Receiver [MEDICARE/MEDICAID],RYEBX-QY-F5B-XCH,Dexcom G6 Receiver,TRUE,T4C-9C6MP-PE7-5N,PDCG6RECTSM,Dexcom G6 Receiver,E2103,,,Reader/Receiver Included,Included,,,Unit,Max Allowable,,,,,,,,,,,,
PNA-XTI-RK-PJTMZ,"Dexcom G7 System, Continuous Glucose Monitoring Package",5YF-V4I-C7-A7C47,Blood Glucose Meter (Diabetes),FALSE,5V-6VQM-ZUI-LCZD,,"Blood Glucose Meter, Embrace (Diabetes)",BGMETR,,,,,,,,,,,Blood Glucose System,Embrace Talk,,,,,,,,
PNA-XTI-RK-PJTMZ,"Dexcom G7 System, Continuous Glucose Monitoring Package",5YF-V4I-C7-A7C47,Blood Glucose Meter (Diabetes),FALSE,8N-DSA-8DH-N15QK,,"Blood Glucose Meter, Easy Max (Diabetes)",BGMETR,,,,,,,,,,,,,Blood Glucose System,Easy Max,,,,,,
PNA-XTI-RK-PJTMZ,"Dexcom G7 System, Continuous Glucose Monitoring Package",5YF-V4I-C7-A7C47,Blood Glucose Meter (Diabetes),FALSE,8XS24-5C-1HJS-76,,"Blood Glucose Meter, Accu-Chek Guide (Diabetes)",BGMETR,,,,,,,Blood Glucose System,Accu-Chek Guide,,,,,,,,,,,,
PNA-XTI-RK-PJTMZ,"Dexcom G7 System, Continuous Glucose Monitoring Package",5YF-V4I-C7-A7C47,Blood Glucose Meter (Diabetes),FALSE,JXU-AEYE-V1SB-ME,,"Blood Glucose Meter, Prodigy Auto (Diabetes)",BGMETR,,,,,,,,,,,Blood Glucose System,Prodigy Auto,,,,,,,,
PNA-XTI-RK-PJTMZ,"Dexcom G7 System, Continuous Glucose Monitoring Package",5YF-V4I-C7-A7C47,Blood Glucose Meter (Diabetes),FALSE,QVHL0-QV2QU-SHTN,,"Blood Glucose Meter, Glucocard Expression (Diabetes)",BGMETR,,,,,,,,,Blood Glucose System,Glucocard Expression,,,,,,,,,,
PNA-XTI-RK-PJTMZ,"Dexcom G7 System, Continuous Glucose Monitoring Package",5YF-V4I-C7-A7C47,Blood Glucose Meter (Diabetes),FALSE,S8XS-4I3-GQ2-7PG,,"Blood Glucose Meter, CareSense Voice (Diabetes)",BGMETR,,,,,,,Blood Glucose System,CareSense Voice,,,,,,,,,,,,
PNA-XTI-RK-PJTMZ,"Dexcom G7 System, Continuous Glucose Monitoring Package",5YF-V4I-C7-A7C47,Blood Glucose Meter (Diabetes),FALSE,VG-ESFN-1XLD-3ZA,,"Blood Glucose Meter (Diabetes), Refills if billed with: Rx- 3, Med- Lifetime",BGMETR,,,,,,,,,,,,,,,Blood Glucose System,n/a,,,,
PNA-XTI-RK-PJTMZ,"Dexcom G7 System, Continuous Glucose Monitoring Package",5YF-V4I-C7-A7C47,Blood Glucose Meter (Diabetes),FALSE,YX-9I-3T0-GJ-7K7,,"Blood Glucose Meter, Accu-Chek Guide Link (Diabetes)",BGMETR,,,,,,,,,Blood Glucose System,Accu-Chek Guide Link (780G & 770G),,,,,,,,,,
PNA-XTI-RK-PJTMZ,"Dexcom G7 System, Continuous Glucose Monitoring Package",5YF-V4I-C7-A7C47,Blood Glucose Meter (Diabetes),FALSE,ZTJZ-SIK-297Y-KF,,"Blood Glucose Meter, Patient Preference (Diabetes)",BGMETR,,,,,,,,,Blood Glucose System,Patient Preference,,,,,,,,,,
PNA-XTI-RK-PJTMZ,"Dexcom G7 System, Continuous Glucose Monitoring Package",C7KC-VH-80-KR-U6,Dexcom G7 Sensor (All-in-One),TRUE,0Z5LG-QH0FV-0S0Z,,"Dexcom G7 Sensor (All-in-One), Change Every 10 Days, Pack (1)",A9276,,,,,Dexcom G7 Sensors Unit,Pack (1),,,,,,,,,,,,,,
PNA-XTI-RK-PJTMZ,"Dexcom G7 System, Continuous Glucose Monitoring Package",C7KC-VH-80-KR-U6,Dexcom G7 Sensor (All-in-One),TRUE,305-K0-YFEYK-598,,"Dexcom G7 Sensor (All-in-One), Change Every 10 Days, Pack (1)",CGMS,,,,,Dexcom G7 Sensors Unit,Max Allowable,,,,,,,,,,,,,,
PNA-XTI-RK-PJTMZ,"Dexcom G7 System, Continuous Glucose Monitoring Package",C7KC-VH-80-KR-U6,Dexcom G7 Sensor (All-in-One),TRUE,43MFI-IVY-K15-5N,,A9276 Dexcom G7 Sensor (30 per month/365 per year) / A4239 (1 per month/12 per year),CGMS,Dexcom G7 Sensors Unit,Max Allowable,,,,,,,,,,,,,,,,,,
PNA-XTI-RK-PJTMZ,"Dexcom G7 System, Continuous Glucose Monitoring Package",C7KC-VH-80-KR-U6,Dexcom G7 Sensor (All-in-One),TRUE,5U90Z-T0363-J0US,,"A9276/A9277 Dexcom G7 Sensor (All-in-One), Change Every 10 Days, Pack (1)",CGMS,,,,,Dexcom G7 Sensors Unit,Pack (1),,,,,,,,,,,,,,
PNA-XTI-RK-PJTMZ,"Dexcom G7 System, Continuous Glucose Monitoring Package",C7KC-VH-80-KR-U6,Dexcom G7 Sensor (All-in-One),TRUE,A0V-QMF2-8GLC-09,,"Dexcom G7 Sensor (All-in-One), Change Every 10 Days, Pack (1)",A4239,Dexcom G7 Sensors Unit,Pack (1),,,,,,,,,,,,,,,,,,
PNA-XTI-RK-PJTMZ,"Dexcom G7 System, Continuous Glucose Monitoring Package",C7KC-VH-80-KR-U6,Dexcom G7 Sensor (All-in-One),TRUE,AE-F2H-FK6JP-5GX,,"Dexcom G7 Sensor (All-in-One), Change Every 10 Days, Pack (1), 6 refills",CGMS,,,,,Dexcom G7 Sensors Unit,Max Allowable,,,,,,,,,,,,,,
PNA-XTI-RK-PJTMZ,"Dexcom G7 System, Continuous Glucose Monitoring Package",C7KC-VH-80-KR-U6,Dexcom G7 Sensor (All-in-One),TRUE,AKD-T8-RA27-NBQF,,"Dexcom G7 Sensor (All-in-One), Change Every 10 Days, Pack (1)",A9276,,,,,,,Dexcom G7 Sensors Unit,Max Allowable,,,,,,,,,,,,
PNA-XTI-RK-PJTMZ,"Dexcom G7 System, Continuous Glucose Monitoring Package",C7KC-VH-80-KR-U6,Dexcom G7 Sensor (All-in-One),TRUE,AS-2H0G-1S7JI-U5,,A4239/K0553 (1 per month/12 per year) Dexcom G7 Sensor,CGMS,Dexcom G7 Sensors Unit,Max Allowable,,,,,,,,,,,,,,,,,,
PNA-XTI-RK-PJTMZ,"Dexcom G7 System, Continuous Glucose Monitoring Package",C7KC-VH-80-KR-U6,Dexcom G7 Sensor (All-in-One),TRUE,BZE1-9GAC-U3-H6Q,,"Dexcom G7 Sensor (All-in-One), Change Every 10 Days, Pack (1)",CGMS,,,Dexcom G7 Sensors Unit,Pack (1),,,,,,,,,,,,,,,,
PNA-XTI-RK-PJTMZ,"Dexcom G7 System, Continuous Glucose Monitoring Package",C7KC-VH-80-KR-U6,Dexcom G7 Sensor (All-in-One),TRUE,IUGV-Q698-GQ3-FC,,"Dexcom G7 Sensor, Change Every 10 Days, Pack (1)",CGMS,,,,,,,Dexcom G7 Sensors Unit,Max Allowable,,,,,,,,,,,,
PNA-XTI-RK-PJTMZ,"Dexcom G7 System, Continuous Glucose Monitoring Package",C7KC-VH-80-KR-U6,Dexcom G7 Sensor (All-in-One),TRUE,JXKP-GT-EQY-HJU0,,"A9276/A9277 Dexcom G7 Sensor (All-in-One), Change Every 10 Days, Pack (1)",CGMS,,,,,,,Dexcom G7 Sensors Unit,Max Allowable,,,,,,,,,,,,
PNA-XTI-RK-PJTMZ,"Dexcom G7 System, Continuous Glucose Monitoring Package",C7KC-VH-80-KR-U6,Dexcom G7 Sensor (All-in-One),TRUE,JY8B2-LM-UJ-7ZX7,,"A4239/A9276 Dexcom G7 Sensor (All-in-One), Change Every 10 Days, Pack (1)",CGMS,,,Dexcom G7 Sensors Unit,Max Allowable,,,,,,,,,,,,,,,,
PNA-XTI-RK-PJTMZ,"Dexcom G7 System, Continuous Glucose Monitoring Package",C7KC-VH-80-KR-U6,Dexcom G7 Sensor (All-in-One),TRUE,K09F9-BL6-N9K-DY,,A4239/K0553 (1 per month/12 per year) / A9276 (30 per month/365 per year) Dexcom G7 Sensor,CGMS,,,,,,,Dexcom G7 Sensors Unit,Max Allowable,,,,,,,,,,,,
PNA-XTI-RK-PJTMZ,"Dexcom G7 System, Continuous Glucose Monitoring Package",C7KC-VH-80-KR-U6,Dexcom G7 Sensor (All-in-One),TRUE,K694-5Y7G-I4N-CH,STPAT011,"A4238/A4239 Dexcom G7 Sensor (All-in-One), Change Every 10 Days, Pack (1)",CGMS,Dexcom G7 Sensors Unit,Pack (1),,,,,,,,,,,,,,,,,,
PNA-XTI-RK-PJTMZ,"Dexcom G7 System, Continuous Glucose Monitoring Package",C7KC-VH-80-KR-U6,Dexcom G7 Sensor (All-in-One),TRUE,KAG-2GD-3N-6L-12,,"A4238/A4239 Dexcom G7 Sensor (All-in-One), Change Every 10 Days, Pack (1)",CGMS,,,,,,,Dexcom G7 Sensors Unit,Max Allowable,,,,,,,,,,,,
PNA-XTI-RK-PJTMZ,"Dexcom G7 System, Continuous Glucose Monitoring Package",C7KC-VH-80-KR-U6,Dexcom G7 Sensor (All-in-One),TRUE,UJ3-T96-U0N-R8M4,,"Dexcom G7 Sensor (All-in-One), Change Every 10 Days, Pack (1)",CGMS,,,,,,,Dexcom G7 Sensors Unit,Max Allowable,,,,,,,,,,,,
PNA-XTI-RK-PJTMZ,"Dexcom G7 System, Continuous Glucose Monitoring Package",C7KC-VH-80-KR-U6,Dexcom G7 Sensor (All-in-One),TRUE,Y5V-IE-1E-FUS-AS,,"Dexcom G7 Sensor (All-in-One), Change Every 10 Days, Pack (1)",A4239,Dexcom G7 Sensors Unit,Max Allowable,,,,,,,,,,,,,,,,,,
PNA-XTI-RK-PJTMZ,"Dexcom G7 System, Continuous Glucose Monitoring Package",K6J-50KQ-31D-2S1,Insulin,FALSE,CNJ4T-291E-LTI7M,,"Insulin, Lispro, 100 units/mL",J1817,,,,,,,,,,,,,,,,,Type of Insulin,Lispro,,
PNA-XTI-RK-PJTMZ,"Dexcom G7 System, Continuous Glucose Monitoring Package",K6J-50KQ-31D-2S1,Insulin,FALSE,EG9-LD4-CXFD-JLK,,"Insulin Aspart, 100 units/mL, dispense 9 10 mL vials every 90 days, use as directed per prescriber via insulin pump, 4 refills",J1817,,,,,,,,,,,Type of Insulin,Aspart,,,,,,,,
PNA-XTI-RK-PJTMZ,"Dexcom G7 System, Continuous Glucose Monitoring Package",K6J-50KQ-31D-2S1,Insulin,FALSE,U2CU9-4P7PH-LN0F,,"Insulin Lispro, 100 units/mL, dispense 9 10 mL vials every 90 days, use as directed per prescriber via insulin pump, 4 refills",J1817,,,,,,,,,Type of Insulin,Lispro,,,,,,,,,,
PNA-XTI-RK-PJTMZ,"Dexcom G7 System, Continuous Glucose Monitoring Package",LFNH-7PEZ7-UA-ZH,Dexcom Adhesive Patches,FALSE,UF-PX-7F-P1-GQB1,,"Dexcom Adhesive Patches, Pack (10)",CGMP,,,,,Patches Unit,Pack (10),,,,,,,,,,,,,,
PNA-XTI-RK-PJTMZ,"Dexcom G7 System, Continuous Glucose Monitoring Package",YTVZ-1X-GY6-VKXS,Blood Glucose Test Strips (Diabetes),FALSE,20-IVHF-GU1-DG3C,,"Blood Glucose Test Strips, Accu-Chek Guide (Diabetes)",BLDSTRP,,,,,,,,,Blood Glucose System,Accu-Chek Guide Link (780G & 770G),,,,,,,,,,
PNA-XTI-RK-PJTMZ,"Dexcom G7 System, Continuous Glucose Monitoring Package",YTVZ-1X-GY6-VKXS,Blood Glucose Test Strips (Diabetes),FALSE,9J-VYE-YM-EX-AC9,793449,"Blood Glucose Test Strips, Glucocard Expression (Diabetes)",BLDSTRP,,,,,,,,,,,,,Blood Glucose System,Glucocard Expression,,,,,,
PNA-XTI-RK-PJTMZ,"Dexcom G7 System, Continuous Glucose Monitoring Package",YTVZ-1X-GY6-VKXS,Blood Glucose Test Strips (Diabetes),FALSE,FYP0-NTF-PKY9-B6,1159731,"Blood Glucose Test Strips, Embrace (Diabetes)",BLDSTRP,,,,,,,,,Blood Glucose System,Embrace Talk,,,,,,,,,,
PNA-XTI-RK-PJTMZ,"Dexcom G7 System, Continuous Glucose Monitoring Package",YTVZ-1X-GY6-VKXS,Blood Glucose Test Strips (Diabetes),FALSE,XR1C-43-XVE79-2U,939082,"Blood Glucose Test Strips, One Touch Verio (Diabetes)",BLDSTRP,,,,,,,,,,,,,,,Blood Glucose System,One Touch Verio,,,,
S26DT-K1T-A35-05,FreeStyle Libre 2 Sensor,BU6J-KE3R-K8-DC1,Libre 2 Reader,FALSE,8R-9CD5-NCAV-U6D,,No Libre 2 Reader,,Reader/Receiver Included,Not Included,,,,,,,,,,,,,,,,,,
S26DT-K1T-A35-05,FreeStyle Libre 2 Sensor,BU6J-KE3R-K8-DC1,Libre 2 Reader,FALSE,HC03T-XE-N0L-TD0,71953,"Libre 2 Reader, 1 per year",CGMR,,,Reader/Receiver Included,Included,,,,,,,,,,,,,,,,
S26DT-K1T-A35-05,FreeStyle Libre 2 Sensor,BU6J-KE3R-K8-DC1,Libre 2 Reader,FALSE,KFY2-10F-NX-3DGD,,Libre 2 Reader,E2103,Reader/Receiver Included,Included,,,,,,,,,,,,,,,,,,
S26DT-K1T-A35-05,FreeStyle Libre 2 Sensor,BU6J-KE3R-K8-DC1,Libre 2 Reader,FALSE,STJ5-H6-JYGT-HQT,,A9278/E2103 Libre 2 Reader,CGMR,,,,,,,,,Reader/Receiver Included,Included,,,,,,,,,,
S26DT-K1T-A35-05,FreeStyle Libre 2 Sensor,BU6J-KE3R-K8-DC1,Libre 2 Reader,FALSE,XF4-H3-LK4-XETEP,,Libre 2 Reader,CGMR,,,Reader/Receiver Included,Included,,,,,,,,,,,,,,,,
S26DT-K1T-A35-05,FreeStyle Libre 2 Sensor,BU6J-KE3R-K8-DC1,Libre 2 Reader,FALSE,ZRGDU-6Y-TXD-CP3,,Libre 2 Reader,A9278,Reader/Receiver Included,Included,,,,,,,,,,,,,,,,,,
S9-IDQ-XD-TD-8YC,"Medtronic G4S and GS3, Continuous Glucose Monitoring Package",5YF-V4I-C7-A7C47,Blood Glucose Meter (Diabetes),FALSE,5V-6VQM-ZUI-LCZD,,"Blood Glucose Meter, Embrace (Diabetes)",BGMETR,,,,,,,,,,,,,,,,,Blood Glucose System,Embrace Talk,,
S9-IDQ-XD-TD-8YC,"Medtronic G4S and GS3, Continuous Glucose Monitoring Package",5YF-V4I-C7-A7C47,Blood Glucose Meter (Diabetes),FALSE,8N-DSA-8DH-N15QK,,"Blood Glucose Meter, Easy Max (Diabetes)",BGMETR,,,,,Blood Glucose System,Easy Max,,,,,,,,,,,,,,
S9-IDQ-XD-TD-8YC,"Medtronic G4S and GS3, Continuous Glucose Monitoring Package",5YF-V4I-C7-A7C47,Blood Glucose Meter (Diabetes),FALSE,E8A5-97-U1H-FCKN,,Blood Glucose Meter (Diabetes),E0607,,,,,,,,,,,,,,,,,,,Blood Glucose System,n/a
S9-IDQ-XD-TD-8YC,"Medtronic G4S and GS3, Continuous Glucose Monitoring Package",5YF-V4I-C7-A7C47,Blood Glucose Meter (Diabetes),FALSE,EF-Z0-BX8I-Q0-VY,,"Blood Glucose Meter, Advocate (Diabetes)",BGMETR,,,,,,,,,,,Blood Glucose System,Advocate,,,,,,,,
S9-IDQ-XD-TD-8YC,"Medtronic G4S and GS3, Continuous Glucose Monitoring Package",5YF-V4I-C7-A7C47,Blood Glucose Meter (Diabetes),FALSE,HVN-MY-5Z-P85-G9,,"Blood Glucose Meter, One Touch Verio (Diabetes)",BGMETR,,,,,,,Blood Glucose System,One Touch Verio,,,,,,,,,,,,
S9-IDQ-XD-TD-8YC,"Medtronic G4S and GS3, Continuous Glucose Monitoring Package",5YF-V4I-C7-A7C47,Blood Glucose Meter (Diabetes),FALSE,JL-20Z-MT-Q4-IS8,,"Blood Glucose Meter, Freestyle Precision Neo (Diabetes)",BGMETR,,,,,,,,,,,,,,,Blood Glucose System,Freestyle Precision Neo,,,,
S9-IDQ-XD-TD-8YC,"Medtronic G4S and GS3, Continuous Glucose Monitoring Package",5YF-V4I-C7-A7C47,Blood Glucose Meter (Diabetes),FALSE,NP5Q-K0-4V5V-QU0,,"Blood Glucose Meter, Contour Next Link (Diabetes)",BGMETR,,,,,,,,,,,,,Blood Glucose System,Contour Next Link (630G),,,,,,
S9-IDQ-XD-TD-8YC,"Medtronic G4S and GS3, Continuous Glucose Monitoring Package",5YF-V4I-C7-A7C47,Blood Glucose Meter (Diabetes),FALSE,QVHL0-QV2QU-SHTN,,"Blood Glucose Meter, Glucocard Expression (Diabetes)",BGMETR,,,,,,,,,,,,,,,Blood Glucose System,Glucocard Expression,,,,
S9-IDQ-XD-TD-8YC,"Medtronic G4S and GS3, Continuous Glucose Monitoring Package",5YF-V4I-C7-A7C47,Blood Glucose Meter (Diabetes),FALSE,VG-ESFN-1XLD-3ZA,,"Blood Glucose Meter (Diabetes), Refills if billed with: Rx- 3, Med- Lifetime",BGMETR,,,,,,,,,Blood Glucose System,n/a,,,,,,,,,,
S9-IDQ-XD-TD-8YC,"Medtronic G4S and GS3, Continuous Glucose Monitoring Package",5YF-V4I-C7-A7C47,Blood Glucose Meter (Diabetes),FALSE,VLM-2GUL3-QR-MF4,,"Blood Glucose Meter, True Metrix (Diabetes)",BGMETR,,,,,,,,,,,,,,,Blood Glucose System,True Metrix,,,,
S9-IDQ-XD-TD-8YC,"Medtronic G4S and GS3, Continuous Glucose Monitoring Package",5YF-V4I-C7-A7C47,Blood Glucose Meter (Diabetes),FALSE,YX-9I-3T0-GJ-7K7,,"Blood Glucose Meter, Accu-Chek Guide Link (Diabetes)",BGMETR,,,,,,,,,,,,,,,,,Blood Glucose System,Accu-Chek Guide Link (780G & 770G),,
S9-IDQ-XD-TD-8YC,"Medtronic G4S and GS3, Continuous Glucose Monitoring Package",5YF-V4I-C7-A7C47,Blood Glucose Meter (Diabetes),FALSE,ZTJZ-SIK-297Y-KF,,"Blood Glucose Meter, Patient Preference (Diabetes)",BGMETR,,,Blood Glucose System,Patient Preference,,,,,,,,,,,,,,,,
S9-IDQ-XD-TD-8YC,"Medtronic G4S and GS3, Continuous Glucose Monitoring Package",C9-XR-DUF-FC-0CM,InPen,FALSE,5U62L-I47F-RF-BN,,"InPen, Novolog/Fiasp",INPEN,,,,,,,Brand,Novolog/Fiasp,,,,,,,Color,N/A,,,,
S9-IDQ-XD-TD-8YC,"Medtronic G4S and GS3, Continuous Glucose Monitoring Package",C9-XR-DUF-FC-0CM,InPen,FALSE,6RHDL-V24I4-9F1Z,,"Inpen, NovoNordisk, Blue",A4211,,,Brand,NovoNordisk,,,,,Color,Blue,,,,,,,,,,
S9-IDQ-XD-TD-8YC,"Medtronic G4S and GS3, Continuous Glucose Monitoring Package",C9-XR-DUF-FC-0CM,InPen,FALSE,6ZUX-EZX84-2Q-TR,,"Inpen, Eli Lilly, Blue",A4211,,,,,,,Brand,Eli Lilly,,,,,Color,Blue,,,,,,
S9-IDQ-XD-TD-8YC,"Medtronic G4S and GS3, Continuous Glucose Monitoring Package",C9-XR-DUF-FC-0CM,InPen,FALSE,GP7-BE-6THZ7-PL9,,"Inpen, Eli Lilly, Pink",A4211,,,,,,,Brand,Eli Lilly,,,,,,,Color,Pink,,,,
S9-IDQ-XD-TD-8YC,"Medtronic G4S and GS3, Continuous Glucose Monitoring Package",C9-XR-DUF-FC-0CM,InPen,FALSE,MCH-SB1-EB-FNSJF,,"Inpen, NovoNordisk, Grey",A4211,,,Brand,NovoNordisk,,,,,,,Color,Grey,,,,,,,,
S9-IDQ-XD-TD-8YC,"Medtronic G4S and GS3, Continuous Glucose Monitoring Package",C9-XR-DUF-FC-0CM,InPen,FALSE,N2Z-LBJ7-4QZG-J3,,"Inpen, Eli Lilly, Grey",A4211,,,,,,,Brand,Eli Lilly,,,,,,,Color,Grey,,,,
S9-IDQ-XD-TD-8YC,"Medtronic G4S and GS3, Continuous Glucose Monitoring Package",C9-XR-DUF-FC-0CM,InPen,FALSE,R2UM-EC34-2C-GCV,,"InPen, Fiasp",INPEN,,,,,Brand,Fiasp,,,,,,,Color,N/A,,,,,,
S9-IDQ-XD-TD-8YC,"Medtronic G4S and GS3, Continuous Glucose Monitoring Package",C9-XR-DUF-FC-0CM,InPen,FALSE,RV4-349A0-9A1-DP,,InPen,A4211,,,Brand,N/A,,,,,,,,,Color,N/A,,,,,,
S9-IDQ-XD-TD-8YC,"Medtronic G4S and GS3, Continuous Glucose Monitoring Package",C9-XR-DUF-FC-0CM,InPen,FALSE,TH4-KIH-HSZG-UM6,,"InPen, Humalog",INPEN,,,,,Brand,Humalog,,,,,,,Color,N/A,,,,,,
S9-IDQ-XD-TD-8YC,"Medtronic G4S and GS3, Continuous Glucose Monitoring Package",C9-XR-DUF-FC-0CM,InPen,FALSE,YVC75-7YHE-LQ-P0,,"InPen, Novolog",INPEN,,,,,Brand,Novolog,,,,,,,,,Color,N/A,,,,
S9-IDQ-XD-TD-8YC,"Medtronic G4S and GS3, Continuous Glucose Monitoring Package",C9-XR-DUF-FC-0CM,InPen,FALSE,YX-C2C-T0-1SJ-E6,,"Inpen, NovoNordisk, Pink",A4211,,,,,Brand,NovoNordisk,,,,,,,Color,Pink,,,,,,
S9-IDQ-XD-TD-8YC,"Medtronic G4S and GS3, Continuous Glucose Monitoring Package",K6J-50KQ-31D-2S1,Insulin,FALSE,CK-6GK6-NF3R7-VG,,Insulin,J1817,,,,,,,,,,,Type of Insulin,N/A,,,,,,,,
S9-IDQ-XD-TD-8YC,"Medtronic G4S and GS3, Continuous Glucose Monitoring Package",K6J-50KQ-31D-2S1,Insulin,FALSE,CNJ4T-291E-LTI7M,,"Insulin, Lispro, 100 units/mL",J1817,,,,,,,,,,,,,Type of Insulin,Lispro,,,,,,
S9-IDQ-XD-TD-8YC,"Medtronic G4S and GS3, Continuous Glucose Monitoring Package",K6J-50KQ-31D-2S1,Insulin,FALSE,U2CU9-4P7PH-LN0F,,"Insulin Lispro, 100 units/mL, dispense 9 10 mL vials every 90 days, use as directed per prescriber via insulin pump, 4 refills",J1817,,,,,Type of Insulin,Lispro,,,,,,,,,,,,,,
S9-IDQ-XD-TD-8YC,"Medtronic G4S and GS3, Continuous Glucose Monitoring Package",YTVZ-1X-GY6-VKXS,Blood Glucose Test Strips (Diabetes),FALSE,20-IVHF-GU1-DG3C,,"Blood Glucose Test Strips, Accu-Chek Guide (Diabetes)",BLDSTRP,,,,,,,,,,,,,,,,,,,Blood Glucose System,Accu-Chek Guide Link (780G & 770G)
S9-IDQ-XD-TD-8YC,"Medtronic G4S and GS3, Continuous Glucose Monitoring Package",YTVZ-1X-GY6-VKXS,Blood Glucose Test Strips (Diabetes),FALSE,4V-CJG-63RKA-INP,,"Blood Glucose Test Strips (Diabetes), Refills if billed with: Rx- 3, Med- Lifetime",BLDSTRP,,,,,Blood Glucose System,n/a,,,,,,,,,,,,,,
S9-IDQ-XD-TD-8YC,"Medtronic G4S and GS3, Continuous Glucose Monitoring Package",YTVZ-1X-GY6-VKXS,Blood Glucose Test Strips (Diabetes),FALSE,7H-0L84X-97TZ-F2,,"Blood Glucose Test Strips, Patient Preference (Diabetes)",BLDSTRP,,,,,,,,,,,Blood Glucose System,Patient Preference,,,,,,,,
S9-IDQ-XD-TD-8YC,"Medtronic G4S and GS3, Continuous Glucose Monitoring Package",YTVZ-1X-GY6-VKXS,Blood Glucose Test Strips (Diabetes),FALSE,BG253-GF5N-K5-CR,,"Blood Glucose Test Strips, Freestyle Precision Neo (Diabetes)",BLDSTRP,,,,,Blood Glucose System,Freestyle Precision Neo,,,,,,,,,,,,,,
S9-IDQ-XD-TD-8YC,"Medtronic G4S and GS3, Continuous Glucose Monitoring Package",YTVZ-1X-GY6-VKXS,Blood Glucose Test Strips (Diabetes),FALSE,FRY3U-90H-E1-UXG,,"Blood Glucose Test Strips, Bayer Contour Next (Diabetes)",BLDSTRP,,,Blood Glucose System,Bayer Contour Next,,,,,,,,,,,,,,,,
S9-IDQ-XD-TD-8YC,"Medtronic G4S and GS3, Continuous Glucose Monitoring Package",YTVZ-1X-GY6-VKXS,Blood Glucose Test Strips (Diabetes),FALSE,GXL6-IV2I9-48-DL,,Blood Glucose Test Strips (Diabetes),A4253,,,,,Blood Glucose System,n/a,,,,,,,,,,,,,,
S9-IDQ-XD-TD-8YC,"Medtronic G4S and GS3, Continuous Glucose Monitoring Package",YTVZ-1X-GY6-VKXS,Blood Glucose Test Strips (Diabetes),FALSE,KM-X1B1P-AQ73-J3,,"Blood Glucose Test Strips, Accu-Chek Guide (Diabetes)",BLDSTRP,,,,,Blood Glucose System,Accu-Chek Guide,,,,,,,,,,,,,,
S9-IDQ-XD-TD-8YC,"Medtronic G4S and GS3, Continuous Glucose Monitoring Package",YTVZ-1X-GY6-VKXS,Blood Glucose Test Strips (Diabetes),FALSE,PHFX3-NFXKM-QF6E,688260,"Blood Glucose Test Strips, Glucocard 01 Sensor Plus (Diabetes)",BLDSTRP,,,,,,,Blood Glucose System,Glucocard 01 Sensor Plus,,,,,,,,,,,,
S9-IDQ-XD-TD-8YC,"Medtronic G4S and GS3, Continuous Glucose Monitoring Package",YTVZ-1X-GY6-VKXS,Blood Glucose Test Strips (Diabetes),FALSE,Q3E-3YP-0HR8Y-7A,,"Blood Glucose Test Strips, Advocate (Diabetes)",BLDSTRP,,,,,Blood Glucose System,Advocate,,,,,,,,,,,,,,
S9-IDQ-XD-TD-8YC,"Medtronic G4S and GS3, Continuous Glucose Monitoring Package",YTVZ-1X-GY6-VKXS,Blood Glucose Test Strips (Diabetes),FALSE,QU-UHNI-QM7-GKNR,,"Blood Glucose Test Strips, Advocate (Diabetes)",A4253,,,Blood Glucose System,Advocate,,,,,,,,,,,,,,,,
S9-IDQ-XD-TD-8YC,"Medtronic G4S and GS3, Continuous Glucose Monitoring Package",YTVZ-1X-GY6-VKXS,Blood Glucose Test Strips (Diabetes),FALSE,RJT-VMR-89PC7-TG,843244,"Blood Glucose Test Strips, Prodigy Auto (Diabetes)",BLDSTRP,,,Blood Glucose System,Prodigy Auto,,,,,,,,,,,,,,,,
S9-IDQ-XD-TD-8YC,"Medtronic G4S and GS3, Continuous Glucose Monitoring Package",YTVZ-1X-GY6-VKXS,Blood Glucose Test Strips (Diabetes),FALSE,T7-73DK-X868-QAB,1060018,"Blood Glucose Test Strips, One Touch Ultra 2 (Diabetes)",BLDSTRP,,,,,Blood Glucose System,One Touch Ultra 2,,,,,,,,,,,,,,
S9-IDQ-XD-TD-8YC,"Medtronic G4S and GS3, Continuous Glucose Monitoring Package",YTVZ-1X-GY6-VKXS,Blood Glucose Test Strips (Diabetes),FALSE,TFNMC-DC-CUTD-41,,"Blood Glucose Test Strips, Contour Next Link (Diabetes)",BLDSTRP,,,,,Blood Glucose System,Contour Next Link (630G),,,,,,,,,,,,,,
S9-IDQ-XD-TD-8YC,"Medtronic G4S and GS3, Continuous Glucose Monitoring Package",ZPGBS-FZE1U-FSTQ,Medtronic Sensor.,TRUE,0S4Y-NB2RP-QPKIT,,"Medtronic Sensor, Patient Preference, Quantity Determined by Model",CGMS,,,Medtronic Sensor,"Patient Preference (G4S, Simplera Sync, Instinct)",,,,,,,,,,,,,,,,
S9-IDQ-XD-TD-8YC,"Medtronic G4S and GS3, Continuous Glucose Monitoring Package",ZPGBS-FZE1U-FSTQ,Medtronic Sensor.,TRUE,1FXZ-DMQ-2Q-SAPM,,"Medtronic Sensor, Guardian Sensor 3",A4238,,,,,Medtronic Sensor,Guardian Sensor 3,,,,,,,,,,,,,,
S9-IDQ-XD-TD-8YC,"Medtronic G4S and GS3, Continuous Glucose Monitoring Package",ZPGBS-FZE1U-FSTQ,Medtronic Sensor.,TRUE,3RUB-VA-3MS8-1C5,,"Medtronic Sensor, Instinct",CGMS,Medtronic Sensor,Instinct,,,,,,,,,,,,,,,,,,
S9-IDQ-XD-TD-8YC,"Medtronic G4S and GS3, Continuous Glucose Monitoring Package",ZPGBS-FZE1U-FSTQ,Medtronic Sensor.,TRUE,4X93P-EA1-XR8-GZ,,"Medtronic Sensor, Guardian Sensor 3, For Medtronic Transmitter",CGMS,,,Medtronic Sensor,Guardian Sensor 3,,,,,,,,,,,,,,,,
S9-IDQ-XD-TD-8YC,"Medtronic G4S and GS3, Continuous Glucose Monitoring Package",ZPGBS-FZE1U-FSTQ,Medtronic Sensor.,TRUE,6HTFY-T4B-F5Z-CR,,"Medtronic Sensor, Simplera",SMPLRA,,,,,Medtronic Sensor,Simplera,,,,,,,,,,,,,,
S9-IDQ-XD-TD-8YC,"Medtronic G4S and GS3, Continuous Glucose Monitoring Package",ZPGBS-FZE1U-FSTQ,Medtronic Sensor.,TRUE,AG5D-FQ2J-2A5-SC,,"Medtronic Sensor, Guardian 4 Sensor",MEDSENS,Medtronic Sensor,Guardian 4 Sensor,,,,,,,,,,,,,,,,,,
S9-IDQ-XD-TD-8YC,"Medtronic G4S and GS3, Continuous Glucose Monitoring Package",ZPGBS-FZE1U-FSTQ,Medtronic Sensor.,TRUE,EPX-62P4R-28-YJF,,"Medtronic Sensor, Simplera Sync",CGMS,Medtronic Sensor,Simplera Sync,,,,,,,,,,,,,,,,,,
S9-IDQ-XD-TD-8YC,"Medtronic G4S and GS3, Continuous Glucose Monitoring Package",ZPGBS-FZE1U-FSTQ,Medtronic Sensor.,TRUE,F6-NLDV-PV-GAPAT,,"Medtronic Sensor, Guardian Sensor 3",A9276,Medtronic Sensor,Guardian Sensor 3,,,,,,,,,,,,,,,,,,
S9-IDQ-XD-TD-8YC,"Medtronic G4S and GS3, Continuous Glucose Monitoring Package",ZPGBS-FZE1U-FSTQ,Medtronic Sensor.,TRUE,FZ0C-43CY-DEC-FP,,"Medtronic Sensor, Simplera Sync",SMPLRA,,,,,,,Medtronic Sensor,Simplera Sync,,,,,,,,,,,,
S9-IDQ-XD-TD-8YC,"Medtronic G4S and GS3, Continuous Glucose Monitoring Package",ZPGBS-FZE1U-FSTQ,Medtronic Sensor.,TRUE,HU-HX6-BA74-MA78,,"Medtronic Sensor, Instinct",INSTNCT,,,,,,,Medtronic Sensor,Instinct,,,,,,,,,,,,
S9-IDQ-XD-TD-8YC,"Medtronic G4S and GS3, Continuous Glucose Monitoring Package",ZPGBS-FZE1U-FSTQ,Medtronic Sensor.,TRUE,IE-U5D-VHJLS-US0,,"Medtronic Sensor, Guardian Sensor 3, Pack of 5",CGMS,Medtronic Sensor,Guardian Sensor 3,,,,,,,,,,,,,,,,,,
S9-IDQ-XD-TD-8YC,"Medtronic G4S and GS3, Continuous Glucose Monitoring Package",ZPGBS-FZE1U-FSTQ,Medtronic Sensor.,TRUE,IQU9-SH1U-5UJ-26,,"Medtronic Sensor, Simplera",CGMS,Medtronic Sensor,Simplera,,,,,,,,,,,,,,,,,,
S9-IDQ-XD-TD-8YC,"Medtronic G4S and GS3, Continuous Glucose Monitoring Package",ZPGBS-FZE1U-FSTQ,Medtronic Sensor.,TRUE,MBUZ-5GA4-MG-MXG,,"Medtronic Sensor, Guardian Sensor 3",MEDSENS,,,,,Medtronic Sensor,Guardian Sensor 3,,,,,,,,,,,,,,
S9-IDQ-XD-TD-8YC,"Medtronic G4S and GS3, Continuous Glucose Monitoring Package",ZPGBS-FZE1U-FSTQ,Medtronic Sensor.,TRUE,TZ-PDFJI-7J1S-9F,,"Medtronic Sensor, Guardian Sensor 3",CGMS,Medtronic Sensor,Guardian Sensor 3,,,,,,,,,,,,,,,,,,
S9-IDQ-XD-TD-8YC,"Medtronic G4S and GS3, Continuous Glucose Monitoring Package",ZPGBS-FZE1U-FSTQ,Medtronic Sensor.,TRUE,UB-F4Q4K-NEH-E1R,,"A9276 (30 per month / 365 per year) / A4238 (1 per month / 12 per year) Medtronic Sensor, Guardian Sensor 3",CGMS,Medtronic Sensor,Guardian Sensor 3,,,,,,,,,,,,,,,,,,
S9-IDQ-XD-TD-8YC,"Medtronic G4S and GS3, Continuous Glucose Monitoring Package",ZPGBS-FZE1U-FSTQ,Medtronic Sensor.,TRUE,UP-0H74T-H9-ZLG2,,"Medtronic Sensor, Guardian 4 Sensor, For Medtronic Transmitter",CGMS,,,,,Medtronic Sensor,Guardian 4 Sensor,,,,,,,,,,,,,,
S9-IDQ-XD-TD-8YC,"Medtronic G4S and GS3, Continuous Glucose Monitoring Package",ZPGBS-FZE1U-FSTQ,Medtronic Sensor.,TRUE,US-J0-TVR-NL3-DV,,"Medtronic Sensor, Guardian Sensor 3, Pack of 5",A4238,Medtronic Sensor,Guardian Sensor 3,,,,,,,,,,,,,,,,,,
S9-IDQ-XD-TD-8YC,"Medtronic G4S and GS3, Continuous Glucose Monitoring Package",ZPGBS-FZE1U-FSTQ,Medtronic Sensor.,TRUE,V7-90J9-3N-BQ-91,,"Medtronic Sensor, Simplera Sync",SFTWRE,Medtronic Sensor,Simplera Sync,,,,,,,,,,,,,,,,,,
S9-IDQ-XD-TD-8YC,"Medtronic G4S and GS3, Continuous Glucose Monitoring Package",ZPGBS-FZE1U-FSTQ,Medtronic Sensor.,TRUE,X8T7-3B4-KA-N3X9,,"Medtronic Sensor, Guardian 4 Sensor, Pack of 5",CGMS,,,,,,,Medtronic Sensor,Guardian 4 Sensor,,,,,,,,,,,,
S9-IDQ-XD-TD-8YC,"Medtronic G4S and GS3, Continuous Glucose Monitoring Package",ZPGBS-FZE1U-FSTQ,Medtronic Sensor.,TRUE,XNDN-K4V-L84F-ZG,,"Medtronic Sensor, Guardian 4 Sensor",CGMS,,,,,,,Medtronic Sensor,Guardian 4 Sensor,,,,,,,,,,,,
S9-IDQ-XD-TD-8YC,"Medtronic G4S and GS3, Continuous Glucose Monitoring Package",ZXU-TY2-YHV-XBQP,Medtronic Transmitter,TRUE,4H2D-NPKY4-GD-XU,,"Medtronic Transmitter, Guardian Link 3 Transmitter, Integrated CGM, Day Supply: 365",CGMT,Medtronic Transmitter,Guardian Link 3 Transmitter,,,,,,,,,,,,,,,,,,
S9-IDQ-XD-TD-8YC,"Medtronic G4S and GS3, Continuous Glucose Monitoring Package",ZXU-TY2-YHV-XBQP,Medtronic Transmitter,TRUE,501-4EP-D7-QV-0H,,"Medtronic Transmitter, Guardian Connect Transmitter",A9277,Medtronic Transmitter,Guardian Connect,,,,,,,,,,,,,,,,,,
S9-IDQ-XD-TD-8YC,"Medtronic G4S and GS3, Continuous Glucose Monitoring Package",ZXU-TY2-YHV-XBQP,Medtronic Transmitter,TRUE,7KL9-7F8-ZNQL-U5,,"Medtronic Transmitter, Guardian Link 3 Transmitter",A4238,,,Medtronic Transmitter,Guardian Link 3 Transmitter,,,,,,,,,,,,,,,,
S9-IDQ-XD-TD-8YC,"Medtronic G4S and GS3, Continuous Glucose Monitoring Package",ZXU-TY2-YHV-XBQP,Medtronic Transmitter,TRUE,AN-UL4-BM-GU8-1P,,"Medtronic Transmitter, Guardian 4 Transmitter, Integrated CGM, Day Supply: 365",CGMT,,,Medtronic Transmitter,Guardian 4 Transmitter,,,,,,,,,,,,,,,,
S9-IDQ-XD-TD-8YC,"Medtronic G4S and GS3, Continuous Glucose Monitoring Package",ZXU-TY2-YHV-XBQP,Medtronic Transmitter,TRUE,CMJM1-6K-5TJ-2FT,,"Medtronic Transmitter, Guardian Link 3 Transmitter",MEDTRAN,Medtronic Transmitter,Guardian Link 3 Transmitter,,,,,,,,,,,,,,,,,,
S9-IDQ-XD-TD-8YC,"Medtronic G4S and GS3, Continuous Glucose Monitoring Package",ZXU-TY2-YHV-XBQP,Medtronic Transmitter,TRUE,DJ19G-CP-1X-KZ0X,,"Medtronic Transmitter, Guardian 4 Transmitter",MEDTRAN,,,Medtronic Transmitter,Guardian 4 Transmitter,,,,,,,,,,,,,,,,
S9-IDQ-XD-TD-8YC,"Medtronic G4S and GS3, Continuous Glucose Monitoring Package",ZXU-TY2-YHV-XBQP,Medtronic Transmitter,TRUE,G36-216LM-ACL-3S,,"Medtronic Transmitter, Guardian Link 3 Transmitter",CGMT,,,Medtronic Transmitter,Guardian Link 3 Transmitter,,,,,,,,,,,,,,,,
S9-IDQ-XD-TD-8YC,"Medtronic G4S and GS3, Continuous Glucose Monitoring Package",ZXU-TY2-YHV-XBQP,Medtronic Transmitter,TRUE,I48-3G85-ZU-XQ5H,,"Medtronic Transmitter, Guardian 4 Transmitter, Integrated CGM",CGMT,,,Medtronic Transmitter,Guardian 4 Transmitter,,,,,,,,,,,,,,,,
S9-IDQ-XD-TD-8YC,"Medtronic G4S and GS3, Continuous Glucose Monitoring Package",ZXU-TY2-YHV-XBQP,Medtronic Transmitter,TRUE,NJNZD-PQ1S-JL-VM,,"Medtronic Transmitter, Guardian Connect Transmitter",CGMT,,,Medtronic Transmitter,Guardian Connect,,,,,,,,,,,,,,,,
S9-IDQ-XD-TD-8YC,"Medtronic G4S and GS3, Continuous Glucose Monitoring Package",ZXU-TY2-YHV-XBQP,Medtronic Transmitter,TRUE,RC1-B5K-F67-MCL8,,"Medtronic Transmitter, Guardian Link 3 Transmitter, Integrated CGM",CGMT,,,Medtronic Transmitter,Guardian Link 3 Transmitter,,,,,,,,,,,,,,,,
S9-IDQ-XD-TD-8YC,"Medtronic G4S and GS3, Continuous Glucose Monitoring Package",ZXU-TY2-YHV-XBQP,Medtronic Transmitter,TRUE,YI0RA-RDK2K-CGPY,,"Medtronic Transmitter, Guardian 4 Transmitter",CGMT,,,Medtronic Transmitter,Guardian 4 Transmitter,,,,,,,,,,,,,,,,
SHR-2ZM1-KHN-PIQ,Dexcom G6 Continuous Glucose Monitoring Package [SELF PAY],5YF-V4I-C7-A7C47,Blood Glucose Meter (Diabetes),FALSE,4D-65-0FZ6N-YF50,,"Blood Glucose Meter, Bayer Contour Next (Diabetes)",BGMETR,Blood Glucose System,Bayer Contour Next,,,,,,,,,,,,,,,,,,
SHR-2ZM1-KHN-PIQ,Dexcom G6 Continuous Glucose Monitoring Package [SELF PAY],5YF-V4I-C7-A7C47,Blood Glucose Meter (Diabetes),FALSE,8XS24-5C-1HJS-76,,"Blood Glucose Meter, Accu-Chek Guide (Diabetes)",BGMETR,,,,,,,,,Blood Glucose System,Accu-Chek Guide,,,,,,,,,,
SHR-2ZM1-KHN-PIQ,Dexcom G6 Continuous Glucose Monitoring Package [SELF PAY],5YF-V4I-C7-A7C47,Blood Glucose Meter (Diabetes),FALSE,E8A5-97-U1H-FCKN,,Blood Glucose Meter (Diabetes),E0607,,,Blood Glucose System,n/a,,,,,,,,,,,,,,,,
SHR-2ZM1-KHN-PIQ,Dexcom G6 Continuous Glucose Monitoring Package [SELF PAY],5YF-V4I-C7-A7C47,Blood Glucose Meter (Diabetes),FALSE,EF-Z0-BX8I-Q0-VY,,"Blood Glucose Meter, Advocate (Diabetes)",BGMETR,,,,,Blood Glucose System,Advocate,,,,,,,,,,,,,,
SHR-2ZM1-KHN-PIQ,Dexcom G6 Continuous Glucose Monitoring Package [SELF PAY],5YF-V4I-C7-A7C47,Blood Glucose Meter (Diabetes),FALSE,HVN-MY-5Z-P85-G9,,"Blood Glucose Meter, One Touch Verio (Diabetes)",BGMETR,Blood Glucose System,One Touch Verio,,,,,,,,,,,,,,,,,,
SHR-2ZM1-KHN-PIQ,Dexcom G6 Continuous Glucose Monitoring Package [SELF PAY],5YF-V4I-C7-A7C47,Blood Glucose Meter (Diabetes),FALSE,IJ-GV6-18Z2-70BX,,"Blood Glucose Meter, Caresense (Diabetes)",BGMETR,Blood Glucose System,CareSense,,,,,,,,,,,,,,,,,,
SHR-2ZM1-KHN-PIQ,Dexcom G6 Continuous Glucose Monitoring Package [SELF PAY],5YF-V4I-C7-A7C47,Blood Glucose Meter (Diabetes),FALSE,JL-20Z-MT-Q4-IS8,,"Blood Glucose Meter, Freestyle Precision Neo (Diabetes)",BGMETR,Blood Glucose System,Freestyle Precision Neo,,,,,,,,,,,,,,,,,,
SHR-2ZM1-KHN-PIQ,Dexcom G6 Continuous Glucose Monitoring Package [SELF PAY],5YF-V4I-C7-A7C47,Blood Glucose Meter (Diabetes),FALSE,NP5Q-K0-4V5V-QU0,,"Blood Glucose Meter, Contour Next Link (Diabetes)",BGMETR,Blood Glucose System,Contour Next Link (630G),,,,,,,,,,,,,,,,,,
SHR-2ZM1-KHN-PIQ,Dexcom G6 Continuous Glucose Monitoring Package [SELF PAY],5YF-V4I-C7-A7C47,Blood Glucose Meter (Diabetes),FALSE,S8XS-4I3-GQ2-7PG,,"Blood Glucose Meter, CareSense Voice (Diabetes)",BGMETR,,,,,,,,,,,,,Blood Glucose System,CareSense Voice,,,,,,
SHR-2ZM1-KHN-PIQ,Dexcom G6 Continuous Glucose Monitoring Package [SELF PAY],5YF-V4I-C7-A7C47,Blood Glucose Meter (Diabetes),FALSE,VG-ESFN-1XLD-3ZA,,"Blood Glucose Meter (Diabetes), Refills if billed with: Rx- 3, Med- Lifetime",BGMETR,,,,,Blood Glucose System,n/a,,,,,,,,,,,,,,
SHR-2ZM1-KHN-PIQ,Dexcom G6 Continuous Glucose Monitoring Package [SELF PAY],5YF-V4I-C7-A7C47,Blood Glucose Meter (Diabetes),FALSE,VLM-2GUL3-QR-MF4,,"Blood Glucose Meter, True Metrix (Diabetes)",BGMETR,Blood Glucose System,True Metrix,,,,,,,,,,,,,,,,,,
SHR-2ZM1-KHN-PIQ,Dexcom G6 Continuous Glucose Monitoring Package [SELF PAY],5YF-V4I-C7-A7C47,Blood Glucose Meter (Diabetes),FALSE,YX-9I-3T0-GJ-7K7,,"Blood Glucose Meter, Accu-Chek Guide Link (Diabetes)",BGMETR,,,,,,,,,,,Blood Glucose System,Accu-Chek Guide Link (780G & 770G),,,,,,,,
SHR-2ZM1-KHN-PIQ,Dexcom G6 Continuous Glucose Monitoring Package [SELF PAY],5YF-V4I-C7-A7C47,Blood Glucose Meter (Diabetes),FALSE,ZTJZ-SIK-297Y-KF,,"Blood Glucose Meter, Patient Preference (Diabetes)",BGMETR,,,,,,,,,,,Blood Glucose System,Patient Preference,,,,,,,,
SHR-2ZM1-KHN-PIQ,Dexcom G6 Continuous Glucose Monitoring Package [SELF PAY],JUP-02Z5-81J-254,Dexcom G6 Sensor (Self Pay),TRUE,3N-0FNA-X1X-5SI9,,"Dexcom G6 Sensor, Pack (3)",CGMS,Unit,Each (1),,,,,,,,,,,,,,,,,,
SHR-2ZM1-KHN-PIQ,Dexcom G6 Continuous Glucose Monitoring Package [SELF PAY],K6J-50KQ-31D-2S1,Insulin,FALSE,CK-6GK6-NF3R7-VG,,Insulin,J1817,Type of Insulin,N/A,,,,,,,,,,,,,,,,,,
SHR-2ZM1-KHN-PIQ,Dexcom G6 Continuous Glucose Monitoring Package [SELF PAY],K6J-50KQ-31D-2S1,Insulin,FALSE,CNJ4T-291E-LTI7M,,"Insulin, Lispro, 100 units/mL",J1817,,,,,,,,,,,,,,,,,,,Type of Insulin,Lispro
SHR-2ZM1-KHN-PIQ,Dexcom G6 Continuous Glucose Monitoring Package [SELF PAY],K6J-50KQ-31D-2S1,Insulin,FALSE,U2CU9-4P7PH-LN0F,,"Insulin Lispro, 100 units/mL, dispense 9 10 mL vials every 90 days, use as directed per prescriber via insulin pump, 4 refills",J1817,Type of Insulin,Lispro,,,,,,,,,,,,,,,,,,
SHR-2ZM1-KHN-PIQ,Dexcom G6 Continuous Glucose Monitoring Package [SELF PAY],LFNH-7PEZ7-UA-ZH,Dexcom Adhesive Patches,FALSE,UF-PX-7F-P1-GQB1,,"Dexcom Adhesive Patches, Pack (10)",CGMP,,,Patches Unit,Pack (10),,,,,,,,,,,,,,,,
SHR-2ZM1-KHN-PIQ,Dexcom G6 Continuous Glucose Monitoring Package [SELF PAY],R2Z2D-19-3E4L-YG,Dexcom G6 Transmitter (Self Pay),TRUE,V9-D4B7S-L5B-LS9,,"Dexcom G6 Transmitter, 4 per year",CGMT,Unit,Each (1),,,,,,,,,,,,,,,,,,
SHR-2ZM1-KHN-PIQ,Dexcom G6 Continuous Glucose Monitoring Package [SELF PAY],XTV-6ZL-PQ8F-GEZ,Dexcom G6 Receiver (Self Pay),TRUE,ZVEAJ-7H-FC9F-LN,,Dexcom G6 Receiver,CGMR,Unit,Each (1),,,,,,,,,,,,,,,,,,
SHR-2ZM1-KHN-PIQ,Dexcom G6 Continuous Glucose Monitoring Package [SELF PAY],YTVZ-1X-GY6-VKXS,Blood Glucose Test Strips (Diabetes),FALSE,20-IVHF-GU1-DG3C,,"Blood Glucose Test Strips, Accu-Chek Guide (Diabetes)",BLDSTRP,Blood Glucose System,Accu-Chek Guide Link (780G & 770G),,,,,,,,,,,,,,,,,,
SHR-2ZM1-KHN-PIQ,Dexcom G6 Continuous Glucose Monitoring Package [SELF PAY],YTVZ-1X-GY6-VKXS,Blood Glucose Test Strips (Diabetes),FALSE,9J-VYE-YM-EX-AC9,793449,"Blood Glucose Test Strips, Glucocard Expression (Diabetes)",BLDSTRP,Blood Glucose System,Glucocard Expression,,,,,,,,,,,,,,,,,,
SHR-2ZM1-KHN-PIQ,Dexcom G6 Continuous Glucose Monitoring Package [SELF PAY],YTVZ-1X-GY6-VKXS,Blood Glucose Test Strips (Diabetes),FALSE,BG253-GF5N-K5-CR,,"Blood Glucose Test Strips, Freestyle Precision Neo (Diabetes)",BLDSTRP,,,,,,,,,Blood Glucose System,Freestyle Precision Neo,,,,,,,,,,
SHR-2ZM1-KHN-PIQ,Dexcom G6 Continuous Glucose Monitoring Package [SELF PAY],YTVZ-1X-GY6-VKXS,Blood Glucose Test Strips (Diabetes),FALSE,FRY3U-90H-E1-UXG,,"Blood Glucose Test Strips, Bayer Contour Next (Diabetes)",BLDSTRP,Blood Glucose System,Bayer Contour Next,,,,,,,,,,,,,,,,,,
SHR-2ZM1-KHN-PIQ,Dexcom G6 Continuous Glucose Monitoring Package [SELF PAY],YTVZ-1X-GY6-VKXS,Blood Glucose Test Strips (Diabetes),FALSE,KM-X1B1P-AQ73-J3,,"Blood Glucose Test Strips, Accu-Chek Guide (Diabetes)",BLDSTRP,Blood Glucose System,Accu-Chek Guide,,,,,,,,,,,,,,,,,,
SHR-2ZM1-KHN-PIQ,Dexcom G6 Continuous Glucose Monitoring Package [SELF PAY],YTVZ-1X-GY6-VKXS,Blood Glucose Test Strips (Diabetes),FALSE,LI-6SP-2XK8-Y7M0,,"Blood Glucose Test Strips, Easy Max (Diabetes)",BLDSTRP,,,,,,,Blood Glucose System,Easy Max,,,,,,,,,,,,
SHR-2ZM1-KHN-PIQ,Dexcom G6 Continuous Glucose Monitoring Package [SELF PAY],YTVZ-1X-GY6-VKXS,Blood Glucose Test Strips (Diabetes),FALSE,PHFX3-NFXKM-QF6E,688260,"Blood Glucose Test Strips, Glucocard 01 Sensor Plus (Diabetes)",BLDSTRP,Blood Glucose System,Glucocard 01 Sensor Plus,,,,,,,,,,,,,,,,,,
SHR-2ZM1-KHN-PIQ,Dexcom G6 Continuous Glucose Monitoring Package [SELF PAY],YTVZ-1X-GY6-VKXS,Blood Glucose Test Strips (Diabetes),FALSE,PN0KC-QA5-DGR-7S,,"Blood Glucose Test Strips, Caresense (Diabetes)",BLDSTRP,Blood Glucose System,CareSense,,,,,,,,,,,,,,,,,,
SHR-2ZM1-KHN-PIQ,Dexcom G6 Continuous Glucose Monitoring Package [SELF PAY],YTVZ-1X-GY6-VKXS,Blood Glucose Test Strips (Diabetes),FALSE,Q3E-3YP-0HR8Y-7A,,"Blood Glucose Test Strips, Advocate (Diabetes)",BLDSTRP,Blood Glucose System,Advocate,,,,,,,,,,,,,,,,,,
SHR-2ZM1-KHN-PIQ,Dexcom G6 Continuous Glucose Monitoring Package [SELF PAY],YTVZ-1X-GY6-VKXS,Blood Glucose Test Strips (Diabetes),FALSE,TFNMC-DC-CUTD-41,,"Blood Glucose Test Strips, Contour Next Link (Diabetes)",BLDSTRP,Blood Glucose System,Contour Next Link (630G),,,,,,,,,,,,,,,,,,
SHR-2ZM1-KHN-PIQ,Dexcom G6 Continuous Glucose Monitoring Package [SELF PAY],YTVZ-1X-GY6-VKXS,Blood Glucose Test Strips (Diabetes),FALSE,Z8Y-NM-CJ8U0-GY9,,Blood Glucose Test Strips (Diabetes),BLDSTRP,,,,,,,,,Blood Glucose System,n/a,,,,,,,,,,
ST9-FJYA6-CG-3HZ,"FreeStyle Libre 3 System, Continuous Glucose Monitoring Package",4YEZ-E5-T7HI-D8A,Libre 3 Sensor,TRUE,8L9G-7G-4DQJ-X2Z,72081,"Libre 3 Sensor, change every 14 days",CGMS,CGM System,FreeStyle Libre 3,,,,,,,,,,,,,,,,,,
ST9-FJYA6-CG-3HZ,"FreeStyle Libre 3 System, Continuous Glucose Monitoring Package",4YEZ-E5-T7HI-D8A,Libre 3 Sensor,TRUE,GD-R5LUI-0P9-6PA,,"Libre 3 Sensor, change every 14 days",CGMSRES,,,,,CGM System,FreeStyle Libre 3,,,,,,,,,,,,,,
ST9-FJYA6-CG-3HZ,"FreeStyle Libre 3 System, Continuous Glucose Monitoring Package",4YEZ-E5-T7HI-D8A,Libre 3 Sensor,TRUE,J1IX0-1YSI-B6-ZT,,"Libre 3 Sensor, change every 14 days",A4239,,,,,CGM System,FreeStyle Libre 3,,,,,,,,,,,,,,
ST9-FJYA6-CG-3HZ,"FreeStyle Libre 3 System, Continuous Glucose Monitoring Package",4YEZ-E5-T7HI-D8A,Libre 3 Sensor,TRUE,LS-R38-E6AY-PHIQ,,"Libre 3 Sensor, change every 14 days",A9276,CGM System,FreeStyle Libre 3,,,,,,,,,,,,,,,,,,
ST9-FJYA6-CG-3HZ,"FreeStyle Libre 3 System, Continuous Glucose Monitoring Package",4YEZ-E5-T7HI-D8A,Libre 3 Sensor,TRUE,NA9LV-7F-6YRZ-RQ,,"Libre 3 Sensor, change every 14 days, 6 refills",CGMS,,,,,CGM System,FreeStyle Libre 3,,,,,,,,,,,,,,
ST9-FJYA6-CG-3HZ,"FreeStyle Libre 3 System, Continuous Glucose Monitoring Package",4YEZ-E5-T7HI-D8A,Libre 3 Sensor,TRUE,PYLP-U5C-FKG-D8T,,"Libre 3 Sensor, change every 14 days",CGMS,CGM System,FreeStyle Libre 3,,,,,,,,,,,,,,,,,,
ST9-FJYA6-CG-3HZ,"FreeStyle Libre 3 System, Continuous Glucose Monitoring Package",4YEZ-E5-T7HI-D8A,Libre 3 Sensor,TRUE,URS-CA-7648T-L4H,,A4239 (1 per month/12 per year) / A9276 (30 per month/365 per year) Libre 3 Sensor,CGMS,,,CGM System,FreeStyle Libre 3,,,,,,,,,,,,,,,,
ST9-FJYA6-CG-3HZ,"FreeStyle Libre 3 System, Continuous Glucose Monitoring Package",4YEZ-E5-T7HI-D8A,Libre 3 Sensor,TRUE,UTKX-UL-YVU7U-P2,,"A4239/A9276 Libre 3 Sensor, change every 14 days",CGMS,,,,,CGM System,FreeStyle Libre 3,,,,,,,,,,,,,,
ST9-FJYA6-CG-3HZ,"FreeStyle Libre 3 System, Continuous Glucose Monitoring Package",5YF-V4I-C7-A7C47,Blood Glucose Meter (Diabetes),FALSE,4D-65-0FZ6N-YF50,,"Blood Glucose Meter, Bayer Contour Next (Diabetes)",BGMETR,,,,,,,,,,,,,Blood Glucose System,Bayer Contour Next,,,,,,
ST9-FJYA6-CG-3HZ,"FreeStyle Libre 3 System, Continuous Glucose Monitoring Package",5YF-V4I-C7-A7C47,Blood Glucose Meter (Diabetes),FALSE,5V-6VQM-ZUI-LCZD,,"Blood Glucose Meter, Embrace (Diabetes)",BGMETR,Blood Glucose System,Embrace Talk,,,,,,,,,,,,,,,,,,
ST9-FJYA6-CG-3HZ,"FreeStyle Libre 3 System, Continuous Glucose Monitoring Package",5YF-V4I-C7-A7C47,Blood Glucose Meter (Diabetes),FALSE,8N-DSA-8DH-N15QK,,"Blood Glucose Meter, Easy Max (Diabetes)",BGMETR,,,Blood Glucose System,Easy Max,,,,,,,,,,,,,,,,
ST9-FJYA6-CG-3HZ,"FreeStyle Libre 3 System, Continuous Glucose Monitoring Package",5YF-V4I-C7-A7C47,Blood Glucose Meter (Diabetes),FALSE,E8A5-97-U1H-FCKN,,Blood Glucose Meter (Diabetes),E0607,,,,,,,,,,,,,,,,,Blood Glucose System,n/a,,
ST9-FJYA6-CG-3HZ,"FreeStyle Libre 3 System, Continuous Glucose Monitoring Package",5YF-V4I-C7-A7C47,Blood Glucose Meter (Diabetes),FALSE,EF-Z0-BX8I-Q0-VY,,"Blood Glucose Meter, Advocate (Diabetes)",BGMETR,,,,,,,,,Blood Glucose System,Advocate,,,,,,,,,,
ST9-FJYA6-CG-3HZ,"FreeStyle Libre 3 System, Continuous Glucose Monitoring Package",5YF-V4I-C7-A7C47,Blood Glucose Meter (Diabetes),FALSE,HVN-MY-5Z-P85-G9,,"Blood Glucose Meter, One Touch Verio (Diabetes)",BGMETR,,,,,,,,,,,,,Blood Glucose System,One Touch Verio,,,,,,
ST9-FJYA6-CG-3HZ,"FreeStyle Libre 3 System, Continuous Glucose Monitoring Package",5YF-V4I-C7-A7C47,Blood Glucose Meter (Diabetes),FALSE,IJ-GV6-18Z2-70BX,,"Blood Glucose Meter, Caresense (Diabetes)",BGMETR,,,,,,,,,,,,,,,Blood Glucose System,CareSense,,,,
ST9-FJYA6-CG-3HZ,"FreeStyle Libre 3 System, Continuous Glucose Monitoring Package",5YF-V4I-C7-A7C47,Blood Glucose Meter (Diabetes),FALSE,JL-20Z-MT-Q4-IS8,,"Blood Glucose Meter, Freestyle Precision Neo (Diabetes)",BGMETR,,,,,,,Blood Glucose System,Freestyle Precision Neo,,,,,,,,,,,,
ST9-FJYA6-CG-3HZ,"FreeStyle Libre 3 System, Continuous Glucose Monitoring Package",5YF-V4I-C7-A7C47,Blood Glucose Meter (Diabetes),FALSE,NP5Q-K0-4V5V-QU0,,"Blood Glucose Meter, Contour Next Link (Diabetes)",BGMETR,,,,,,,,,,,Blood Glucose System,Contour Next Link (630G),,,,,,,,
ST9-FJYA6-CG-3HZ,"FreeStyle Libre 3 System, Continuous Glucose Monitoring Package",5YF-V4I-C7-A7C47,Blood Glucose Meter (Diabetes),FALSE,QT1U-R8JI-DF3-1U,,"Blood Glucose Meter, Glucocard 01 Sensor Plus (Diabetes)",BGMETR,,,,,,,Blood Glucose System,Glucocard 01 Sensor Plus,,,,,,,,,,,,
ST9-FJYA6-CG-3HZ,"FreeStyle Libre 3 System, Continuous Glucose Monitoring Package",5YF-V4I-C7-A7C47,Blood Glucose Meter (Diabetes),FALSE,QVHL0-QV2QU-SHTN,,"Blood Glucose Meter, Glucocard Expression (Diabetes)",BGMETR,,,,,,,,,,,,,Blood Glucose System,Glucocard Expression,,,,,,
ST9-FJYA6-CG-3HZ,"FreeStyle Libre 3 System, Continuous Glucose Monitoring Package",5YF-V4I-C7-A7C47,Blood Glucose Meter (Diabetes),FALSE,S8XS-4I3-GQ2-7PG,,"Blood Glucose Meter, CareSense Voice (Diabetes)",BGMETR,,,Blood Glucose System,CareSense Voice,,,,,,,,,,,,,,,,
ST9-FJYA6-CG-3HZ,"FreeStyle Libre 3 System, Continuous Glucose Monitoring Package",5YF-V4I-C7-A7C47,Blood Glucose Meter (Diabetes),FALSE,VLM-2GUL3-QR-MF4,,"Blood Glucose Meter, True Metrix (Diabetes)",BGMETR,,,,,,,,,,,,,Blood Glucose System,True Metrix,,,,,,
ST9-FJYA6-CG-3HZ,"FreeStyle Libre 3 System, Continuous Glucose Monitoring Package",5YF-V4I-C7-A7C47,Blood Glucose Meter (Diabetes),FALSE,YX-9I-3T0-GJ-7K7,,"Blood Glucose Meter, Accu-Chek Guide Link (Diabetes)",BGMETR,,,Blood Glucose System,Accu-Chek Guide Link (780G & 770G),,,,,,,,,,,,,,,,
ST9-FJYA6-CG-3HZ,"FreeStyle Libre 3 System, Continuous Glucose Monitoring Package",5YF-V4I-C7-A7C47,Blood Glucose Meter (Diabetes),FALSE,ZTJZ-SIK-297Y-KF,,"Blood Glucose Meter, Patient Preference (Diabetes)",BGMETR,Blood Glucose System,Patient Preference,,,,,,,,,,,,,,,,,,
ST9-FJYA6-CG-3HZ,"FreeStyle Libre 3 System, Continuous Glucose Monitoring Package",K6J-50KQ-31D-2S1,Insulin,FALSE,CNJ4T-291E-LTI7M,,"Insulin, Lispro, 100 units/mL",J1817,,,,,,,,,,,Type of Insulin,Lispro,,,,,,,,
ST9-FJYA6-CG-3HZ,"FreeStyle Libre 3 System, Continuous Glucose Monitoring Package",K6J-50KQ-31D-2S1,Insulin,FALSE,EG9-LD4-CXFD-JLK,,"Insulin Aspart, 100 units/mL, dispense 9 10 mL vials every 90 days, use as directed per prescriber via insulin pump, 4 refills",J1817,,,Type of Insulin,Aspart,,,,,,,,,,,,,,,,
ST9-FJYA6-CG-3HZ,"FreeStyle Libre 3 System, Continuous Glucose Monitoring Package",YTVZ-1X-GY6-VKXS,Blood Glucose Test Strips (Diabetes),FALSE,20-IVHF-GU1-DG3C,,"Blood Glucose Test Strips, Accu-Chek Guide (Diabetes)",BLDSTRP,,,,,,,Blood Glucose System,Accu-Chek Guide Link (780G & 770G),,,,,,,,,,,,
ST9-FJYA6-CG-3HZ,"FreeStyle Libre 3 System, Continuous Glucose Monitoring Package",YTVZ-1X-GY6-VKXS,Blood Glucose Test Strips (Diabetes),FALSE,FYP0-NTF-PKY9-B6,1159731,"Blood Glucose Test Strips, Embrace (Diabetes)",BLDSTRP,Blood Glucose System,Embrace Talk,,,,,,,,,,,,,,,,,,
ST9-FJYA6-CG-3HZ,"FreeStyle Libre 3 System, Continuous Glucose Monitoring Package",YTVZ-1X-GY6-VKXS,Blood Glucose Test Strips (Diabetes),FALSE,LI-6SP-2XK8-Y7M0,,"Blood Glucose Test Strips, Easy Max (Diabetes)",BLDSTRP,,,,,Blood Glucose System,Easy Max,,,,,,,,,,,,,,
ST9-FJYA6-CG-3HZ,"FreeStyle Libre 3 System, Continuous Glucose Monitoring Package",YTVZ-1X-GY6-VKXS,Blood Glucose Test Strips (Diabetes),FALSE,PN0KC-QA5-DGR-7S,,"Blood Glucose Test Strips, Caresense (Diabetes)",BLDSTRP,,,Blood Glucose System,CareSense,,,,,,,,,,,,,,,,
ST9-FJYA6-CG-3HZ,"FreeStyle Libre 3 System, Continuous Glucose Monitoring Package",YTVZ-1X-GY6-VKXS,Blood Glucose Test Strips (Diabetes),FALSE,T7-73DK-X868-QAB,1060018,"Blood Glucose Test Strips, One Touch Ultra 2 (Diabetes)",BLDSTRP,,,Blood Glucose System,One Touch Ultra 2,,,,,,,,,,,,,,,,
ST9-FJYA6-CG-3HZ,"FreeStyle Libre 3 System, Continuous Glucose Monitoring Package",YTVZ-1X-GY6-VKXS,Blood Glucose Test Strips (Diabetes),FALSE,TFNMC-DC-CUTD-41,,"Blood Glucose Test Strips, Contour Next Link (Diabetes)",BLDSTRP,,,Blood Glucose System,Contour Next Link (630G),,,,,,,,,,,,,,,,
ST9-FJYA6-CG-3HZ,"FreeStyle Libre 3 System, Continuous Glucose Monitoring Package",YTVZ-1X-GY6-VKXS,Blood Glucose Test Strips (Diabetes),FALSE,VALRL-BT1-2KL-LF,960300,"Blood Glucose Test Strips, True Metrix (Diabetes)",BLDSTRP,,,,,Blood Glucose System,True Metrix,,,,,,,,,,,,,,
ST9-FJYA6-CG-3HZ,"FreeStyle Libre 3 System, Continuous Glucose Monitoring Package",YTVZ-1X-GY6-VKXS,Blood Glucose Test Strips (Diabetes),FALSE,XR1C-43-XVE79-2U,939082,"Blood Glucose Test Strips, One Touch Verio (Diabetes)",BLDSTRP,,,,,,,Blood Glucose System,One Touch Verio,,,,,,,,,,,,
ST9-FJYA6-CG-3HZ,"FreeStyle Libre 3 System, Continuous Glucose Monitoring Package",YTVZ-1X-GY6-VKXS,Blood Glucose Test Strips (Diabetes),FALSE,Z8Y-NM-CJ8U0-GY9,,Blood Glucose Test Strips (Diabetes),BLDSTRP,,,,,Blood Glucose System,n/a,,,,,,,,,,,,,,
T3-K2G73-S9M1-P2,FreeStyle Libre 14 Day Reader,CXY-XE-4NI5-A53N,Libre 14 Day Reader,TRUE,5HNM-9FU-JE0P-YK,,No Libre 14 Day Reader,,,,,,Reader/Receiver Included,Not Included,,,,,,,,,,,,,,
T3-K2G73-S9M1-P2,FreeStyle Libre 14 Day Reader,CXY-XE-4NI5-A53N,Libre 14 Day Reader,TRUE,8U5T-QP35K-2K5B5,,"Libre 14 Day Reader, 1 per year",CGMR,,,,,Reader/Receiver Included,Included,,,,,,,,,,,,,,
T3-K2G73-S9M1-P2,FreeStyle Libre 14 Day Reader,CXY-XE-4NI5-A53N,Libre 14 Day Reader,TRUE,LK-M8X79-RPI2-SK,,Libre 14 Day Reader,CGMR,Reader/Receiver Included,Included,,,,,,,,,,,,,,,,,,
T3-K2G73-S9M1-P2,FreeStyle Libre 14 Day Reader,CXY-XE-4NI5-A53N,Libre 14 Day Reader,TRUE,TCL6K-12T4-AM-JF,,E2103/A9278 Libre 14 Day Reader,CGMR,,,Reader/Receiver Included,Included,,,,,,,,,,,,,,,,
TP-MK2-GJZDP-03N,FreeStyle Libre 14 Day System Reader and Sensor,CXY-XE-4NI5-A53N,Libre 14 Day Reader,TRUE,5HNM-9FU-JE0P-YK,,No Libre 14 Day Reader,,Reader/Receiver Included,Not Included,,,,,,,,,,,,,,,,,,
TP-MK2-GJZDP-03N,FreeStyle Libre 14 Day System Reader and Sensor,CXY-XE-4NI5-A53N,Libre 14 Day Reader,TRUE,8U5T-QP35K-2K5B5,,"Libre 14 Day Reader, 1 per year",CGMR,,,Reader/Receiver Included,Included,,,,,,,,,,,,,,,,
TP-MK2-GJZDP-03N,FreeStyle Libre 14 Day System Reader and Sensor,CXY-XE-4NI5-A53N,Libre 14 Day Reader,TRUE,LK-M8X79-RPI2-SK,,Libre 14 Day Reader,CGMR,,,Reader/Receiver Included,Included,,,,,,,,,,,,,,,,
TP-MK2-GJZDP-03N,FreeStyle Libre 14 Day System Reader and Sensor,CXY-XE-4NI5-A53N,Libre 14 Day Reader,TRUE,TCL6K-12T4-AM-JF,,E2103/A9278 Libre 14 Day Reader,CGMR,Reader/Receiver Included,Included,,,,,,,,,,,,,,,,,,
U4-QA-7VIS-2J0AD,Dexcom G7 Sensor Only [MEDICARE/MEDICAID],C7KC-VH-80-KR-U6,Dexcom G7 Sensor (All-in-One),TRUE,0Z5LG-QH0FV-0S0Z,,"Dexcom G7 Sensor (All-in-One), Change Every 10 Days, Pack (1)",A9276,Dexcom G7 Sensors Unit,Pack (1),,,,,,,,,,,,,,,,,,
U4-QA-7VIS-2J0AD,Dexcom G7 Sensor Only [MEDICARE/MEDICAID],C7KC-VH-80-KR-U6,Dexcom G7 Sensor (All-in-One),TRUE,305-K0-YFEYK-598,,"Dexcom G7 Sensor (All-in-One), Change Every 10 Days, Pack (1)",CGMS,Dexcom G7 Sensors Unit,Max Allowable,,,,,,,,,,,,,,,,,,
U4-QA-7VIS-2J0AD,Dexcom G7 Sensor Only [MEDICARE/MEDICAID],C7KC-VH-80-KR-U6,Dexcom G7 Sensor (All-in-One),TRUE,43MFI-IVY-K15-5N,,A9276 Dexcom G7 Sensor (30 per month/365 per year) / A4239 (1 per month/12 per year),CGMS,,,Dexcom G7 Sensors Unit,Max Allowable,,,,,,,,,,,,,,,,
U4-QA-7VIS-2J0AD,Dexcom G7 Sensor Only [MEDICARE/MEDICAID],C7KC-VH-80-KR-U6,Dexcom G7 Sensor (All-in-One),TRUE,5U90Z-T0363-J0US,,"A9276/A9277 Dexcom G7 Sensor (All-in-One), Change Every 10 Days, Pack (1)",CGMS,Dexcom G7 Sensors Unit,Pack (1),,,,,,,,,,,,,,,,,,
U4-QA-7VIS-2J0AD,Dexcom G7 Sensor Only [MEDICARE/MEDICAID],C7KC-VH-80-KR-U6,Dexcom G7 Sensor (All-in-One),TRUE,A0V-QMF2-8GLC-09,,"Dexcom G7 Sensor (All-in-One), Change Every 10 Days, Pack (1)",A4239,,,Dexcom G7 Sensors Unit,Pack (1),,,,,,,,,,,,,,,,
U4-QA-7VIS-2J0AD,Dexcom G7 Sensor Only [MEDICARE/MEDICAID],C7KC-VH-80-KR-U6,Dexcom G7 Sensor (All-in-One),TRUE,AE-F2H-FK6JP-5GX,,"Dexcom G7 Sensor (All-in-One), Change Every 10 Days, Pack (1), 6 refills",CGMS,,,,,,,Dexcom G7 Sensors Unit,Max Allowable,,,,,,,,,,,,
U4-QA-7VIS-2J0AD,Dexcom G7 Sensor Only [MEDICARE/MEDICAID],C7KC-VH-80-KR-U6,Dexcom G7 Sensor (All-in-One),TRUE,AKD-T8-RA27-NBQF,,"Dexcom G7 Sensor (All-in-One), Change Every 10 Days, Pack (1)",A9276,,,Dexcom G7 Sensors Unit,Max Allowable,,,,,,,,,,,,,,,,
U4-QA-7VIS-2J0AD,Dexcom G7 Sensor Only [MEDICARE/MEDICAID],C7KC-VH-80-KR-U6,Dexcom G7 Sensor (All-in-One),TRUE,AS-2H0G-1S7JI-U5,,A4239/K0553 (1 per month/12 per year) Dexcom G7 Sensor,CGMS,,,Dexcom G7 Sensors Unit,Max Allowable,,,,,,,,,,,,,,,,
U4-QA-7VIS-2J0AD,Dexcom G7 Sensor Only [MEDICARE/MEDICAID],C7KC-VH-80-KR-U6,Dexcom G7 Sensor (All-in-One),TRUE,BZE1-9GAC-U3-H6Q,,"Dexcom G7 Sensor (All-in-One), Change Every 10 Days, Pack (1)",CGMS,,,,,Dexcom G7 Sensors Unit,Pack (1),,,,,,,,,,,,,,
U4-QA-7VIS-2J0AD,Dexcom G7 Sensor Only [MEDICARE/MEDICAID],C7KC-VH-80-KR-U6,Dexcom G7 Sensor (All-in-One),TRUE,IUGV-Q698-GQ3-FC,,"Dexcom G7 Sensor, Change Every 10 Days, Pack (1)",CGMS,,,Dexcom G7 Sensors Unit,Max Allowable,,,,,,,,,,,,,,,,
U4-QA-7VIS-2J0AD,Dexcom G7 Sensor Only [MEDICARE/MEDICAID],C7KC-VH-80-KR-U6,Dexcom G7 Sensor (All-in-One),TRUE,JXKP-GT-EQY-HJU0,,"A9276/A9277 Dexcom G7 Sensor (All-in-One), Change Every 10 Days, Pack (1)",CGMS,,,Dexcom G7 Sensors Unit,Max Allowable,,,,,,,,,,,,,,,,
U4-QA-7VIS-2J0AD,Dexcom G7 Sensor Only [MEDICARE/MEDICAID],C7KC-VH-80-KR-U6,Dexcom G7 Sensor (All-in-One),TRUE,JY8B2-LM-UJ-7ZX7,,"A4239/A9276 Dexcom G7 Sensor (All-in-One), Change Every 10 Days, Pack (1)",CGMS,,,,,,,Dexcom G7 Sensors Unit,Max Allowable,,,,,,,,,,,,
U4-QA-7VIS-2J0AD,Dexcom G7 Sensor Only [MEDICARE/MEDICAID],C7KC-VH-80-KR-U6,Dexcom G7 Sensor (All-in-One),TRUE,K09F9-BL6-N9K-DY,,A4239/K0553 (1 per month/12 per year) / A9276 (30 per month/365 per year) Dexcom G7 Sensor,CGMS,Dexcom G7 Sensors Unit,Max Allowable,,,,,,,,,,,,,,,,,,
U4-QA-7VIS-2J0AD,Dexcom G7 Sensor Only [MEDICARE/MEDICAID],C7KC-VH-80-KR-U6,Dexcom G7 Sensor (All-in-One),TRUE,K694-5Y7G-I4N-CH,STPAT011,"A4238/A4239 Dexcom G7 Sensor (All-in-One), Change Every 10 Days, Pack (1)",CGMS,,,Dexcom G7 Sensors Unit,Pack (1),,,,,,,,,,,,,,,,
U4-QA-7VIS-2J0AD,Dexcom G7 Sensor Only [MEDICARE/MEDICAID],C7KC-VH-80-KR-U6,Dexcom G7 Sensor (All-in-One),TRUE,KAG-2GD-3N-6L-12,,"A4238/A4239 Dexcom G7 Sensor (All-in-One), Change Every 10 Days, Pack (1)",CGMS,Dexcom G7 Sensors Unit,Max Allowable,,,,,,,,,,,,,,,,,,
U4-QA-7VIS-2J0AD,Dexcom G7 Sensor Only [MEDICARE/MEDICAID],C7KC-VH-80-KR-U6,Dexcom G7 Sensor (All-in-One),TRUE,UJ3-T96-U0N-R8M4,,"Dexcom G7 Sensor (All-in-One), Change Every 10 Days, Pack (1)",CGMS,Dexcom G7 Sensors Unit,Max Allowable,,,,,,,,,,,,,,,,,,
U4-QA-7VIS-2J0AD,Dexcom G7 Sensor Only [MEDICARE/MEDICAID],C7KC-VH-80-KR-U6,Dexcom G7 Sensor (All-in-One),TRUE,Y5V-IE-1E-FUS-AS,,"Dexcom G7 Sensor (All-in-One), Change Every 10 Days, Pack (1)",A4239,,,Dexcom G7 Sensors Unit,Max Allowable,,,,,,,,,,,,,,,,
V4T3V-SEX-T0B-LT,Eversense Continuous Glucose Monitoring Package,K6J-50KQ-31D-2S1,Insulin,FALSE,EG9-LD4-CXFD-JLK,,"Insulin Aspart, 100 units/mL, dispense 9 10 mL vials every 90 days, use as directed per prescriber via insulin pump, 4 refills",J1817,,,,,,,Type of Insulin,Aspart,,,,,,,,,,,,
X7-U4F58-1IE-NPE,Medtronic Guardian Transmitter [MEDICARE/MEDICAID],JU28-YBT-XI-K54Z,Medtronic Guardian Transmitter,TRUE,614KT-9S-7IC-TLX,,"Medtronic Guardian Transmitter, Day Supply: 365",CGMT,,,CGM Model,n/a,,,,,,,,,,,,,,,,
X7-U4F58-1IE-NPE,Medtronic Guardian Transmitter [MEDICARE/MEDICAID],JU28-YBT-XI-K54Z,Medtronic Guardian Transmitter,TRUE,7D-G0XF-JXY-J1R9,,TEST SKU - DO NOT MAP SUPPLIERS,CGMT,CGM Model,780G,,,,,,,,,,,,,,,,,,
X7-U4F58-1IE-NPE,Medtronic Guardian Transmitter [MEDICARE/MEDICAID],JU28-YBT-XI-K54Z,Medtronic Guardian Transmitter,TRUE,AY-5QRP-9R-H2AT4,,Medtronic Guardian Transmitter 780G,A9277,CGM Model,780G,,,,,,,,,,,,,,,,,,
X7-U4F58-1IE-NPE,Medtronic Guardian Transmitter [MEDICARE/MEDICAID],JU28-YBT-XI-K54Z,Medtronic Guardian Transmitter,TRUE,CQN-3KZ6-LS1-IEN,,Medtronic Guardian Transmitter 770G,CGMT,CGM Model,770G,,,,,,,,,,,,,,,,,,
X7-U4F58-1IE-NPE,Medtronic Guardian Transmitter [MEDICARE/MEDICAID],JU28-YBT-XI-K54Z,Medtronic Guardian Transmitter,TRUE,DIUQ-XHL3-Y8L-CV,,Medtronic Guardian Transmitter 630G/670G,A9277,CGM Model,630G/670G,,,,,,,,,,,,,,,,,,
X7-U4F58-1IE-NPE,Medtronic Guardian Transmitter [MEDICARE/MEDICAID],JU28-YBT-XI-K54Z,Medtronic Guardian Transmitter,TRUE,E6IA4-NI8-G7T-0P,,Medtronic Guardian Transmitter 630G/670G,CGMT,,,CGM Model,630G/670G,,,,,,,,,,,,,,,,
X7-U4F58-1IE-NPE,Medtronic Guardian Transmitter [MEDICARE/MEDICAID],JU28-YBT-XI-K54Z,Medtronic Guardian Transmitter,TRUE,GJ1-K9X-916S-XJ2,,Medtronic Guardian Transmitter,CGMT,CGM Model,n/a,,,,,,,,,,,,,,,,,,
X7-U4F58-1IE-NPE,Medtronic Guardian Transmitter [MEDICARE/MEDICAID],JU28-YBT-XI-K54Z,Medtronic Guardian Transmitter,TRUE,KJAG-ZH3Q-KF-M7B,,Medtronic Guardian 4 Transmitter,CGMT,CGM Model,780G,,,,,,,,,,,,,,,,,,
X7-U4F58-1IE-NPE,Medtronic Guardian Transmitter [MEDICARE/MEDICAID],JU28-YBT-XI-K54Z,Medtronic Guardian Transmitter,TRUE,RI-MFMN4-HBH-RT3,,"Medtronic Guardian Transmitter, 780G, Day Supply: 365",CGMT,CGM Model,780G,,,,,,,,,,,,,,,,,,
X7-U4F58-1IE-NPE,Medtronic Guardian Transmitter [MEDICARE/MEDICAID],JU28-YBT-XI-K54Z,Medtronic Guardian Transmitter,TRUE,S07V-KUC-P14S-2B,,A9277 / E2102 (1 per year) Medtronic Guardian Transmitter,CGMT,CGM Model,n/a,,,,,,,,,,,,,,,,,,
X7-U4F58-1IE-NPE,Medtronic Guardian Transmitter [MEDICARE/MEDICAID],JU28-YBT-XI-K54Z,Medtronic Guardian Transmitter,TRUE,S6K8U-GP-AS5V-ZG,,Medtronic Guardian Transmitter 780G,CGMT,CGM Model,780G,,,,,,,,,,,,,,,,,,
X7-U4F58-1IE-NPE,Medtronic Guardian Transmitter [MEDICARE/MEDICAID],JU28-YBT-XI-K54Z,Medtronic Guardian Transmitter,TRUE,T0ALU-4GU-XZI-SC,,Medtronic Guardian Transmitter 770G,A9277,CGM Model,770G,,,,,,,,,,,,,,,,,,
XRH-8N5-G0E6-91F,Insulin Syringe,EP5-VS6-VIMS-HRM,Insulin Syringe,TRUE,6F-XN-1F-YJ1-QY2,,"Insulin Syringe 0.5 mL, 29G x 1/2 in., 1/EA",A4206,Gauge,29G,Length,1/2 in.,Syringe Size,0.5 mL,,,,,,,,,,,,,,
XRH-8N5-G0E6-91F,Insulin Syringe,EP5-VS6-VIMS-HRM,Insulin Syringe,TRUE,VB-BJ235-TUG6-ND,,"Insulin Syringe 0.5 mL, 30G x 5/16 in., 1/EA",A4206,Gauge,30G,Length,5/16 in.,Syringe Size,0.5 mL,,,,,,,,,,,,,,
Z9P5-AF-10-9SR7K,FreeStyle Libre 2 Plus Sensor Only,R6U8-FR5-UVR-7XL,Libre 2 Plus Sensor,TRUE,2RU3T-6P8L-C4-59,,"A4239/A9276 Libre 2 Plus Sensor, change every 15 days",CGMS,Libre Sensor,Libre 2 Plus Sensor,,,,,,,,,,,,,,,,,,
Z9P5-AF-10-9SR7K,FreeStyle Libre 2 Plus Sensor Only,R6U8-FR5-UVR-7XL,Libre 2 Plus Sensor,TRUE,8TJ6-THL3-5MT-UT,,"Libre 2 Plus Sensor, change every 15 days",A9276,,,Libre Sensor,Libre 2 Plus Sensor,,,,,,,,,,,,,,,,
Z9P5-AF-10-9SR7K,FreeStyle Libre 2 Plus Sensor Only,R6U8-FR5-UVR-7XL,Libre 2 Plus Sensor,TRUE,P63E8-MQ-ACX-PBG,,"Libre 2 Plus Sensor, change every 15 days",A4239,Libre Sensor,Libre 2 Plus Sensor,,,,,,,,,,,,,,,,,,
Z9P5-AF-10-9SR7K,FreeStyle Libre 2 Plus Sensor Only,R6U8-FR5-UVR-7XL,Libre 2 Plus Sensor,TRUE,RBV-HPG-2M6LF-AG,,"Libre 2 Plus Sensor, change every 15 days",CGMS,Libre Sensor,Libre 2 Plus Sensor,,,,,,,,,,,,,,,,,,
