package_external_id,package_name,product_external_id,product_name,product_required,sku_external_id,sku_manufacturer_id,sku_description,sku_hcpcs,attr1_name,attr1_value,attr2_name,attr2_value,attr3_name,attr3_value,attr4_name,attr4_value,attr5_name,attr5_value,attr6_name,attr6_value,attr7_name,attr7_value,attr8_name,attr8_value,attr9_name,attr9_value,attr10_name,attr10_value
0H-LIB-4G-L7-ZT8,3M Medipore H High Adhesion Soft Cloth Surgical Tape,GL-6E-RMQ-8RL-Q8,3M Medipore H High Adhesion Soft Cloth Surgical Tape,true,19-RCR5-V3GN-N1J,2862S,"3M Medipore H High Adhesion Soft Cloth Surgical Tape, 2 in. x 2 yd., Each (1)",A4452,Brand,Medipore H,Dimensions,2 in. x 2 yd.,Manufacturer,3M Healthcare,Tape Material,Cloth,Unit,Each (1),,,,,,,,,,
0H-LIB-4G-L7-ZT8,3M Medipore H High Adhesion Soft Cloth Surgical Tape,GL-6E-RMQ-8RL-Q8,3M Medipore H High Adhesion Soft Cloth Surgical Tape,true,5F-RVU6-N3KAN-TL,2868,"3M Medipore H High Adhesion Soft Cloth Surgical Tape, 8 in. x 10 yd., Box (6)",A4452,Brand,Medipore H,Dimensions,8 in. x 10 yd.,Manufacturer,3M Healthcare,Tape Material,Cloth,Unit,Box (6),,,,,,,,,,
0H-LIB-4G-L7-ZT8,3M Medipore H High Adhesion Soft Cloth Surgical Tape,GL-6E-RMQ-8RL-Q8,3M Medipore H High Adhesion Soft Cloth Surgical Tape,true,7A9FQ-F5-PZ-1D0Z,2868,"3M Medipore H High Adhesion Soft Cloth Surgical Tape, 8 in. x 10 yd., Each (1)",A4452,Brand,Medipore H,Dimensions,8 in. x 10 yd.,Manufacturer,3M Healthcare,Tape Material,Cloth,Unit,Each (1),,,,,,,,,,
0H-LIB-4G-L7-ZT8,3M Medipore H High Adhesion Soft Cloth Surgical Tape,GL-6E-RMQ-8RL-Q8,3M Medipore H High Adhesion Soft Cloth Surgical Tape,true,970-D76P-RBU-R8L,2862,"3M Medipore H High Adhesion Soft Cloth Surgical Tape, 2 in. x 10 yd., Each (1)",A4452,Brand,Medipore H,Dimensions,2 in. x 10 yd.,Manufacturer,3M Healthcare,Tape Material,Cloth,Unit,Each (1),,,,,,,,,,
0H-LIB-4G-L7-ZT8,3M Medipore H High Adhesion Soft Cloth Surgical Tape,GL-6E-RMQ-8RL-Q8,3M Medipore H High Adhesion Soft Cloth Surgical Tape,true,9SR-89KE-LH-9LIU,2864S,"3M Medipore H High Adhesion Soft Cloth Surgical Tape, 4 in. x 2 yd., Each (1)",A4452,Brand,Medipore H,Dimensions,4 in. x 2 yd.,Manufacturer,3M Healthcare,Tape Material,Cloth,Unit,Each (1),,,,,,,,,,
0H-LIB-4G-L7-ZT8,3M Medipore H High Adhesion Soft Cloth Surgical Tape,GL-6E-RMQ-8RL-Q8,3M Medipore H High Adhesion Soft Cloth Surgical Tape,true,AUNSV-LTQ9L-1QES,2864,"3M Medipore H High Adhesion Soft Cloth Surgical Tape, 4 in. x 10 yd., Box (12)",A4452,Brand,Medipore H,Dimensions,4 in. x 10 yd.,Manufacturer,3M Healthcare,Tape Material,Cloth,Unit,Box (12),,,,,,,,,,
0H-LIB-4G-L7-ZT8,3M Medipore H High Adhesion Soft Cloth Surgical Tape,GL-6E-RMQ-8RL-Q8,3M Medipore H High Adhesion Soft Cloth Surgical Tape,true,D2S6-VC-C9QF7-VD,2866,"3M Medipore H High Adhesion Soft Cloth Surgical Tape, 6 in. x 10 yd., Each (1)",A4452,Brand,Medipore H,Dimensions,6 in. x 10 yd.,Manufacturer,3M Healthcare,Tape Material,Cloth,Unit,Each (1),,,,,,,,,,
0H-LIB-4G-L7-ZT8,3M Medipore H High Adhesion Soft Cloth Surgical Tape,GL-6E-RMQ-8RL-Q8,3M Medipore H High Adhesion Soft Cloth Surgical Tape,true,E2-YTY-KC05-PB6S,2861,"3M Medipore H High Adhesion Soft Cloth Surgical Tape, 1 in. x 10 yd., Box (24)",A4452,Brand,Medipore H,Dimensions,1 in. x 10 yd.,Manufacturer,3M Healthcare,Tape Material,Cloth,Unit,Box (24),,,,,,,,,,
0H-LIB-4G-L7-ZT8,3M Medipore H High Adhesion Soft Cloth Surgical Tape,GL-6E-RMQ-8RL-Q8,3M Medipore H High Adhesion Soft Cloth Surgical Tape,true,HUP98-KG-BLP-XYT,2862S,"3M Medipore H High Adhesion Soft Cloth Surgical Tape, 2 in. x 2 yd., Box (48)",A4452,Brand,Medipore H,Dimensions,2 in. x 2 yd.,Manufacturer,3M Healthcare,Tape Material,Cloth,Unit,Box (48),,,,,,,,,,
0H-LIB-4G-L7-ZT8,3M Medipore H High Adhesion Soft Cloth Surgical Tape,GL-6E-RMQ-8RL-Q8,3M Medipore H High Adhesion Soft Cloth Surgical Tape,true,I1BA-S3-C2M8F-NU,2866,"3M Medipore H High Adhesion Soft Cloth Surgical Tape, 6 in. x 10 yd., Box (12)",A4452,Brand,Medipore H,Dimensions,6 in. x 10 yd.,Manufacturer,3M Healthcare,Tape Material,Cloth,Unit,Box (12),,,,,,,,,,
0H-LIB-4G-L7-ZT8,3M Medipore H High Adhesion Soft Cloth Surgical Tape,GL-6E-RMQ-8RL-Q8,3M Medipore H High Adhesion Soft Cloth Surgical Tape,true,I8-JD-VMP-UH-7PK,2866S,"3M Medipore H High Adhesion Soft Cloth Surgical Tape, 6 in. x 2 yd., Box (16)",A4452,Brand,Medipore H,Dimensions,6 in. x 2 yd.,Manufacturer,3M Healthcare,Tape Material,Cloth,Unit,Box (16),,,,,,,,,,
0H-LIB-4G-L7-ZT8,3M Medipore H High Adhesion Soft Cloth Surgical Tape,GL-6E-RMQ-8RL-Q8,3M Medipore H High Adhesion Soft Cloth Surgical Tape,true,JZS-PUI-JCSH-6Y6,2862,"3M Medipore H High Adhesion Soft Cloth Surgical Tape, 2 in. x 10 yd., Box (12)",A4452,Brand,Medipore H,Dimensions,2 in. x 10 yd.,Manufacturer,3M Healthcare,Tape Material,Cloth,Unit,Box (12),,,,,,,,,,
0H-LIB-4G-L7-ZT8,3M Medipore H High Adhesion Soft Cloth Surgical Tape,GL-6E-RMQ-8RL-Q8,3M Medipore H High Adhesion Soft Cloth Surgical Tape,true,K16N-XUJH-H09-U8,2863,"3M Medipore H High Adhesion Soft Cloth Surgical Tape, 3 in. x 10 yd., Each (1)",A4452,Brand,Medipore H,Dimensions,3 in. x 10 yd.,Manufacturer,3M Healthcare,Tape Material,Cloth,Unit,Each (1),,,,,,,,,,
0H-LIB-4G-L7-ZT8,3M Medipore H High Adhesion Soft Cloth Surgical Tape,GL-6E-RMQ-8RL-Q8,3M Medipore H High Adhesion Soft Cloth Surgical Tape,true,M4-VR2U-GZVX6-GR,2861,"3M Medipore H High Adhesion Soft Cloth Surgical Tape, 1 in. x 10 yd., Each (1)",A4452,Brand,Medipore H,Dimensions,1 in. x 10 yd.,Manufacturer,3M Healthcare,Tape Material,Cloth,Unit,Each (1),,,,,,,,,,
0H-LIB-4G-L7-ZT8,3M Medipore H High Adhesion Soft Cloth Surgical Tape,GL-6E-RMQ-8RL-Q8,3M Medipore H High Adhesion Soft Cloth Surgical Tape,true,MS1-Q8Q0-MVGJ-U4,2861,"3M Medipore H High Adhesion Soft Cloth Surgical Tape, 1 in. x 10 yd., Pack (2)",A4452,Brand,Medipore H,Dimensions,1 in. x 10 yd.,Manufacturer,3M Healthcare,Tape Material,Cloth,Unit,Pack (2),,,,,,,,,,
0H-LIB-4G-L7-ZT8,3M Medipore H High Adhesion Soft Cloth Surgical Tape,GL-6E-RMQ-8RL-Q8,3M Medipore H High Adhesion Soft Cloth Surgical Tape,true,NQ-6IUA-8XV6-P7S,2864,"3M Medipore H High Adhesion Soft Cloth Surgical Tape, 4 in. x 10 yd., Each (1)",A4452,Brand,Medipore H,Dimensions,4 in. x 10 yd.,Manufacturer,3M Healthcare,Tape Material,Cloth,Unit,Each (1),,,,,,,,,,
0H-LIB-4G-L7-ZT8,3M Medipore H High Adhesion Soft Cloth Surgical Tape,GL-6E-RMQ-8RL-Q8,3M Medipore H High Adhesion Soft Cloth Surgical Tape,true,QXUF-4P96-AY-CZX,2863,"3M Medipore H High Adhesion Soft Cloth Surgical Tape, 3 in. x 10 yd., Box (12)",A4452,Brand,Medipore H,Dimensions,3 in. x 10 yd.,Manufacturer,3M Healthcare,Tape Material,Cloth,Unit,Box (12),,,,,,,,,,
0H-LIB-4G-L7-ZT8,3M Medipore H High Adhesion Soft Cloth Surgical Tape,GL-6E-RMQ-8RL-Q8,3M Medipore H High Adhesion Soft Cloth Surgical Tape,true,VQ8F-4T-ZQ2T-7CQ,2864S,"3M Medipore H High Adhesion Soft Cloth Surgical Tape, 4 in. x 2 yd., Box (24)",A4452,Brand,Medipore H,Dimensions,4 in. x 2 yd.,Manufacturer,3M Healthcare,Tape Material,Cloth,Unit,Box (24),,,,,,,,,,
0H-LIB-4G-L7-ZT8,3M Medipore H High Adhesion Soft Cloth Surgical Tape,GL-6E-RMQ-8RL-Q8,3M Medipore H High Adhesion Soft Cloth Surgical Tape,true,XVT-PR-PBMAX-R62,2866S,"3M Medipore H High Adhesion Soft Cloth Surgical Tape, 6 in. x 2 yd., Each (1)",A4452,Brand,Medipore H,Dimensions,6 in. x 2 yd.,Manufacturer,3M Healthcare,Tape Material,Cloth,Unit,Each (1),,,,,,,,,,
0N-VRF-EQ-41-MXH,Mepilex Border Sacrum Foam with Border,IGAP2-9XTVA-6LP0,Mepilex Border Sacrum Foam with Border,true,1S69A-EX-58N-M2P,282000,"Mepilex Border Sacrum Foam with Border, 7.2 x 7.2 in. Sacrum, Each (1)",A6213,Adhesive Border,Adhesive Border,Brand,Mepilex Border,Dimensions,7.2 x 7.2 in. Sacrum,Dressing Type,Silicone Foam,Function,Sacral Dressing,Manufacturer,Molnlycke,Unit,Each (1),,,,,,
0N-VRF-EQ-41-MXH,Mepilex Border Sacrum Foam with Border,IGAP2-9XTVA-6LP0,Mepilex Border Sacrum Foam with Border,true,A1BZ-GQ56-D5R-AD,282455,"Mepilex Border Sacrum Foam with Border, 8.7 x 9.8 in. Sacrum, Box (10)",A6213,Adhesive Border,Adhesive Border,Brand,Mepilex Border,Dimensions,8.7 x 9.8 in. Sacrum,Dressing Type,Silicone Foam,Function,Sacral Dressing,Manufacturer,Molnlycke,Unit,Box (10),,,,,,
0N-VRF-EQ-41-MXH,Mepilex Border Sacrum Foam with Border,IGAP2-9XTVA-6LP0,Mepilex Border Sacrum Foam with Border,true,BU17F-JED-XQ-Y2A,282455,"Mepilex Border Sacrum Foam with Border, 8.7 x 9.8 in. Sacrum, Each (1)",A6213,Adhesive Border,Adhesive Border,Brand,Mepilex Border,Dimensions,8.7 x 9.8 in. Sacrum,Dressing Type,Silicone Foam,Function,Sacral Dressing,Manufacturer,Molnlycke,Unit,Each (1),,,,,,
0N-VRF-EQ-41-MXH,Mepilex Border Sacrum Foam with Border,IGAP2-9XTVA-6LP0,Mepilex Border Sacrum Foam with Border,true,P3RN-8DU-0GR-714,282055,"Mepilex Border Sacrum Foam with Border, 6.3 x 7.9 in. Sacrum, Each (1)",A6213,Adhesive Border,Adhesive Border,Brand,Mepilex Border,Dimensions,6.3 x 7.9 in. Sacrum,Dressing Type,Silicone Foam,Function,Sacral Dressing,Manufacturer,Molnlycke,Unit,Each (1),,,,,,
0N-VRF-EQ-41-MXH,Mepilex Border Sacrum Foam with Border,IGAP2-9XTVA-6LP0,Mepilex Border Sacrum Foam with Border,true,S8-30-9SCD-A0IAS,282000,"Mepilex Border Sacrum Foam with Border, 7.2 x 7.2 in. Sacrum, Box (5)",A6213,Adhesive Border,Adhesive Border,Brand,Mepilex Border,Dimensions,7.2 x 7.2 in. Sacrum,Dressing Type,Silicone Foam,Function,Sacral Dressing,Manufacturer,Molnlycke,Unit,Box (5),,,,,,
0N-VRF-EQ-41-MXH,Mepilex Border Sacrum Foam with Border,IGAP2-9XTVA-6LP0,Mepilex Border Sacrum Foam with Border,true,TCNA-HUGR-1Y4-DS,282055,"Mepilex Border Sacrum Foam with Border, 6.3 x 7.9 in. Sacrum, Box (10)",A6213,Adhesive Border,Adhesive Border,Brand,Mepilex Border,Dimensions,6.3 x 7.9 in. Sacrum,Dressing Type,Silicone Foam,Function,Sacral Dressing,Manufacturer,Molnlycke,Unit,Box (10),,,,,,
1F-2T8F-LD-31VPA,Generic Non-Woven Tape,QI5-SGT57-IV-SD7,Generic Non-Woven Tape,true,K4PNH-FDVA-BR1PQ,,"Non-Woven Retention Paper Tape, 3 in. x 11 yd., Each (1)",A4450,Dimensions,3 in. x 11 yd.,Tape Material,Non-Woven Paper,Unit,Each (1 Roll),Waterproof,Semi,,,,,,,,,,,,
1F-2T8F-LD-31VPA,Generic Non-Woven Tape,QI5-SGT57-IV-SD7,Generic Non-Woven Tape,true,SQB-8YAZA-TN6-Y1,,"Non-Woven Retention Paper Tape, 2 in. x 11 yd., Each (1)",A4450,Dimensions,2 in. x 11 yd.,Tape Material,Non-Woven Paper,Unit,Each (1 Roll),Waterproof,Semi,,,,,,,,,,,,
1F-2T8F-LD-31VPA,Generic Non-Woven Tape,QI5-SGT57-IV-SD7,Generic Non-Woven Tape,true,X0C-2PGQ0-VY-D3M,,"Non-Woven Retention Paper Tape, 1 in. x 11 yd., Each (1)",A4450,Dimensions,1 in. x 11 yd.,Tape Material,Non-Woven Paper,Unit,Each (1 Roll),Waterproof,Semi,,,,,,,,,,,,
238-AXJ5G-YU-JB6,Dakin's Solution (Sodium Hypochlorite),6R-5C-RS-PS-9Q9E,Dakin's Solution (Sodium Hypochlorite),true,3BUYF-0BM6-QVZH7,0436094616,"Dakin's Solution (Sodium Hypochlorite), .5 Full strength, 16 oz., Each (1)",A6260,Bottle Volume,16 oz.,Brand,Dakin's Solution,Manufacturer,Century Pharmaceuticals,Solution Strength,.5 Full strength,Unit,Each (1),,,,,,,,,,
238-AXJ5G-YU-JB6,Dakin's Solution (Sodium Hypochlorite),6R-5C-RS-PS-9Q9E,Dakin's Solution (Sodium Hypochlorite),true,KMY7-5Y-XU-P6-VF,0436067216,"Dakin's Solution (Sodium Hypochlorite), .125 Quarter strength, 16 oz., Each (1)",A6260,Bottle Volume,16 oz.,Brand,Dakin's Solution,Manufacturer,Century Pharmaceuticals,Solution Strength,.125 Quarter strength,Unit,Each (1),,,,,,,,,,
238-AXJ5G-YU-JB6,Dakin's Solution (Sodium Hypochlorite),6R-5C-RS-PS-9Q9E,Dakin's Solution (Sodium Hypochlorite),true,L9U-3MI-9DAD9-9N,0436093616,"Dakin's Solution (Sodium Hypochlorite), .25 Half strength, 16 oz., Each (1)",A6260,Bottle Volume,16 oz.,Brand,Dakin's Solution,Manufacturer,Century Pharmaceuticals,Solution Strength,.25 Half strength,Unit,Each (1),,,,,,,,,,
238-AXJ5G-YU-JB6,Dakin's Solution (Sodium Hypochlorite),6R-5C-RS-PS-9Q9E,Dakin's Solution (Sodium Hypochlorite),true,YC-VZI-9D-5D-K61,0436066916,"Dakin's Solution (Sodium Hypochlorite), Di-Dak-Sol .0125 percent strength, 16 oz., Each (1)",A6260,Bottle Volume,16 oz.,Brand,Dakin's Solution,Manufacturer,Century Pharmaceuticals,Solution Strength,Di-Dak-Sol .0125 percent,Unit,Each (1),,,,,,,,,,
2DLJ-TD-8QI-NMJS,Allevyn Life Sacral Foam with Border,QEBMZ-S62VJ-G6YV,Allevyn Life Sacral Foam with Border,true,A3LGA-VZB4-N2BKN,66801307,"Allevyn Life Sacral Foam with Border, 8.5 x 9 in. Sacrum Overall, 6.75 x 4.75 in. Pad, Each (1)",A6213,Adhesive Border,Adhesive Border,Brand,Allevyn Life,Dressing Type,Silicone Foam,Function,Sacral Dressing,Manufacturer,Smith & Nephew,Overall Dressing Dimensions,8.5 x 9 in. Sacrum,Pad Dimensions,6.75 x 4.75 in. Sacrum,Unit,Each (1),,,,
2DLJ-TD-8QI-NMJS,Allevyn Life Sacral Foam with Border,QEBMZ-S62VJ-G6YV,Allevyn Life Sacral Foam with Border,true,CR3Q-PB3-8BH-C3I,66801307,"Allevyn Life Sacral Foam with Border, 8.5 x 9 in. Sacrum Overall, 6.75 x 4.75 in. Pad, Box (10)",A6213,Adhesive Border,Adhesive Border,Brand,Allevyn Life,Dressing Type,Silicone Foam,Function,Sacral Dressing,Manufacturer,Smith & Nephew,Overall Dressing Dimensions,8.5 x 9 in. Sacrum,Pad Dimensions,6.75 x 4.75 in. Sacrum,Unit,Box (10),,,,
2DLJ-TD-8QI-NMJS,Allevyn Life Sacral Foam with Border,QEBMZ-S62VJ-G6YV,Allevyn Life Sacral Foam with Border,true,K1-N5-VKZ-ANB-B3,66801306,"Allevyn Life Sacral Foam with Border, 6.75 x 6.9 in. Sacrum Overall, 3.3 x 4.9 in. Pad, Each (1)",A6212,Adhesive Border,Adhesive Border,Brand,Allevyn Life,Dressing Type,Silicone Foam,Function,Sacral Dressing,Manufacturer,Smith & Nephew,Overall Dressing Dimensions,6.75 x 6.9 in. Sacrum,Pad Dimensions,3.3 x 4.9 in. Sacrum,Unit,Each (1),,,,
2DLJ-TD-8QI-NMJS,Allevyn Life Sacral Foam with Border,QEBMZ-S62VJ-G6YV,Allevyn Life Sacral Foam with Border,true,T3-D1EC-7CKD4-D6,66801306,"Allevyn Life Sacral Foam with Border, 6.75 x 6.9 in. Sacrum Overall, 3.3 x 4.9 in. Pad, Box (10)",A6212,Adhesive Border,Adhesive Border,Brand,Allevyn Life,Dressing Type,Silicone Foam,Function,Sacral Dressing,Manufacturer,Smith & Nephew,Overall Dressing Dimensions,6.75 x 6.9 in. Sacrum,Pad Dimensions,3.3 x 4.9 in. Sacrum,Unit,Box (10),,,,
36P89-MV-KS-VEGP,Drawtex Hydroconductive Wound Dressing,2J-RQ4-X9-KZ-J2E,Drawtex Hydroconductive Wound Dressing,true,3IP2-MAF-GJ4L-F2,00310,"Drawtex Hydroconductive Wound Dressing, 4 x 4 in. Tube Dressing, Each (1)",A6196,Brand,Drawtex,Dimensions,4 x 4 in. Tube Dressing,Dressing Type,Gelling Fiber,Manufacturer,Urgo Medical,Unit,Each (1),,,,,,,,,,
36P89-MV-KS-VEGP,Drawtex Hydroconductive Wound Dressing,2J-RQ4-X9-KZ-J2E,Drawtex Hydroconductive Wound Dressing,true,67TV-U29-BX1A-9L,00306,"Drawtex Hydroconductive Wound Dressing, 4 x 39 in. Roll, Each (1)",A6199,Brand,Drawtex,Dimensions,4 x 39 in. Roll,Dressing Type,Gelling Fiber,Manufacturer,Urgo Medical,Unit,Each (1),,,,,,,,,,
36P89-MV-KS-VEGP,Drawtex Hydroconductive Wound Dressing,2J-RQ4-X9-KZ-J2E,Drawtex Hydroconductive Wound Dressing,true,6X-KXVIM-BP1-R2M,00352,"Drawtex Hydroconductive Wound Dressing, 4 in. x 11.5 ft. Roll, Box (5)",A6199,Brand,Drawtex,Dimensions,4 in. x 11.5 ft. Roll,Dressing Type,Gelling Fiber,Manufacturer,Urgo Medical,Unit,Box (5),,,,,,,,,,
36P89-MV-KS-VEGP,Drawtex Hydroconductive Wound Dressing,2J-RQ4-X9-KZ-J2E,Drawtex Hydroconductive Wound Dressing,true,7C0RH-N04H-B0-AH,00307,"Drawtex Hydroconductive Wound Dressing, 8 x 39 in. Roll, Box (5)",A6199,Brand,Drawtex,Dimensions,8 x 39 in. Roll,Dressing Type,Gelling Fiber,Manufacturer,Urgo Medical,Unit,Box (5),,,,,,,,,,
36P89-MV-KS-VEGP,Drawtex Hydroconductive Wound Dressing,2J-RQ4-X9-KZ-J2E,Drawtex Hydroconductive Wound Dressing,true,7G2-6JK-CFI07-YA,00303,"Drawtex Hydroconductive Wound Dressing, 6 x 8 in., Each (1)",A6197,Brand,Drawtex,Dimensions,6 x 8 in.,Dressing Type,Gelling Fiber,Manufacturer,Urgo Medical,Unit,Each (1),,,,,,,,,,
36P89-MV-KS-VEGP,Drawtex Hydroconductive Wound Dressing,2J-RQ4-X9-KZ-J2E,Drawtex Hydroconductive Wound Dressing,true,7H97-N9FGI-M9-KY,00305,"Drawtex Hydroconductive Wound Dressing, 3.5 x 39 in. Roll, Each (1)",A6199,Brand,Drawtex,Dimensions,3.5 x 39 in. Roll,Dressing Type,Gelling Fiber,Manufacturer,Urgo Medical,Unit,Each (1),,,,,,,,,,
36P89-MV-KS-VEGP,Drawtex Hydroconductive Wound Dressing,2J-RQ4-X9-KZ-J2E,Drawtex Hydroconductive Wound Dressing,true,8H-UJ-8N-M6-UFS9,00321,"Drawtex Hydroconductive Wound Dressing, 3/8 x 18 in. Strip, Box (10)",A6199,Brand,Drawtex,Dimensions,3/8 x 18 in. Strip,Dressing Type,Gelling Fiber,Manufacturer,Urgo Medical,Unit,Box (10),,,,,,,,,,
36P89-MV-KS-VEGP,Drawtex Hydroconductive Wound Dressing,2J-RQ4-X9-KZ-J2E,Drawtex Hydroconductive Wound Dressing,true,ALC4D-V6HUB-CM94,00352,"Drawtex Hydroconductive Wound Dressing, 4 in. x 11.5 ft. Roll, Each (1)",A6199,Brand,Drawtex,Dimensions,4 in. x 11.5 ft. Roll,Dressing Type,Gelling Fiber,Manufacturer,Urgo Medical,Unit,Each (1),,,,,,,,,,
36P89-MV-KS-VEGP,Drawtex Hydroconductive Wound Dressing,2J-RQ4-X9-KZ-J2E,Drawtex Hydroconductive Wound Dressing,true,CH5ZT-P0-1U2-ZGE,00306,"Drawtex Hydroconductive Wound Dressing, 4 x 39 in. Roll, Box (5)",A6199,Brand,Drawtex,Dimensions,4 x 39 in. Roll,Dressing Type,Gelling Fiber,Manufacturer,Urgo Medical,Unit,Box (5),,,,,,,,,,
36P89-MV-KS-VEGP,Drawtex Hydroconductive Wound Dressing,2J-RQ4-X9-KZ-J2E,Drawtex Hydroconductive Wound Dressing,true,DMQ8-A1-7H2DE-MB,00301,"Drawtex Hydroconductive Wound Dressing, 3.5 x 3.5 in., Each (1)",A6196,Brand,Drawtex,Dimensions,3.5 x 3.5 in.,Dressing Type,Gelling Fiber,Manufacturer,Urgo Medical,Unit,Each (1),,,,,,,,,,
36P89-MV-KS-VEGP,Drawtex Hydroconductive Wound Dressing,2J-RQ4-X9-KZ-J2E,Drawtex Hydroconductive Wound Dressing,true,FQ-U76L-Z7CJ1-Z6,00303,"Drawtex Hydroconductive Wound Dressing, 6 x 8 in., Box (10)",A6197,Brand,Drawtex,Dimensions,6 x 8 in.,Dressing Type,Gelling Fiber,Manufacturer,Urgo Medical,Unit,Box (10),,,,,,,,,,
36P89-MV-KS-VEGP,Drawtex Hydroconductive Wound Dressing,2J-RQ4-X9-KZ-J2E,Drawtex Hydroconductive Wound Dressing,true,HXP6-2XCL-7L-IYC,00300,"Drawtex Hydroconductive Wound Dressing, 2 x 2 in., Box (10)",A6196,Brand,Drawtex,Dimensions,2 x 2 in.,Dressing Type,Gelling Fiber,Manufacturer,Urgo Medical,Unit,Box (10),,,,,,,,,,
36P89-MV-KS-VEGP,Drawtex Hydroconductive Wound Dressing,2J-RQ4-X9-KZ-J2E,Drawtex Hydroconductive Wound Dressing,true,LJ-PZ-7KX-7CI-J4,00305,"Drawtex Hydroconductive Wound Dressing, 3.5 x 39 in. Roll, Box (5)",A6199,Brand,Drawtex,Dimensions,3.5 x 39 in. Roll,Dressing Type,Gelling Fiber,Manufacturer,Urgo Medical,Unit,Box (5),,,,,,,,,,
36P89-MV-KS-VEGP,Drawtex Hydroconductive Wound Dressing,2J-RQ4-X9-KZ-J2E,Drawtex Hydroconductive Wound Dressing,true,MPQBI-FNCBM-EA1P,00302,"Drawtex Hydroconductive Wound Dressing, 4 x 4 in., Each (1)",A6196,Brand,Drawtex,Dimensions,4 x 4 in.,Dressing Type,Gelling Fiber,Manufacturer,Urgo Medical,Unit,Each (1),,,,,,,,,,
36P89-MV-KS-VEGP,Drawtex Hydroconductive Wound Dressing,2J-RQ4-X9-KZ-J2E,Drawtex Hydroconductive Wound Dressing,true,N0ZIX-Y0Z-C8Q-PB,00321,"Drawtex Hydroconductive Wound Dressing, 3/8 x 18 in. Strip, Each (1)",A6199,Brand,Drawtex,Dimensions,3/8 x 18 in. Strip,Dressing Type,Gelling Fiber,Manufacturer,Urgo Medical,Unit,Each (1),,,,,,,,,,
36P89-MV-KS-VEGP,Drawtex Hydroconductive Wound Dressing,2J-RQ4-X9-KZ-J2E,Drawtex Hydroconductive Wound Dressing,true,SI-CIJFU-78YG-FA,00301,"Drawtex Hydroconductive Wound Dressing, 3.5 x 3.5 in., Box (10)",A6196,Brand,Drawtex,Dimensions,3.5 x 3.5 in.,Dressing Type,Gelling Fiber,Manufacturer,Urgo Medical,Unit,Box (10),,,,,,,,,,
36P89-MV-KS-VEGP,Drawtex Hydroconductive Wound Dressing,2J-RQ4-X9-KZ-J2E,Drawtex Hydroconductive Wound Dressing,true,UK6I-MN8F4-KZ-C2,00300,"Drawtex Hydroconductive Wound Dressing, 2 x 2 in., Each (1)",A6196,Brand,Drawtex,Dimensions,2 x 2 in.,Dressing Type,Gelling Fiber,Manufacturer,Urgo Medical,Unit,Each (1),,,,,,,,,,
36P89-MV-KS-VEGP,Drawtex Hydroconductive Wound Dressing,2J-RQ4-X9-KZ-J2E,Drawtex Hydroconductive Wound Dressing,true,UM-2ZH63-G2XQ-BU,00304,"Drawtex Hydroconductive Wound Dressing, 8 x 8 in., Each (1)",A6198,Brand,Drawtex,Dimensions,8 x 8 in.,Dressing Type,Gelling Fiber,Manufacturer,Urgo Medical,Unit,Each (1),,,,,,,,,,
36P89-MV-KS-VEGP,Drawtex Hydroconductive Wound Dressing,2J-RQ4-X9-KZ-J2E,Drawtex Hydroconductive Wound Dressing,true,URP-EX93N-T1-572,00307,"Drawtex Hydroconductive Wound Dressing, 8 x 39 in. Roll, Each (1)",A6199,Brand,Drawtex,Dimensions,8 x 39 in. Roll,Dressing Type,Gelling Fiber,Manufacturer,Urgo Medical,Unit,Each (1),,,,,,,,,,
36P89-MV-KS-VEGP,Drawtex Hydroconductive Wound Dressing,2J-RQ4-X9-KZ-J2E,Drawtex Hydroconductive Wound Dressing,true,UZVA-3F-YV-ME-PK,00310,"Drawtex Hydroconductive Wound Dressing, 4 x 4 in. Tube Dressing, Box (10)",A6196,Brand,Drawtex,Dimensions,4 x 4 in. Tube Dressing,Dressing Type,Gelling Fiber,Manufacturer,Urgo Medical,Unit,Box (10),,,,,,,,,,
36P89-MV-KS-VEGP,Drawtex Hydroconductive Wound Dressing,2J-RQ4-X9-KZ-J2E,Drawtex Hydroconductive Wound Dressing,true,XBEP-53S-RU1K-5I,00302,"Drawtex Hydroconductive Wound Dressing, 4 x 4 in., Box (10)",A6196,Brand,Drawtex,Dimensions,4 x 4 in.,Dressing Type,Gelling Fiber,Manufacturer,Urgo Medical,Unit,Box (10),,,,,,,,,,
36P89-MV-KS-VEGP,Drawtex Hydroconductive Wound Dressing,2J-RQ4-X9-KZ-J2E,Drawtex Hydroconductive Wound Dressing,true,YHN-FC-EPY-SMUAQ,00304,"Drawtex Hydroconductive Wound Dressing, 8 x 8 in., Box (10)",A6198,Brand,Drawtex,Dimensions,8 x 8 in.,Dressing Type,Gelling Fiber,Manufacturer,Urgo Medical,Unit,Box (10),,,,,,,,,,
3JGE-9S6Y-DZI-VD,Tubigrip Elastic Tubular Bandage,NMR-QS3-LTRP5-JY,Tubigrip Elastic Tubular Bandage,true,3P8QY-AKP48-UGTG,1449,"Tubigrip Elastic Tubular Bandage, Size B, Beige, 10 m. Roll, Each (1)",A6457,Brand,Tubigrip,Color,Beige,Manufacturer,Molnlycke,Roll Length,10 m.,Size,B (5.7 - 11.4 in.),Unit,Each (1),,,,,,,,
3JGE-9S6Y-DZI-VD,Tubigrip Elastic Tubular Bandage,NMR-QS3-LTRP5-JY,Tubigrip Elastic Tubular Bandage,true,6E9H4-PKV6-IYMPB,1453,"Tubigrip Elastic Tubular Bandage, Size G, Beige, 10 m. Roll, Each (1)",A6457,Brand,Tubigrip,Color,Beige,Manufacturer,Molnlycke,Roll Length,10 m.,Size,G (15.7 - 24.4 in.),Unit,Each (1),,,,,,,,
3JGE-9S6Y-DZI-VD,Tubigrip Elastic Tubular Bandage,NMR-QS3-LTRP5-JY,Tubigrip Elastic Tubular Bandage,true,74R-3LN-SA10Z-XH,1520,"Tubigrip Elastic Tubular Bandage, Size B, Natural, 1 m. Roll, Each (1)",A6457,Brand,Tubigrip,Color,Natural,Manufacturer,Molnlycke,Roll Length,1 m.,Size,B (5.7 - 11.4 in.),Unit,Each (1),,,,,,,,
3JGE-9S6Y-DZI-VD,Tubigrip Elastic Tubular Bandage,NMR-QS3-LTRP5-JY,Tubigrip Elastic Tubular Bandage,true,7BH-3F9-4BQAU-BT,1523,"Tubigrip Elastic Tubular Bandage, Size F, Natural, 1 m. Roll, Each (1)",A6457,Brand,Tubigrip,Color,Natural,Manufacturer,Molnlycke,Roll Length,1 m.,Size,F (13.8 - 20.9 in.),Unit,Each (1),,,,,,,,
3JGE-9S6Y-DZI-VD,Tubigrip Elastic Tubular Bandage,NMR-QS3-LTRP5-JY,Tubigrip Elastic Tubular Bandage,true,B7D-5U70-KH2T-D0,1450,"Tubigrip Elastic Tubular Bandage, Size C, Beige, 10 m. Roll, Each (1)",A6457,Brand,Tubigrip,Color,Beige,Manufacturer,Molnlycke,Roll Length,10 m.,Size,C (8.7 - 13.8 in.),Unit,Each (1),,,,,,,,
3JGE-9S6Y-DZI-VD,Tubigrip Elastic Tubular Bandage,NMR-QS3-LTRP5-JY,Tubigrip Elastic Tubular Bandage,true,BIU-IRL-XMGXV-G1,1438,"Tubigrip Elastic Tubular Bandage, Size F, Natural, 10 m. Roll, Each (1)",A6457,Brand,Tubigrip,Color,Natural,Manufacturer,Molnlycke,Roll Length,10 m.,Size,F (13.8 - 20.9 in.),Unit,Each (1),,,,,,,,
3JGE-9S6Y-DZI-VD,Tubigrip Elastic Tubular Bandage,NMR-QS3-LTRP5-JY,Tubigrip Elastic Tubular Bandage,true,BTBPX-9DT-3EA-YI,1441,"Tubigrip Elastic Tubular Bandage, Size K, Natural, 10 m. Roll, Each (1)",A6457,Brand,Tubigrip,Color,Natural,Manufacturer,Molnlycke,Roll Length,10 m.,Size,K (27.6 - 44.5 in.),Unit,Each (1),,,,,,,,
3JGE-9S6Y-DZI-VD,Tubigrip Elastic Tubular Bandage,NMR-QS3-LTRP5-JY,Tubigrip Elastic Tubular Bandage,true,CJ-U63Y5-6F9-BH0,1436,"Tubigrip Elastic Tubular Bandage, Size B, Natural, 10 m. Roll, Each (1)",A6457,Brand,Tubigrip,Color,Natural,Manufacturer,Molnlycke,Roll Length,10 m.,Size,B (5.7 - 11.4 in.),Unit,Each (1),,,,,,,,
3JGE-9S6Y-DZI-VD,Tubigrip Elastic Tubular Bandage,NMR-QS3-LTRP5-JY,Tubigrip Elastic Tubular Bandage,true,FHK-4Y-3EV-3NBZA,1440,"Tubigrip Elastic Tubular Bandage, Size J, Natural, 10 m. Roll, Each (1)",A6457,Brand,Tubigrip,Color,Natural,Manufacturer,Molnlycke,Roll Length,10 m.,Size,J (21.3 - 32.3 in.),Unit,Each (1),,,,,,,,
3JGE-9S6Y-DZI-VD,Tubigrip Elastic Tubular Bandage,NMR-QS3-LTRP5-JY,Tubigrip Elastic Tubular Bandage,true,GAG5F-B8ZY-S3CHE,1522,"Tubigrip Elastic Tubular Bandage, Size D, Natural, 1 m. Roll, Each (1)",A6457,Brand,Tubigrip,Color,Natural,Manufacturer,Molnlycke,Roll Length,1 m.,Size,D (10.2 - 15.7 in.),Unit,Each (1),,,,,,,,
3JGE-9S6Y-DZI-VD,Tubigrip Elastic Tubular Bandage,NMR-QS3-LTRP5-JY,Tubigrip Elastic Tubular Bandage,true,GEK-DG1-3L-RH-DP,1451,"Tubigrip Elastic Tubular Bandage, Size D, Beige, 10 m. Roll, Each (1)",A6457,Brand,Tubigrip,Color,Beige,Manufacturer,Molnlycke,Roll Length,10 m.,Size,D (10.2 - 15.7 in.),Unit,Each (1),,,,,,,,
3JGE-9S6Y-DZI-VD,Tubigrip Elastic Tubular Bandage,NMR-QS3-LTRP5-JY,Tubigrip Elastic Tubular Bandage,true,J8J-J14X-NVI-LXH,1439,"Tubigrip Elastic Tubular Bandage, Size G, Natural, 10 m. Roll, Each (1)",A6457,Brand,Tubigrip,Color,Natural,Manufacturer,Molnlycke,Roll Length,10 m.,Size,G (15.7 - 24.4 in.),Unit,Each (1),,,,,,,,
3JGE-9S6Y-DZI-VD,Tubigrip Elastic Tubular Bandage,NMR-QS3-LTRP5-JY,Tubigrip Elastic Tubular Bandage,true,L3K4-ZRP-6A4B-78,1435,"Tubigrip Elastic Tubular Bandage, Size A, Natural, 10 m. Roll, Each (1)",A6457,Brand,Tubigrip,Color,Natural,Manufacturer,Molnlycke,Roll Length,10 m.,Size,A (3.9 - 5.7 in.),Unit,Each (1),,,,,,,,
3JGE-9S6Y-DZI-VD,Tubigrip Elastic Tubular Bandage,NMR-QS3-LTRP5-JY,Tubigrip Elastic Tubular Bandage,true,PY-V7-XYNM-DEHCZ,1521,"Tubigrip Elastic Tubular Bandage, Size C, Natural, 1 m. Roll, Each (1)",A6457,Brand,Tubigrip,Color,Natural,Manufacturer,Molnlycke,Roll Length,1 m.,Size,C (8.7 - 13.8 in.),Unit,Each (1),,,,,,,,
3JGE-9S6Y-DZI-VD,Tubigrip Elastic Tubular Bandage,NMR-QS3-LTRP5-JY,Tubigrip Elastic Tubular Bandage,true,QB-JRAQ-A1Q5Z-2A,1443,"Tubigrip Elastic Tubular Bandage, Size C, Natural, 10 m. Roll, Each (1)",A6457,Brand,Tubigrip,Color,Natural,Manufacturer,Molnlycke,Roll Length,10 m.,Size,C (8.7 - 13.8 in.),Unit,Each (1),,,,,,,,
3JGE-9S6Y-DZI-VD,Tubigrip Elastic Tubular Bandage,NMR-QS3-LTRP5-JY,Tubigrip Elastic Tubular Bandage,true,QG94F-F9BA-6R-8Q,1528,"Tubigrip Elastic Tubular Bandage, Size E, Natural, 1 m. Roll, Each (1)",A6457,Brand,Tubigrip,Color,Natural,Manufacturer,Molnlycke,Roll Length,1 m.,Size,E (11.4 - 18.1 in.),Unit,Each (1),,,,,,,,
3JGE-9S6Y-DZI-VD,Tubigrip Elastic Tubular Bandage,NMR-QS3-LTRP5-JY,Tubigrip Elastic Tubular Bandage,true,ULMTX-NMEZ-X7-JG,1434,"Tubigrip Elastic Tubular Bandage, Size E, Natural, 10 m. Roll, Each (1)",A6457,Brand,Tubigrip,Color,Natural,Manufacturer,Molnlycke,Roll Length,10 m.,Size,E (11.4 - 18.1 in.),Unit,Each (1),,,,,,,,
3JGE-9S6Y-DZI-VD,Tubigrip Elastic Tubular Bandage,NMR-QS3-LTRP5-JY,Tubigrip Elastic Tubular Bandage,true,URT-2SEA-FXJ-FC2,1437,"Tubigrip Elastic Tubular Bandage, Size D, Natural, 10 m. Roll, Each (1)",A6457,Brand,Tubigrip,Color,Natural,Manufacturer,Molnlycke,Roll Length,10 m.,Size,D (10.2 - 15.7 in.),Unit,Each (1),,,,,,,,
3JGE-9S6Y-DZI-VD,Tubigrip Elastic Tubular Bandage,NMR-QS3-LTRP5-JY,Tubigrip Elastic Tubular Bandage,true,UVD9-RB-3S087-EC,1442,"Tubigrip Elastic Tubular Bandage, Size L, Natural, 10 m. Roll, Each (1)",A6457,Brand,Tubigrip,Color,Natural,Manufacturer,Molnlycke,Roll Length,10 m.,Size,L (41.7 - 58.7 in.),Unit,Each (1),,,,,,,,
3JGE-9S6Y-DZI-VD,Tubigrip Elastic Tubular Bandage,NMR-QS3-LTRP5-JY,Tubigrip Elastic Tubular Bandage,true,ZAZ-878JP-LV2-7P,1452,"Tubigrip Elastic Tubular Bandage, Size F, Beige, 10 m. Roll, Each (1)",A6457,Brand,Tubigrip,Color,Beige,Manufacturer,Molnlycke,Roll Length,10 m.,Size,F (13.8 - 20.9 in.),Unit,Each (1),,,,,,,,
3JGE-9S6Y-DZI-VD,Tubigrip Elastic Tubular Bandage,NMR-QS3-LTRP5-JY,Tubigrip Elastic Tubular Bandage,true,ZXC-7QH-J3-90-D1,1448,"Tubigrip Elastic Tubular Bandage, Size E, Beige, 10 m. Roll, Each (1)",A6457,Brand,Tubigrip,Color,Beige,Manufacturer,Molnlycke,Roll Length,10 m.,Size,E (11.4 - 18.1 in.),Unit,Each (1),,,,,,,,
3NTGU-8AQ-V4-NI6,Sterile Saline Solution for Irrigation,IIyQUEURl2CKVKPU,Sterile Saline Solution for Irrigation,true,238-IS-T8-IU-LSU,,"Sterile Saline Solution for Irrigation, 0.9% Sodium Chloride, Addipak, Box (100, 3mL vials)",A4216,Brand,Addipak,Container Size,3mL vial,Strength,0.9% Sodium Chloride,Unit,Box (100),,,,,,,,,,,,
3NTGU-8AQ-V4-NI6,Sterile Saline Solution for Irrigation,IIyQUEURl2CKVKPU,Sterile Saline Solution for Irrigation,true,2T5-58P7-XY5-H5R,6281,"Sterline Saline Solution for Irrigation, 0.9% Sodium Chloride, Nurse Assist, Bottle (1000 mL)",A4217,Brand,Nurse Assist,Container Size,Bottle (1000 mL),Strength,0.9% Sodium Chloride,Unit,Each (1),,,,,,,,,,,,
3NTGU-8AQ-V4-NI6,Sterile Saline Solution for Irrigation,IIyQUEURl2CKVKPU,Sterile Saline Solution for Irrigation,true,3I1P-PRG-E1-3MN8,376240,"McKesson Sterile Saline, 100 mL Bottle",A4217,Brand,McKesson,Container Size,Bottle (100 mL),Strength,0.9% Sodium Chloride,Unit,Each (1),,,,,,,,,,,,
3NTGU-8AQ-V4-NI6,Sterile Saline Solution for Irrigation,IIyQUEURl2CKVKPU,Sterile Saline Solution for Irrigation,true,5J-91-QIJSK-X6CU,2F7114,"Sterline Saline Solution for Irrigation, Baxter, Bottle (1000 mL)",A4217,Brand,Baxter,Container Size,Bottle (1000 mL),Strength,n/a,Unit,Each (1),,,,,,,,,,,,
3NTGU-8AQ-V4-NI6,Sterile Saline Solution for Irrigation,IIyQUEURl2CKVKPU,Sterile Saline Solution for Irrigation,true,6A7ZU-C241-2N-13,520001,"Sterile Saline Solution for Irrigation, 0.9% Sodium Chloride, B Braun Medical, Bottle (1 L)",A4217,Brand,B Braun Medical,Container Size,Bottle (1 L),Strength,0.9% Sodium Chloride,Unit,Each (1),,,,,,,,,,,,
3NTGU-8AQ-V4-NI6,Sterile Saline Solution for Irrigation,IIyQUEURl2CKVKPU,Sterile Saline Solution for Irrigation,true,7ERNY-3EL81-ZB2H,,"Sterline Saline Solution for Irrigation, 0.9% Sodium Chloride, Saljet, Bottle (30 mL)",A4216,Brand,Saljet,Container Size,Bottle (30 mL),Strength,0.9% Sodium Chloride,Unit,Each (1),,,,,,,,,,,,
3NTGU-8AQ-V4-NI6,Sterile Saline Solution for Irrigation,IIyQUEURl2CKVKPU,Sterile Saline Solution for Irrigation,true,AJ-L69-6S-3L-5N8,13090,"Saline Solution for Irrigation, 0.9% Sodium Chloride, Saljet, Bottle (30 mL)",A4216,Brand,Saljet,Container Size,Bottle (30 mL),Strength,0.9% Sodium Chloride,Unit,Each (1),,,,,,,,,,,,
3NTGU-8AQ-V4-NI6,Sterile Saline Solution for Irrigation,IIyQUEURl2CKVKPU,Sterile Saline Solution for Irrigation,true,B4-KG-DB-FTX-F28,6240,"Sterile Saline Solution for Irrigation, 0.9% Sodium Chloride, Derma Sciences, Bottle (100 mL)",A4217,Brand,Derma Sciences,Container Size,Bottle (100 mL),Strength,0.9% Sodium Chloride,Unit,Each (1),,,,,,,,,,,,
3NTGU-8AQ-V4-NI6,Sterile Saline Solution for Irrigation,IIyQUEURl2CKVKPU,Sterile Saline Solution for Irrigation,true,B5A-S0-8GF-90I54,2F7123,"Sterline Saline Solution for Irrigation, 0.9% Sodium Chloride, Baxter, Bottle (500 mL)",A4323,Brand,Baxter,Container Size,Bottle (500 mL),Strength,0.9% Sodium Chloride,Unit,Each (1),,,,,,,,,,,,
3NTGU-8AQ-V4-NI6,Sterile Saline Solution for Irrigation,IIyQUEURl2CKVKPU,Sterile Saline Solution for Irrigation,true,C7-Z5L-V8-VY7-NU,6281,"Sterile Saline Solution for Irrigation, 0.9% Sodium Chloride, McKesson, Bottle (1000 mL), Case (6)",A4217,Brand,McKesson,Container Size,Bottle (1000 mL),Strength,0.9% Sodium Chloride,Unit,Case (6),,,,,,,,,,,,
3NTGU-8AQ-V4-NI6,Sterile Saline Solution for Irrigation,IIyQUEURl2CKVKPU,Sterile Saline Solution for Irrigation,true,CL-HRA-VQEX-1HNU,6280,"Sterile Saline Solution for Irrigation, 0.9% Sodium Chloride, Nurse Assist, 500 mL Bottle",A4217,Brand,Nurse Assist,Container Size,Bottle (500 mL),Strength,0.9% Sodium Chloride,Unit,Each (1),,,,,,,,,,,,
3NTGU-8AQ-V4-NI6,Sterile Saline Solution for Irrigation,IIyQUEURl2CKVKPU,Sterile Saline Solution for Irrigation,true,CqHTMHoLQ0e2IAiz,,"Sterile Saline Solution for Irrigation, 0.9% Sodium Chloride, Medline, Bottle (500 mL)",A4649,Brand,Medline,Container Size,Bottle (500 mL),Strength,0.9% Sodium Chloride,Unit,Each (1),,,,,,,,,,,,
3NTGU-8AQ-V4-NI6,Sterile Saline Solution for Irrigation,IIyQUEURl2CKVKPU,Sterile Saline Solution for Irrigation,true,D1C-BLHXS-Y3E-M3,8206,"Sterile Saline Solution for Irrigation, 0.9% Sodium Chloride, B Braun Medical, Bag (3L)",A4217,Brand,B Braun Medical,Container Size,Bag (3L),Strength,0.9% Sodium Chloride,Unit,Each (1),,,,,,,,,,,,
3NTGU-8AQ-V4-NI6,Sterile Saline Solution for Irrigation,IIyQUEURl2CKVKPU,Sterile Saline Solution for Irrigation,true,FN-UVAI-TKV-R4LE,BX5251,"Sterline Saline Solution for Irrigation, 0.9% Sodium Chloride, Baxter, Vial (3 mL)",A4216,Brand,Baxter,Container Size,3mL vial,Strength,0.9% Sodium Chloride,Unit,Each (1),,,,,,,,,,,,
3NTGU-8AQ-V4-NI6,Sterile Saline Solution for Irrigation,IIyQUEURl2CKVKPU,Sterile Saline Solution for Irrigation,true,FP31-I3XQZ-JE-MH,,"Sterile Saline Solution for Irrigation, 0.9% Sodium Chloride, Kendall, Bottle (100mL)",A4217,Brand,Kendall,Container Size,Bottle (100 mL),Strength,0.9% Sodium Chloride,Unit,Each (1),,,,,,,,,,,,
3NTGU-8AQ-V4-NI6,Sterile Saline Solution for Irrigation,IIyQUEURl2CKVKPU,Sterile Saline Solution for Irrigation,true,GT-SZ0I-65SC6-JD,,"Sterile Saline Solution for Irrigation, 0.9% Sodium Chloride, McKesson, Bottle (1000 mL)",A4217,Brand,McKesson,Container Size,Bottle (1000 mL),Strength,0.9% Sodium Chloride,Unit,Each (1),,,,,,,,,,,,
3NTGU-8AQ-V4-NI6,Sterile Saline Solution for Irrigation,IIyQUEURl2CKVKPU,Sterile Saline Solution for Irrigation,true,MFU-XHT4-VP0-PY5,,"Sterile Saline Solution for Irrigation, 0.9% Sodium Chloride, Kendall, Case (48 100mL Bottles)",A4217,Brand,Kendall,Container Size,Bottle (100 mL),Strength,0.9% Sodium Chloride,Unit,Case (48),,,,,,,,,,,,
3NTGU-8AQ-V4-NI6,Sterile Saline Solution for Irrigation,IIyQUEURl2CKVKPU,Sterile Saline Solution for Irrigation,true,MZ8E-TB-LGNXR-4M,13090,"Saline Solution for Irrigation, 0.9% Sodium Chloride, Saljet, Bottle (30 mL)",A4214,Brand,Saljet,Container Size,Bottle (30 mL),Strength,0.9% Sodium Chloride,Unit,Each (1),,,,,,,,,,,,
3NTGU-8AQ-V4-NI6,Sterile Saline Solution for Irrigation,IIyQUEURl2CKVKPU,Sterile Saline Solution for Irrigation,true,N9Y-MHIQ-BR-1Z6A,520101,"Sterline Saline Solution for Irrigation, B. Braun, Bottle (500 mL)",A4217,Brand,B. Braun,Container Size,Bottle (500 mL),Strength,0.9% Sodium Chloride,Unit,Each (1),,,,,,,,,,,,
3NTGU-8AQ-V4-NI6,Sterile Saline Solution for Irrigation,IIyQUEURl2CKVKPU,Sterile Saline Solution for Irrigation,true,NZVC-S3-NXNUV-TY,,"Sterile Saline Solution for Irrigation, 0.9% Sodium Chloride, Medline, Bottle (100 mL)",A4217,Brand,Medline,Container Size,Bottle (100 mL),Strength,0.9% Sodium Chloride,Unit,Each (1),,,,,,,,,,,,
3NTGU-8AQ-V4-NI6,Sterile Saline Solution for Irrigation,IIyQUEURl2CKVKPU,Sterile Saline Solution for Irrigation,true,P9-HU-TVDI8-MKC9,BX2F7124,"Sterline Saline Solution for Irrigation, 0.9% Sodium Chloride, Baxter, Bottle (1000 mL)",A4217,Brand,Baxter,Container Size,Bottle (1000 mL),Strength,0.9% Sodium Chloride,Unit,Each (1),,,,,,,,,,,,
3NTGU-8AQ-V4-NI6,Sterile Saline Solution for Irrigation,IIyQUEURl2CKVKPU,Sterile Saline Solution for Irrigation,true,RNby7NUzfOyYicEU,,"Sterile Saline Solution for Irrigation, 0.9% Sodium Chloride, Medline, Cup (250 mL)",A4216,Brand,Medline,Container Size,Cup (250 mL),Strength,0.9% Sodium Chloride,Unit,Each (1),,,,,,,,,,,,
3NTGU-8AQ-V4-NI6,Sterile Saline Solution for Irrigation,IIyQUEURl2CKVKPU,Sterile Saline Solution for Irrigation,true,RZL-GZ-ST5-EUG9V,NA6240,"Sterile Saline Solution for Irrigation, 0.9% Sodium Chloride, 100 mL Bottle",A4217,Brand,N/A,Container Size,Bottle (100 mL),Strength,0.9% Sodium Chloride,Unit,Each (1),,,,,,,,,,,,
3NTGU-8AQ-V4-NI6,Sterile Saline Solution for Irrigation,IIyQUEURl2CKVKPU,Sterile Saline Solution for Irrigation,true,T7ACX-E8R-V8-48P,BX2F7123,"Baxter Sterile Saline Solution for Irrigation, 0.9% Sodium Chloride, 500 mL Bottle",A4217,Brand,Baxter,Container Size,Bottle (500 mL),Strength,0.9% Sodium Chloride,Unit,Each (1),,,,,,,,,,,,
3NTGU-8AQ-V4-NI6,Sterile Saline Solution for Irrigation,IIyQUEURl2CKVKPU,Sterile Saline Solution for Irrigation,true,VDQ4DPYpPKbQi3Aq,613822,"Sterile Saline Solution for Irrigation, 0.9% Sodium Chloride, Hospira, Bottle (250 mL)",A4216,Brand,Hospira,Container Size,Bottle (250 mL),Strength,0.9% Sodium Chloride,Unit,Each (1),,,,,,,,,,,,
3NTGU-8AQ-V4-NI6,Sterile Saline Solution for Irrigation,IIyQUEURl2CKVKPU,Sterile Saline Solution for Irrigation,true,VI-4K-H2K6-3RB1X,245,"Sterile Saline Solution for Irrigation, 0.9% Sodium Chloride, Safewash, Bottle (210 mL)",A4217,Brand,Safewash,Container Size,Bottle (210 mL),Strength,0.9% Sodium Chloride,Unit,Each (1),,,,,,,,,,,,
3NTGU-8AQ-V4-NI6,Sterile Saline Solution for Irrigation,IIyQUEURl2CKVKPU,Sterile Saline Solution for Irrigation,true,YMK-8YQ8-SL-7BFQ,376240,"Sterile Saline Solution for Irrigation, 0.9% Sodium Chloride, McKesson, Bottle (100 mL)",A4216,Brand,McKesson,Container Size,Bottle (100 mL),Strength,0.9% Sodium Chloride,Unit,Each (1),,,,,,,,,,,,
3NTGU-8AQ-V4-NI6,Sterile Saline Solution for Irrigation,IIyQUEURl2CKVKPU,Sterile Saline Solution for Irrigation,true,v9EPfPkZ6QoTBbpE,713809,"Sterile Saline Solution for Irrigation, 0.9% Sodium Chloride, Hospira, Bottle (1 L)",A4217,Brand,Hospira,Container Size,Bottle (1 L),Strength,0.9% Sodium Chloride,Unit,Each (1),,,,,,,,,,,,
3NTGU-8AQ-V4-NI6,Sterile Saline Solution for Irrigation,IIyQUEURl2CKVKPU,Sterile Saline Solution for Irrigation,true,z2hUIR9F840RMI39,13803,"Sterile Saline Solution for Irrigation, 0.9% Sodium Chloride, Hospira, Bottle (500 mL)",A4217,Brand,Hospira,Container Size,Bottle (500 mL),Strength,0.9% Sodium Chloride,Unit,Each (1),,,,,,,,,,,,
45U-PXV-J4-EKR40,MediChoice Fluff Gauze Bandage Roll,9B-LKY-RVIJ-SBSX,MediChoice Fluff Gauze Bandage Roll,true,06S-VQMI-R27M-A1,GZBN4002,"MediChoice Fluff Gauze Bandage Roll, Non-Sterile, 6-ply, 3.4 in. x 3.6 yd., Case (96)",A6443,Brand,MediChoice,Dimensions,3.4 in. x 3.6 yd.,Dressing Type,Gauze Fluff Rolls,Manufacturer,Owens & Minor's,Ply,6-ply,Sterility,Non-Sterile,Unit,Case (96),,,,,,
45U-PXV-J4-EKR40,MediChoice Fluff Gauze Bandage Roll,9B-LKY-RVIJ-SBSX,MediChoice Fluff Gauze Bandage Roll,true,0E41-P3-68VK1-5Z,GZBN3001,"MediChoice Fluff Gauze Bandage Roll, Sterile, 6-ply, 2.25 in. x 3 yd., Each (1)",A6442,Brand,MediChoice,Dimensions,2.25 in. x 3 yd.,Dressing Type,Gauze Fluff Rolls,Manufacturer,Owens & Minor's,Ply,6-ply,Sterility,Sterile,Unit,Each (1),,,,,,
45U-PXV-J4-EKR40,MediChoice Fluff Gauze Bandage Roll,9B-LKY-RVIJ-SBSX,MediChoice Fluff Gauze Bandage Roll,true,0GEP-275-AD-2S71,GZBN4004,"MediChoice Fluff Gauze Bandage Roll, Non-Sterile, 6-ply, 4.5 in. x 4.1 yd., Box (12)",A6443,Brand,MediChoice,Dimensions,4.5 in. x 4.1 yd.,Dressing Type,Gauze Fluff Rolls,Manufacturer,Owens & Minor's,Ply,6-ply,Sterility,Non-Sterile,Unit,Box (12),,,,,,
45U-PXV-J4-EKR40,MediChoice Fluff Gauze Bandage Roll,9B-LKY-RVIJ-SBSX,MediChoice Fluff Gauze Bandage Roll,true,0RB-IRX-1G2CL-3G,GZBN2001,"MediChoice Fluff Gauze Bandage Roll, Sterile, 3-ply, 2 in. x 4 yd., Bag (12)",A6442,Brand,MediChoice,Dimensions,2 in. x 4 yd.,Dressing Type,Gauze Fluff Rolls,Manufacturer,Owens & Minor's,Ply,3-ply,Sterility,Sterile,Unit,Bag (12),,,,,,
45U-PXV-J4-EKR40,MediChoice Fluff Gauze Bandage Roll,9B-LKY-RVIJ-SBSX,MediChoice Fluff Gauze Bandage Roll,true,1DA4Y-JT-05TA-3K,GZBN2003,"MediChoice Fluff Gauze Bandage Roll, Sterile, 3-ply, 4 in. x 4 yd., Bag (12)",A6443,Brand,MediChoice,Dimensions,4 in. x 4 yd.,Dressing Type,Gauze Fluff Rolls,Manufacturer,Owens & Minor's,Ply,3-ply,Sterility,Sterile,Unit,Bag (12),,,,,,
45U-PXV-J4-EKR40,MediChoice Fluff Gauze Bandage Roll,9B-LKY-RVIJ-SBSX,MediChoice Fluff Gauze Bandage Roll,true,2F-2I8B-ADQC-6T8,GZBN1002,"MediChoice Fluff Gauze Bandage Roll, Sterile, 3-ply, 3 in. x 4 yd., Case (96)",A6443,Brand,MediChoice,Dimensions,3 in. x 4 yd.,Dressing Type,Gauze Fluff Rolls,Manufacturer,Owens & Minor's,Ply,3-ply,Sterility,Sterile,Unit,Case (96),,,,,,
45U-PXV-J4-EKR40,MediChoice Fluff Gauze Bandage Roll,9B-LKY-RVIJ-SBSX,MediChoice Fluff Gauze Bandage Roll,true,6A6-0S5SV-BCZ-R9,GZBN3003,"MediChoice Fluff Gauze Bandage Roll, Sterile, 6-ply, 4.5 in. x 4.1 yd., Each (1)",A6443,Brand,MediChoice,Dimensions,4.5 in. x 4.1 yd.,Dressing Type,Gauze Fluff Rolls,Manufacturer,Owens & Minor's,Ply,6-ply,Sterility,Sterile,Unit,Each (1),,,,,,
45U-PXV-J4-EKR40,MediChoice Fluff Gauze Bandage Roll,9B-LKY-RVIJ-SBSX,MediChoice Fluff Gauze Bandage Roll,true,7B-VS9M-F1-FVCJS,GZBN1002,"MediChoice Fluff Gauze Bandage Roll, Sterile, 3-ply, 3 in. x 4 yd., Each (1)",A6443,Brand,MediChoice,Dimensions,3 in. x 4 yd.,Dressing Type,Gauze Fluff Rolls,Manufacturer,Owens & Minor's,Ply,3-ply,Sterility,Sterile,Unit,Each (1),,,,,,
45U-PXV-J4-EKR40,MediChoice Fluff Gauze Bandage Roll,9B-LKY-RVIJ-SBSX,MediChoice Fluff Gauze Bandage Roll,true,85VR3-3V-ZJ-UAU7,GZBN5001,"MediChoice Fluff Gauze Bandage Roll, Sterile, 8-ply, 4.5 in. x 4.1 yd., Each (1)",A6443,Brand,MediChoice,Dimensions,4.5 in. x 4.1 yd.,Dressing Type,Gauze Fluff Rolls,Manufacturer,Owens & Minor's,Ply,8-ply,Sterility,Sterile,Unit,Each (1),,,,,,
45U-PXV-J4-EKR40,MediChoice Fluff Gauze Bandage Roll,9B-LKY-RVIJ-SBSX,MediChoice Fluff Gauze Bandage Roll,true,A5NC-X1-E42D-3VF,GZBN2002,"MediChoice Fluff Gauze Bandage Roll, Sterile, 3-ply, 3 in. x 4 yd., Bag (12)",A6443,Brand,MediChoice,Dimensions,3 in. x 4 yd.,Dressing Type,Gauze Fluff Rolls,Manufacturer,Owens & Minor's,Ply,3-ply,Sterility,Sterile,Unit,Bag (12),,,,,,
45U-PXV-J4-EKR40,MediChoice Fluff Gauze Bandage Roll,9B-LKY-RVIJ-SBSX,MediChoice Fluff Gauze Bandage Roll,true,AV1-AHG-4Q-E5VZL,GZBN3003,"MediChoice Fluff Gauze Bandage Roll, Sterile, 6-ply, 4.5 in. x 4.1 yd., Case (100)",A6443,Brand,MediChoice,Dimensions,4.5 in. x 4.1 yd.,Dressing Type,Gauze Fluff Rolls,Manufacturer,Owens & Minor's,Ply,6-ply,Sterility,Sterile,Unit,Case (100),,,,,,
45U-PXV-J4-EKR40,MediChoice Fluff Gauze Bandage Roll,9B-LKY-RVIJ-SBSX,MediChoice Fluff Gauze Bandage Roll,true,CFZGF-3QXKL-HMLY,GZBN3002,"MediChoice Fluff Gauze Bandage Roll, Sterile, 6-ply, 3.4 in. x 3.6 yd., Each (1)",A6443,Brand,MediChoice,Dimensions,3.4 in. x 3.6 yd.,Dressing Type,Gauze Fluff Rolls,Manufacturer,Owens & Minor's,Ply,6-ply,Sterility,Sterile,Unit,Each (1),,,,,,
45U-PXV-J4-EKR40,MediChoice Fluff Gauze Bandage Roll,9B-LKY-RVIJ-SBSX,MediChoice Fluff Gauze Bandage Roll,true,D2-SH-XCA2M-PQE4,GZBN1001,"MediChoice Fluff Gauze Bandage Roll, Sterile, 3-ply, 2 in. x 4 yd., Each (1)",A6442,Brand,MediChoice,Dimensions,2 in. x 4 yd.,Dressing Type,Gauze Fluff Rolls,Manufacturer,Owens & Minor's,Ply,3-ply,Sterility,Sterile,Unit,Each (1),,,,,,
45U-PXV-J4-EKR40,MediChoice Fluff Gauze Bandage Roll,9B-LKY-RVIJ-SBSX,MediChoice Fluff Gauze Bandage Roll,true,D41JY-NCJQ3-EMR6,GZBN2004,"MediChoice Fluff Gauze Bandage Roll, Sterile, 3-ply, 6 in. x 4 yd., Bag (6)",A6444,Brand,MediChoice,Dimensions,6 in. x 4 yd.,Dressing Type,Gauze Fluff Rolls,Manufacturer,Owens & Minor's,Ply,3-ply,Sterility,Sterile,Unit,Bag (6),,,,,,
45U-PXV-J4-EKR40,MediChoice Fluff Gauze Bandage Roll,9B-LKY-RVIJ-SBSX,MediChoice Fluff Gauze Bandage Roll,true,E2R-HI6M-60J-F8R,GZBN1004,"MediChoice Fluff Gauze Bandage Roll, Sterile, 3-ply, 6 in. x 4 yd., Each (1)",A6444,Brand,MediChoice,Dimensions,6 in. x 4 yd.,Dressing Type,Gauze Fluff Rolls,Manufacturer,Owens & Minor's,Ply,3-ply,Sterility,Sterile,Unit,Each (1),,,,,,
45U-PXV-J4-EKR40,MediChoice Fluff Gauze Bandage Roll,9B-LKY-RVIJ-SBSX,MediChoice Fluff Gauze Bandage Roll,true,HBQC-PZ-8UK8-D6S,GZBN4004,"MediChoice Fluff Gauze Bandage Roll, Non-Sterile, 6-ply, 4.5 in. x 4.1 yd., Each (1)",A6443,Brand,MediChoice,Dimensions,4.5 in. x 4.1 yd.,Dressing Type,Gauze Fluff Rolls,Manufacturer,Owens & Minor's,Ply,6-ply,Sterility,Non-Sterile,Unit,Each (1),,,,,,
45U-PXV-J4-EKR40,MediChoice Fluff Gauze Bandage Roll,9B-LKY-RVIJ-SBSX,MediChoice Fluff Gauze Bandage Roll,true,JM-RPNJF-71N-S14,GZBN4001,"MediChoice Fluff Gauze Bandage Roll, Non-Sterile, 6-ply, 2.25 in. x 3 yd., Bag (12)",A6442,Brand,MediChoice,Dimensions,2.25 in. x 3 yd.,Dressing Type,Gauze Fluff Rolls,Manufacturer,Owens & Minor's,Ply,6-ply,Sterility,Non-Sterile,Unit,Bag (12),,,,,,
45U-PXV-J4-EKR40,MediChoice Fluff Gauze Bandage Roll,9B-LKY-RVIJ-SBSX,MediChoice Fluff Gauze Bandage Roll,true,NS-VEHLR-DNC-SK1,GZBN1004,"MediChoice Fluff Gauze Bandage Roll, Sterile, 3-ply, 6 in. x 4 yd., Case (48)",A6444,Brand,MediChoice,Dimensions,6 in. x 4 yd.,Dressing Type,Gauze Fluff Rolls,Manufacturer,Owens & Minor's,Ply,3-ply,Sterility,Sterile,Unit,Case (48),,,,,,
45U-PXV-J4-EKR40,MediChoice Fluff Gauze Bandage Roll,9B-LKY-RVIJ-SBSX,MediChoice Fluff Gauze Bandage Roll,true,PSLG-TRI9J-PX-R4,GZBN3001,"MediChoice Fluff Gauze Bandage Roll, Sterile, 6-ply, 2.25 in. x 3 yd., Case (96)",A6442,Brand,MediChoice,Dimensions,2.25 in. x 3 yd.,Dressing Type,Gauze Fluff Rolls,Manufacturer,Owens & Minor's,Ply,6-ply,Sterility,Sterile,Unit,Case (96),,,,,,
45U-PXV-J4-EKR40,MediChoice Fluff Gauze Bandage Roll,9B-LKY-RVIJ-SBSX,MediChoice Fluff Gauze Bandage Roll,true,QDP-8G-1E-MI-DC7,GZBN5001,"MediChoice Fluff Gauze Bandage Roll, Sterile, 8-ply, 4.5 in. x 4.1 yd., Case (100)",A6443,Brand,MediChoice,Dimensions,4.5 in. x 4.1 yd.,Dressing Type,Gauze Fluff Rolls,Manufacturer,Owens & Minor's,Ply,8-ply,Sterility,Sterile,Unit,Case (100),,,,,,
45U-PXV-J4-EKR40,MediChoice Fluff Gauze Bandage Roll,9B-LKY-RVIJ-SBSX,MediChoice Fluff Gauze Bandage Roll,true,RKX0-EFDR-HNM-4R,GZBN1001,"MediChoice Fluff Gauze Bandage Roll, Sterile, 3-ply, 2 in. x 4 yd., Case (96)",A6442,Brand,MediChoice,Dimensions,2 in. x 4 yd.,Dressing Type,Gauze Fluff Rolls,Manufacturer,Owens & Minor's,Ply,3-ply,Sterility,Sterile,Unit,Case (96),,,,,,
45U-PXV-J4-EKR40,MediChoice Fluff Gauze Bandage Roll,9B-LKY-RVIJ-SBSX,MediChoice Fluff Gauze Bandage Roll,true,RUC-IX9HV-RN-3N5,GZBN3002,"MediChoice Fluff Gauze Bandage Roll, Sterile, 6-ply, 3.4 in. x 3.6 yd., Case (96)",A6443,Brand,MediChoice,Dimensions,3.4 in. x 3.6 yd.,Dressing Type,Gauze Fluff Rolls,Manufacturer,Owens & Minor's,Ply,6-ply,Sterility,Sterile,Unit,Case (96),,,,,,
45U-PXV-J4-EKR40,MediChoice Fluff Gauze Bandage Roll,9B-LKY-RVIJ-SBSX,MediChoice Fluff Gauze Bandage Roll,true,XM-7T-NRAF-7B-8T,GZBN4003,"MediChoice Fluff Gauze Bandage Roll, Non-Sterile, 6-ply, 4.5 in. x 4.1 yd., Case (100)",A6443,Brand,MediChoice,Dimensions,4.5 in. x 4.1 yd.,Dressing Type,Gauze Fluff Rolls,Manufacturer,Owens & Minor's,Ply,6-ply,Sterility,Non-Sterile,Unit,Case (100),,,,,,
45U-PXV-J4-EKR40,MediChoice Fluff Gauze Bandage Roll,9B-LKY-RVIJ-SBSX,MediChoice Fluff Gauze Bandage Roll,true,XRU1N-6485-X316V,GZBN1003,"MediChoice Fluff Gauze Bandage Roll, Sterile, 3-ply, 4 in. x 4 yd., Each (1)",A6443,Brand,MediChoice,Dimensions,4 in. x 4 yd.,Dressing Type,Gauze Fluff Rolls,Manufacturer,Owens & Minor's,Ply,3-ply,Sterility,Sterile,Unit,Each (1),,,,,,
45U-PXV-J4-EKR40,MediChoice Fluff Gauze Bandage Roll,9B-LKY-RVIJ-SBSX,MediChoice Fluff Gauze Bandage Roll,true,Y0RUE-H8-94F3-7L,GZBN1003,"MediChoice Fluff Gauze Bandage Roll, Sterile, 3-ply, 4 in. x 4 yd., Case (96)",A6443,Brand,MediChoice,Dimensions,4 in. x 4 yd.,Dressing Type,Gauze Fluff Rolls,Manufacturer,Owens & Minor's,Ply,3-ply,Sterility,Sterile,Unit,Case (96),,,,,,
4Y3-J9Z86-FEG-QH,Mepilex Border Flex Lite Foam Pads with Border,05-JB-R2Z-F4-K4P,Mepilex Border Flex Lite Foam Pads with Border,true,1SM0-XK-B8Y-21DG,581200,"Mepilex Border Flex Lite Foam Pads with Border, 3 x 3 in., Each (1)",A6212,Adhesive Border,Adhesive Border,Brand,Mepilex Border Flex Lite,Dimensions,3 x 3 in.,Dressing Type,Silicone Foam,Manufacturer,Molnlycke,Unit,Each (1),,,,,,,,
4Y3-J9Z86-FEG-QH,Mepilex Border Flex Lite Foam Pads with Border,05-JB-R2Z-F4-K4P,Mepilex Border Flex Lite Foam Pads with Border,true,2IG-RCGHF-ZC-BA1,581200,"Mepilex Border Flex Lite Foam Pads with Border, 3 x 3 in., Box (5)",A6212,Adhesive Border,Adhesive Border,Brand,Mepilex Border Flex Lite,Dimensions,3 x 3 in.,Dressing Type,Silicone Foam,Manufacturer,Molnlycke,Unit,Box (5),,,,,,,,
4Y3-J9Z86-FEG-QH,Mepilex Border Flex Lite Foam Pads with Border,05-JB-R2Z-F4-K4P,Mepilex Border Flex Lite Foam Pads with Border,true,48NUD-3L12-9X-38,581101,"Mepilex Border Flex Lite Foam Pads with Border, 2 x 5 in., Case (65)",A6212,Adhesive Border,Adhesive Border,Brand,Mepilex Border Flex Lite,Dimensions,2 x 5 in.,Dressing Type,Silicone Foam,Manufacturer,Molnlycke,Unit,Case (65),,,,,,,,
4Y3-J9Z86-FEG-QH,Mepilex Border Flex Lite Foam Pads with Border,05-JB-R2Z-F4-K4P,Mepilex Border Flex Lite Foam Pads with Border,true,4E3-GYD-P71U-9MA,581500,"Mepilex Border Flex Lite Foam Pads with Border, 6 x 6 in., Box (5)",A6213,Adhesive Border,Adhesive Border,Brand,Mepilex Border Flex Lite,Dimensions,6 x 6 in.,Dressing Type,Silicone Foam,Manufacturer,Molnlycke,Unit,Box (5),,,,,,,,
4Y3-J9Z86-FEG-QH,Mepilex Border Flex Lite Foam Pads with Border,05-JB-R2Z-F4-K4P,Mepilex Border Flex Lite Foam Pads with Border,true,5Z3UB-YL-8B91-U7,581500,"Mepilex Border Flex Lite Foam Pads with Border, 6 x 6 in., Each (1)",A6213,Adhesive Border,Adhesive Border,Brand,Mepilex Border Flex Lite,Dimensions,6 x 6 in.,Dressing Type,Silicone Foam,Manufacturer,Molnlycke,Unit,Each (1),,,,,,,,
4Y3-J9Z86-FEG-QH,Mepilex Border Flex Lite Foam Pads with Border,05-JB-R2Z-F4-K4P,Mepilex Border Flex Lite Foam Pads with Border,true,KC6GT-7MU9Q-31BS,581011,"Mepilex Border Flex Lite Foam Pads with Border, 1.6 x 2 in., Box (10)",A6212,Adhesive Border,Adhesive Border,Brand,Mepilex Border Flex Lite,Dimensions,1.6 x 2 in.,Dressing Type,Silicone Foam,Manufacturer,Molnlycke,Unit,Box (10),,,,,,,,
4Y3-J9Z86-FEG-QH,Mepilex Border Flex Lite Foam Pads with Border,05-JB-R2Z-F4-K4P,Mepilex Border Flex Lite Foam Pads with Border,true,RF-VRAT-80CKA-0M,581011,"Mepilex Border Flex Lite Foam Pads with Border, 1.6 x 2 in., Each (1)",A6212,Adhesive Border,Adhesive Border,Brand,Mepilex Border Flex Lite,Dimensions,1.6 x 2 in.,Dressing Type,Silicone Foam,Manufacturer,Molnlycke,Unit,Each (1),,,,,,,,
4Y3-J9Z86-FEG-QH,Mepilex Border Flex Lite Foam Pads with Border,05-JB-R2Z-F4-K4P,Mepilex Border Flex Lite Foam Pads with Border,true,UA-9F710-6C4H-05,581300,"Mepilex Border Flex Lite Foam Pads with Border, 4 x 4 in., Box (5)",A6212,Adhesive Border,Adhesive Border,Brand,Mepilex Border Flex Lite,Dimensions,4 x 4 in.,Dressing Type,Silicone Foam,Manufacturer,Molnlycke,Unit,Box (5),,,,,,,,
4Y3-J9Z86-FEG-QH,Mepilex Border Flex Lite Foam Pads with Border,05-JB-R2Z-F4-K4P,Mepilex Border Flex Lite Foam Pads with Border,true,VG-YTPFA-QY2J-89,581101,"Mepilex Border Flex Lite Foam Pads with Border, 2 x 5 in., Each (1)",A6212,Adhesive Border,Adhesive Border,Brand,Mepilex Border Flex Lite,Dimensions,2 x 5 in.,Dressing Type,Silicone Foam,Manufacturer,Molnlycke,Unit,Each (1),,,,,,,,
4Y3-J9Z86-FEG-QH,Mepilex Border Flex Lite Foam Pads with Border,05-JB-R2Z-F4-K4P,Mepilex Border Flex Lite Foam Pads with Border,true,X17SL-3PSL-L8LNL,581300,"Mepilex Border Flex Lite Foam Pads with Border, 4 x 4 in., Each (1)",A6212,Adhesive Border,Adhesive Border,Brand,Mepilex Border Flex Lite,Dimensions,4 x 4 in.,Dressing Type,Silicone Foam,Manufacturer,Molnlycke,Unit,Each (1),,,,,,,,
4Y3-J9Z86-FEG-QH,Mepilex Border Flex Lite Foam Pads with Border,05-JB-R2Z-F4-K4P,Mepilex Border Flex Lite Foam Pads with Border,true,YS-YJ4-81A1Q-PJ4,581101,"Mepilex Border Flex Lite Foam Pads with Border, 2 x 5 in., Box (5)",A6212,Adhesive Border,Adhesive Border,Brand,Mepilex Border Flex Lite,Dimensions,2 x 5 in.,Dressing Type,Silicone Foam,Manufacturer,Molnlycke,Unit,Box (5),,,,,,,,
5VH78-G3-XVGB-EL,Kerlix AMD PHMB Gauze Bandage Roll,7ZGE9-G0B-180-P2,Kerlix AMD PHMB Gauze Bandage Roll,true,IR-15NT-EITLJ-3P,3332,"Kerlix AMD PHMB Gauze Bandage Roll, 4-1/2 in. x 4.1 yd., Soft Pouch, Each (1)",A6266,Brand,Kerlix AMD,Dimensions,4-1/2 in. x 4.1 yd.,Dressing Type,Impregnated Gauze (PHMB),Manufacturer,Cardinal Health,Packaging,Soft Pouch,Unit,Each (1),,,,,,,,
5VH78-G3-XVGB-EL,Kerlix AMD PHMB Gauze Bandage Roll,7ZGE9-G0B-180-P2,Kerlix AMD PHMB Gauze Bandage Roll,true,K2J5B-3I-0U3X-Q2,3331,"Kerlix AMD PHMB Gauze Bandage Roll, 4-1/2 in. x 4.1 yd., Rigid Plastic Tray, Each (1)",A6266,Brand,Kerlix AMD,Dimensions,4-1/2 in. x 4.1 yd.,Dressing Type,Impregnated Gauze (PHMB),Manufacturer,Cardinal Health,Packaging,Rigid Plastic Tray,Unit,Each (1),,,,,,,,
5VH78-G3-XVGB-EL,Kerlix AMD PHMB Gauze Bandage Roll,7ZGE9-G0B-180-P2,Kerlix AMD PHMB Gauze Bandage Roll,true,SCZTA-93-H9-5KIZ,3331,"Kerlix AMD PHMB Gauze Bandage Roll, 4-1/2 in. x 4.1 yd., Rigid Plastic Tray, Case (60)",A6266,Brand,Kerlix AMD,Dimensions,4-1/2 in. x 4.1 yd.,Dressing Type,Impregnated Gauze (PHMB),Manufacturer,Cardinal Health,Packaging,Rigid Plastic Tray,Unit,Case (60),,,,,,,,
5VH78-G3-XVGB-EL,Kerlix AMD PHMB Gauze Bandage Roll,7ZGE9-G0B-180-P2,Kerlix AMD PHMB Gauze Bandage Roll,true,XFJA-6P-D245-CTU,3332,"Kerlix AMD PHMB Gauze Bandage Roll, 4-1/2 in. x 4.1 yd., Soft Pouch, Case (100)",A6266,Brand,Kerlix AMD,Dimensions,4-1/2 in. x 4.1 yd.,Dressing Type,Impregnated Gauze (PHMB),Manufacturer,Cardinal Health,Packaging,Soft Pouch,Unit,Case (100),,,,,,,,
64UM-7Z0Z4-I5SFP,MediChoice All-Purpose NS Non-Woven Gauze Sponge,UPZ-UQBXJ-YPI-IY,MediChoice All-Purpose NS Non-Woven Gauze Sponge,true,5IBZ-C3-ZLC3-VGM,SPNG4502,"MediChoice All-Purpose NS Non-Woven Gauze Sponge, 4-ply, 4 x 4 in., Box (200)",A6216,Brand,MediChoice,Dimensions,4 x 4 in.,Dressing Type,Non-Woven Gauze Sponge,Manufacturer,Owens & Minor's,Ply,4-ply,Sterility,Non-Sterile,Unit,Box (200),,,,,,
64UM-7Z0Z4-I5SFP,MediChoice All-Purpose NS Non-Woven Gauze Sponge,UPZ-UQBXJ-YPI-IY,MediChoice All-Purpose NS Non-Woven Gauze Sponge,true,FI95-P3-R7UZ-VF0,SPNG3501,"MediChoice All-Purpose NS Non-Woven Gauze Sponge, 4-ply, 3 x 3 in., Box (200)",A6216,Brand,MediChoice,Dimensions,3 x 3 in.,Dressing Type,Non-Woven Gauze Sponge,Manufacturer,Owens & Minor's,Ply,4-ply,Sterility,Non-Sterile,Unit,Box (200),,,,,,
64UM-7Z0Z4-I5SFP,MediChoice All-Purpose NS Non-Woven Gauze Sponge,UPZ-UQBXJ-YPI-IY,MediChoice All-Purpose NS Non-Woven Gauze Sponge,true,NR-IH6U2-A7C-RVS,SPNG4501,"MediChoice All-Purpose NS Non-Woven Gauze Sponge, 3-ply, 4 x 4 in., Box (200)",A6216,Brand,MediChoice,Dimensions,4 x 4 in.,Dressing Type,Non-Woven Gauze Sponge,Manufacturer,Owens & Minor's,Ply,3-ply,Sterility,Non-Sterile,Unit,Box (200),,,,,,
64UM-7Z0Z4-I5SFP,MediChoice All-Purpose NS Non-Woven Gauze Sponge,UPZ-UQBXJ-YPI-IY,MediChoice All-Purpose NS Non-Woven Gauze Sponge,true,SQBY-1NB6Z-LG-4V,SPNG2501,"MediChoice All-Purpose NS Non-Woven Gauze Sponge, 3-ply, 2 x 2 in., Box (200)",A6216,Brand,MediChoice,Dimensions,2 x 2 in.,Dressing Type,Non-Woven Gauze Sponge,Manufacturer,Owens & Minor's,Ply,3-ply,Sterility,Non-Sterile,Unit,Box (200),,,,,,
64UM-7Z0Z4-I5SFP,MediChoice All-Purpose NS Non-Woven Gauze Sponge,UPZ-UQBXJ-YPI-IY,MediChoice All-Purpose NS Non-Woven Gauze Sponge,true,VHP-2ES3M-AQ9-M1,SPNG2502,"MediChoice All-Purpose NS Non-Woven Gauze Sponge, 4-ply, 2 x 2 in., Box (200)",A6216,Brand,MediChoice,Dimensions,2 x 2 in.,Dressing Type,Non-Woven Gauze Sponge,Manufacturer,Owens & Minor's,Ply,4-ply,Sterility,Non-Sterile,Unit,Box (200),,,,,,
68ZS-NKFN0-EUVHE,Dukal Xeroform Gauze Dressing,2K-5FK-LG8R-PXYZ,Dukal Xeroform Gauze Dressing,true,BGJS6-7I-98-XJ43,212,"Dukal Xeroform Gauze Dressing, 1 x 8 in., Box (50)",A6222,Dimensions,1 x 8 in.,Dressing Type,Impregnated Gauze (Xeroform Petrolatum),Manufacturer,Dukal,Unit,Box (50),,,,,,,,,,,,
68ZS-NKFN0-EUVHE,Dukal Xeroform Gauze Dressing,2K-5FK-LG8R-PXYZ,Dukal Xeroform Gauze Dressing,true,D4-LNH85-70V-QBQ,216,"Dukal Xeroform Gauze Dressing, 4 in. x 3 yd., Box (6)",A6266,Dimensions,4 in. x 3 yd.,Dressing Type,Impregnated Gauze (Xeroform Petrolatum),Manufacturer,Dukal,Unit,Box (6),,,,,,,,,,,,
68ZS-NKFN0-EUVHE,Dukal Xeroform Gauze Dressing,2K-5FK-LG8R-PXYZ,Dukal Xeroform Gauze Dressing,true,DR-EV2Z-JIJBT-BP,214,"Dukal Xeroform Gauze Dressing, 2 x 2 in., Box (25)",A6222,Dimensions,2 x 2 in.,Dressing Type,Impregnated Gauze (Xeroform Petrolatum),Manufacturer,Dukal,Unit,Box (25),,,,,,,,,,,,
68ZS-NKFN0-EUVHE,Dukal Xeroform Gauze Dressing,2K-5FK-LG8R-PXYZ,Dukal Xeroform Gauze Dressing,true,FCL7-6I-XVI2P-DX,212,"Dukal Xeroform Gauze Dressing, 1 x 8 in., Each (1)",A6222,Dimensions,1 x 8 in.,Dressing Type,Impregnated Gauze (Xeroform Petrolatum),Manufacturer,Dukal,Unit,Each (1),,,,,,,,,,,,
68ZS-NKFN0-EUVHE,Dukal Xeroform Gauze Dressing,2K-5FK-LG8R-PXYZ,Dukal Xeroform Gauze Dressing,true,MEHAM-1ED-YQS-MP,215,"Dukal Xeroform Gauze Dressing, 4 x 4 in., Box (25)",A6222,Dimensions,4 x 4 in.,Dressing Type,Impregnated Gauze (Xeroform Petrolatum),Manufacturer,Dukal,Unit,Box (25),,,,,,,,,,,,
68ZS-NKFN0-EUVHE,Dukal Xeroform Gauze Dressing,2K-5FK-LG8R-PXYZ,Dukal Xeroform Gauze Dressing,true,Q8-GRXD-EUCU9-3F,214,"Dukal Xeroform Gauze Dressing, 2 x 2 in., Each (1)",A6222,Dimensions,2 x 2 in.,Dressing Type,Impregnated Gauze (Xeroform Petrolatum),Manufacturer,Dukal,Unit,Each (1),,,,,,,,,,,,
68ZS-NKFN0-EUVHE,Dukal Xeroform Gauze Dressing,2K-5FK-LG8R-PXYZ,Dukal Xeroform Gauze Dressing,true,R1E2Y-K2M6D-PKH2,213,"Dukal Xeroform Gauze Dressing, 5 x 9 in., Each (1)",A6223,Dimensions,5 x 9 in.,Dressing Type,Impregnated Gauze (Xeroform Petrolatum),Manufacturer,Dukal,Unit,Each (1),,,,,,,,,,,,
68ZS-NKFN0-EUVHE,Dukal Xeroform Gauze Dressing,2K-5FK-LG8R-PXYZ,Dukal Xeroform Gauze Dressing,true,X5Y-12BG-QMYC-C8,215,"Dukal Xeroform Gauze Dressing, 4 x 4 in., Each (1)",A6222,Dimensions,4 x 4 in.,Dressing Type,Impregnated Gauze (Xeroform Petrolatum),Manufacturer,Dukal,Unit,Each (1),,,,,,,,,,,,
68ZS-NKFN0-EUVHE,Dukal Xeroform Gauze Dressing,2K-5FK-LG8R-PXYZ,Dukal Xeroform Gauze Dressing,true,X7R-1F2-ASH-IMXN,213,"Dukal Xeroform Gauze Dressing, 5 x 9 in., Box (50)",A6223,Dimensions,5 x 9 in.,Dressing Type,Impregnated Gauze (Xeroform Petrolatum),Manufacturer,Dukal,Unit,Box (50),,,,,,,,,,,,
68ZS-NKFN0-EUVHE,Dukal Xeroform Gauze Dressing,2K-5FK-LG8R-PXYZ,Dukal Xeroform Gauze Dressing,true,Y8PJ1-04-SJYX-GQ,216,"Dukal Xeroform Gauze Dressing, 4 in. x 3 yd., Each (1)",A6266,Dimensions,4 in. x 3 yd.,Dressing Type,Impregnated Gauze (Xeroform Petrolatum),Manufacturer,Dukal,Unit,Each (1),,,,,,,,,,,,
6T-UJ-49A-GIS-G3,3M Coban Self-Adherent Wrap,6A8-I6V67-L1J-1A,3M Coban Self-Adherent Wrap,true,0EAPL-5P-6NJ5-VH,2084C,"3M Coban Self-Adherent Wrap, Non-Sterile, Latex Free, 4 in. x 5 yd., Brights Pack, Case (18)",A6454,Brand,Coban,Color,Brights Pack,Dimensions,4 in. x 5 yd.,Latex,Latex Free,Manufacturer,3M Healthcare,Sterility,Non-Sterile,Unit,Case (18),,,,,,
6T-UJ-49A-GIS-G3,3M Coban Self-Adherent Wrap,6A8-I6V67-L1J-1A,3M Coban Self-Adherent Wrap,true,0L-QF56R-DKPZ-4X,2084,"3M Coban Self-Adherent Wrap, Non-Sterile, Latex Free, 4 in. x 5 yd., Tan, Each (1)",A6454,Brand,Coban,Color,Tan,Dimensions,4 in. x 5 yd.,Latex,Latex Free,Manufacturer,3M Healthcare,Sterility,Non-Sterile,Unit,Each (1),,,,,,
6T-UJ-49A-GIS-G3,3M Coban Self-Adherent Wrap,6A8-I6V67-L1J-1A,3M Coban Self-Adherent Wrap,true,2YIM4-JLP-TR-T84,1583G,"3M Coban Self-Adherent Wrap, Non-Sterile, Contains Latex, 3 in. x 5 yd., Green, Each (1)",A6454,Brand,Coban,Color,Green,Dimensions,3 in. x 5 yd.,Latex,Contains Latex,Manufacturer,3M Healthcare,Sterility,Non-Sterile,Unit,Each (1),,,,,,
6T-UJ-49A-GIS-G3,3M Coban Self-Adherent Wrap,6A8-I6V67-L1J-1A,3M Coban Self-Adherent Wrap,true,32-TLE-3X-83-HDA,2082,"3M Coban Self-Adherent Wrap, Non-Sterile, Latex Free, 2 in. x 5 yd., Tan, Case (36)",A6453,Brand,Coban,Color,Tan,Dimensions,2 in. x 5 yd.,Latex,Latex Free,Manufacturer,3M Healthcare,Sterility,Non-Sterile,Unit,Case (36),,,,,,
6T-UJ-49A-GIS-G3,3M Coban Self-Adherent Wrap,6A8-I6V67-L1J-1A,3M Coban Self-Adherent Wrap,true,4KL-1C-PE63-FZ3A,1584B,"3M Coban Self-Adherent Wrap, Non-Sterile, Contains Latex, 4 in. x 5 yd., Blue, Each (1)",A6454,Brand,Coban,Color,Blue,Dimensions,4 in. x 5 yd.,Latex,Contains Latex,Manufacturer,3M Healthcare,Sterility,Non-Sterile,Unit,Each (1),,,,,,
6T-UJ-49A-GIS-G3,3M Coban Self-Adherent Wrap,6A8-I6V67-L1J-1A,3M Coban Self-Adherent Wrap,true,4P4-5LM-A2-206KF,1583B,"3M Coban Self-Adherent Wrap, Non-Sterile, Contains Latex, 3 in. x 5 yd., Blue, Case (24)",A6454,Brand,Coban,Color,Blue,Dimensions,3 in. x 5 yd.,Latex,Contains Latex,Manufacturer,3M Healthcare,Sterility,Non-Sterile,Unit,Case (24),,,,,,
6T-UJ-49A-GIS-G3,3M Coban Self-Adherent Wrap,6A8-I6V67-L1J-1A,3M Coban Self-Adherent Wrap,true,53I-EM-QTEY-1BJR,1584,"3M Coban Self-Adherent Wrap, Non-Sterile, Contains Latex, 4 in. x 5 yd., Tan, Each (1)",A6454,Brand,Coban,Color,Tan,Dimensions,4 in. x 5 yd.,Latex,Contains Latex,Manufacturer,3M Healthcare,Sterility,Non-Sterile,Unit,Each (1),,,,,,
6T-UJ-49A-GIS-G3,3M Coban Self-Adherent Wrap,6A8-I6V67-L1J-1A,3M Coban Self-Adherent Wrap,true,5SVD-5D4-IF-CKYA,1583G,"3M Coban Self-Adherent Wrap, Non-Sterile, Contains Latex, 3 in. x 5 yd., Green, Case (24)",A6454,Brand,Coban,Color,Green,Dimensions,3 in. x 5 yd.,Latex,Contains Latex,Manufacturer,3M Healthcare,Sterility,Non-Sterile,Unit,Case (24),,,,,,
6T-UJ-49A-GIS-G3,3M Coban Self-Adherent Wrap,6A8-I6V67-L1J-1A,3M Coban Self-Adherent Wrap,true,5U-A6H9-G5T-15IX,1583S,"3M Coban Sterile Self-Adherent Wrap, Contains Latex, 3 in. x 5 yd., Case (24)",A6454,Brand,Coban,Color,Tan,Dimensions,3 in. x 5 yd.,Latex,Contains Latex,Manufacturer,3M Healthcare,Sterility,Sterile,Unit,Case (24),,,,,,
6T-UJ-49A-GIS-G3,3M Coban Self-Adherent Wrap,6A8-I6V67-L1J-1A,3M Coban Self-Adherent Wrap,true,5Y-XGP0-9MLIL-GR,2084S,"3M Coban Sterile Self-Adherent Wrap, Latex Free, 4 in. x 5 yd., Case (18)",A6454,Brand,Coban,Color,Tan,Dimensions,4 in. x 5 yd.,Latex,Latex Free,Manufacturer,3M Healthcare,Sterility,Sterile,Unit,Case (18),,,,,,
6T-UJ-49A-GIS-G3,3M Coban Self-Adherent Wrap,6A8-I6V67-L1J-1A,3M Coban Self-Adherent Wrap,true,5YBA-NGL-AF3J-MZ,2083S,"3M Coban Sterile Self-Adherent Wrap, Latex Free, 3 in. x 5 yd., Each (1)",A6454,Brand,Coban,Color,Tan,Dimensions,3 in. x 5 yd.,Latex,Latex Free,Manufacturer,3M Healthcare,Sterility,Sterile,Unit,Each (1),,,,,,
6T-UJ-49A-GIS-G3,3M Coban Self-Adherent Wrap,6A8-I6V67-L1J-1A,3M Coban Self-Adherent Wrap,true,6CR8L-9X75-3VYIN,1584B,"3M Coban Self-Adherent Wrap, Non-Sterile, Contains Latex, 4 in. x 5 yd., Blue, Case (18)",A6454,Brand,Coban,Color,Blue,Dimensions,4 in. x 5 yd.,Latex,Contains Latex,Manufacturer,3M Healthcare,Sterility,Non-Sterile,Unit,Case (18),,,,,,
6T-UJ-49A-GIS-G3,3M Coban Self-Adherent Wrap,6A8-I6V67-L1J-1A,3M Coban Self-Adherent Wrap,true,6X6X7-RB8KB-2LI4,2084,"3M Coban Self-Adherent Wrap, Non-Sterile, Latex Free, 4 in. x 5 yd., Tan, Case (18)",A6454,Brand,Coban,Color,Tan,Dimensions,4 in. x 5 yd.,Latex,Latex Free,Manufacturer,3M Healthcare,Sterility,Non-Sterile,Unit,Case (18),,,,,,
6T-UJ-49A-GIS-G3,3M Coban Self-Adherent Wrap,6A8-I6V67-L1J-1A,3M Coban Self-Adherent Wrap,true,6YS1U-DEA-J1-JLR,1583B,"3M Coban Self-Adherent Wrap, Non-Sterile, Contains Latex, 3 in. x 5 yd., Blue, Each (1)",A6454,Brand,Coban,Color,Blue,Dimensions,3 in. x 5 yd.,Latex,Contains Latex,Manufacturer,3M Healthcare,Sterility,Non-Sterile,Unit,Each (1),,,,,,
6T-UJ-49A-GIS-G3,3M Coban Self-Adherent Wrap,6A8-I6V67-L1J-1A,3M Coban Self-Adherent Wrap,true,7RZ-SY7C-HA2-I8Z,1581,"3M Coban Self-Adherent Wrap, Non-Sterile, Contains Latex, 1 in. x 5 yd., Tan, Case (30)",A6453,Brand,Coban,Color,Tan,Dimensions,1 in. x 5 yd.,Latex,Contains Latex,Manufacturer,3M Healthcare,Sterility,Non-Sterile,Unit,Case (30),,,,,,
6T-UJ-49A-GIS-G3,3M Coban Self-Adherent Wrap,6A8-I6V67-L1J-1A,3M Coban Self-Adherent Wrap,true,7VJ3-8CMP-EA-8HG,2086S,"3M Coban Sterile Self-Adherent Wrap, Latex Free, 6 in. x 5 yd., Case (12)",A6455,Brand,Coban,Color,Tan,Dimensions,6 in. x 5 yd.,Latex,Latex Free,Manufacturer,3M Healthcare,Sterility,Sterile,Unit,Case (12),,,,,,
6T-UJ-49A-GIS-G3,3M Coban Self-Adherent Wrap,6A8-I6V67-L1J-1A,3M Coban Self-Adherent Wrap,true,7XKAG-Y8F6-SN-25,2084L,"3M Coban Self-Adherent Wrap, Non-Sterile, Latex Free, 4 in. x 6.5 yd., Tan, Case (18)",A6454,Brand,Coban,Color,Tan,Dimensions,4 in. x 6.5 yd.,Latex,Latex Free,Manufacturer,3M Healthcare,Sterility,Non-Sterile,Unit,Case (18),,,,,,
6T-UJ-49A-GIS-G3,3M Coban Self-Adherent Wrap,6A8-I6V67-L1J-1A,3M Coban Self-Adherent Wrap,true,85-HNR-4FDA3-CYX,1581B,"3M Coban Self-Adherent Wrap, Non-Sterile, Contains Latex, 1 in. x 5 yd., Blue, Case (30)",A6453,Brand,Coban,Color,Blue,Dimensions,1 in. x 5 yd.,Latex,Contains Latex,Manufacturer,3M Healthcare,Sterility,Non-Sterile,Unit,Case (30),,,,,,
6T-UJ-49A-GIS-G3,3M Coban Self-Adherent Wrap,6A8-I6V67-L1J-1A,3M Coban Self-Adherent Wrap,true,8C2CF-65-DAIM-0C,1583R,"3M Coban Self-Adherent Wrap, Non-Sterile, Contains Latex, 3 in. x 5 yd., Red, Case (24)",A6454,Brand,Coban,Color,Red,Dimensions,3 in. x 5 yd.,Latex,Contains Latex,Manufacturer,3M Healthcare,Sterility,Non-Sterile,Unit,Case (24),,,,,,
6T-UJ-49A-GIS-G3,3M Coban Self-Adherent Wrap,6A8-I6V67-L1J-1A,3M Coban Self-Adherent Wrap,true,9467G-0Q-FED3-9X,1583N,"3M Coban Self-Adherent Wrap, Non-Sterile, Contains Latex, 3 in. x 5 yd., Neon Pack, Pack (12)",A6454,Brand,Coban,Color,Neon Pack,Dimensions,3 in. x 5 yd.,Latex,Contains Latex,Manufacturer,3M Healthcare,Sterility,Non-Sterile,Unit,Pack (12),,,,,,
6T-UJ-49A-GIS-G3,3M Coban Self-Adherent Wrap,6A8-I6V67-L1J-1A,3M Coban Self-Adherent Wrap,true,96-H2SY-NR-UD-5H,1582B,"3M Coban Self-Adherent Wrap, Non-Sterile, Contains Latex, 2 in. x 5 yd., Blue, Each (1)",A6453,Brand,Coban,Color,Blue,Dimensions,2 in. x 5 yd.,Latex,Contains Latex,Manufacturer,3M Healthcare,Sterility,Non-Sterile,Unit,Each (1),,,,,,
6T-UJ-49A-GIS-G3,3M Coban Self-Adherent Wrap,6A8-I6V67-L1J-1A,3M Coban Self-Adherent Wrap,true,98-VFRX-MICPG-T4,2081,"3M Coban Self-Adherent Wrap, Non-Sterile, Latex Free, 1 in. x 5 yd., Tan, Each (1)",A6453,Brand,Coban,Color,Tan,Dimensions,1 in. x 5 yd.,Latex,Latex Free,Manufacturer,3M Healthcare,Sterility,Non-Sterile,Unit,Each (1),,,,,,
6T-UJ-49A-GIS-G3,3M Coban Self-Adherent Wrap,6A8-I6V67-L1J-1A,3M Coban Self-Adherent Wrap,true,9BXU-8AR-ML5-89B,1583W,"3M Coban Self-Adherent Wrap, Non-Sterile, Contains Latex, 3 in. x 5 yd., White, Case (24)",A6454,Brand,Coban,Color,White,Dimensions,3 in. x 5 yd.,Latex,Contains Latex,Manufacturer,3M Healthcare,Sterility,Non-Sterile,Unit,Case (24),,,,,,
6T-UJ-49A-GIS-G3,3M Coban Self-Adherent Wrap,6A8-I6V67-L1J-1A,3M Coban Self-Adherent Wrap,true,9T-SZ27B-4S-246F,1584L,"3M Coban Self-Adherent Wrap, Non-Sterile, Contains Latex, 4 in. x 6.5 yd., Tan, Case (18)",A6454,Brand,Coban,Color,Tan,Dimensions,4 in. x 6.5 yd.,Latex,Contains Latex,Manufacturer,3M Healthcare,Sterility,Non-Sterile,Unit,Case (18),,,,,,
6T-UJ-49A-GIS-G3,3M Coban Self-Adherent Wrap,6A8-I6V67-L1J-1A,3M Coban Self-Adherent Wrap,true,9TR-M4GSI-8H5-Y6,1583R,"3M Coban Self-Adherent Wrap, Non-Sterile, Contains Latex, 3 in. x 5 yd., Red, Each (1)",A6454,Brand,Coban,Color,Red,Dimensions,3 in. x 5 yd.,Latex,Contains Latex,Manufacturer,3M Healthcare,Sterility,Non-Sterile,Unit,Each (1),,,,,,
6T-UJ-49A-GIS-G3,3M Coban Self-Adherent Wrap,6A8-I6V67-L1J-1A,3M Coban Self-Adherent Wrap,true,AC19-6FHG1-HV6HF,20815,"3M Coban Self-Adherent Wrap, Non-Sterile, Latex Free, 1-1/2 x 5 yd., Tan, Case (48)",A6453,Brand,Coban,Color,Tan,Dimensions,1-1/2 x 5 yd.,Latex,Latex Free,Manufacturer,3M Healthcare,Sterility,Non-Sterile,Unit,Case (48),,,,,,
6T-UJ-49A-GIS-G3,3M Coban Self-Adherent Wrap,6A8-I6V67-L1J-1A,3M Coban Self-Adherent Wrap,true,BDYT-P0-4351V-QR,2082,"3M Coban Self-Adherent Wrap, Non-Sterile, Latex Free, 2 in. x 5 yd., Tan, Each (1)",A6453,Brand,Coban,Color,Tan,Dimensions,2 in. x 5 yd.,Latex,Latex Free,Manufacturer,3M Healthcare,Sterility,Non-Sterile,Unit,Each (1),,,,,,
6T-UJ-49A-GIS-G3,3M Coban Self-Adherent Wrap,6A8-I6V67-L1J-1A,3M Coban Self-Adherent Wrap,true,C2U-HB6Q-DN2-XKS,1586,"3M Coban Self-Adherent Wrap, Non-Sterile, Contains Latex, 6 in. x 5 yd., Tan, Each (1)",A6455,Brand,Coban,Color,Tan,Dimensions,6 in. x 5 yd.,Latex,Contains Latex,Manufacturer,3M Healthcare,Sterility,Non-Sterile,Unit,Each (1),,,,,,
6T-UJ-49A-GIS-G3,3M Coban Self-Adherent Wrap,6A8-I6V67-L1J-1A,3M Coban Self-Adherent Wrap,true,C7D-1V5T6-1R-RS4,1583W,"3M Coban Self-Adherent Wrap, Non-Sterile, Contains Latex, 3 in. x 5 yd., White, Each (1)",A6454,Brand,Coban,Color,White,Dimensions,3 in. x 5 yd.,Latex,Contains Latex,Manufacturer,3M Healthcare,Sterility,Non-Sterile,Unit,Each (1),,,,,,
6T-UJ-49A-GIS-G3,3M Coban Self-Adherent Wrap,6A8-I6V67-L1J-1A,3M Coban Self-Adherent Wrap,true,D7S-EB74-RQD2-9E,1583,"3M Coban Self-Adherent Wrap, Non-Sterile, Contains Latex, 3 in. x 5 yd., Tan, Case (24)",A6454,Brand,Coban,Color,Tan,Dimensions,3 in. x 5 yd.,Latex,Contains Latex,Manufacturer,3M Healthcare,Sterility,Non-Sterile,Unit,Case (24),,,,,,
6T-UJ-49A-GIS-G3,3M Coban Self-Adherent Wrap,6A8-I6V67-L1J-1A,3M Coban Self-Adherent Wrap,true,DKA-PH5BC-DT0-SE,2083C,"3M Coban Self-Adherent Wrap, Non-Sterile, Latex Free, 3 in. x 5 yd., Brights Pack, Case (24)",A6454,Brand,Coban,Color,Brights Pack,Dimensions,3 in. x 5 yd.,Latex,Latex Free,Manufacturer,3M Healthcare,Sterility,Non-Sterile,Unit,Case (24),,,,,,
6T-UJ-49A-GIS-G3,3M Coban Self-Adherent Wrap,6A8-I6V67-L1J-1A,3M Coban Self-Adherent Wrap,true,E8U3-X3L6T-X9R9X,2084S,"3M Coban Sterile Self-Adherent Wrap, Latex Free, 4 in. x 5 yd., Each (1)",A6454,Brand,Coban,Color,Tan,Dimensions,4 in. x 5 yd.,Latex,Latex Free,Manufacturer,3M Healthcare,Sterility,Sterile,Unit,Each (1),,,,,,
6T-UJ-49A-GIS-G3,3M Coban Self-Adherent Wrap,6A8-I6V67-L1J-1A,3M Coban Self-Adherent Wrap,true,GS1MB-ZHSN-SU-F8,1582,"3M Coban Self-Adherent Wrap, Non-Sterile, Contains Latex, 2 in. x 5 yd., Tan, Case (36)",A6453,Brand,Coban,Color,Tan,Dimensions,2 in. x 5 yd.,Latex,Contains Latex,Manufacturer,3M Healthcare,Sterility,Non-Sterile,Unit,Case (36),,,,,,
6T-UJ-49A-GIS-G3,3M Coban Self-Adherent Wrap,6A8-I6V67-L1J-1A,3M Coban Self-Adherent Wrap,true,GSR-F0-NTUZ-GJL1,20815C,"3M Coban Self-Adherent Wrap, Non-Sterile, Latex Free, 1-1/2 x 5 yd., Brights Pack, Case (48)",A6453,Brand,Coban,Color,Brights Pack,Dimensions,1-1/2 x 5 yd.,Latex,Latex Free,Manufacturer,3M Healthcare,Sterility,Non-Sterile,Unit,Case (48),,,,,,
6T-UJ-49A-GIS-G3,3M Coban Self-Adherent Wrap,6A8-I6V67-L1J-1A,3M Coban Self-Adherent Wrap,true,HMY-YLTA-BGU5-7I,1581,"3M Coban Self-Adherent Wrap, Non-Sterile, Contains Latex, 1 in. x 5 yd., Tan, Each (1)",A6453,Brand,Coban,Color,Tan,Dimensions,1 in. x 5 yd.,Latex,Contains Latex,Manufacturer,3M Healthcare,Sterility,Non-Sterile,Unit,Each (1),,,,,,
6T-UJ-49A-GIS-G3,3M Coban Self-Adherent Wrap,6A8-I6V67-L1J-1A,3M Coban Self-Adherent Wrap,true,HVB4-HXCY-FUP-95,1586S,"3M Coban Sterile Self-Adherent Wrap, Contains Latex, 6 in. x 5 yd., Each (1)",A6455,Brand,Coban,Color,Tan,Dimensions,6 in. x 5 yd.,Latex,Contains Latex,Manufacturer,3M Healthcare,Sterility,Sterile,Unit,Each (1),,,,,,
6T-UJ-49A-GIS-G3,3M Coban Self-Adherent Wrap,6A8-I6V67-L1J-1A,3M Coban Self-Adherent Wrap,true,IL-5TQ-R3SM-BUGI,2083,"3M Coban Self-Adherent Wrap, Non-Sterile, Latex Free, 3 in. x 5 yd., Tan, Each (1)",A6454,Brand,Coban,Color,Tan,Dimensions,3 in. x 5 yd.,Latex,Latex Free,Manufacturer,3M Healthcare,Sterility,Non-Sterile,Unit,Each (1),,,,,,
6T-UJ-49A-GIS-G3,3M Coban Self-Adherent Wrap,6A8-I6V67-L1J-1A,3M Coban Self-Adherent Wrap,true,IS2-1D1U-5J-RF5Q,2086S,"3M Coban Sterile Self-Adherent Wrap, Latex Free, 6 in. x 5 yd., Each (1)",A6455,Brand,Coban,Color,Tan,Dimensions,6 in. x 5 yd.,Latex,Latex Free,Manufacturer,3M Healthcare,Sterility,Sterile,Unit,Each (1),,,,,,
6T-UJ-49A-GIS-G3,3M Coban Self-Adherent Wrap,6A8-I6V67-L1J-1A,3M Coban Self-Adherent Wrap,true,K8AT6-CB-3XJ-681,2081C,"3M Coban Self-Adherent Wrap, Non-Sterile, Latex Free, 1 in. x 5 yd., Brights Pack, Case (30)",A6453,Brand,Coban,Color,Brights Pack,Dimensions,1 in. x 5 yd.,Latex,Latex Free,Manufacturer,3M Healthcare,Sterility,Non-Sterile,Unit,Case (30),,,,,,
6T-UJ-49A-GIS-G3,3M Coban Self-Adherent Wrap,6A8-I6V67-L1J-1A,3M Coban Self-Adherent Wrap,true,KSZA-74-9BK2-KAD,2081,"3M Coban Self-Adherent Wrap, Non-Sterile, Latex Free, 1 in. x 5 yd., Tan, Case (30)",A6453,Brand,Coban,Color,Tan,Dimensions,1 in. x 5 yd.,Latex,Latex Free,Manufacturer,3M Healthcare,Sterility,Non-Sterile,Unit,Case (30),,,,,,
6T-UJ-49A-GIS-G3,3M Coban Self-Adherent Wrap,6A8-I6V67-L1J-1A,3M Coban Self-Adherent Wrap,true,L7-IN-39-ZR0-8Q2,2082C,"3M Coban Self-Adherent Wrap, Non-Sterile, Latex Free, 2 in. x 5 yd., Brights Pack, Case (36)",A6453,Brand,Coban,Color,Brights Pack,Dimensions,2 in. x 5 yd.,Latex,Latex Free,Manufacturer,3M Healthcare,Sterility,Non-Sterile,Unit,Case (36),,,,,,
6T-UJ-49A-GIS-G3,3M Coban Self-Adherent Wrap,6A8-I6V67-L1J-1A,3M Coban Self-Adherent Wrap,true,LS5A-VSB-C4A-ZIF,1583Y,"3M Coban Self-Adherent Wrap, Non-Sterile, Contains Latex, 3 in. x 5 yd., Yellow, Case (24)",A6454,Brand,Coban,Color,Yellow,Dimensions,3 in. x 5 yd.,Latex,Contains Latex,Manufacturer,3M Healthcare,Sterility,Non-Sterile,Unit,Case (24),,,,,,
6T-UJ-49A-GIS-G3,3M Coban Self-Adherent Wrap,6A8-I6V67-L1J-1A,3M Coban Self-Adherent Wrap,true,MNPN-MI-FZ-07N7M,2084L,"3M Coban Self-Adherent Wrap, Non-Sterile, Latex Free, 4 in. x 6.5 yd., Tan, Each (1)",A6454,Brand,Coban,Color,Tan,Dimensions,4 in. x 6.5 yd.,Latex,Latex Free,Manufacturer,3M Healthcare,Sterility,Non-Sterile,Unit,Each (1),,,,,,
6T-UJ-49A-GIS-G3,3M Coban Self-Adherent Wrap,6A8-I6V67-L1J-1A,3M Coban Self-Adherent Wrap,true,N4Q-4XVR-MGF-PYR,1586,"3M Coban Self-Adherent Wrap, Non-Sterile, Contains Latex, 6 in. x 5 yd., Tan, Case (12)",A6455,Brand,Coban,Color,Tan,Dimensions,6 in. x 5 yd.,Latex,Contains Latex,Manufacturer,3M Healthcare,Sterility,Non-Sterile,Unit,Case (12),,,,,,
6T-UJ-49A-GIS-G3,3M Coban Self-Adherent Wrap,6A8-I6V67-L1J-1A,3M Coban Self-Adherent Wrap,true,NATD-GNH-KSA-90R,2083S,"3M Coban Sterile Self-Adherent Wrap, Latex Free, 3 in. x 5 yd., Case (24)",A6454,Brand,Coban,Color,Tan,Dimensions,3 in. x 5 yd.,Latex,Latex Free,Manufacturer,3M Healthcare,Sterility,Sterile,Unit,Case (24),,,,,,
6T-UJ-49A-GIS-G3,3M Coban Self-Adherent Wrap,6A8-I6V67-L1J-1A,3M Coban Self-Adherent Wrap,true,NPHLN-8ZGF-24XKA,1584S,"3M Coban Sterile Self-Adherent Wrap, Contains Latex, 4 in. x 5 yd., Each (1)",A6454,Brand,Coban,Color,Tan,Dimensions,4 in. x 5 yd.,Latex,Contains Latex,Manufacturer,3M Healthcare,Sterility,Sterile,Unit,Each (1),,,,,,
6T-UJ-49A-GIS-G3,3M Coban Self-Adherent Wrap,6A8-I6V67-L1J-1A,3M Coban Self-Adherent Wrap,true,NY-1RUG-Q8ZT-VCN,20815,"3M Coban Self-Adherent Wrap, Non-Sterile, Latex Free, 1-1/2 x 5 yd., Tan, Each (1)",A6453,Brand,Coban,Color,Tan,Dimensions,1-1/2 x 5 yd.,Latex,Latex Free,Manufacturer,3M Healthcare,Sterility,Non-Sterile,Unit,Each (1),,,,,,
6T-UJ-49A-GIS-G3,3M Coban Self-Adherent Wrap,6A8-I6V67-L1J-1A,3M Coban Self-Adherent Wrap,true,S3HR9-849X-UZ-UD,2086,"3M Coban Self-Adherent Wrap, Non-Sterile, Latex Free, 6 in. x 5 yd., Tan, Each (1)",A6455,Brand,Coban,Color,Tan,Dimensions,6 in. x 5 yd.,Latex,Latex Free,Manufacturer,3M Healthcare,Sterility,Non-Sterile,Unit,Each (1),,,,,,
6T-UJ-49A-GIS-G3,3M Coban Self-Adherent Wrap,6A8-I6V67-L1J-1A,3M Coban Self-Adherent Wrap,true,SD-NDUJ-3TSEM-JT,1584S,"3M Coban Sterile Self-Adherent Wrap, Contains Latex, 4 in. x 5 yd., Case (18)",A6454,Brand,Coban,Color,Tan,Dimensions,4 in. x 5 yd.,Latex,Contains Latex,Manufacturer,3M Healthcare,Sterility,Sterile,Unit,Case (18),,,,,,
6T-UJ-49A-GIS-G3,3M Coban Self-Adherent Wrap,6A8-I6V67-L1J-1A,3M Coban Self-Adherent Wrap,true,SJ-87-X0-IXC-FS9,1584,"3M Coban Self-Adherent Wrap, Non-Sterile, Contains Latex, 4 in. x 5 yd., Tan, Case (18)",A6454,Brand,Coban,Color,Tan,Dimensions,4 in. x 5 yd.,Latex,Contains Latex,Manufacturer,3M Healthcare,Sterility,Non-Sterile,Unit,Case (18),,,,,,
6T-UJ-49A-GIS-G3,3M Coban Self-Adherent Wrap,6A8-I6V67-L1J-1A,3M Coban Self-Adherent Wrap,true,SYV0-IV-T7Z-F63N,1583S,"3M Coban Sterile Self-Adherent Wrap, Contains Latex, 3 in. x 5 yd., Each (1)",A6454,Brand,Coban,Color,Tan,Dimensions,3 in. x 5 yd.,Latex,Contains Latex,Manufacturer,3M Healthcare,Sterility,Sterile,Unit,Each (1),,,,,,
6T-UJ-49A-GIS-G3,3M Coban Self-Adherent Wrap,6A8-I6V67-L1J-1A,3M Coban Self-Adherent Wrap,true,TL74X-59S0U-EY2Z,1583Y,"3M Coban Self-Adherent Wrap, Non-Sterile, Contains Latex, 3 in. x 5 yd., Yellow, Each (1)",A6454,Brand,Coban,Color,Yellow,Dimensions,3 in. x 5 yd.,Latex,Contains Latex,Manufacturer,3M Healthcare,Sterility,Non-Sterile,Unit,Each (1),,,,,,
6T-UJ-49A-GIS-G3,3M Coban Self-Adherent Wrap,6A8-I6V67-L1J-1A,3M Coban Self-Adherent Wrap,true,U5YS-M3JLT-53XEC,1582B,"3M Coban Self-Adherent Wrap, Non-Sterile, Contains Latex, 2 in. x 5 yd., Blue, Case (36)",A6453,Brand,Coban,Color,Blue,Dimensions,2 in. x 5 yd.,Latex,Contains Latex,Manufacturer,3M Healthcare,Sterility,Non-Sterile,Unit,Case (36),,,,,,
6T-UJ-49A-GIS-G3,3M Coban Self-Adherent Wrap,6A8-I6V67-L1J-1A,3M Coban Self-Adherent Wrap,true,VFPDS-ZU-MAQ-3ZD,1581B,"3M Coban Self-Adherent Wrap, Non-Sterile, Contains Latex, 1 in. x 5 yd., Blue, Each (1)",A6453,Brand,Coban,Color,Blue,Dimensions,1 in. x 5 yd.,Latex,Contains Latex,Manufacturer,3M Healthcare,Sterility,Non-Sterile,Unit,Each (1),,,,,,
6T-UJ-49A-GIS-G3,3M Coban Self-Adherent Wrap,6A8-I6V67-L1J-1A,3M Coban Self-Adherent Wrap,true,VJX4Y-DK-XPM-BCG,2086,"3M Coban Self-Adherent Wrap, Non-Sterile, Latex Free, 6 in. x 5 yd., Tan, Case (12)",A6455,Brand,Coban,Color,Tan,Dimensions,6 in. x 5 yd.,Latex,Latex Free,Manufacturer,3M Healthcare,Sterility,Non-Sterile,Unit,Case (12),,,,,,
6T-UJ-49A-GIS-G3,3M Coban Self-Adherent Wrap,6A8-I6V67-L1J-1A,3M Coban Self-Adherent Wrap,true,X4QK-I2CN-7KB-TJ,1586S,"3M Coban Sterile Self-Adherent Wrap, Contains Latex, 6 in. x 5 yd., Case (12)",A6455,Brand,Coban,Color,Tan,Dimensions,6 in. x 5 yd.,Latex,Contains Latex,Manufacturer,3M Healthcare,Sterility,Sterile,Unit,Case (12),,,,,,
6T-UJ-49A-GIS-G3,3M Coban Self-Adherent Wrap,6A8-I6V67-L1J-1A,3M Coban Self-Adherent Wrap,true,XBXJ-LZPZX-RT3RX,1583A,"3M Coban Self-Adherent Wrap, Non-Sterile, Contains Latex, 3 in. x 5 yd., Rainbow Pack, Pack (12)",A6454,Brand,Coban,Color,Rainbow Pack,Dimensions,3 in. x 5 yd.,Latex,Contains Latex,Manufacturer,3M Healthcare,Sterility,Non-Sterile,Unit,Pack (12),,,,,,
6T-UJ-49A-GIS-G3,3M Coban Self-Adherent Wrap,6A8-I6V67-L1J-1A,3M Coban Self-Adherent Wrap,true,XM72-M1-VFQVX-EN,1584L,"3M Coban Self-Adherent Wrap, Non-Sterile, Contains Latex, 4 in. x 6.5 yd., Tan, Each (1)",A6454,Brand,Coban,Color,Tan,Dimensions,4 in. x 6.5 yd.,Latex,Contains Latex,Manufacturer,3M Healthcare,Sterility,Non-Sterile,Unit,Each (1),,,,,,
6T-UJ-49A-GIS-G3,3M Coban Self-Adherent Wrap,6A8-I6V67-L1J-1A,3M Coban Self-Adherent Wrap,true,XQ-UM-Q1NK-RS-RD,1583,"3M Coban Self-Adherent Wrap, Non-Sterile, Contains Latex, 3 in. x 5 yd., Tan, Each (1)",A6454,Brand,Coban,Color,Tan,Dimensions,3 in. x 5 yd.,Latex,Contains Latex,Manufacturer,3M Healthcare,Sterility,Non-Sterile,Unit,Each (1),,,,,,
6T-UJ-49A-GIS-G3,3M Coban Self-Adherent Wrap,6A8-I6V67-L1J-1A,3M Coban Self-Adherent Wrap,true,XT4-PU9DP-0ZV-54,2083,"3M Coban Self-Adherent Wrap, Non-Sterile, Latex Free, 3 in. x 5 yd., Tan, Case (24)",A6454,Brand,Coban,Color,Tan,Dimensions,3 in. x 5 yd.,Latex,Latex Free,Manufacturer,3M Healthcare,Sterility,Non-Sterile,Unit,Case (24),,,,,,
6T-UJ-49A-GIS-G3,3M Coban Self-Adherent Wrap,6A8-I6V67-L1J-1A,3M Coban Self-Adherent Wrap,true,ZTZ-U38-JGP-GBJE,1582,"3M Coban Self-Adherent Wrap, Non-Sterile, Contains Latex, 2 in. x 5 yd., Tan, Each (1)",A6453,Brand,Coban,Color,Tan,Dimensions,2 in. x 5 yd.,Latex,Contains Latex,Manufacturer,3M Healthcare,Sterility,Non-Sterile,Unit,Each (1),,,,,,
73M2-PNI-06A5-PV,Bulkee II Gauze Rolls,CS-YK-SJQCM-87SH,Bulkee II Gauze Rolls,true,45Y-FTF-18-QY-1Z,NON25855,"Bulkee II Gauze Rolls, Non-Sterile, 6-ply, 4.5 in. x 4.1 yd., Case (100)",A6443,Brand,Bulkee II,Dimensions,4.5 in. x 4.1 yd.,Dressing Type,Gauze Roll,Manufacturer,Medline,Ply,6-ply,Sterility,Non-Sterile,Unit,Case (100),,,,,,
73M2-PNI-06A5-PV,Bulkee II Gauze Rolls,CS-YK-SJQCM-87SH,Bulkee II Gauze Rolls,true,5GDA0-R82-BIC-PK,NON25850,"Bulkee II Gauze Rolls, Sterile, 6-ply, 2.25 in. x 3 yd., Box (12)",A6445,Brand,Bulkee II,Dimensions,2.25 in. x 3 yd.,Dressing Type,Gauze Roll,Manufacturer,Medline,Ply,6-ply,Sterility,Sterile,Unit,Box (12),,,,,,
73M2-PNI-06A5-PV,Bulkee II Gauze Rolls,CS-YK-SJQCM-87SH,Bulkee II Gauze Rolls,true,A8-B1I1H-P4T9-5I,NON25855P,"Bulkee II Gauze Rolls, Non-Sterile, 6-ply, 4.5 in. x 4.1 yd., Pack (5)",A6443,Brand,Bulkee II,Dimensions,4.5 in. x 4.1 yd.,Dressing Type,Gauze Roll,Manufacturer,Medline,Ply,6-ply,Sterility,Non-Sterile,Unit,Pack (5),,,,,,
73M2-PNI-06A5-PV,Bulkee II Gauze Rolls,CS-YK-SJQCM-87SH,Bulkee II Gauze Rolls,true,B20YF-GQ-GZ-7YUM,NON25861,"Bulkee II Gauze Rolls, Sterile, 6-ply, 3.4 in. x 3.6 yd., Each (1)",A6446,Brand,Bulkee II,Dimensions,3.4 in. x 3.6 yd.,Dressing Type,Gauze Roll,Manufacturer,Medline,Ply,6-ply,Sterility,Sterile,Unit,Each (1),,,,,,
73M2-PNI-06A5-PV,Bulkee II Gauze Rolls,CS-YK-SJQCM-87SH,Bulkee II Gauze Rolls,true,DFYBL-0UE1L-86GD,NON25850,"Bulkee II Gauze Rolls, Sterile, 6-ply, 2.25 in. x 3 yd., Case (96)",A6445,Brand,Bulkee II,Dimensions,2.25 in. x 3 yd.,Dressing Type,Gauze Roll,Manufacturer,Medline,Ply,6-ply,Sterility,Sterile,Unit,Case (96),,,,,,
73M2-PNI-06A5-PV,Bulkee II Gauze Rolls,CS-YK-SJQCM-87SH,Bulkee II Gauze Rolls,true,KZS5N-MPQ40-J2PB,NON25865,"Bulkee II Gauze Rolls, Sterile, 6-ply, 4.5 in. x 4.1 yd., Case (100)",A6446,Brand,Bulkee II,Dimensions,4.5 in. x 4.1 yd.,Dressing Type,Gauze Roll,Manufacturer,Medline,Ply,6-ply,Sterility,Sterile,Unit,Case (100),,,,,,
73M2-PNI-06A5-PV,Bulkee II Gauze Rolls,CS-YK-SJQCM-87SH,Bulkee II Gauze Rolls,true,UI-Z15X-H8AJR-CA,NON25850,"Bulkee II Gauze Rolls, Sterile, 6-ply, 2.25 in. x 3 yd., Each (1)",A6445,Brand,Bulkee II,Dimensions,2.25 in. x 3 yd.,Dressing Type,Gauze Roll,Manufacturer,Medline,Ply,6-ply,Sterility,Sterile,Unit,Each (1),,,,,,
73M2-PNI-06A5-PV,Bulkee II Gauze Rolls,CS-YK-SJQCM-87SH,Bulkee II Gauze Rolls,true,XN-DVPZ-R2-N6-T1,NON25861,"Bulkee II Gauze Rolls, Sterile, 6-ply, 3.4 in. x 3.6 yd., Case (96)",A6446,Brand,Bulkee II,Dimensions,3.4 in. x 3.6 yd.,Dressing Type,Gauze Roll,Manufacturer,Medline,Ply,6-ply,Sterility,Sterile,Unit,Case (96),,,,,,
73M2-PNI-06A5-PV,Bulkee II Gauze Rolls,CS-YK-SJQCM-87SH,Bulkee II Gauze Rolls,true,YGM-25-QX-HI-TBD,NON25865,"Bulkee II Gauze Rolls, Sterile, 6-ply, 4.5 in. x 4.1 yd., Each (1)",A6446,Brand,Bulkee II,Dimensions,4.5 in. x 4.1 yd.,Dressing Type,Gauze Roll,Manufacturer,Medline,Ply,6-ply,Sterility,Sterile,Unit,Each (1),,,,,,
7I4Z-S4-MCQ3-RM8,Medline NS Non-Woven Gauze Sponge,3XKM-N6-NT-NK-85,Medline NS Non-Woven Gauze Sponge,true,1N-D5ZD-3R-RU-TS,NON25223,"Medline Premium NS Non-Woven Gauze Sponge, 3-ply, 2 x 2 in., Sleeve (200)",A6216,Brand,Medline Premium,Dimensions,2 x 2 in.,Dressing Type,Non-Woven Gauze Sponge,Manufacturer,Medline,Ply,3-ply,Sterility,Non-Sterile,Unit,Sleeve (200),,,,,,
7I4Z-S4-MCQ3-RM8,Medline NS Non-Woven Gauze Sponge,3XKM-N6-NT-NK-85,Medline NS Non-Woven Gauze Sponge,true,38TLU-BJ-C9H-ZLV,NON25334,"Medline Premium NS Non-Woven Gauze Sponge, 4-ply, 3 x 3 in., Sleeve (200)",A6216,Brand,Medline Premium,Dimensions,3 x 3 in.,Dressing Type,Non-Woven Gauze Sponge,Manufacturer,Medline,Ply,4-ply,Sterility,Non-Sterile,Unit,Sleeve (200),,,,,,
7I4Z-S4-MCQ3-RM8,Medline NS Non-Woven Gauze Sponge,3XKM-N6-NT-NK-85,Medline NS Non-Woven Gauze Sponge,true,604-HI-DCS-XM-RG,PRM25224,"Medline Essentials NS Non-Woven Gauze Sponge, 4-ply, 2 x 2 in., Sleeve (200)",A6216,Brand,Medline Essentials,Dimensions,2 x 2 in.,Dressing Type,Non-Woven Gauze Sponge,Manufacturer,Medline,Ply,4-ply,Sterility,Non-Sterile,Unit,Sleeve (200),,,,,,
7I4Z-S4-MCQ3-RM8,Medline NS Non-Woven Gauze Sponge,3XKM-N6-NT-NK-85,Medline NS Non-Woven Gauze Sponge,true,8MH-DPJA-EPYV-7Y,NON25449,"Medline Premium NS Non-Woven Gauze Sponge, 4-ply, 4 x 4 in., Sleeve (25)",A6216,Brand,Medline Premium,Dimensions,4 x 4 in.,Dressing Type,Non-Woven Gauze Sponge,Manufacturer,Medline,Ply,4-ply,Sterility,Non-Sterile,Unit,Sleeve (25),,,,,,
7I4Z-S4-MCQ3-RM8,Medline NS Non-Woven Gauze Sponge,3XKM-N6-NT-NK-85,Medline NS Non-Woven Gauze Sponge,true,9ASR1-3D-GZD5-3F,PRM25444,"Medline Essentials NS Non-Woven Gauze Sponge, 4-ply, 4 x 4 in., Sleeve (25)",A6216,Brand,Medline Essentials,Dimensions,4 x 4 in.,Dressing Type,Non-Woven Gauze Sponge,Manufacturer,Medline,Ply,4-ply,Sterility,Non-Sterile,Unit,Sleeve (25),,,,,,
7I4Z-S4-MCQ3-RM8,Medline NS Non-Woven Gauze Sponge,3XKM-N6-NT-NK-85,Medline NS Non-Woven Gauze Sponge,true,FZMRG-304V6-KEPI,NON25444,"Medline Premium NS Non-Woven Gauze Sponge, 4-ply, 4 x 4 in., Sleeve (200)",A6216,Brand,Medline Premium,Dimensions,4 x 4 in.,Dressing Type,Non-Woven Gauze Sponge,Manufacturer,Medline,Ply,4-ply,Sterility,Non-Sterile,Unit,Sleeve (200),,,,,,
7I4Z-S4-MCQ3-RM8,Medline NS Non-Woven Gauze Sponge,3XKM-N6-NT-NK-85,Medline NS Non-Woven Gauze Sponge,true,S6YG8-0Z34-7R-E3,NON25224,"Medline Premium NS Non-Woven Gauze Sponge, 4-ply, 2 x 2 in., Sleeve (200)",A6216,Brand,Medline Premium,Dimensions,2 x 2 in.,Dressing Type,Non-Woven Gauze Sponge,Manufacturer,Medline,Ply,4-ply,Sterility,Non-Sterile,Unit,Sleeve (200),,,,,,
7I4Z-S4-MCQ3-RM8,Medline NS Non-Woven Gauze Sponge,3XKM-N6-NT-NK-85,Medline NS Non-Woven Gauze Sponge,true,T1H5-PY981-PY-20,NON25443,"Medline Premium NS Non-Woven Gauze Sponge, 3-ply, 4 x 4 in., Sleeve (200)",A6216,Brand,Medline Premium,Dimensions,4 x 4 in.,Dressing Type,Non-Woven Gauze Sponge,Manufacturer,Medline,Ply,3-ply,Sterility,Non-Sterile,Unit,Sleeve (200),,,,,,
7I4Z-S4-MCQ3-RM8,Medline NS Non-Woven Gauze Sponge,3XKM-N6-NT-NK-85,Medline NS Non-Woven Gauze Sponge,true,YJ84-ZF-1X8UC-IP,NON26444,"Medline Deluxe NS Non-Woven Gauze Sponge, 4-ply, 4 x 4 in., Sleeve (200)",A6216,Brand,Medline Deluxe,Dimensions,4 x 4 in.,Dressing Type,Non-Woven Gauze Sponge,Manufacturer,Medline,Ply,4-ply,Sterility,Non-Sterile,Unit,Sleeve (200),,,,,,
7M8-MCGL-URAZ-A3,Cardinal Health Xeroform Occlusive Gauze Dressing,L9B-RV-7S-9Y6-CQ,Cardinal Health Xeroform Occlusive Gauze Dressing,true,1N-9GZ0F-RV9-83G,8884433605,"Cardinal Health Xeroform Occlusive Gauze Dressing, Peelable Foil Packs, 5 x 9 in., Each (1)",A6223,Dimensions,5 x 9 in.,Dressing Type,Impregnated Gauze (Xeroform Petrolatum),Manufacturer,Cardinal Health,Packaging,Peelable Foil Packs,Unit,Each (1),,,,,,,,,,
7M8-MCGL-URAZ-A3,Cardinal Health Xeroform Occlusive Gauze Dressing,L9B-RV-7S-9Y6-CQ,Cardinal Health Xeroform Occlusive Gauze Dressing,true,2D9K-FC96S-SUT30,8884433500,"Cardinal Health Xeroform Occlusive Gauze Dressing, Peelable Foil Packs, 4 x 4 in., Box (25)",A6222,Dimensions,4 x 4 in.,Dressing Type,Impregnated Gauze (Xeroform Petrolatum),Manufacturer,Cardinal Health,Packaging,Peelable Foil Packs,Unit,Box (25),,,,,,,,,,
7M8-MCGL-URAZ-A3,Cardinal Health Xeroform Occlusive Gauze Dressing,L9B-RV-7S-9Y6-CQ,Cardinal Health Xeroform Occlusive Gauze Dressing,true,47RU-YDPJB-UMFCX,8884433605,"Cardinal Health Xeroform Occlusive Gauze Dressing, Peelable Foil Packs, 5 x 9 in., Box (50)",A6223,Dimensions,5 x 9 in.,Dressing Type,Impregnated Gauze (Xeroform Petrolatum),Manufacturer,Cardinal Health,Packaging,Peelable Foil Packs,Unit,Box (50),,,,,,,,,,
7M8-MCGL-URAZ-A3,Cardinal Health Xeroform Occlusive Gauze Dressing,L9B-RV-7S-9Y6-CQ,Cardinal Health Xeroform Occlusive Gauze Dressing,true,4TI-5Y6-BTYEU-CU,8884432000,"Cardinal Health Xeroform Occlusive Gauze Dressing, Peelable Foil Packs, 4 in. x 3 yd., Each (1)",A6266,Dimensions,4 in. x 3 yd.,Dressing Type,Impregnated Gauze (Xeroform Petrolatum),Manufacturer,Cardinal Health,Packaging,Peelable Foil Packs,Unit,Each (1),,,,,,,,,,
7M8-MCGL-URAZ-A3,Cardinal Health Xeroform Occlusive Gauze Dressing,L9B-RV-7S-9Y6-CQ,Cardinal Health Xeroform Occlusive Gauze Dressing,true,98J-4C-KZGT-9YN5,8884431605,"Cardinal Health Xeroform Occlusive Gauze Dressing, Paper Overwrap Peelable Foil Packs, 5 x 9 in., Box (50)",A6223,Dimensions,5 x 9 in.,Dressing Type,Impregnated Gauze (Xeroform Petrolatum),Manufacturer,Cardinal Health,Packaging,Paper Overwrap Peelable Foil Packs,Unit,Box (50),,,,,,,,,,
7M8-MCGL-URAZ-A3,Cardinal Health Xeroform Occlusive Gauze Dressing,L9B-RV-7S-9Y6-CQ,Cardinal Health Xeroform Occlusive Gauze Dressing,true,C3DM5-SLFYI-8Z7S,8884433400,"Cardinal Health Xeroform Occlusive Gauze Dressing, Peelable Foil Packs, 2 x 2 in., Each (1)",A6222,Dimensions,2 x 2 in.,Dressing Type,Impregnated Gauze (Xeroform Petrolatum),Manufacturer,Cardinal Health,Packaging,Peelable Foil Packs,Unit,Each (1),,,,,,,,,,
7M8-MCGL-URAZ-A3,Cardinal Health Xeroform Occlusive Gauze Dressing,L9B-RV-7S-9Y6-CQ,Cardinal Health Xeroform Occlusive Gauze Dressing,true,EF-2C-Z0-T6-HTLG,8884431302,"Cardinal Health Xeroform Occlusive Gauze Dressing, Paper Overwrap Peelable Foil Packs, 1 x 8 in., Box (50)",A6222,Dimensions,1 x 8 in.,Dressing Type,Impregnated Gauze (Xeroform Petrolatum),Manufacturer,Cardinal Health,Packaging,Paper Overwrap Peelable Foil Packs,Unit,Box (50),,,,,,,,,,
7M8-MCGL-URAZ-A3,Cardinal Health Xeroform Occlusive Gauze Dressing,L9B-RV-7S-9Y6-CQ,Cardinal Health Xeroform Occlusive Gauze Dressing,true,EQ8-G4-TX2Q-PV5E,8884433301,"Cardinal Health Xeroform Occlusive Gauze Dressing, Peelable Foil Packs, 1 x 8 in., Box (50)",A6222,Dimensions,1 x 8 in.,Dressing Type,Impregnated Gauze (Xeroform Petrolatum),Manufacturer,Cardinal Health,Packaging,Peelable Foil Packs,Unit,Box (50),,,,,,,,,,
7M8-MCGL-URAZ-A3,Cardinal Health Xeroform Occlusive Gauze Dressing,L9B-RV-7S-9Y6-CQ,Cardinal Health Xeroform Occlusive Gauze Dressing,true,JN-DQ-D82-A5I-B0,8884433301,"Cardinal Health Xeroform Occlusive Gauze Dressing, Peelable Foil Packs, 1 x 8 in., Each (1)",A6222,Dimensions,1 x 8 in.,Dressing Type,Impregnated Gauze (Xeroform Petrolatum),Manufacturer,Cardinal Health,Packaging,Peelable Foil Packs,Unit,Each (1),,,,,,,,,,
7M8-MCGL-URAZ-A3,Cardinal Health Xeroform Occlusive Gauze Dressing,L9B-RV-7S-9Y6-CQ,Cardinal Health Xeroform Occlusive Gauze Dressing,true,MEP84-P6D6-VY-HP,8884433500,"Cardinal Health Xeroform Occlusive Gauze Dressing, Peelable Foil Packs, 4 x 4 in., Each (1)",A6222,Dimensions,4 x 4 in.,Dressing Type,Impregnated Gauze (Xeroform Petrolatum),Manufacturer,Cardinal Health,Packaging,Peelable Foil Packs,Unit,Each (1),,,,,,,,,,
7M8-MCGL-URAZ-A3,Cardinal Health Xeroform Occlusive Gauze Dressing,L9B-RV-7S-9Y6-CQ,Cardinal Health Xeroform Occlusive Gauze Dressing,true,PDK-MS4T0-RPD-Z8,8884433400,"Cardinal Health Xeroform Occlusive Gauze Dressing, Peelable Foil Packs, 2 x 2 in., Box (25)",A6222,Dimensions,2 x 2 in.,Dressing Type,Impregnated Gauze (Xeroform Petrolatum),Manufacturer,Cardinal Health,Packaging,Peelable Foil Packs,Unit,Box (25),,,,,,,,,,
7M8-MCGL-URAZ-A3,Cardinal Health Xeroform Occlusive Gauze Dressing,L9B-RV-7S-9Y6-CQ,Cardinal Health Xeroform Occlusive Gauze Dressing,true,PE-HS585-VS7-6LC,8884431302,"Cardinal Health Xeroform Occlusive Gauze Dressing, Paper Overwrap Peelable Foil Packs, 1 x 8 in., Each (1)",A6222,Dimensions,1 x 8 in.,Dressing Type,Impregnated Gauze (Xeroform Petrolatum),Manufacturer,Cardinal Health,Packaging,Paper Overwrap Peelable Foil Packs,Unit,Each (1),,,,,,,,,,
7M8-MCGL-URAZ-A3,Cardinal Health Xeroform Occlusive Gauze Dressing,L9B-RV-7S-9Y6-CQ,Cardinal Health Xeroform Occlusive Gauze Dressing,true,TGS-QJ1-VIL-0ZUF,8884431605,"Cardinal Health Xeroform Occlusive Gauze Dressing, Paper Overwrap Peelable Foil Packs, 5 x 9 in., Each (1)",A6223,Dimensions,5 x 9 in.,Dressing Type,Impregnated Gauze (Xeroform Petrolatum),Manufacturer,Cardinal Health,Packaging,Paper Overwrap Peelable Foil Packs,Unit,Each (1),,,,,,,,,,
7M8-MCGL-URAZ-A3,Cardinal Health Xeroform Occlusive Gauze Dressing,L9B-RV-7S-9Y6-CQ,Cardinal Health Xeroform Occlusive Gauze Dressing,true,XPSYS-XBGAN-UTLT,8884432000,"Cardinal Health Xeroform Occlusive Gauze Dressing, Peelable Foil Packs, 4 in. x 3 yd., Box (6)",A6266,Dimensions,4 in. x 3 yd.,Dressing Type,Impregnated Gauze (Xeroform Petrolatum),Manufacturer,Cardinal Health,Packaging,Peelable Foil Packs,Unit,Box (6),,,,,,,,,,
7P-5HF-DL0F-IUCL,3M Tegaderm Transparent Film Frame Style,XVF4-0CM8-BE-P8B,3M Tegaderm Transparent Film Frame Style,true,261K6-FIN51-XF0G,1628,"3M Tegaderm Transparent Film Frame Style, 6 x 8 in., Box (10)",A6258,Additional Features,N/A,Brand,Tegaderm,Dimensions,6 x 8 in.,Dressing Type,Film,Manufacturer,3M Healthcare,Unit,Box (10),,,,,,,,
7P-5HF-DL0F-IUCL,3M Tegaderm Transparent Film Frame Style,XVF4-0CM8-BE-P8B,3M Tegaderm Transparent Film Frame Style,true,4N5-5B0-E4D5-8FJ,1622W,"3M Tegaderm Transparent Film Frame Style, 1-3/4 x 1-3/4 in., with writing label border, Each (1)",A6257,Additional Features,with writing label border,Brand,Tegaderm,Dimensions,1-3/4 x 1-3/4 in.,Dressing Type,Film,Manufacturer,3M Healthcare,Unit,Each (1),,,,,,,,
7P-5HF-DL0F-IUCL,3M Tegaderm Transparent Film Frame Style,XVF4-0CM8-BE-P8B,3M Tegaderm Transparent Film Frame Style,true,6XPH-HFC-6MPV-RJ,1626W,"3M Tegaderm Transparent Film Frame Style, 4-1/2 x 4-3/4 in., with writing label border, Each (1)",A6258,Additional Features,with writing label border,Brand,Tegaderm,Dimensions,4-1/2 x 4-3/4 in.,Dressing Type,Film,Manufacturer,3M Healthcare,Unit,Each (1),,,,,,,,
7P-5HF-DL0F-IUCL,3M Tegaderm Transparent Film Frame Style,XVF4-0CM8-BE-P8B,3M Tegaderm Transparent Film Frame Style,true,B7-82NP-QX-LJ-3M,1622W,"3M Tegaderm Transparent Film Frame Style, 1-3/4 x 1-3/4 in., with writing label border, Box (100)",A6257,Additional Features,with writing label border,Brand,Tegaderm,Dimensions,1-3/4 x 1-3/4 in.,Dressing Type,Film,Manufacturer,3M Healthcare,Unit,Box (100),,,,,,,,
7P-5HF-DL0F-IUCL,3M Tegaderm Transparent Film Frame Style,XVF4-0CM8-BE-P8B,3M Tegaderm Transparent Film Frame Style,true,DZN8U-YL-R8R6-6H,1624W,"3M Tegaderm Transparent Film Frame Style, 2-3/8 x 2-3/4 in., with writing label border, Each (1)",A6257,Additional Features,with writing label border,Brand,Tegaderm,Dimensions,2-3/8 x 2-3/4 in.,Dressing Type,Film,Manufacturer,3M Healthcare,Unit,Each (1),,,,,,,,
7P-5HF-DL0F-IUCL,3M Tegaderm Transparent Film Frame Style,XVF4-0CM8-BE-P8B,3M Tegaderm Transparent Film Frame Style,true,F16-GXBP4-L5-3NL,1626,"3M Tegaderm Transparent Film Frame Style, 4-1/2 x 4-3/4 in., Each (1)",A6258,Additional Features,N/A,Brand,Tegaderm,Dimensions,4-1/2 x 4-3/4 in.,Dressing Type,Film,Manufacturer,3M Healthcare,Unit,Each (1),,,,,,,,
7P-5HF-DL0F-IUCL,3M Tegaderm Transparent Film Frame Style,XVF4-0CM8-BE-P8B,3M Tegaderm Transparent Film Frame Style,true,G6KE-B6-XV5BF-LG,9505W,"3M Tegaderm Transparent Film Frame Style, 2-3/8 x 2-3/4 in., with writing label border, Box (20)",A6257,Additional Features,with writing label border,Brand,Tegaderm,Dimensions,2-3/8 x 2-3/4 in.,Dressing Type,Film,Manufacturer,3M Healthcare,Unit,Box (20),,,,,,,,
7P-5HF-DL0F-IUCL,3M Tegaderm Transparent Film Frame Style,XVF4-0CM8-BE-P8B,3M Tegaderm Transparent Film Frame Style,true,GDI08-JXG-3NS-90,1630,"3M Tegaderm Transparent Film Frame Style, 4 x 4-1/2 in. Oval, Box (50)",A6258,Additional Features,N/A,Brand,Tegaderm,Dimensions,4 x 4-1/2 in. Oval,Dressing Type,Film,Manufacturer,3M Healthcare,Unit,Box (50),,,,,,,,
7P-5HF-DL0F-IUCL,3M Tegaderm Transparent Film Frame Style,XVF4-0CM8-BE-P8B,3M Tegaderm Transparent Film Frame Style,true,JXB-6F-ID-BK-3V8,1634,"3M Tegaderm Transparent Film Frame Style, 2-3/8 x 2-3/4 in., Box (100)",A6257,Additional Features,N/A,Brand,Tegaderm,Dimensions,2-3/8 x 2-3/4 in.,Dressing Type,Film,Manufacturer,3M Healthcare,Unit,Box (100),,,,,,,,
7P-5HF-DL0F-IUCL,3M Tegaderm Transparent Film Frame Style,XVF4-0CM8-BE-P8B,3M Tegaderm Transparent Film Frame Style,true,KDH7-CBJ-XRK-38N,1626,"3M Tegaderm Transparent Film Frame Style, 4-1/2 x 4-3/4 in., Box (50)",A6258,Additional Features,N/A,Brand,Tegaderm,Dimensions,4-1/2 x 4-3/4 in.,Dressing Type,Film,Manufacturer,3M Healthcare,Unit,Box (50),,,,,,,,
7P-5HF-DL0F-IUCL,3M Tegaderm Transparent Film Frame Style,XVF4-0CM8-BE-P8B,3M Tegaderm Transparent Film Frame Style,true,LIP2-CRX3D-FJM13,1626W,"3M Tegaderm Transparent Film Frame Style, 4-1/2 x 4-3/4 in., with writing label border, Box (50)",A6258,Additional Features,with writing label border,Brand,Tegaderm,Dimensions,4-1/2 x 4-3/4 in.,Dressing Type,Film,Manufacturer,3M Healthcare,Unit,Box (50),,,,,,,,
7P-5HF-DL0F-IUCL,3M Tegaderm Transparent Film Frame Style,XVF4-0CM8-BE-P8B,3M Tegaderm Transparent Film Frame Style,true,RNT4-Q8ZR-U3-LVT,1630,"3M Tegaderm Transparent Film Frame Style, 4 x 4-1/2 in. Oval, Each (1)",A6258,Additional Features,N/A,Brand,Tegaderm,Dimensions,4 x 4-1/2 in. Oval,Dressing Type,Film,Manufacturer,3M Healthcare,Unit,Each (1),,,,,,,,
7P-5HF-DL0F-IUCL,3M Tegaderm Transparent Film Frame Style,XVF4-0CM8-BE-P8B,3M Tegaderm Transparent Film Frame Style,true,TB-ETER-V78JU-H5,1629,"3M Tegaderm Transparent Film Frame Style, 8 x 12 in., Box (10)",A6259,Additional Features,N/A,Brand,Tegaderm,Dimensions,8 x 12 in.,Dressing Type,Film,Manufacturer,3M Healthcare,Unit,Box (10),,,,,,,,
7P-5HF-DL0F-IUCL,3M Tegaderm Transparent Film Frame Style,XVF4-0CM8-BE-P8B,3M Tegaderm Transparent Film Frame Style,true,TMZ-5YJI7-5HJ-9N,1628,"3M Tegaderm Transparent Film Frame Style, 6 x 8 in., Case (8 Boxes of 10)",A6258,Additional Features,N/A,Brand,Tegaderm,Dimensions,6 x 8 in.,Dressing Type,Film,Manufacturer,3M Healthcare,Unit,Case (8 Boxes of 10),,,,,,,,
7P-5HF-DL0F-IUCL,3M Tegaderm Transparent Film Frame Style,XVF4-0CM8-BE-P8B,3M Tegaderm Transparent Film Frame Style,true,TYSE-DZ-6ED-HZT0,1627,"3M Tegaderm Transparent Film Frame Style, 4 x 10 in., Each (1)",A6258,Additional Features,N/A,Brand,Tegaderm,Dimensions,4 x 10 in.,Dressing Type,Film,Manufacturer,3M Healthcare,Unit,Each (1),,,,,,,,
7P-5HF-DL0F-IUCL,3M Tegaderm Transparent Film Frame Style,XVF4-0CM8-BE-P8B,3M Tegaderm Transparent Film Frame Style,true,UJEF-UN414-DT-GM,1628,"3M Tegaderm Transparent Film Frame Style, 6 x 8 in., Each (1)",A6258,Additional Features,N/A,Brand,Tegaderm,Dimensions,6 x 8 in.,Dressing Type,Film,Manufacturer,3M Healthcare,Unit,Each (1),,,,,,,,
7P-5HF-DL0F-IUCL,3M Tegaderm Transparent Film Frame Style,XVF4-0CM8-BE-P8B,3M Tegaderm Transparent Film Frame Style,true,VFRI5-1GB-YD6-10,1624W,"3M Tegaderm Transparent Film Frame Style, 2-3/8 x 2-3/4 in., with writing label border, Box (100)",A6257,Additional Features,with writing label border,Brand,Tegaderm,Dimensions,2-3/8 x 2-3/4 in.,Dressing Type,Film,Manufacturer,3M Healthcare,Unit,Box (100),,,,,,,,
7P-5HF-DL0F-IUCL,3M Tegaderm Transparent Film Frame Style,XVF4-0CM8-BE-P8B,3M Tegaderm Transparent Film Frame Style,true,VG-GPT6-Q8IKE-Z6,1634,"3M Tegaderm Transparent Film Frame Style, 2-3/8 x 2-3/4 in., Each (1)",A6257,Additional Features,N/A,Brand,Tegaderm,Dimensions,2-3/8 x 2-3/4 in.,Dressing Type,Film,Manufacturer,3M Healthcare,Unit,Each (1),,,,,,,,
7P-5HF-DL0F-IUCL,3M Tegaderm Transparent Film Frame Style,XVF4-0CM8-BE-P8B,3M Tegaderm Transparent Film Frame Style,true,VLT-ZH5-Q8C0-SCY,1627,"3M Tegaderm Transparent Film Frame Style, 4 x 10 in., Box (20)",A6258,Additional Features,N/A,Brand,Tegaderm,Dimensions,4 x 10 in.,Dressing Type,Film,Manufacturer,3M Healthcare,Unit,Box (20),,,,,,,,
7P-5HF-DL0F-IUCL,3M Tegaderm Transparent Film Frame Style,XVF4-0CM8-BE-P8B,3M Tegaderm Transparent Film Frame Style,true,ZUN7-A7X9-ZT-9HK,1629,"3M Tegaderm Transparent Film Frame Style, 8 x 12 in., Each (1)",A6259,Additional Features,N/A,Brand,Tegaderm,Dimensions,8 x 12 in.,Dressing Type,Film,Manufacturer,3M Healthcare,Unit,Each (1),,,,,,,,
8A7NU-PV5DU-7D9K,Medline Bordered Gauze Cover Dressing with Adhesive Border,Z6YJ-K9N-SXP-FRL,Medline Bordered Gauze Cover Dressing with Adhesive Border,true,30VD-09EP-Z6-PJM,MSC3266,"Medline Sterile Bordered Gauze Cover Dressing with Adhesive Border, 6 x 6 in. Overall, 4 x 4 in. Pad, Box (15)",A6220,Adhesive Border,Adhesive Border,Dressing Type,Water Resistant Cover Dressing,Manufacturer,Medline,Overall Dressing Dimensions,6 x 6 in.,Pad Dimensions,4 x 4 in.,Sterility,Sterile,Unit,Box (15),,,,,,
8A7NU-PV5DU-7D9K,Medline Bordered Gauze Cover Dressing with Adhesive Border,Z6YJ-K9N-SXP-FRL,Medline Bordered Gauze Cover Dressing with Adhesive Border,true,60-R7U-48GY-YKZM,MSC3245,"Medline Sterile Bordered Gauze Cover Dressing with Adhesive Border, 4 x 5 in. Overall, 2 x 2.5 in. Pad, Box (15)",A6219,Adhesive Border,Adhesive Border,Dressing Type,Water Resistant Cover Dressing,Manufacturer,Medline,Overall Dressing Dimensions,4 x 5 in.,Pad Dimensions,2 x 2.5 in.,Sterility,Sterile,Unit,Box (15),,,,,,
8A7NU-PV5DU-7D9K,Medline Bordered Gauze Cover Dressing with Adhesive Border,Z6YJ-K9N-SXP-FRL,Medline Bordered Gauze Cover Dressing with Adhesive Border,true,8MJ-BF-T8FVI-Z47,MSC32414,"Medline Sterile Bordered Gauze Cover Dressing with Adhesive Border, 4 x 14 in. Overall, 2 x 12 in. Pad, Box (15)",A6220,Adhesive Border,Adhesive Border,Dressing Type,Water Resistant Cover Dressing,Manufacturer,Medline,Overall Dressing Dimensions,4 x 14 in.,Pad Dimensions,2 x 12 in.,Sterility,Sterile,Unit,Box (15),,,,,,
8A7NU-PV5DU-7D9K,Medline Bordered Gauze Cover Dressing with Adhesive Border,Z6YJ-K9N-SXP-FRL,Medline Bordered Gauze Cover Dressing with Adhesive Border,true,C3-X3S7-9B8-KETV,MSC3245,"Medline Sterile Bordered Gauze Cover Dressing with Adhesive Border, 4 x 5 in. Overall, 2 x 2.5 in. Pad, Each (1)",A6219,Adhesive Border,Adhesive Border,Dressing Type,Water Resistant Cover Dressing,Manufacturer,Medline,Overall Dressing Dimensions,4 x 5 in.,Pad Dimensions,2 x 2.5 in.,Sterility,Sterile,Unit,Each (1),,,,,,
8A7NU-PV5DU-7D9K,Medline Bordered Gauze Cover Dressing with Adhesive Border,Z6YJ-K9N-SXP-FRL,Medline Bordered Gauze Cover Dressing with Adhesive Border,true,DNVU-MF-SHQT1-AZ,MSC3248,"Medline Sterile Bordered Gauze Cover Dressing with Adhesive Border, 4 x 8 in. Overall, 2 x 6 in. Pad, Box (15)",A6219,Adhesive Border,Adhesive Border,Dressing Type,Water Resistant Cover Dressing,Manufacturer,Medline,Overall Dressing Dimensions,4 x 8 in.,Pad Dimensions,2 x 6 in.,Sterility,Sterile,Unit,Box (15),,,,,,
8A7NU-PV5DU-7D9K,Medline Bordered Gauze Cover Dressing with Adhesive Border,Z6YJ-K9N-SXP-FRL,Medline Bordered Gauze Cover Dressing with Adhesive Border,true,GA905-XQDVN-LA6E,MSC3244,"Medline Sterile Bordered Gauze Cover Dressing with Adhesive Border, 4 x 4 in. Overall, 2.5 x 2.5 in. Pad, Box (15)",A6219,Adhesive Border,Adhesive Border,Dressing Type,Water Resistant Cover Dressing,Manufacturer,Medline,Overall Dressing Dimensions,4 x 4 in.,Pad Dimensions,2.5 x 2.5 in.,Sterility,Sterile,Unit,Box (15),,,,,,
8A7NU-PV5DU-7D9K,Medline Bordered Gauze Cover Dressing with Adhesive Border,Z6YJ-K9N-SXP-FRL,Medline Bordered Gauze Cover Dressing with Adhesive Border,true,HR34-VMFJ4-U93Z5,MSC3244,"Medline Sterile Bordered Gauze Cover Dressing with Adhesive Border, 4 x 4 in. Overall, 2.5 x 2.5 in. Pad, Each (1)",A6219,Adhesive Border,Adhesive Border,Dressing Type,Water Resistant Cover Dressing,Manufacturer,Medline,Overall Dressing Dimensions,4 x 4 in.,Pad Dimensions,2.5 x 2.5 in.,Sterility,Sterile,Unit,Each (1),,,,,,
8A7NU-PV5DU-7D9K,Medline Bordered Gauze Cover Dressing with Adhesive Border,Z6YJ-K9N-SXP-FRL,Medline Bordered Gauze Cover Dressing with Adhesive Border,true,IDM-KGHTJ-IY-PI7,MSC32410,"Medline Sterile Bordered Gauze Cover Dressing with Adhesive Border, 4 x 10 in. Overall, 2 x 8 in. Pad, Box (15)",A6219,Adhesive Border,Adhesive Border,Dressing Type,Water Resistant Cover Dressing,Manufacturer,Medline,Overall Dressing Dimensions,4 x 10 in.,Pad Dimensions,2 x 8 in.,Sterility,Sterile,Unit,Box (15),,,,,,
8A7NU-PV5DU-7D9K,Medline Bordered Gauze Cover Dressing with Adhesive Border,Z6YJ-K9N-SXP-FRL,Medline Bordered Gauze Cover Dressing with Adhesive Border,true,J4-IRN34-SJ-GNRE,MSC3266,"Medline Sterile Bordered Gauze Cover Dressing with Adhesive Border, 6 x 6 in. Overall, 4 x 4 in. Pad, Each (1)",A6220,Adhesive Border,Adhesive Border,Dressing Type,Water Resistant Cover Dressing,Manufacturer,Medline,Overall Dressing Dimensions,6 x 6 in.,Pad Dimensions,4 x 4 in.,Sterility,Sterile,Unit,Each (1),,,,,,
8A7NU-PV5DU-7D9K,Medline Bordered Gauze Cover Dressing with Adhesive Border,Z6YJ-K9N-SXP-FRL,Medline Bordered Gauze Cover Dressing with Adhesive Border,true,Q8FY9-ZDM-A8B-7C,MSC3222,"Medline Sterile Bordered Gauze Cover Dressing with Adhesive Border, 2 x 2 in. Overall, 1 x 1 in. Pad, Each (1)",A6219,Adhesive Border,Adhesive Border,Dressing Type,Water Resistant Cover Dressing,Manufacturer,Medline,Overall Dressing Dimensions,2 x 2 in.,Pad Dimensions,1 x 1 in.,Sterility,Sterile,Unit,Each (1),,,,,,
8A7NU-PV5DU-7D9K,Medline Bordered Gauze Cover Dressing with Adhesive Border,Z6YJ-K9N-SXP-FRL,Medline Bordered Gauze Cover Dressing with Adhesive Border,true,SZ-B5-7L1-D2-0ML,MSC3248,"Medline Sterile Bordered Gauze Cover Dressing with Adhesive Border, 4 x 8 in. Overall, 2 x 6 in. Pad, Each (1)",A6219,Adhesive Border,Adhesive Border,Dressing Type,Water Resistant Cover Dressing,Manufacturer,Medline,Overall Dressing Dimensions,4 x 8 in.,Pad Dimensions,2 x 6 in.,Sterility,Sterile,Unit,Each (1),,,,,,
8A7NU-PV5DU-7D9K,Medline Bordered Gauze Cover Dressing with Adhesive Border,Z6YJ-K9N-SXP-FRL,Medline Bordered Gauze Cover Dressing with Adhesive Border,true,UX-XTP2-7R-MUA5X,MSC32410,"Medline Sterile Bordered Gauze Cover Dressing with Adhesive Border, 4 x 10 in. Overall, 2 x 8 in. Pad, Each (1)",A6219,Adhesive Border,Adhesive Border,Dressing Type,Water Resistant Cover Dressing,Manufacturer,Medline,Overall Dressing Dimensions,4 x 10 in.,Pad Dimensions,2 x 8 in.,Sterility,Sterile,Unit,Each (1),,,,,,
8A7NU-PV5DU-7D9K,Medline Bordered Gauze Cover Dressing with Adhesive Border,Z6YJ-K9N-SXP-FRL,Medline Bordered Gauze Cover Dressing with Adhesive Border,true,YB5-T6K-J9NP-DUM,MSC32414,"Medline Sterile Bordered Gauze Cover Dressing with Adhesive Border, 4 x 14 in. Overall, 2 x 12 in. Pad, Each (1)",A6220,Adhesive Border,Adhesive Border,Dressing Type,Water Resistant Cover Dressing,Manufacturer,Medline,Overall Dressing Dimensions,4 x 14 in.,Pad Dimensions,2 x 12 in.,Sterility,Sterile,Unit,Each (1),,,,,,
8A7NU-PV5DU-7D9K,Medline Bordered Gauze Cover Dressing with Adhesive Border,Z6YJ-K9N-SXP-FRL,Medline Bordered Gauze Cover Dressing with Adhesive Border,true,ZMB54-96HZ-Y9SBA,MSC3222,"Medline Sterile Bordered Gauze Cover Dressing with Adhesive Border, 2 x 2 in. Overall, 1 x 1 in. Pad, Box (15)",A6219,Adhesive Border,Adhesive Border,Dressing Type,Water Resistant Cover Dressing,Manufacturer,Medline,Overall Dressing Dimensions,2 x 2 in.,Pad Dimensions,1 x 1 in.,Sterility,Sterile,Unit,Box (15),,,,,,
8IZ6-L0-8C-ME-VQ,Mepilex Border Flex Foam Pads with Border,SI2-XK0-0R0Z-J1F,Mepilex Border Flex Foam Pads with Border,true,DTV5-XYAY-HG-V7K,595600,"Mepilex Border Flex Foam Pads with Border, 6 x 8 in., Each (1)",A6213,Adhesive Border,Adhesive Border,Brand,Mepilex Border Flex,Dimensions,6 x 8 in.,Dressing Type,Silicone Foam,Manufacturer,Molnlycke,Unit,Each (1),,,,,,,,
8IZ6-L0-8C-ME-VQ,Mepilex Border Flex Foam Pads with Border,SI2-XK0-0R0Z-J1F,Mepilex Border Flex Foam Pads with Border,true,FXD-BLA-QA7D-UXN,583400,"Mepilex Border Flex Foam Pads with Border, 6 x 7.5 in. Oval, Each (1)",A6213,Adhesive Border,Adhesive Border,Brand,Mepilex Border Flex,Dimensions,6 x 7.5 in. Oval,Dressing Type,Silicone Foam,Manufacturer,Molnlycke,Unit,Each (1),,,,,,,,
8IZ6-L0-8C-ME-VQ,Mepilex Border Flex Foam Pads with Border,SI2-XK0-0R0Z-J1F,Mepilex Border Flex Foam Pads with Border,true,IX-81JI-KGERK-IB,583400,"Mepilex Border Flex Foam Pads with Border, 6 x 7.5 in. Oval, Box (5)",A6213,Adhesive Border,Adhesive Border,Brand,Mepilex Border Flex,Dimensions,6 x 7.5 in. Oval,Dressing Type,Silicone Foam,Manufacturer,Molnlycke,Unit,Box (5),,,,,,,,
8IZ6-L0-8C-ME-VQ,Mepilex Border Flex Foam Pads with Border,SI2-XK0-0R0Z-J1F,Mepilex Border Flex Foam Pads with Border,true,KDG-C42C-PDHQ-8E,583500,"Mepilex Border Flex Foam Pads with Border, 3.1 x 4 in. Oval, Each (1)",A6212,Adhesive Border,Adhesive Border,Brand,Mepilex Border Flex,Dimensions,3.1 x 4 in. Oval,Dressing Type,Silicone Foam,Manufacturer,Molnlycke,Unit,Each (1),,,,,,,,
8IZ6-L0-8C-ME-VQ,Mepilex Border Flex Foam Pads with Border,SI2-XK0-0R0Z-J1F,Mepilex Border Flex Foam Pads with Border,true,LU-LZ-0YRH-F3SX4,595400,"Mepilex Border Flex Foam Pads with Border, 6 x 6 in., Box (5)",A6213,Adhesive Border,Adhesive Border,Brand,Mepilex Border Flex,Dimensions,6 x 6 in.,Dressing Type,Silicone Foam,Manufacturer,Molnlycke,Unit,Box (5),,,,,,,,
8IZ6-L0-8C-ME-VQ,Mepilex Border Flex Foam Pads with Border,SI2-XK0-0R0Z-J1F,Mepilex Border Flex Foam Pads with Border,true,P52ID-BG-8UE-Q1S,595600,"Mepilex Border Flex Foam Pads with Border, 6 x 8 in., Box (5)",A6213,Adhesive Border,Adhesive Border,Brand,Mepilex Border Flex,Dimensions,6 x 8 in.,Dressing Type,Silicone Foam,Manufacturer,Molnlycke,Unit,Box (5),,,,,,,,
8IZ6-L0-8C-ME-VQ,Mepilex Border Flex Foam Pads with Border,SI2-XK0-0R0Z-J1F,Mepilex Border Flex Foam Pads with Border,true,PBSXC-H04HU-PSDM,595200,"Mepilex Border Flex Foam Pads with Border, 3 x 3 in., Each (1)",A6212,Adhesive Border,Adhesive Border,Brand,Mepilex Border Flex,Dimensions,3 x 3 in.,Dressing Type,Silicone Foam,Manufacturer,Molnlycke,Unit,Each (1),,,,,,,,
8IZ6-L0-8C-ME-VQ,Mepilex Border Flex Foam Pads with Border,SI2-XK0-0R0Z-J1F,Mepilex Border Flex Foam Pads with Border,true,R596N-Q0F-94-YEU,595200,"Mepilex Border Flex Foam Pads with Border, 3 x 3 in., Box (5)",A6212,Adhesive Border,Adhesive Border,Brand,Mepilex Border Flex,Dimensions,3 x 3 in.,Dressing Type,Silicone Foam,Manufacturer,Molnlycke,Unit,Box (5),,,,,,,,
8IZ6-L0-8C-ME-VQ,Mepilex Border Flex Foam Pads with Border,SI2-XK0-0R0Z-J1F,Mepilex Border Flex Foam Pads with Border,true,S1F7-83F37-IC-0T,595400,"Mepilex Border Flex Foam Pads with Border, 6 x 6 in., Each (1)",A6213,Adhesive Border,Adhesive Border,Brand,Mepilex Border Flex,Dimensions,6 x 6 in.,Dressing Type,Silicone Foam,Manufacturer,Molnlycke,Unit,Each (1),,,,,,,,
8IZ6-L0-8C-ME-VQ,Mepilex Border Flex Foam Pads with Border,SI2-XK0-0R0Z-J1F,Mepilex Border Flex Foam Pads with Border,true,TCL1F-DS6-H0G-PU,595300,"Mepilex Border Flex Foam Pads with Border, 4 x 4 in., Each (1)",A6212,Adhesive Border,Adhesive Border,Brand,Mepilex Border Flex,Dimensions,4 x 4 in.,Dressing Type,Silicone Foam,Manufacturer,Molnlycke,Unit,Each (1),,,,,,,,
8IZ6-L0-8C-ME-VQ,Mepilex Border Flex Foam Pads with Border,SI2-XK0-0R0Z-J1F,Mepilex Border Flex Foam Pads with Border,true,TH8-B20-TN7-SAP0,583300,"Mepilex Border Flex Foam Pads with Border, 5.1 x 6.3 in. Oval, Each (1)",A6212,Adhesive Border,Adhesive Border,Brand,Mepilex Border Flex,Dimensions,5.1 x 6.3 in. Oval,Dressing Type,Silicone Foam,Manufacturer,Molnlycke,Unit,Each (1),,,,,,,,
8IZ6-L0-8C-ME-VQ,Mepilex Border Flex Foam Pads with Border,SI2-XK0-0R0Z-J1F,Mepilex Border Flex Foam Pads with Border,true,TYXYU-6ZVG-K9UDA,595300,"Mepilex Border Flex Foam Pads with Border, 4 x 4 in., Box (5)",A6212,Adhesive Border,Adhesive Border,Brand,Mepilex Border Flex,Dimensions,4 x 4 in.,Dressing Type,Silicone Foam,Manufacturer,Molnlycke,Unit,Box (5),,,,,,,,
8IZ6-L0-8C-ME-VQ,Mepilex Border Flex Foam Pads with Border,SI2-XK0-0R0Z-J1F,Mepilex Border Flex Foam Pads with Border,true,URVM-UKT-RVF4-GQ,583500,"Mepilex Border Flex Foam Pads with Border, 3.1 x 4 in. Oval, Box (5)",A6212,Adhesive Border,Adhesive Border,Brand,Mepilex Border Flex,Dimensions,3.1 x 4 in. Oval,Dressing Type,Silicone Foam,Manufacturer,Molnlycke,Unit,Box (5),,,,,,,,
8IZ6-L0-8C-ME-VQ,Mepilex Border Flex Foam Pads with Border,SI2-XK0-0R0Z-J1F,Mepilex Border Flex Foam Pads with Border,true,XIA1-ZT-AT8-QIFP,583300,"Mepilex Border Flex Foam Pads with Border, 5.1 x 6.3 in. Oval, Box (5)",A6212,Adhesive Border,Adhesive Border,Brand,Mepilex Border Flex,Dimensions,5.1 x 6.3 in. Oval,Dressing Type,Silicone Foam,Manufacturer,Molnlycke,Unit,Box (5),,,,,,,,
8T-L2-LFVC-4SAHX,Dynarex Packing Strips,20-I9D1-H97XA-Z1,Dynarex Packing Strips,true,45IP-DLZE-AC7-MF,3403,"Dynarex Packing Strips, Plain, 1 in. x 5 yd., Each (1)",A6407,Dimensions,1 in. x 5 yd.,Dressing Type,Packing Strips- Plain,Manufacturer,Dynarex,Unit,Each (1),,,,,,,,,,,,
8T-L2-LFVC-4SAHX,Dynarex Packing Strips,20-I9D1-H97XA-Z1,Dynarex Packing Strips,true,7N-XG3YH-36-5FVR,3414,"Dynarex Packing Strips, Iodoform, 2 in. x 5 yd., Each (1)",A6266,Dimensions,2 in. x 5 yd.,Dressing Type,Packing Strips- Iodoform,Manufacturer,Dynarex,Unit,Each (1),,,,,,,,,,,,
8T-L2-LFVC-4SAHX,Dynarex Packing Strips,20-I9D1-H97XA-Z1,Dynarex Packing Strips,true,8JY58-DGV62-X20R,3404,"Dynarex Packing Strips, Plain, 2 in. x 5 yd., Each (1)",A6407,Dimensions,2 in. x 5 yd.,Dressing Type,Packing Strips- Plain,Manufacturer,Dynarex,Unit,Each (1),,,,,,,,,,,,
8T-L2-LFVC-4SAHX,Dynarex Packing Strips,20-I9D1-H97XA-Z1,Dynarex Packing Strips,true,A67S3-C4R4L-4EGY,3401,"Dynarex Packing Strips, Plain, 1/4 in. x 5 yd., Each (1)",A6407,Dimensions,1/4 in. x 5 yd.,Dressing Type,Packing Strips- Plain,Manufacturer,Dynarex,Unit,Each (1),,,,,,,,,,,,
8T-L2-LFVC-4SAHX,Dynarex Packing Strips,20-I9D1-H97XA-Z1,Dynarex Packing Strips,true,EZVP-2NFDL-SJU3T,3413,"Dynarex Packing Strips, Iodoform, 1 in. x 5 yd., Each (1)",A6266,Dimensions,1 in. x 5 yd.,Dressing Type,Packing Strips- Iodoform,Manufacturer,Dynarex,Unit,Each (1),,,,,,,,,,,,
8T-L2-LFVC-4SAHX,Dynarex Packing Strips,20-I9D1-H97XA-Z1,Dynarex Packing Strips,true,LB6-UF-A3G-QJ-7J,3402,"Dynarex Packing Strips, Plain, 1/2 in. x 5 yd., Each (1)",A6407,Dimensions,1/2 in. x 5 yd.,Dressing Type,Packing Strips- Plain,Manufacturer,Dynarex,Unit,Each (1),,,,,,,,,,,,
8T-L2-LFVC-4SAHX,Dynarex Packing Strips,20-I9D1-H97XA-Z1,Dynarex Packing Strips,true,QC-CNA-QKN1-5MVQ,3412,"Dynarex Packing Strips, Iodoform, 1/2 in. x 5 yd., Each (1)",A6266,Dimensions,1/2 in. x 5 yd.,Dressing Type,Packing Strips- Iodoform,Manufacturer,Dynarex,Unit,Each (1),,,,,,,,,,,,
8T-L2-LFVC-4SAHX,Dynarex Packing Strips,20-I9D1-H97XA-Z1,Dynarex Packing Strips,true,U7QD-FNVR-37R-L4,3411,"Dynarex Packing Strips, Iodoform, 1/4 in. x 5 yd., Each (1)",A6266,Dimensions,1/4 in. x 5 yd.,Dressing Type,Packing Strips- Iodoform,Manufacturer,Dynarex,Unit,Each (1),,,,,,,,,,,,
8VPU-6LU8C-AUYF7,Sorbalux ABD Sterile Absorbent Abdominal Pads,E5C6-LM-LH-0704J,Sorbalux ABD Sterile Absorbent Abdominal Pads,true,8S-3J74I-TM-PCVM,48720000,"Sorbalux ABD Sterile Absorbent Abdominal Pads, 8 x 10 in., Box (16)",A6253,Brand,Sorbalux ABD,Dimensions,8 x 10 in.,Dressing Type,Specialty Absorptive,Manufacturer,Hartmann,Sterility,Sterile,Unit,Box (16),,,,,,,,
8VPU-6LU8C-AUYF7,Sorbalux ABD Sterile Absorbent Abdominal Pads,E5C6-LM-LH-0704J,Sorbalux ABD Sterile Absorbent Abdominal Pads,true,9B-21-41P-P8-QBP,48700000,"Sorbalux ABD Sterile Absorbent Abdominal Pads, 5 x 9 in., Box (25)",A6252,Brand,Sorbalux ABD,Dimensions,5 x 9 in.,Dressing Type,Specialty Absorptive,Manufacturer,Hartmann,Sterility,Sterile,Unit,Box (25),,,,,,,,
8VPU-6LU8C-AUYF7,Sorbalux ABD Sterile Absorbent Abdominal Pads,E5C6-LM-LH-0704J,Sorbalux ABD Sterile Absorbent Abdominal Pads,true,AUGZ7-QFJK3-HT7X,48710000,"Sorbalux ABD Sterile Absorbent Abdominal Pads, 7.5 x 8 in., Box (20)",A6253,Brand,Sorbalux ABD,Dimensions,7.5 x 8 in.,Dressing Type,Specialty Absorptive,Manufacturer,Hartmann,Sterility,Sterile,Unit,Box (20),,,,,,,,
8VPU-6LU8C-AUYF7,Sorbalux ABD Sterile Absorbent Abdominal Pads,E5C6-LM-LH-0704J,Sorbalux ABD Sterile Absorbent Abdominal Pads,true,ND-KVPS-R4G9-JDF,15700004,"Sorbalux ABD Sterile Absorbent Abdominal Pads, 3 x 5 in., Box (25)",A6251,Brand,Sorbalux ABD,Dimensions,3 x 5 in.,Dressing Type,Specialty Absorptive,Manufacturer,Hartmann,Sterility,Sterile,Unit,Box (25),,,,,,,,
8VPU-6LU8C-AUYF7,Sorbalux ABD Sterile Absorbent Abdominal Pads,E5C6-LM-LH-0704J,Sorbalux ABD Sterile Absorbent Abdominal Pads,true,NKL-EU0-IPA-JBMR,48700000,"Sorbalux ABD Sterile Absorbent Abdominal Pads, 5 x 9 in., Each (1)",A6252,Brand,Sorbalux ABD,Dimensions,5 x 9 in.,Dressing Type,Specialty Absorptive,Manufacturer,Hartmann,Sterility,Sterile,Unit,Each (1),,,,,,,,
8VPU-6LU8C-AUYF7,Sorbalux ABD Sterile Absorbent Abdominal Pads,E5C6-LM-LH-0704J,Sorbalux ABD Sterile Absorbent Abdominal Pads,true,UDU1-I8457-XG50M,15700004,"Sorbalux ABD Sterile Absorbent Abdominal Pads, 3 x 5 in., Each (1)",A6251,Brand,Sorbalux ABD,Dimensions,3 x 5 in.,Dressing Type,Specialty Absorptive,Manufacturer,Hartmann,Sterility,Sterile,Unit,Each (1),,,,,,,,
8VPU-6LU8C-AUYF7,Sorbalux ABD Sterile Absorbent Abdominal Pads,E5C6-LM-LH-0704J,Sorbalux ABD Sterile Absorbent Abdominal Pads,true,ZQ-N82-1Y-L7N-CD,48720000,"Sorbalux ABD Sterile Absorbent Abdominal Pads, 8 x 10 in., Each (1)",A6253,Brand,Sorbalux ABD,Dimensions,8 x 10 in.,Dressing Type,Specialty Absorptive,Manufacturer,Hartmann,Sterility,Sterile,Unit,Each (1),,,,,,,,
8VPU-6LU8C-AUYF7,Sorbalux ABD Sterile Absorbent Abdominal Pads,E5C6-LM-LH-0704J,Sorbalux ABD Sterile Absorbent Abdominal Pads,true,ZQUIQ-JM-Q2-JZ8E,48710000,"Sorbalux ABD Sterile Absorbent Abdominal Pads, 7.5 x 8 in., Each (1)",A6253,Brand,Sorbalux ABD,Dimensions,7.5 x 8 in.,Dressing Type,Specialty Absorptive,Manufacturer,Hartmann,Sterility,Sterile,Unit,Each (1),,,,,,,,
8ZQ-D34-CNZVF-0I,SiliGentle Silicone Foam with Silicone Border,VYP-2M-CSBM-J3QV,SiliGentle Silicone Foam with Silicone Border,true,05-429J9-ZLN7-S8,3059,"SiliGentle Silicone Foam with Silicone Border, 4 x 4 in., Each (1)",A6212,Adhesive Border,Silicone Adhesive Border,Brand,SiliGentle,Dimensions,4 x 4 in.,Dressing Type,Silicone Foam,Manufacturer,Dynarex,Unit,Each (1),,,,,,,,
8ZQ-D34-CNZVF-0I,SiliGentle Silicone Foam with Silicone Border,VYP-2M-CSBM-J3QV,SiliGentle Silicone Foam with Silicone Border,true,CP9-5ZDSI-RJ-QAL,3060,"SiliGentle Silicone Foam with Silicone Border, 6 x 6 in., Each (1)",A6212,Adhesive Border,Silicone Adhesive Border,Brand,SiliGentle,Dimensions,6 x 6 in.,Dressing Type,Silicone Foam,Manufacturer,Dynarex,Unit,Each (1),,,,,,,,
8ZQ-D34-CNZVF-0I,SiliGentle Silicone Foam with Silicone Border,VYP-2M-CSBM-J3QV,SiliGentle Silicone Foam with Silicone Border,true,DSZ0K-VF80-QX-XV,3058,"SiliGentle Silicone Foam with Silicone Border, 2 x 2 in., Each (1)",A6212,Adhesive Border,Silicone Adhesive Border,Brand,SiliGentle,Dimensions,2 x 2 in.,Dressing Type,Silicone Foam,Manufacturer,Dynarex,Unit,Each (1),,,,,,,,
8ZQ-D34-CNZVF-0I,SiliGentle Silicone Foam with Silicone Border,VYP-2M-CSBM-J3QV,SiliGentle Silicone Foam with Silicone Border,true,JGX-MEFT-J107-G2,3059,"SiliGentle Silicone Foam with Silicone Border, 4 x 4 in., Box (10)",A6212,Adhesive Border,Silicone Adhesive Border,Brand,SiliGentle,Dimensions,4 x 4 in.,Dressing Type,Silicone Foam,Manufacturer,Dynarex,Unit,Box (10),,,,,,,,
8ZQ-D34-CNZVF-0I,SiliGentle Silicone Foam with Silicone Border,VYP-2M-CSBM-J3QV,SiliGentle Silicone Foam with Silicone Border,true,QCT-8F03-8YDA-UZ,3063,"SiliGentle Silicone Foam with Silicone Border, 9 x 9 in. Sacrum, Each (1)",A6213,Adhesive Border,Silicone Adhesive Border,Brand,SiliGentle,Dimensions,9 x 9 in. Sacrum,Dressing Type,Silicone Foam,Manufacturer,Dynarex,Unit,Each (1),,,,,,,,
8ZQ-D34-CNZVF-0I,SiliGentle Silicone Foam with Silicone Border,VYP-2M-CSBM-J3QV,SiliGentle Silicone Foam with Silicone Border,true,RP-67-8Q4DV-6MYC,3060,"SiliGentle Silicone Foam with Silicone Border, 6 x 6 in., Box (10)",A6212,Adhesive Border,Silicone Adhesive Border,Brand,SiliGentle,Dimensions,6 x 6 in.,Dressing Type,Silicone Foam,Manufacturer,Dynarex,Unit,Box (10),,,,,,,,
8ZQ-D34-CNZVF-0I,SiliGentle Silicone Foam with Silicone Border,VYP-2M-CSBM-J3QV,SiliGentle Silicone Foam with Silicone Border,true,ULQ-P97-Z125T-HR,3062,"SiliGentle Silicone Foam with Silicone Border, 7 x 7 in. Sacrum, Each (1)",A6213,Adhesive Border,Silicone Adhesive Border,Brand,SiliGentle,Dimensions,7 x 7 in. Sacrum,Dressing Type,Silicone Foam,Manufacturer,Dynarex,Unit,Each (1),,,,,,,,
8ZQ-D34-CNZVF-0I,SiliGentle Silicone Foam with Silicone Border,VYP-2M-CSBM-J3QV,SiliGentle Silicone Foam with Silicone Border,true,YL-2M-SY-JBG-7BU,3058,"SiliGentle Silicone Foam with Silicone Border, 2 x 2 in., Box (10)",A6212,Adhesive Border,Silicone Adhesive Border,Brand,SiliGentle,Dimensions,2 x 2 in.,Dressing Type,Silicone Foam,Manufacturer,Dynarex,Unit,Box (10),,,,,,,,
9B51-MF-L6FAY-QM,3M Promogran Prisma Collagen Matrix with Oxidized Regenerated Cellulose and Silver,17C43-RSABI-JNT3,3M Promogran Prisma Collagen Matrix with Oxidized Regenerated Cellulose and Silver,true,5H9K-U6B-L5JT-LU,MA123,"3M Promogran Prisma Collagen Matrix with Oxidized Regenerated Cellulose and Silver, 19.1 sq. in. Hexagon, Each (1)",A6022,Brand,Promogran Prisma,Dressing Type,Collagen,Manufacturer,3M Healthcare,Silver Content,Contains Silver,Size,19.1 sq. in. Hexagon,Unit,Each (1),,,,,,,,
9B51-MF-L6FAY-QM,3M Promogran Prisma Collagen Matrix with Oxidized Regenerated Cellulose and Silver,17C43-RSABI-JNT3,3M Promogran Prisma Collagen Matrix with Oxidized Regenerated Cellulose and Silver,true,6T-XA2FS-9LCR-GN,MA028,"3M Promogran Prisma Collagen Matrix with Oxidized Regenerated Cellulose and Silver, 4.34 sq. in. Hexagon, Each (1)",A6021,Brand,Promogran Prisma,Dressing Type,Collagen,Manufacturer,3M Healthcare,Silver Content,Contains Silver,Size,4.34 sq. in. Hexagon,Unit,Each (1),,,,,,,,
9B51-MF-L6FAY-QM,3M Promogran Prisma Collagen Matrix with Oxidized Regenerated Cellulose and Silver,17C43-RSABI-JNT3,3M Promogran Prisma Collagen Matrix with Oxidized Regenerated Cellulose and Silver,true,FR06-MT7-3XDV-ZU,MA028,"3M Promogran Prisma Collagen Matrix with Oxidized Regenerated Cellulose and Silver, 4.34 sq. in. Hexagon, Box (10)",A6021,Brand,Promogran Prisma,Dressing Type,Collagen,Manufacturer,3M Healthcare,Silver Content,Contains Silver,Size,4.34 sq. in. Hexagon,Unit,Box (10),,,,,,,,
9B51-MF-L6FAY-QM,3M Promogran Prisma Collagen Matrix with Oxidized Regenerated Cellulose and Silver,17C43-RSABI-JNT3,3M Promogran Prisma Collagen Matrix with Oxidized Regenerated Cellulose and Silver,true,I3-H92M-Z9-J7ZQF,MA123,"3M Promogran Prisma Collagen Matrix with Oxidized Regenerated Cellulose and Silver, 19.1 sq. in. Hexagon, Box (10)",A6022,Brand,Promogran Prisma,Dressing Type,Collagen,Manufacturer,3M Healthcare,Silver Content,Contains Silver,Size,19.1 sq. in. Hexagon,Unit,Box (10),,,,,,,,
9S-6H-DH-T1-JUN9,DermaGinate Ag Calcium Alginate Dressing with Silver,Q7B-LYMIU-QP3-8P,DermaGinate Ag Calcium Alginate Dressing with Silver,true,0P-NMI9Y-C4R-PXJ,00535E,"DermaGinate Ag Calcium Alginate Dressing with Silver, 4 x 8 in., Each (1)",A6198,Brand,DermaGinate/Ag,Dimensions,4 x 8 in.,Dressing Type,Calcium Alginate,Manufacturer,Dermarite,Silver Content,Contains Silver,Unit,Each (1),,,,,,,,
9S-6H-DH-T1-JUN9,DermaGinate Ag Calcium Alginate Dressing with Silver,Q7B-LYMIU-QP3-8P,DermaGinate Ag Calcium Alginate Dressing with Silver,true,6T-7C-MF8-XDU-72,00525E,"DermaGinate Ag Calcium Alginate Dressing with Silver, 4 x 5 in., Each (1)",A6197,Brand,DermaGinate/Ag,Dimensions,4 x 5 in.,Dressing Type,Calcium Alginate,Manufacturer,Dermarite,Silver Content,Contains Silver,Unit,Each (1),,,,,,,,
9S-6H-DH-T1-JUN9,DermaGinate Ag Calcium Alginate Dressing with Silver,Q7B-LYMIU-QP3-8P,DermaGinate Ag Calcium Alginate Dressing with Silver,true,PAYL4-9KA-IKM-74,00535E,"DermaGinate Ag Calcium Alginate Dressing with Silver, 4 x 8 in., Box (5)",A6198,Brand,DermaGinate/Ag,Dimensions,4 x 8 in.,Dressing Type,Calcium Alginate,Manufacturer,Dermarite,Silver Content,Contains Silver,Unit,Box (5),,,,,,,,
9S-6H-DH-T1-JUN9,DermaGinate Ag Calcium Alginate Dressing with Silver,Q7B-LYMIU-QP3-8P,DermaGinate Ag Calcium Alginate Dressing with Silver,true,SDG-IJAUZ-HR6-HF,00525E,"DermaGinate Ag Calcium Alginate Dressing with Silver, 4 x 5 in., Box (10)",A6197,Brand,DermaGinate/Ag,Dimensions,4 x 5 in.,Dressing Type,Calcium Alginate,Manufacturer,Dermarite,Silver Content,Contains Silver,Unit,Box (10),,,,,,,,
9S-6H-DH-T1-JUN9,DermaGinate Ag Calcium Alginate Dressing with Silver,Q7B-LYMIU-QP3-8P,DermaGinate Ag Calcium Alginate Dressing with Silver,true,Y0A-RQAEU-QJ-S5Q,00520E,"DermaGinate Ag Calcium Alginate Dressing with Silver, 2 x 2 in., Box (10)",A6196,Brand,DermaGinate/Ag,Dimensions,2 x 2 in.,Dressing Type,Calcium Alginate,Manufacturer,Dermarite,Silver Content,Contains Silver,Unit,Box (10),,,,,,,,
9S-6H-DH-T1-JUN9,DermaGinate Ag Calcium Alginate Dressing with Silver,Q7B-LYMIU-QP3-8P,DermaGinate Ag Calcium Alginate Dressing with Silver,true,Z8-XR2-2AD-KM-PM,00520E,"DermaGinate Ag Calcium Alginate Dressing with Silver, 2 x 2 in., Each (1)",A6196,Brand,DermaGinate/Ag,Dimensions,2 x 2 in.,Dressing Type,Calcium Alginate,Manufacturer,Dermarite,Silver Content,Contains Silver,Unit,Each (1),,,,,,,,
9TFET-NA-DK-ZGZ8,Dermacea NS Woven Gauze Sponge,PVY72-0BJ5-NF-JS,Dermacea NS Woven Gauze Sponge,true,0D8-G8YRP-3R3-GM,441203,"Dermacea NS Woven Gauze Sponge, 8-ply, 2 x 2 in., Box (200)",A6216,Brand,Dermacea,Dimensions,2 x 2 in.,Dressing Type,Woven Gauze Sponge,Manufacturer,Cardinal Health,Ply,8-ply,Sterility,Non-Sterile,Unit,Box (200),,,,,,
9TFET-NA-DK-ZGZ8,Dermacea NS Woven Gauze Sponge,PVY72-0BJ5-NF-JS,Dermacea NS Woven Gauze Sponge,true,KFY-5I4-CF-KD-KQ,441205,"Dermacea NS Woven Gauze Sponge, 12-ply, 2 x 2 in., Box (200)",A6216,Brand,Dermacea,Dimensions,2 x 2 in.,Dressing Type,Woven Gauze Sponge,Manufacturer,Cardinal Health,Ply,12-ply,Sterility,Non-Sterile,Unit,Box (200),,,,,,
9TFET-NA-DK-ZGZ8,Dermacea NS Woven Gauze Sponge,PVY72-0BJ5-NF-JS,Dermacea NS Woven Gauze Sponge,true,QY-ASG2-3CD2-23L,441206,"Dermacea NS Woven Gauze Sponge, 12-ply, 3 x 3 in., Box (200)",A6216,Brand,Dermacea,Dimensions,3 x 3 in.,Dressing Type,Woven Gauze Sponge,Manufacturer,Cardinal Health,Ply,12-ply,Sterility,Non-Sterile,Unit,Box (200),,,,,,
9TFET-NA-DK-ZGZ8,Dermacea NS Woven Gauze Sponge,PVY72-0BJ5-NF-JS,Dermacea NS Woven Gauze Sponge,true,UEL-1FN9-QH-GR0X,442211,"Dermacea NS Woven Gauze Sponge, 8-ply, 4 x 4 in., Box (200)",A6216,Brand,Dermacea,Dimensions,4 x 4 in.,Dressing Type,Woven Gauze Sponge,Manufacturer,Cardinal Health,Ply,8-ply,Sterility,Non-Sterile,Unit,Box (200),,,,,,
9TFET-NA-DK-ZGZ8,Dermacea NS Woven Gauze Sponge,PVY72-0BJ5-NF-JS,Dermacea NS Woven Gauze Sponge,true,V6M-N16-YF5D-VF3,441210,"Dermacea NS Woven Gauze Sponge, 16-ply, 4 x 4 in., Box (200)",A6216,Brand,Dermacea,Dimensions,4 x 4 in.,Dressing Type,Woven Gauze Sponge,Manufacturer,Cardinal Health,Ply,16-ply,Sterility,Non-Sterile,Unit,Box (200),,,,,,
9TFET-NA-DK-ZGZ8,Dermacea NS Woven Gauze Sponge,PVY72-0BJ5-NF-JS,Dermacea NS Woven Gauze Sponge,true,XZ6J-UPX-DTD-D0D,441209,"Dermacea NS Woven Gauze Sponge, 12-ply, 4 x 4 in., Box (200)",A6216,Brand,Dermacea,Dimensions,4 x 4 in.,Dressing Type,Woven Gauze Sponge,Manufacturer,Cardinal Health,Ply,12-ply,Sterility,Non-Sterile,Unit,Box (200),,,,,,
9UI-0J9M-GR-CIPR,Silvasorb Gel Silver Hydrogel,1Q-8E3UR-4TQ1-V5,Silvasorb Gel Silver Hydrogel,true,BP8-ZBD-DCMKB-ND,MSC93025EP,"Silvasorb Gel Silver Hydrogel, .25 oz. Tube, Box (25)",A6248,Brand,Silvasorb,Dressing Type,Hydrogel,Manufacturer,Medline,Silver Content,Contains Silver,Unit,Box (25),Volume,.25 oz. Tube,,,,,,,,
9UI-0J9M-GR-CIPR,Silvasorb Gel Silver Hydrogel,1Q-8E3UR-4TQ1-V5,Silvasorb Gel Silver Hydrogel,true,NDH7-QVA-U3H-RBF,MSC9308EP,"Silvasorb Gel Silver Hydrogel, 8 oz. Tube, Each (1)",A6248,Brand,Silvasorb,Dressing Type,Hydrogel,Manufacturer,Medline,Silver Content,Contains Silver,Unit,Each (1),Volume,8 oz. Tube,,,,,,,,
9UI-0J9M-GR-CIPR,Silvasorb Gel Silver Hydrogel,1Q-8E3UR-4TQ1-V5,Silvasorb Gel Silver Hydrogel,true,NSN0X-RK2-EZ8-TP,MSC9301EP,"Silvasorb Gel Silver Hydrogel, 1.5 oz. Tube, Each (1)",A6248,Brand,Silvasorb,Dressing Type,Hydrogel,Manufacturer,Medline,Silver Content,Contains Silver,Unit,Each (1),Volume,1.5 oz. Tube,,,,,,,,
9UI-0J9M-GR-CIPR,Silvasorb Gel Silver Hydrogel,1Q-8E3UR-4TQ1-V5,Silvasorb Gel Silver Hydrogel,true,NZSQ-78A8F-2U25L,MSC9301EP,"Silvasorb Gel Silver Hydrogel, 1.5 oz. Tube, Case (12)",A6248,Brand,Silvasorb,Dressing Type,Hydrogel,Manufacturer,Medline,Silver Content,Contains Silver,Unit,Case (12),Volume,1.5 oz. Tube,,,,,,,,
9UI-0J9M-GR-CIPR,Silvasorb Gel Silver Hydrogel,1Q-8E3UR-4TQ1-V5,Silvasorb Gel Silver Hydrogel,true,P8T-UDJ4-KVDR-DP,MSC9303EP,"Silvasorb Gel Silver Hydrogel, 3 oz. Tube, Each (1)",A6248,Brand,Silvasorb,Dressing Type,Hydrogel,Manufacturer,Medline,Silver Content,Contains Silver,Unit,Each (1),Volume,3 oz. Tube,,,,,,,,
9UI-0J9M-GR-CIPR,Silvasorb Gel Silver Hydrogel,1Q-8E3UR-4TQ1-V5,Silvasorb Gel Silver Hydrogel,true,UT-9G-CLDR-IE-CD,MSC9303EP,"Silvasorb Gel Silver Hydrogel, 3 oz. Tube, Case (12)",A6248,Brand,Silvasorb,Dressing Type,Hydrogel,Manufacturer,Medline,Silver Content,Contains Silver,Unit,Case (12),Volume,3 oz. Tube,,,,,,,,
9UI-0J9M-GR-CIPR,Silvasorb Gel Silver Hydrogel,1Q-8E3UR-4TQ1-V5,Silvasorb Gel Silver Hydrogel,true,ZIR9-9I2C-2B4-DL,MSC9308EP,"Silvasorb Gel Silver Hydrogel, 8 oz. Tube, Case (6)",A6248,Brand,Silvasorb,Dressing Type,Hydrogel,Manufacturer,Medline,Silver Content,Contains Silver,Unit,Case (6),Volume,8 oz. Tube,,,,,,,,
9UI-0J9M-GR-CIPR,Silvasorb Gel Silver Hydrogel,1Q-8E3UR-4TQ1-V5,Silvasorb Gel Silver Hydrogel,true,ZL-2C-5PX-TF-ETZ,MSC93025EP,"Silvasorb Gel Silver Hydrogel, .25 oz. Tube, Each (1)",A6248,Brand,Silvasorb,Dressing Type,Hydrogel,Manufacturer,Medline,Silver Content,Contains Silver,Unit,Each (1),Volume,.25 oz. Tube,,,,,,,,
A7-KY6I-5D3VU-LM,Medline Sterile Abdominal Pads,0LN-JAU-E94-L4N8,Medline Sterile Abdominal Pads,true,1C36-14LVE-FP-0E,NON21454,"Medline Premium Sterile Abdominal Pads, 8 x 10 in., Each (1)",A6253,Brand,Medline Premium,Dimensions,8 x 10 in.,Dressing Type,Gauze Abdominal Pads,Manufacturer,Medline,Sterility,Sterile,Unit,Each (1),,,,,,,,
A7-KY6I-5D3VU-LM,Medline Sterile Abdominal Pads,0LN-JAU-E94-L4N8,Medline Sterile Abdominal Pads,true,4QN5A-2D-1PF8-4I,PRM21450,"Medline Essentials Sterile Abdominal Pads, 5 x 9 in., Each (1)",A6252,Brand,Medline Essentials,Dimensions,5 x 9 in.,Dressing Type,Gauze Abdominal Pads,Manufacturer,Medline,Sterility,Sterile,Unit,Each (1),,,,,,,,
A7-KY6I-5D3VU-LM,Medline Sterile Abdominal Pads,0LN-JAU-E94-L4N8,Medline Sterile Abdominal Pads,true,4TFCD-KY81V-Z9H2,NON21453,"Medline Premium Sterile Abdominal Pads, 8 x 7.5 in., Each (1)",A6252,Brand,Medline Premium,Dimensions,8 x 7.5 in.,Dressing Type,Gauze Abdominal Pads,Manufacturer,Medline,Sterility,Sterile,Unit,Each (1),,,,,,,,
A7-KY6I-5D3VU-LM,Medline Sterile Abdominal Pads,0LN-JAU-E94-L4N8,Medline Sterile Abdominal Pads,true,57V-CJ3-4DSYK-Z5,PRM21453,"Medline Essentials Sterile Abdominal Pads, 8 x 7.5 in., Each (1)",A6252,Brand,Medline Essentials,Dimensions,8 x 7.5 in.,Dressing Type,Gauze Abdominal Pads,Manufacturer,Medline,Sterility,Sterile,Unit,Each (1),,,,,,,,
A7-KY6I-5D3VU-LM,Medline Sterile Abdominal Pads,0LN-JAU-E94-L4N8,Medline Sterile Abdominal Pads,true,6BL-3C43-5JXI-RM,NON21453,"Medline Premium Sterile Abdominal Pads, 8 x 7.5 in., Box (20)",A6252,Brand,Medline Premium,Dimensions,8 x 7.5 in.,Dressing Type,Gauze Abdominal Pads,Manufacturer,Medline,Sterility,Sterile,Unit,Box (20),,,,,,,,
A7-KY6I-5D3VU-LM,Medline Sterile Abdominal Pads,0LN-JAU-E94-L4N8,Medline Sterile Abdominal Pads,true,7GD-QUM-3E-RT-43,NON21450,"Medline Premium Sterile Abdominal Pads, 5 x 9 in., Each (1)",A6252,Brand,Medline Premium,Dimensions,5 x 9 in.,Dressing Type,Gauze Abdominal Pads,Manufacturer,Medline,Sterility,Sterile,Unit,Each (1),,,,,,,,
A7-KY6I-5D3VU-LM,Medline Sterile Abdominal Pads,0LN-JAU-E94-L4N8,Medline Sterile Abdominal Pads,true,HPY4-SH961-4H3KR,PRM21450,"Medline Essentials Sterile Abdominal Pads, 5 x 9 in., Box (25)",A6252,Brand,Medline Essentials,Dimensions,5 x 9 in.,Dressing Type,Gauze Abdominal Pads,Manufacturer,Medline,Sterility,Sterile,Unit,Box (25),,,,,,,,
A7-KY6I-5D3VU-LM,Medline Sterile Abdominal Pads,0LN-JAU-E94-L4N8,Medline Sterile Abdominal Pads,true,LMS2N-EXVI3-AI0F,PRM21454,"Medline Essentials Sterile Abdominal Pads, 8 x 10 in., Box (16)",A6253,Brand,Medline Essentials,Dimensions,8 x 10 in.,Dressing Type,Gauze Abdominal Pads,Manufacturer,Medline,Sterility,Sterile,Unit,Box (16),,,,,,,,
A7-KY6I-5D3VU-LM,Medline Sterile Abdominal Pads,0LN-JAU-E94-L4N8,Medline Sterile Abdominal Pads,true,MS-LZ8-TGM7R-JUZ,PRM21454,"Medline Essentials Sterile Abdominal Pads, 8 x 10 in., Each (1)",A6253,Brand,Medline Essentials,Dimensions,8 x 10 in.,Dressing Type,Gauze Abdominal Pads,Manufacturer,Medline,Sterility,Sterile,Unit,Each (1),,,,,,,,
A7-KY6I-5D3VU-LM,Medline Sterile Abdominal Pads,0LN-JAU-E94-L4N8,Medline Sterile Abdominal Pads,true,VP7C6-Q2IU-PJTAF,PRM21453,"Medline Essentials Sterile Abdominal Pads, 8 x 7.5 in., Box (20)",A6252,Brand,Medline Essentials,Dimensions,8 x 7.5 in.,Dressing Type,Gauze Abdominal Pads,Manufacturer,Medline,Sterility,Sterile,Unit,Box (20),,,,,,,,
A7-KY6I-5D3VU-LM,Medline Sterile Abdominal Pads,0LN-JAU-E94-L4N8,Medline Sterile Abdominal Pads,true,XRAIR-QR-Y5V-CBN,NON21454,"Medline Premium Sterile Abdominal Pads, 8 x 10 in., Box (18)",A6253,Brand,Medline Premium,Dimensions,8 x 10 in.,Dressing Type,Gauze Abdominal Pads,Manufacturer,Medline,Sterility,Sterile,Unit,Box (18),,,,,,,,
A7-KY6I-5D3VU-LM,Medline Sterile Abdominal Pads,0LN-JAU-E94-L4N8,Medline Sterile Abdominal Pads,true,Y7-RX3Y-ZFK-QPA7,NON21450,"Medline Premium Sterile Abdominal Pads, 5 x 9 in., Box (25)",A6252,Brand,Medline Premium,Dimensions,5 x 9 in.,Dressing Type,Gauze Abdominal Pads,Manufacturer,Medline,Sterility,Sterile,Unit,Box (25),,,,,,,,
AEXZ-4EFLC-0S8XJ,Vashe Hypochlorous acid (HOCL) Wound Solution,ZC5N-TB-KMG1-H3D,Vashe Hypochlorous acid (HOCL) Wound Solution,true,1PNQ2-N51HA-C91C,00312,"Vashe Hypochlorous acid (HOCL) Wound Solution, 4 oz. Bottle, Case (24)",A6260,Brand,Vashe,Manufacturer,Urgo Medical,Product Type,Wound Cleanser,Unit,Case (24),Volume,4 oz. Bottle,,,,,,,,,,
AEXZ-4EFLC-0S8XJ,Vashe Hypochlorous acid (HOCL) Wound Solution,ZC5N-TB-KMG1-H3D,Vashe Hypochlorous acid (HOCL) Wound Solution,true,1R-V1NM-MS3M-SDE,00314,"Vashe Hypochlorous acid (HOCL) Wound Solution, 16 oz. Bottle, Each (1)",A6260,Brand,Vashe,Manufacturer,Urgo Medical,Product Type,Wound Cleanser,Unit,Each (1),Volume,16 oz. Bottle,,,,,,,,,,
AEXZ-4EFLC-0S8XJ,Vashe Hypochlorous acid (HOCL) Wound Solution,ZC5N-TB-KMG1-H3D,Vashe Hypochlorous acid (HOCL) Wound Solution,true,62-3F-5SUPG-GV45,00313,"Vashe Hypochlorous acid (HOCL) Wound Solution, 8.5 oz. Bottle, Case (12)",A6260,Brand,Vashe,Manufacturer,Urgo Medical,Product Type,Wound Cleanser,Unit,Case (12),Volume,8.5 oz. Bottle,,,,,,,,,,
AEXZ-4EFLC-0S8XJ,Vashe Hypochlorous acid (HOCL) Wound Solution,ZC5N-TB-KMG1-H3D,Vashe Hypochlorous acid (HOCL) Wound Solution,true,6LFG-JE-BGC-Q8N1,00314,"Vashe Hypochlorous acid (HOCL) Wound Solution, 16 oz. Bottle, Case (12)",A6260,Brand,Vashe,Manufacturer,Urgo Medical,Product Type,Wound Cleanser,Unit,Case (12),Volume,16 oz. Bottle,,,,,,,,,,
AEXZ-4EFLC-0S8XJ,Vashe Hypochlorous acid (HOCL) Wound Solution,ZC5N-TB-KMG1-H3D,Vashe Hypochlorous acid (HOCL) Wound Solution,true,DF3S-U15CE-CP-L4,00316,"Vashe Hypochlorous acid (HOCL) Wound Solution, 8.45 oz. Instillation Bottle, Case (12)",A6260,Brand,Vashe,Manufacturer,Urgo Medical,Product Type,Wound Cleanser,Unit,Case (12),Volume,8.45 oz. Instillation Bottle,,,,,,,,,,
AEXZ-4EFLC-0S8XJ,Vashe Hypochlorous acid (HOCL) Wound Solution,ZC5N-TB-KMG1-H3D,Vashe Hypochlorous acid (HOCL) Wound Solution,true,ED4-N57-LU1T-8FZ,00322,"Vashe Hypochlorous acid (HOCL) Wound Solution, 34 oz. Bottle, Case (6)",A6260,Brand,Vashe,Manufacturer,Urgo Medical,Product Type,Wound Cleanser,Unit,Case (6),Volume,34 oz. Bottle,,,,,,,,,,
AEXZ-4EFLC-0S8XJ,Vashe Hypochlorous acid (HOCL) Wound Solution,ZC5N-TB-KMG1-H3D,Vashe Hypochlorous acid (HOCL) Wound Solution,true,K1E-ELJ-JNYPN-IA,00322,"Vashe Hypochlorous acid (HOCL) Wound Solution, 34 oz. Bottle, Each (1)",A6260,Brand,Vashe,Manufacturer,Urgo Medical,Product Type,Wound Cleanser,Unit,Each (1),Volume,34 oz. Bottle,,,,,,,,,,
AEXZ-4EFLC-0S8XJ,Vashe Hypochlorous acid (HOCL) Wound Solution,ZC5N-TB-KMG1-H3D,Vashe Hypochlorous acid (HOCL) Wound Solution,true,K98Q-DQ-2LKB0-EF,00323,"Vashe Hypochlorous acid (HOCL) Wound Solution, 34 oz. Instillation Bottle, Each (1)",A6260,Brand,Vashe,Manufacturer,Urgo Medical,Product Type,Wound Cleanser,Unit,Each (1),Volume,34 oz. Instillation Bottle,,,,,,,,,,
AEXZ-4EFLC-0S8XJ,Vashe Hypochlorous acid (HOCL) Wound Solution,ZC5N-TB-KMG1-H3D,Vashe Hypochlorous acid (HOCL) Wound Solution,true,M7DVR-N5Q-INT-VE,00312,"Vashe Hypochlorous acid (HOCL) Wound Solution, 4 oz. Bottle, Each (1)",A6260,Brand,Vashe,Manufacturer,Urgo Medical,Product Type,Wound Cleanser,Unit,Each (1),Volume,4 oz. Bottle,,,,,,,,,,
AEXZ-4EFLC-0S8XJ,Vashe Hypochlorous acid (HOCL) Wound Solution,ZC5N-TB-KMG1-H3D,Vashe Hypochlorous acid (HOCL) Wound Solution,true,N8M-BTE7-UP5E-UR,00313,"Vashe Hypochlorous acid (HOCL) Wound Solution, 8.5 oz. Bottle, Each (1)",A6260,Brand,Vashe,Manufacturer,Urgo Medical,Product Type,Wound Cleanser,Unit,Each (1),Volume,8.5 oz. Bottle,,,,,,,,,,
AEXZ-4EFLC-0S8XJ,Vashe Hypochlorous acid (HOCL) Wound Solution,ZC5N-TB-KMG1-H3D,Vashe Hypochlorous acid (HOCL) Wound Solution,true,SCF3Y-SLQ-ZPN-PG,00316,"Vashe Hypochlorous acid (HOCL) Wound Solution, 8.45 oz. Instillation Bottle, Each (1)",A6260,Brand,Vashe,Manufacturer,Urgo Medical,Product Type,Wound Cleanser,Unit,Each (1),Volume,8.45 oz. Instillation Bottle,,,,,,,,,,
AEXZ-4EFLC-0S8XJ,Vashe Hypochlorous acid (HOCL) Wound Solution,ZC5N-TB-KMG1-H3D,Vashe Hypochlorous acid (HOCL) Wound Solution,true,SY-Y7-1UCGH-I4XV,00317,"Vashe Hypochlorous acid (HOCL) Wound Solution, 16 oz. Instillation Bottle, Each (1)",A6260,Brand,Vashe,Manufacturer,Urgo Medical,Product Type,Wound Cleanser,Unit,Each (1),Volume,16 oz. Instillation Bottle,,,,,,,,,,
AEXZ-4EFLC-0S8XJ,Vashe Hypochlorous acid (HOCL) Wound Solution,ZC5N-TB-KMG1-H3D,Vashe Hypochlorous acid (HOCL) Wound Solution,true,V9M2-P596-VK9-P6,00323,"Vashe Hypochlorous acid (HOCL) Wound Solution, 34 oz. Instillation Bottle, Case (6)",A6260,Brand,Vashe,Manufacturer,Urgo Medical,Product Type,Wound Cleanser,Unit,Case (6),Volume,34 oz. Instillation Bottle,,,,,,,,,,
AEXZ-4EFLC-0S8XJ,Vashe Hypochlorous acid (HOCL) Wound Solution,ZC5N-TB-KMG1-H3D,Vashe Hypochlorous acid (HOCL) Wound Solution,true,Z5GER-CIM-G2-E45,00317,"Vashe Hypochlorous acid (HOCL) Wound Solution, 16 oz. Instillation Bottle, Case (12)",A6260,Brand,Vashe,Manufacturer,Urgo Medical,Product Type,Wound Cleanser,Unit,Case (12),Volume,16 oz. Instillation Bottle,,,,,,,,,,
BS-F3BS-9Z0M7-5U,MediChoice Sterile Abdominal Pads,DIC-6E67-NX-TDKH,MediChoice Sterile Abdominal Pads,true,0Y04-LHE-DX-QXSR,ABD1001,"MediChoice Sterile Abdominal Pads, 5 x 9 in., Box (36)",A6252,Brand,MediChoice,Dimensions,5 x 9 in.,Dressing Type,Gauze Abdominal Pads,Manufacturer,Owens & Minor's,Sterility,Sterile,Unit,Box (36),,,,,,,,
BS-F3BS-9Z0M7-5U,MediChoice Sterile Abdominal Pads,DIC-6E67-NX-TDKH,MediChoice Sterile Abdominal Pads,true,4YN-T0-FGQB9-317,ABD1001,"MediChoice Sterile Abdominal Pads, 5 x 9 in., Each (1)",A6252,Brand,MediChoice,Dimensions,5 x 9 in.,Dressing Type,Gauze Abdominal Pads,Manufacturer,Owens & Minor's,Sterility,Sterile,Unit,Each (1),,,,,,,,
BS-F3BS-9Z0M7-5U,MediChoice Sterile Abdominal Pads,DIC-6E67-NX-TDKH,MediChoice Sterile Abdominal Pads,true,9M20-QF-U9ISU-BA,ABD1001,"MediChoice Sterile Abdominal Pads, 5 x 9 in., Case (432)",A6252,Brand,MediChoice,Dimensions,5 x 9 in.,Dressing Type,Gauze Abdominal Pads,Manufacturer,Owens & Minor's,Sterility,Sterile,Unit,Case (432),,,,,,,,
BS-F3BS-9Z0M7-5U,MediChoice Sterile Abdominal Pads,DIC-6E67-NX-TDKH,MediChoice Sterile Abdominal Pads,true,A9-FSPI-NL09T-8I,ABD1003,"MediChoice Sterile Abdominal Pads, 8 x 10 in., Box (18)",A6253,Brand,MediChoice,Dimensions,8 x 10 in.,Dressing Type,Gauze Abdominal Pads,Manufacturer,Owens & Minor's,Sterility,Sterile,Unit,Box (18),,,,,,,,
BS-F3BS-9Z0M7-5U,MediChoice Sterile Abdominal Pads,DIC-6E67-NX-TDKH,MediChoice Sterile Abdominal Pads,true,S7BA-2B-176B6-QC,ABD1002,"MediChoice Sterile Abdominal Pads, 7.5 x 8 in., Box (18)",A6252,Brand,MediChoice,Dimensions,7.5 x 8 in.,Dressing Type,Gauze Abdominal Pads,Manufacturer,Owens & Minor's,Sterility,Sterile,Unit,Box (18),,,,,,,,
BS-F3BS-9Z0M7-5U,MediChoice Sterile Abdominal Pads,DIC-6E67-NX-TDKH,MediChoice Sterile Abdominal Pads,true,U8-4PVT-9Z-JNRN6,ABD1002,"MediChoice Sterile Abdominal Pads, 7.5 x 8 in., Each (1)",A6252,Brand,MediChoice,Dimensions,7.5 x 8 in.,Dressing Type,Gauze Abdominal Pads,Manufacturer,Owens & Minor's,Sterility,Sterile,Unit,Each (1),,,,,,,,
BS-F3BS-9Z0M7-5U,MediChoice Sterile Abdominal Pads,DIC-6E67-NX-TDKH,MediChoice Sterile Abdominal Pads,true,VM-9QJ8-LTZ-0I4P,ABD1003,"MediChoice Sterile Abdominal Pads, 8 x 10 in., Each (1)",A6253,Brand,MediChoice,Dimensions,8 x 10 in.,Dressing Type,Gauze Abdominal Pads,Manufacturer,Owens & Minor's,Sterility,Sterile,Unit,Each (1),,,,,,,,
C1-HNZ-JYX-L1-KR,Skintegrity Wound Cleanser,6S-N0IL-5CBD-9UE,Skintegrity Wound Cleanser,true,53-2TB-NXP5H-BKM,MSC6016,"Skintegrity Wound Cleanser, 16 oz. Spray Bottle, Each (1)",A6260,Brand,Skintegrity,Manufacturer,Medline,Product Type,Wound Cleanser,Unit,Each (1),Volume,16 oz. Spray,,,,,,,,,,
C1-HNZ-JYX-L1-KR,Skintegrity Wound Cleanser,6S-N0IL-5CBD-9UE,Skintegrity Wound Cleanser,true,AJ-6ZAX5-QVAQ-TF,MSC6016,"Skintegrity Wound Cleanser, 16 oz. Spray Bottle, Case (6)",A6260,Brand,Skintegrity,Manufacturer,Medline,Product Type,Wound Cleanser,Unit,Case (6),Volume,16 oz. Spray,,,,,,,,,,
C1-HNZ-JYX-L1-KR,Skintegrity Wound Cleanser,6S-N0IL-5CBD-9UE,Skintegrity Wound Cleanser,true,HA-FS-HZ1F-VK-12,MSC6008,"Skintegrity Wound Cleanser, 8 oz. Spray Bottle, Each (1)",A6260,Brand,Skintegrity,Manufacturer,Medline,Product Type,Wound Cleanser,Unit,Each (1),Volume,8 oz. Spray,,,,,,,,,,
C1-HNZ-JYX-L1-KR,Skintegrity Wound Cleanser,6S-N0IL-5CBD-9UE,Skintegrity Wound Cleanser,true,JK-70LNC-P6Y5-9K,MSC6008,"Skintegrity Wound Cleanser, 8 oz. Spray Bottle, Case (6)",A6260,Brand,Skintegrity,Manufacturer,Medline,Product Type,Wound Cleanser,Unit,Case (6),Volume,8 oz. Spray,,,,,,,,,,
CY-JXF9L-JVIJ-FN,Allevyn Foam with Border,PBAMH-3GFZ-29YH4,Allevyn Foam with Border,true,9KS-5AR-2C2P-RPM,66020045,"Allevyn Foam with Border, 7 x 7 in. Overall, 6 x 6 in. Pad, Box (10)",A6213,Adhesive Border,Adhesive Border,Brand,Allevyn,Dressing Type,Silicone Foam,Manufacturer,Smith & Nephew,Overall Dressing Dimensions,7 x 7 in.,Pad Dimensions,6 x 6 in.,Unit,Box (10),,,,,,
CY-JXF9L-JVIJ-FN,Allevyn Foam with Border,PBAMH-3GFZ-29YH4,Allevyn Foam with Border,true,A35U6-VT0J-3CG06,66000046,"Allevyn Foam with Border, 9 x 9 in. Overall, 8 x 8 in. Pad, Each (1)",A6214,Adhesive Border,Adhesive Border,Brand,Allevyn,Dressing Type,Silicone Foam,Manufacturer,Smith & Nephew,Overall Dressing Dimensions,9 x 9 in.,Pad Dimensions,8 x 8 in.,Unit,Each (1),,,,,,
CY-JXF9L-JVIJ-FN,Allevyn Foam with Border,PBAMH-3GFZ-29YH4,Allevyn Foam with Border,true,JM-S59-KT-C9U-58,66020043,"Allevyn Foam with Border, 3 x 3 in. Overall, 2 x 2 in. Pad, Box (10)",A6212,Adhesive Border,Adhesive Border,Brand,Allevyn,Dressing Type,Silicone Foam,Manufacturer,Smith & Nephew,Overall Dressing Dimensions,3 x 3 in.,Pad Dimensions,2 x 2 in.,Unit,Box (10),,,,,,
CY-JXF9L-JVIJ-FN,Allevyn Foam with Border,PBAMH-3GFZ-29YH4,Allevyn Foam with Border,true,K0ASL-QS-7QCY-GV,66020043,"Allevyn Foam with Border, 3 x 3 in. Overall, 2 x 2 in. Pad, Each (1)",A6212,Adhesive Border,Adhesive Border,Brand,Allevyn,Dressing Type,Silicone Foam,Manufacturer,Smith & Nephew,Overall Dressing Dimensions,3 x 3 in.,Pad Dimensions,2 x 2 in.,Unit,Each (1),,,,,,
CY-JXF9L-JVIJ-FN,Allevyn Foam with Border,PBAMH-3GFZ-29YH4,Allevyn Foam with Border,true,N5T4J-BQ-97YK-67,66000046,"Allevyn Foam with Border, 9 x 9 in. Overall, 8 x 8 in. Pad, Box (10)",A6214,Adhesive Border,Adhesive Border,Brand,Allevyn,Dressing Type,Silicone Foam,Manufacturer,Smith & Nephew,Overall Dressing Dimensions,9 x 9 in.,Pad Dimensions,8 x 8 in.,Unit,Box (10),,,,,,
CY-JXF9L-JVIJ-FN,Allevyn Foam with Border,PBAMH-3GFZ-29YH4,Allevyn Foam with Border,true,RA-BAJ0-3MJI-VEC,66020044,"Allevyn Foam with Border, 5 x 5 in. Overall, 4 x 4 in. Pad, Box (10)",A6212,Adhesive Border,Adhesive Border,Brand,Allevyn,Dressing Type,Silicone Foam,Manufacturer,Smith & Nephew,Overall Dressing Dimensions,5 x 5 in.,Pad Dimensions,4 x 4 in.,Unit,Box (10),,,,,,
CY-JXF9L-JVIJ-FN,Allevyn Foam with Border,PBAMH-3GFZ-29YH4,Allevyn Foam with Border,true,RM1-V8-JHG-TS-5M,66020044,"Allevyn Foam with Border, 5 x 5 in. Overall, 4 x 4 in. Pad, Each (1)",A6212,Adhesive Border,Adhesive Border,Brand,Allevyn,Dressing Type,Silicone Foam,Manufacturer,Smith & Nephew,Overall Dressing Dimensions,5 x 5 in.,Pad Dimensions,4 x 4 in.,Unit,Each (1),,,,,,
CY-JXF9L-JVIJ-FN,Allevyn Foam with Border,PBAMH-3GFZ-29YH4,Allevyn Foam with Border,true,YD-MD01-Z03-G942,66020045,"Allevyn Foam with Border, 7 x 7 in. Overall, 6 x 6 in. Pad, Each (1)",A6213,Adhesive Border,Adhesive Border,Brand,Allevyn,Dressing Type,Silicone Foam,Manufacturer,Smith & Nephew,Overall Dressing Dimensions,7 x 7 in.,Pad Dimensions,6 x 6 in.,Unit,Each (1),,,,,,
DCPJF-DEAR-4X1P9,Kerlix Gauze Rolls,65BJM-8IN-YE-APQ,Kerlix Gauze Rolls,true,5U4TJ-43PX-0TUC1,6720,"Kerlix Gauze Rolls, Sterile, 6-ply, 2-1/4 in. x 3 yd., Soft Pouch, Each (1)",A6445,Brand,Kerlix,Dimensions,2-1/4 in. x 3 yd.,Dressing Type,Gauze Roll,Manufacturer,Cardinal Health,Packaging,Soft Pouch,Ply,6-ply,Sterility,Sterile,Unit,Each (1),,,,
DCPJF-DEAR-4X1P9,Kerlix Gauze Rolls,65BJM-8IN-YE-APQ,Kerlix Gauze Rolls,true,6H6-EY7-QVX0L-VP,1801,"Kerlix Gauze Rolls, Non-Sterile, 6-ply, 2-1/4 in. x 3 yd., Bulk, Case (8 bags of 12)",A6442,Brand,Kerlix,Dimensions,2-1/4 in. x 3 yd.,Dressing Type,Gauze Roll,Manufacturer,Cardinal Health,Packaging,Bulk,Ply,6-ply,Sterility,Non-Sterile,Unit,Case (8 bags of 12),,,,
DCPJF-DEAR-4X1P9,Kerlix Gauze Rolls,65BJM-8IN-YE-APQ,Kerlix Gauze Rolls,true,8A9-Y24-SZ0-D9QV,6730,"Kerlix Gauze Rolls, Sterile, 6-ply, 4-1/2 in. x 4.1 yd., Rigid Plastic Tray, Case (60)",A6446,Brand,Kerlix,Dimensions,4-1/2 in. x 4.1 yd.,Dressing Type,Gauze Roll,Manufacturer,Cardinal Health,Packaging,Rigid Plastic Tray,Ply,6-ply,Sterility,Sterile,Unit,Case (60),,,,
